<?xml version="1.0" encoding="UTF-8" standalone="yes"?>
<gpx xmlns="http://www.topografix.com/GPX/1/1" xmlns:tt="TT" version="1.1" creator="TomTom MyDrive">
    <wpt lat="51.09686" lon="3.500041">
        <type>TT_HARD</type>
    </wpt>
    <wpt lat="51.09963" lon="3.57136">
        <type>TT_SOFT</type>
        <extensions>
            <tt:tomTomWaypointInfo tt:radius="20"/>
        </extensions>
    </wpt>
    <wpt lat="51.04118" lon="3.59165">
        <type>TT_SOFT</type>
        <extensions>
            <tt:tomTomWaypointInfo tt:radius="20"/>
        </extensions>
    </wpt>
    <wpt lat="50.98785" lon="3.60805">
        <type>TT_SOFT</type>
        <extensions>
            <tt:tomTomWaypointInfo tt:radius="20"/>
        </extensions>
    </wpt>
    <wpt lat="51.00114" lon="3.6149">
        <type>TT_SOFT</type>
        <extensions>
            <tt:tomTomWaypointInfo tt:radius="20"/>
        </extensions>
    </wpt>
    <wpt lat="51.01308" lon="3.61875">
        <type>TT_SOFT</type>
        <extensions>
            <tt:tomTomWaypointInfo tt:radius="20"/>
        </extensions>
    </wpt>
    <wpt lat="50.96918" lon="3.62395">
        <type>TT_SOFT</type>
        <extensions>
            <tt:tomTomWaypointInfo tt:radius="20"/>
        </extensions>
    </wpt>
    <wpt lat="50.91354" lon="3.57681">
        <type>TT_SOFT</type>
        <extensions>
            <tt:tomTomWaypointInfo tt:radius="20"/>
        </extensions>
    </wpt>
    <wpt lat="50.88479" lon="3.58042">
        <type>TT_SOFT</type>
        <extensions>
            <tt:tomTomWaypointInfo tt:radius="20"/>
        </extensions>
    </wpt>
    <wpt lat="50.86109" lon="3.57912">
        <type>TT_SOFT</type>
        <extensions>
            <tt:tomTomWaypointInfo tt:radius="20"/>
        </extensions>
    </wpt>
    <wpt lat="50.85958" lon="3.56563">
        <type>TT_SOFT</type>
        <extensions>
            <tt:tomTomWaypointInfo tt:radius="20"/>
        </extensions>
    </wpt>
    <wpt lat="50.80127" lon="3.5085">
        <type>TT_SOFT</type>
        <extensions>
            <tt:tomTomWaypointInfo tt:radius="20"/>
        </extensions>
    </wpt>
    <wpt lat="50.77881" lon="3.54486">
        <type>TT_SOFT</type>
        <extensions>
            <tt:tomTomWaypointInfo tt:radius="20"/>
        </extensions>
    </wpt>
    <wpt lat="50.76311" lon="3.56026">
        <type>TT_SOFT</type>
        <extensions>
            <tt:tomTomWaypointInfo tt:radius="20"/>
        </extensions>
    </wpt>
    <wpt lat="50.72486" lon="3.68384">
        <type>TT_SOFT</type>
        <extensions>
            <tt:tomTomWaypointInfo tt:radius="20"/>
        </extensions>
    </wpt>
    <wpt lat="50.69229" lon="3.67474">
        <type>TT_SOFT</type>
        <extensions>
            <tt:tomTomWaypointInfo tt:radius="20"/>
        </extensions>
    </wpt>
    <wpt lat="50.67355" lon="3.65763">
        <type>TT_SOFT</type>
        <extensions>
            <tt:tomTomWaypointInfo tt:radius="20"/>
        </extensions>
    </wpt>
    <wpt lat="50.63578" lon="3.69438">
        <type>TT_SOFT</type>
        <extensions>
            <tt:tomTomWaypointInfo tt:radius="20"/>
        </extensions>
    </wpt>
    <wpt lat="50.59899" lon="3.71461">
        <type>TT_SOFT</type>
        <extensions>
            <tt:tomTomWaypointInfo tt:radius="20"/>
        </extensions>
    </wpt>
    <wpt lat="50.58285" lon="3.80251">
        <type>TT_SOFT</type>
        <extensions>
            <tt:tomTomWaypointInfo tt:radius="20"/>
        </extensions>
    </wpt>
    <wpt lat="50.59337" lon="3.89426">
        <type>TT_SOFT</type>
        <extensions>
            <tt:tomTomWaypointInfo tt:radius="20"/>
        </extensions>
    </wpt>
    <wpt lat="50.60471" lon="4.20145">
        <type>TT_SOFT</type>
        <extensions>
            <tt:tomTomWaypointInfo tt:radius="20"/>
        </extensions>
    </wpt>
    <wpt lat="50.6004" lon="4.221">
        <type>TT_SOFT</type>
        <extensions>
            <tt:tomTomWaypointInfo tt:radius="20"/>
        </extensions>
    </wpt>
    <wpt lat="50.56327" lon="4.23794">
        <type>TT_SOFT</type>
        <extensions>
            <tt:tomTomWaypointInfo tt:radius="20"/>
        </extensions>
    </wpt>
    <wpt lat="50.55908" lon="4.30782">
        <type>TT_SOFT</type>
        <extensions>
            <tt:tomTomWaypointInfo tt:radius="20"/>
        </extensions>
    </wpt>
    <wpt lat="50.53134" lon="4.29626">
        <type>TT_SOFT</type>
        <extensions>
            <tt:tomTomWaypointInfo tt:radius="20"/>
        </extensions>
    </wpt>
    <wpt lat="50.42103" lon="4.28173">
        <type>TT_SOFT</type>
        <extensions>
            <tt:tomTomWaypointInfo tt:radius="20"/>
        </extensions>
    </wpt>
    <wpt lat="50.37491" lon="4.33772">
        <type>TT_SOFT</type>
        <extensions>
            <tt:tomTomWaypointInfo tt:radius="20"/>
        </extensions>
    </wpt>
    <wpt lat="50.34245" lon="4.35235">
        <type>TT_SOFT</type>
        <extensions>
            <tt:tomTomWaypointInfo tt:radius="20"/>
        </extensions>
    </wpt>
    <wpt lat="50.31866" lon="4.39613">
        <type>TT_SOFT</type>
        <extensions>
            <tt:tomTomWaypointInfo tt:radius="20"/>
        </extensions>
    </wpt>
    <wpt lat="50.32" lon="4.45791">
        <type>TT_SOFT</type>
        <extensions>
            <tt:tomTomWaypointInfo tt:radius="20"/>
        </extensions>
    </wpt>
    <wpt lat="50.30540618746997" lon="4.513666955815438">
        <type>TT_SOFT</type>
        <extensions>
            <tt:tomTomWaypointInfo tt:radius="52"/>
        </extensions>
    </wpt>
    <wpt lat="50.29295518342974" lon="4.606003432292653">
        <type>TT_SOFT</type>
        <extensions>
            <tt:tomTomWaypointInfo tt:radius="71"/>
        </extensions>
    </wpt>
    <wpt lat="50.29149" lon="4.67278">
        <type>TT_SOFT</type>
        <extensions>
            <tt:tomTomWaypointInfo tt:radius="20"/>
        </extensions>
    </wpt>
    <wpt lat="50.30412" lon="4.77238">
        <type>TT_SOFT</type>
        <extensions>
            <tt:tomTomWaypointInfo tt:radius="20"/>
        </extensions>
    </wpt>
    <wpt lat="50.30364" lon="4.88555">
        <type>TT_SOFT</type>
        <extensions>
            <tt:tomTomWaypointInfo tt:radius="20"/>
        </extensions>
    </wpt>
    <wpt lat="50.24097" lon="4.89153">
        <type>TT_SOFT</type>
        <extensions>
            <tt:tomTomWaypointInfo tt:radius="20"/>
        </extensions>
    </wpt>
    <wpt lat="50.20259" lon="4.86532">
        <type>TT_SOFT</type>
        <extensions>
            <tt:tomTomWaypointInfo tt:radius="20"/>
        </extensions>
    </wpt>
    <wpt lat="50.14774" lon="4.82383">
        <type>TT_SOFT</type>
        <extensions>
            <tt:tomTomWaypointInfo tt:radius="20"/>
        </extensions>
    </wpt>
    <wpt lat="50.12407" lon="4.7944">
        <type>TT_SOFT</type>
        <extensions>
            <tt:tomTomWaypointInfo tt:radius="20"/>
        </extensions>
    </wpt>
    <wpt lat="50.04074" lon="4.79367">
        <type>TT_SOFT</type>
        <extensions>
            <tt:tomTomWaypointInfo tt:radius="20"/>
        </extensions>
    </wpt>
    <wpt lat="50.00234" lon="4.79253">
        <type>TT_SOFT</type>
        <extensions>
            <tt:tomTomWaypointInfo tt:radius="20"/>
        </extensions>
    </wpt>
    <wpt lat="49.91839" lon="4.7717">
        <type>TT_SOFT</type>
        <extensions>
            <tt:tomTomWaypointInfo tt:radius="20"/>
        </extensions>
    </wpt>
    <wpt lat="49.89537" lon="4.74323">
        <type>TT_SOFT</type>
        <extensions>
            <tt:tomTomWaypointInfo tt:radius="20"/>
        </extensions>
    </wpt>
    <wpt lat="49.86177" lon="4.75183">
        <type>TT_SOFT</type>
        <extensions>
            <tt:tomTomWaypointInfo tt:radius="20"/>
        </extensions>
    </wpt>
    <wpt lat="49.85001" lon="4.8088">
        <type>TT_SOFT</type>
        <extensions>
            <tt:tomTomWaypointInfo tt:radius="20"/>
        </extensions>
    </wpt>
    <wpt lat="49.8853" lon="4.8072">
        <type>TT_SOFT</type>
        <extensions>
            <tt:tomTomWaypointInfo tt:radius="20"/>
        </extensions>
    </wpt>
    <wpt lat="49.88830810942153" lon="4.837814963460602">
        <type>TT_SOFT</type>
        <extensions>
            <tt:tomTomWaypointInfo tt:radius="114"/>
        </extensions>
    </wpt>
    <wpt lat="49.87968728825976" lon="4.868594309493659">
        <type>TT_SOFT</type>
        <extensions>
            <tt:tomTomWaypointInfo tt:radius="75"/>
        </extensions>
    </wpt>
    <wpt lat="49.877" lon="4.87885">
        <type>TT_SOFT</type>
        <extensions>
            <tt:tomTomWaypointInfo tt:radius="20"/>
        </extensions>
    </wpt>
    <wpt lat="49.87992" lon="4.904">
        <type>TT_SOFT</type>
        <extensions>
            <tt:tomTomWaypointInfo tt:radius="20"/>
        </extensions>
    </wpt>
    <wpt lat="49.84134" lon="4.98656">
        <type>TT_SOFT</type>
        <extensions>
            <tt:tomTomWaypointInfo tt:radius="20"/>
        </extensions>
    </wpt>
    <wpt lat="49.787" lon="5.0379">
        <type>TT_SOFT</type>
        <extensions>
            <tt:tomTomWaypointInfo tt:radius="20"/>
        </extensions>
    </wpt>
    <wpt lat="49.78753" lon="5.17524">
        <type>TT_SOFT</type>
        <extensions>
            <tt:tomTomWaypointInfo tt:radius="20"/>
        </extensions>
    </wpt>
    <wpt lat="49.84587949117633" lon="5.2509727897542575">
        <type>TT_SOFT</type>
        <extensions>
            <tt:tomTomWaypointInfo tt:radius="207"/>
        </extensions>
    </wpt>
    <wpt lat="49.89991" lon="5.27285">
        <type>TT_SOFT</type>
        <extensions>
            <tt:tomTomWaypointInfo tt:radius="20"/>
        </extensions>
    </wpt>
    <wpt lat="49.95801" lon="5.28264">
        <type>TT_SOFT</type>
        <extensions>
            <tt:tomTomWaypointInfo tt:radius="20"/>
        </extensions>
    </wpt>
    <wpt lat="50.010716134587966" lon="5.26354514394194">
        <type>TT_SOFT</type>
        <extensions>
            <tt:tomTomWaypointInfo tt:radius="107"/>
        </extensions>
    </wpt>
    <wpt lat="50.03561833271834" lon="5.252552917332309">
        <type>TT_SOFT</type>
        <extensions>
            <tt:tomTomWaypointInfo tt:radius="126"/>
        </extensions>
    </wpt>
    <wpt lat="50.06377" lon="5.28203">
        <type>TT_SOFT</type>
        <extensions>
            <tt:tomTomWaypointInfo tt:radius="20"/>
        </extensions>
    </wpt>
    <wpt lat="50.07643" lon="5.29606">
        <type>TT_SOFT</type>
        <extensions>
            <tt:tomTomWaypointInfo tt:radius="20"/>
        </extensions>
    </wpt>
    <wpt lat="50.13412" lon="5.28853">
        <type>TT_SOFT</type>
        <extensions>
            <tt:tomTomWaypointInfo tt:radius="20"/>
        </extensions>
    </wpt>
    <wpt lat="50.1123" lon="5.4557">
        <type>TT_SOFT</type>
        <extensions>
            <tt:tomTomWaypointInfo tt:radius="20"/>
        </extensions>
    </wpt>
    <wpt lat="50.13375" lon="5.53609">
        <type>TT_SOFT</type>
        <extensions>
            <tt:tomTomWaypointInfo tt:radius="20"/>
        </extensions>
    </wpt>
    <wpt lat="50.09037" lon="5.56763">
        <type>TT_SOFT</type>
        <extensions>
            <tt:tomTomWaypointInfo tt:radius="20"/>
        </extensions>
    </wpt>
    <wpt lat="50.08463" lon="5.6691">
        <type>TT_SOFT</type>
        <extensions>
            <tt:tomTomWaypointInfo tt:radius="20"/>
        </extensions>
    </wpt>
    <wpt lat="50.1433" lon="5.67974">
        <type>TT_SOFT</type>
        <extensions>
            <tt:tomTomWaypointInfo tt:radius="20"/>
        </extensions>
    </wpt>
    <wpt lat="50.12837" lon="5.7865">
        <type>TT_SOFT</type>
        <extensions>
            <tt:tomTomWaypointInfo tt:radius="20"/>
        </extensions>
    </wpt>
    <wpt lat="50.1569" lon="5.73486">
        <type>TT_SOFT</type>
        <extensions>
            <tt:tomTomWaypointInfo tt:radius="20"/>
        </extensions>
    </wpt>
    <wpt lat="50.22568" lon="5.73295">
        <type>TT_SOFT</type>
        <extensions>
            <tt:tomTomWaypointInfo tt:radius="20"/>
        </extensions>
    </wpt>
    <wpt lat="50.241555" lon="5.750704">
        <type>TT_HARD</type>
    </wpt>
    <rte>
        <name>Deur den Bocht Rally</name>
        <rtept lat="51.09686" lon="3.500041">
            <type>TT_HARD</type>
        </rtept>
        <rtept lat="51.09963" lon="3.57136">
            <type>TT_SOFT</type>
            <extensions>
                <tt:tomTomWaypointInfo tt:radius="20"/>
            </extensions>
        </rtept>
        <rtept lat="51.04118" lon="3.59165">
            <type>TT_SOFT</type>
            <extensions>
                <tt:tomTomWaypointInfo tt:radius="20"/>
            </extensions>
        </rtept>
        <rtept lat="50.98785" lon="3.60805">
            <type>TT_SOFT</type>
            <extensions>
                <tt:tomTomWaypointInfo tt:radius="20"/>
            </extensions>
        </rtept>
        <rtept lat="51.00114" lon="3.6149">
            <type>TT_SOFT</type>
            <extensions>
                <tt:tomTomWaypointInfo tt:radius="20"/>
            </extensions>
        </rtept>
        <rtept lat="51.01308" lon="3.61875">
            <type>TT_SOFT</type>
            <extensions>
                <tt:tomTomWaypointInfo tt:radius="20"/>
            </extensions>
        </rtept>
        <rtept lat="50.96918" lon="3.62395">
            <type>TT_SOFT</type>
            <extensions>
                <tt:tomTomWaypointInfo tt:radius="20"/>
            </extensions>
        </rtept>
        <rtept lat="50.91354" lon="3.57681">
            <type>TT_SOFT</type>
            <extensions>
                <tt:tomTomWaypointInfo tt:radius="20"/>
            </extensions>
        </rtept>
        <rtept lat="50.88479" lon="3.58042">
            <type>TT_SOFT</type>
            <extensions>
                <tt:tomTomWaypointInfo tt:radius="20"/>
            </extensions>
        </rtept>
        <rtept lat="50.86109" lon="3.57912">
            <type>TT_SOFT</type>
            <extensions>
                <tt:tomTomWaypointInfo tt:radius="20"/>
            </extensions>
        </rtept>
        <rtept lat="50.85958" lon="3.56563">
            <type>TT_SOFT</type>
            <extensions>
                <tt:tomTomWaypointInfo tt:radius="20"/>
            </extensions>
        </rtept>
        <rtept lat="50.80127" lon="3.5085">
            <type>TT_SOFT</type>
            <extensions>
                <tt:tomTomWaypointInfo tt:radius="20"/>
            </extensions>
        </rtept>
        <rtept lat="50.77881" lon="3.54486">
            <type>TT_SOFT</type>
            <extensions>
                <tt:tomTomWaypointInfo tt:radius="20"/>
            </extensions>
        </rtept>
        <rtept lat="50.76311" lon="3.56026">
            <type>TT_SOFT</type>
            <extensions>
                <tt:tomTomWaypointInfo tt:radius="20"/>
            </extensions>
        </rtept>
        <rtept lat="50.72486" lon="3.68384">
            <type>TT_SOFT</type>
            <extensions>
                <tt:tomTomWaypointInfo tt:radius="20"/>
            </extensions>
        </rtept>
        <rtept lat="50.69229" lon="3.67474">
            <type>TT_SOFT</type>
            <extensions>
                <tt:tomTomWaypointInfo tt:radius="20"/>
            </extensions>
        </rtept>
        <rtept lat="50.67355" lon="3.65763">
            <type>TT_SOFT</type>
            <extensions>
                <tt:tomTomWaypointInfo tt:radius="20"/>
            </extensions>
        </rtept>
        <rtept lat="50.63578" lon="3.69438">
            <type>TT_SOFT</type>
            <extensions>
                <tt:tomTomWaypointInfo tt:radius="20"/>
            </extensions>
        </rtept>
        <rtept lat="50.59899" lon="3.71461">
            <type>TT_SOFT</type>
            <extensions>
                <tt:tomTomWaypointInfo tt:radius="20"/>
            </extensions>
        </rtept>
        <rtept lat="50.58285" lon="3.80251">
            <type>TT_SOFT</type>
            <extensions>
                <tt:tomTomWaypointInfo tt:radius="20"/>
            </extensions>
        </rtept>
        <rtept lat="50.59337" lon="3.89426">
            <type>TT_SOFT</type>
            <extensions>
                <tt:tomTomWaypointInfo tt:radius="20"/>
            </extensions>
        </rtept>
        <rtept lat="50.60471" lon="4.20145">
            <type>TT_SOFT</type>
            <extensions>
                <tt:tomTomWaypointInfo tt:radius="20"/>
            </extensions>
        </rtept>
        <rtept lat="50.6004" lon="4.221">
            <type>TT_SOFT</type>
            <extensions>
                <tt:tomTomWaypointInfo tt:radius="20"/>
            </extensions>
        </rtept>
        <rtept lat="50.56327" lon="4.23794">
            <type>TT_SOFT</type>
            <extensions>
                <tt:tomTomWaypointInfo tt:radius="20"/>
            </extensions>
        </rtept>
        <rtept lat="50.55908" lon="4.30782">
            <type>TT_SOFT</type>
            <extensions>
                <tt:tomTomWaypointInfo tt:radius="20"/>
            </extensions>
        </rtept>
        <rtept lat="50.53134" lon="4.29626">
            <type>TT_SOFT</type>
            <extensions>
                <tt:tomTomWaypointInfo tt:radius="20"/>
            </extensions>
        </rtept>
        <rtept lat="50.42103" lon="4.28173">
            <type>TT_SOFT</type>
            <extensions>
                <tt:tomTomWaypointInfo tt:radius="20"/>
            </extensions>
        </rtept>
        <rtept lat="50.37491" lon="4.33772">
            <type>TT_SOFT</type>
            <extensions>
                <tt:tomTomWaypointInfo tt:radius="20"/>
            </extensions>
        </rtept>
        <rtept lat="50.34245" lon="4.35235">
            <type>TT_SOFT</type>
            <extensions>
                <tt:tomTomWaypointInfo tt:radius="20"/>
            </extensions>
        </rtept>
        <rtept lat="50.31866" lon="4.39613">
            <type>TT_SOFT</type>
            <extensions>
                <tt:tomTomWaypointInfo tt:radius="20"/>
            </extensions>
        </rtept>
        <rtept lat="50.32" lon="4.45791">
            <type>TT_SOFT</type>
            <extensions>
                <tt:tomTomWaypointInfo tt:radius="20"/>
            </extensions>
        </rtept>
        <rtept lat="50.30540618746997" lon="4.513666955815438">
            <type>TT_SOFT</type>
            <extensions>
                <tt:tomTomWaypointInfo tt:radius="52"/>
            </extensions>
        </rtept>
        <rtept lat="50.29295518342974" lon="4.606003432292653">
            <type>TT_SOFT</type>
            <extensions>
                <tt:tomTomWaypointInfo tt:radius="71"/>
            </extensions>
        </rtept>
        <rtept lat="50.29149" lon="4.67278">
            <type>TT_SOFT</type>
            <extensions>
                <tt:tomTomWaypointInfo tt:radius="20"/>
            </extensions>
        </rtept>
        <rtept lat="50.30412" lon="4.77238">
            <type>TT_SOFT</type>
            <extensions>
                <tt:tomTomWaypointInfo tt:radius="20"/>
            </extensions>
        </rtept>
        <rtept lat="50.30364" lon="4.88555">
            <type>TT_SOFT</type>
            <extensions>
                <tt:tomTomWaypointInfo tt:radius="20"/>
            </extensions>
        </rtept>
        <rtept lat="50.24097" lon="4.89153">
            <type>TT_SOFT</type>
            <extensions>
                <tt:tomTomWaypointInfo tt:radius="20"/>
            </extensions>
        </rtept>
        <rtept lat="50.20259" lon="4.86532">
            <type>TT_SOFT</type>
            <extensions>
                <tt:tomTomWaypointInfo tt:radius="20"/>
            </extensions>
        </rtept>
        <rtept lat="50.14774" lon="4.82383">
            <type>TT_SOFT</type>
            <extensions>
                <tt:tomTomWaypointInfo tt:radius="20"/>
            </extensions>
        </rtept>
        <rtept lat="50.12407" lon="4.7944">
            <type>TT_SOFT</type>
            <extensions>
                <tt:tomTomWaypointInfo tt:radius="20"/>
            </extensions>
        </rtept>
        <rtept lat="50.04074" lon="4.79367">
            <type>TT_SOFT</type>
            <extensions>
                <tt:tomTomWaypointInfo tt:radius="20"/>
            </extensions>
        </rtept>
        <rtept lat="50.00234" lon="4.79253">
            <type>TT_SOFT</type>
            <extensions>
                <tt:tomTomWaypointInfo tt:radius="20"/>
            </extensions>
        </rtept>
        <rtept lat="49.91839" lon="4.7717">
            <type>TT_SOFT</type>
            <extensions>
                <tt:tomTomWaypointInfo tt:radius="20"/>
            </extensions>
        </rtept>
        <rtept lat="49.89537" lon="4.74323">
            <type>TT_SOFT</type>
            <extensions>
                <tt:tomTomWaypointInfo tt:radius="20"/>
            </extensions>
        </rtept>
        <rtept lat="49.86177" lon="4.75183">
            <type>TT_SOFT</type>
            <extensions>
                <tt:tomTomWaypointInfo tt:radius="20"/>
            </extensions>
        </rtept>
        <rtept lat="49.85001" lon="4.8088">
            <type>TT_SOFT</type>
            <extensions>
                <tt:tomTomWaypointInfo tt:radius="20"/>
            </extensions>
        </rtept>
        <rtept lat="49.8853" lon="4.8072">
            <type>TT_SOFT</type>
            <extensions>
                <tt:tomTomWaypointInfo tt:radius="20"/>
            </extensions>
        </rtept>
        <rtept lat="49.88830810942153" lon="4.837814963460602">
            <type>TT_SOFT</type>
            <extensions>
                <tt:tomTomWaypointInfo tt:radius="114"/>
            </extensions>
        </rtept>
        <rtept lat="49.87968728825976" lon="4.868594309493659">
            <type>TT_SOFT</type>
            <extensions>
                <tt:tomTomWaypointInfo tt:radius="75"/>
            </extensions>
        </rtept>
        <rtept lat="49.877" lon="4.87885">
            <type>TT_SOFT</type>
            <extensions>
                <tt:tomTomWaypointInfo tt:radius="20"/>
            </extensions>
        </rtept>
        <rtept lat="49.87992" lon="4.904">
            <type>TT_SOFT</type>
            <extensions>
                <tt:tomTomWaypointInfo tt:radius="20"/>
            </extensions>
        </rtept>
        <rtept lat="49.84134" lon="4.98656">
            <type>TT_SOFT</type>
            <extensions>
                <tt:tomTomWaypointInfo tt:radius="20"/>
            </extensions>
        </rtept>
        <rtept lat="49.787" lon="5.0379">
            <type>TT_SOFT</type>
            <extensions>
                <tt:tomTomWaypointInfo tt:radius="20"/>
            </extensions>
        </rtept>
        <rtept lat="49.78753" lon="5.17524">
            <type>TT_SOFT</type>
            <extensions>
                <tt:tomTomWaypointInfo tt:radius="20"/>
            </extensions>
        </rtept>
        <rtept lat="49.84587949117633" lon="5.2509727897542575">
            <type>TT_SOFT</type>
            <extensions>
                <tt:tomTomWaypointInfo tt:radius="207"/>
            </extensions>
        </rtept>
        <rtept lat="49.89991" lon="5.27285">
            <type>TT_SOFT</type>
            <extensions>
                <tt:tomTomWaypointInfo tt:radius="20"/>
            </extensions>
        </rtept>
        <rtept lat="49.95801" lon="5.28264">
            <type>TT_SOFT</type>
            <extensions>
                <tt:tomTomWaypointInfo tt:radius="20"/>
            </extensions>
        </rtept>
        <rtept lat="50.010716134587966" lon="5.26354514394194">
            <type>TT_SOFT</type>
            <extensions>
                <tt:tomTomWaypointInfo tt:radius="107"/>
            </extensions>
        </rtept>
        <rtept lat="50.03561833271834" lon="5.252552917332309">
            <type>TT_SOFT</type>
            <extensions>
                <tt:tomTomWaypointInfo tt:radius="126"/>
            </extensions>
        </rtept>
        <rtept lat="50.06377" lon="5.28203">
            <type>TT_SOFT</type>
            <extensions>
                <tt:tomTomWaypointInfo tt:radius="20"/>
            </extensions>
        </rtept>
        <rtept lat="50.07643" lon="5.29606">
            <type>TT_SOFT</type>
            <extensions>
                <tt:tomTomWaypointInfo tt:radius="20"/>
            </extensions>
        </rtept>
        <rtept lat="50.13412" lon="5.28853">
            <type>TT_SOFT</type>
            <extensions>
                <tt:tomTomWaypointInfo tt:radius="20"/>
            </extensions>
        </rtept>
        <rtept lat="50.1123" lon="5.4557">
            <type>TT_SOFT</type>
            <extensions>
                <tt:tomTomWaypointInfo tt:radius="20"/>
            </extensions>
        </rtept>
        <rtept lat="50.13375" lon="5.53609">
            <type>TT_SOFT</type>
            <extensions>
                <tt:tomTomWaypointInfo tt:radius="20"/>
            </extensions>
        </rtept>
        <rtept lat="50.09037" lon="5.56763">
            <type>TT_SOFT</type>
            <extensions>
                <tt:tomTomWaypointInfo tt:radius="20"/>
            </extensions>
        </rtept>
        <rtept lat="50.08463" lon="5.6691">
            <type>TT_SOFT</type>
            <extensions>
                <tt:tomTomWaypointInfo tt:radius="20"/>
            </extensions>
        </rtept>
        <rtept lat="50.1433" lon="5.67974">
            <type>TT_SOFT</type>
            <extensions>
                <tt:tomTomWaypointInfo tt:radius="20"/>
            </extensions>
        </rtept>
        <rtept lat="50.12837" lon="5.7865">
            <type>TT_SOFT</type>
            <extensions>
                <tt:tomTomWaypointInfo tt:radius="20"/>
            </extensions>
        </rtept>
        <rtept lat="50.1569" lon="5.73486">
            <type>TT_SOFT</type>
            <extensions>
                <tt:tomTomWaypointInfo tt:radius="20"/>
            </extensions>
        </rtept>
        <rtept lat="50.22568" lon="5.73295">
            <type>TT_SOFT</type>
            <extensions>
                <tt:tomTomWaypointInfo tt:radius="20"/>
            </extensions>
        </rtept>
        <rtept lat="50.241555" lon="5.750704">
            <type>TT_HARD</type>
        </rtept>
    </rte>
    <trk>
        <name>Deur den Bocht Rally</name>
        <trkseg>
            <trkpt lat="51.0969" lon="3.49992"/>
            <trkpt lat="51.09679" lon="3.49981"/>
            <trkpt lat="51.09655" lon="3.50062"/>
            <trkpt lat="51.09638" lon="3.50121"/>
            <trkpt lat="51.09662" lon="3.50158"/>
            <trkpt lat="51.0969" lon="3.50199"/>
            <trkpt lat="51.09771" lon="3.50323"/>
            <trkpt lat="51.09909" lon="3.50543"/>
            <trkpt lat="51.10063" lon="3.50777"/>
            <trkpt lat="51.10101" lon="3.50833"/>
            <trkpt lat="51.10163" lon="3.50925"/>
            <trkpt lat="51.10176" lon="3.50946"/>
            <trkpt lat="51.10205" lon="3.50998"/>
            <trkpt lat="51.10226" lon="3.5103"/>
            <trkpt lat="51.1024" lon="3.51054"/>
            <trkpt lat="51.10244" lon="3.51056"/>
            <trkpt lat="51.10251" lon="3.51056"/>
            <trkpt lat="51.1026" lon="3.51054"/>
            <trkpt lat="51.10297" lon="3.51034"/>
            <trkpt lat="51.10442" lon="3.50969"/>
            <trkpt lat="51.10449" lon="3.51009"/>
            <trkpt lat="51.1045" lon="3.51012"/>
            <trkpt lat="51.10458" lon="3.51036"/>
            <trkpt lat="51.10475" lon="3.51067"/>
            <trkpt lat="51.10501" lon="3.5111"/>
            <trkpt lat="51.10525" lon="3.51157"/>
            <trkpt lat="51.1054" lon="3.51179"/>
            <trkpt lat="51.10549" lon="3.51191"/>
            <trkpt lat="51.10546" lon="3.51232"/>
            <trkpt lat="51.10542" lon="3.51257"/>
            <trkpt lat="51.10539" lon="3.51269"/>
            <trkpt lat="51.10536" lon="3.51276"/>
            <trkpt lat="51.10535" lon="3.5128"/>
            <trkpt lat="51.10532" lon="3.51284"/>
            <trkpt lat="51.10528" lon="3.51289"/>
            <trkpt lat="51.10523" lon="3.51292"/>
            <trkpt lat="51.10492" lon="3.51302"/>
            <trkpt lat="51.10435" lon="3.51316"/>
            <trkpt lat="51.10432" lon="3.51317"/>
            <trkpt lat="51.10425" lon="3.51319"/>
            <trkpt lat="51.10421" lon="3.51322"/>
            <trkpt lat="51.10419" lon="3.51324"/>
            <trkpt lat="51.10417" lon="3.51326"/>
            <trkpt lat="51.10414" lon="3.51335"/>
            <trkpt lat="51.10398" lon="3.51419"/>
            <trkpt lat="51.10364" lon="3.51563"/>
            <trkpt lat="51.10354" lon="3.51605"/>
            <trkpt lat="51.10351" lon="3.51624"/>
            <trkpt lat="51.1035" lon="3.51635"/>
            <trkpt lat="51.10348" lon="3.51694"/>
            <trkpt lat="51.10346" lon="3.51732"/>
            <trkpt lat="51.10344" lon="3.51744"/>
            <trkpt lat="51.10339" lon="3.51774"/>
            <trkpt lat="51.10314" lon="3.51873"/>
            <trkpt lat="51.10305" lon="3.51906"/>
            <trkpt lat="51.10301" lon="3.51923"/>
            <trkpt lat="51.1029" lon="3.51958"/>
            <trkpt lat="51.10257" lon="3.52062"/>
            <trkpt lat="51.10253" lon="3.52078"/>
            <trkpt lat="51.10252" lon="3.52088"/>
            <trkpt lat="51.10249" lon="3.52106"/>
            <trkpt lat="51.10247" lon="3.52191"/>
            <trkpt lat="51.10245" lon="3.52219"/>
            <trkpt lat="51.1024" lon="3.52264"/>
            <trkpt lat="51.10231" lon="3.52321"/>
            <trkpt lat="51.10229" lon="3.52333"/>
            <trkpt lat="51.10382" lon="3.5258"/>
            <trkpt lat="51.1049" lon="3.52754"/>
            <trkpt lat="51.10514" lon="3.52793"/>
            <trkpt lat="51.10656" lon="3.53049"/>
            <trkpt lat="51.10658" lon="3.53051"/>
            <trkpt lat="51.10662" lon="3.53056"/>
            <trkpt lat="51.10677" lon="3.53067"/>
            <trkpt lat="51.1084" lon="3.53166"/>
            <trkpt lat="51.10859" lon="3.53178"/>
            <trkpt lat="51.1086" lon="3.53178"/>
            <trkpt lat="51.10869" lon="3.53187"/>
            <trkpt lat="51.10874" lon="3.53196"/>
            <trkpt lat="51.10978" lon="3.53402"/>
            <trkpt lat="51.11063" lon="3.53527"/>
            <trkpt lat="51.11066" lon="3.5353"/>
            <trkpt lat="51.11072" lon="3.53532"/>
            <trkpt lat="51.11081" lon="3.53532"/>
            <trkpt lat="51.11145" lon="3.5351"/>
            <trkpt lat="51.11294" lon="3.53422"/>
            <trkpt lat="51.113" lon="3.53421"/>
            <trkpt lat="51.11303" lon="3.53421"/>
            <trkpt lat="51.11305" lon="3.53423"/>
            <trkpt lat="51.11307" lon="3.53427"/>
            <trkpt lat="51.11314" lon="3.53444"/>
            <trkpt lat="51.11367" lon="3.53547"/>
            <trkpt lat="51.11408" lon="3.53622"/>
            <trkpt lat="51.11427" lon="3.53662"/>
            <trkpt lat="51.11438" lon="3.53687"/>
            <trkpt lat="51.11439" lon="3.53692"/>
            <trkpt lat="51.11457" lon="3.5375"/>
            <trkpt lat="51.11459" lon="3.5376"/>
            <trkpt lat="51.11466" lon="3.53787"/>
            <trkpt lat="51.11483" lon="3.53858"/>
            <trkpt lat="51.11495" lon="3.53917"/>
            <trkpt lat="51.11495" lon="3.53927"/>
            <trkpt lat="51.11497" lon="3.53937"/>
            <trkpt lat="51.115" lon="3.53945"/>
            <trkpt lat="51.11503" lon="3.5395"/>
            <trkpt lat="51.11506" lon="3.53955"/>
            <trkpt lat="51.11511" lon="3.53961"/>
            <trkpt lat="51.11511" lon="3.53968"/>
            <trkpt lat="51.1151" lon="3.53981"/>
            <trkpt lat="51.11512" lon="3.53999"/>
            <trkpt lat="51.11521" lon="3.54061"/>
            <trkpt lat="51.11528" lon="3.54111"/>
            <trkpt lat="51.11533" lon="3.54158"/>
            <trkpt lat="51.11537" lon="3.54247"/>
            <trkpt lat="51.11535" lon="3.54274"/>
            <trkpt lat="51.11534" lon="3.54311"/>
            <trkpt lat="51.11538" lon="3.54362"/>
            <trkpt lat="51.11546" lon="3.54399"/>
            <trkpt lat="51.11562" lon="3.54463"/>
            <trkpt lat="51.11572" lon="3.54495"/>
            <trkpt lat="51.11632" lon="3.54691"/>
            <trkpt lat="51.11641" lon="3.54725"/>
            <trkpt lat="51.11639" lon="3.54728"/>
            <trkpt lat="51.11638" lon="3.54732"/>
            <trkpt lat="51.11638" lon="3.54737"/>
            <trkpt lat="51.11638" lon="3.54756"/>
            <trkpt lat="51.11642" lon="3.54809"/>
            <trkpt lat="51.11651" lon="3.54931"/>
            <trkpt lat="51.11652" lon="3.54938"/>
            <trkpt lat="51.11652" lon="3.54957"/>
            <trkpt lat="51.11651" lon="3.54975"/>
            <trkpt lat="51.11648" lon="3.54994"/>
            <trkpt lat="51.11635" lon="3.55035"/>
            <trkpt lat="51.11612" lon="3.55083"/>
            <trkpt lat="51.11593" lon="3.55127"/>
            <trkpt lat="51.11588" lon="3.55145"/>
            <trkpt lat="51.11587" lon="3.55165"/>
            <trkpt lat="51.11612" lon="3.55352"/>
            <trkpt lat="51.11612" lon="3.55355"/>
            <trkpt lat="51.11613" lon="3.55377"/>
            <trkpt lat="51.11612" lon="3.55398"/>
            <trkpt lat="51.11603" lon="3.55454"/>
            <trkpt lat="51.11579" lon="3.55589"/>
            <trkpt lat="51.11577" lon="3.55613"/>
            <trkpt lat="51.11576" lon="3.55617"/>
            <trkpt lat="51.11576" lon="3.55629"/>
            <trkpt lat="51.11576" lon="3.55652"/>
            <trkpt lat="51.11578" lon="3.55668"/>
            <trkpt lat="51.11581" lon="3.55683"/>
            <trkpt lat="51.11582" lon="3.55688"/>
            <trkpt lat="51.11581" lon="3.557"/>
            <trkpt lat="51.11578" lon="3.55709"/>
            <trkpt lat="51.11487" lon="3.55896"/>
            <trkpt lat="51.11474" lon="3.55922"/>
            <trkpt lat="51.11454" lon="3.55957"/>
            <trkpt lat="51.11438" lon="3.55984"/>
            <trkpt lat="51.11415" lon="3.56031"/>
            <trkpt lat="51.11331" lon="3.56207"/>
            <trkpt lat="51.11319" lon="3.56231"/>
            <trkpt lat="51.11306" lon="3.5625"/>
            <trkpt lat="51.11288" lon="3.56268"/>
            <trkpt lat="51.11188" lon="3.56349"/>
            <trkpt lat="51.11102" lon="3.56415"/>
            <trkpt lat="51.111" lon="3.56417"/>
            <trkpt lat="51.11093" lon="3.56425"/>
            <trkpt lat="51.11076" lon="3.56443"/>
            <trkpt lat="51.11012" lon="3.56513"/>
            <trkpt lat="51.10998" lon="3.56526"/>
            <trkpt lat="51.10941" lon="3.56556"/>
            <trkpt lat="51.10929" lon="3.56562"/>
            <trkpt lat="51.10901" lon="3.5657"/>
            <trkpt lat="51.10882" lon="3.56576"/>
            <trkpt lat="51.10866" lon="3.56578"/>
            <trkpt lat="51.10855" lon="3.56577"/>
            <trkpt lat="51.10845" lon="3.56574"/>
            <trkpt lat="51.1084" lon="3.5657"/>
            <trkpt lat="51.10808" lon="3.56547"/>
            <trkpt lat="51.10795" lon="3.5654"/>
            <trkpt lat="51.10783" lon="3.5654"/>
            <trkpt lat="51.10762" lon="3.56548"/>
            <trkpt lat="51.10673" lon="3.56593"/>
            <trkpt lat="51.10622" lon="3.56616"/>
            <trkpt lat="51.10568" lon="3.56633"/>
            <trkpt lat="51.10505" lon="3.56648"/>
            <trkpt lat="51.10487" lon="3.56654"/>
            <trkpt lat="51.10468" lon="3.56666"/>
            <trkpt lat="51.10459" lon="3.56675"/>
            <trkpt lat="51.10446" lon="3.56692"/>
            <trkpt lat="51.10425" lon="3.56715"/>
            <trkpt lat="51.10414" lon="3.5673"/>
            <trkpt lat="51.10397" lon="3.56753"/>
            <trkpt lat="51.10363" lon="3.56795"/>
            <trkpt lat="51.10266" lon="3.56916"/>
            <trkpt lat="51.10231" lon="3.56951"/>
            <trkpt lat="51.09963" lon="3.57136"/>
            <trkpt lat="51.09902" lon="3.57179"/>
            <trkpt lat="51.09887" lon="3.57188"/>
            <trkpt lat="51.09851" lon="3.57216"/>
            <trkpt lat="51.09847" lon="3.57218"/>
            <trkpt lat="51.09813" lon="3.57238"/>
            <trkpt lat="51.09806" lon="3.57242"/>
            <trkpt lat="51.09755" lon="3.57279"/>
            <trkpt lat="51.09714" lon="3.57302"/>
            <trkpt lat="51.09677" lon="3.57319"/>
            <trkpt lat="51.09594" lon="3.57333"/>
            <trkpt lat="51.09568" lon="3.57335"/>
            <trkpt lat="51.09515" lon="3.57335"/>
            <trkpt lat="51.09494" lon="3.57334"/>
            <trkpt lat="51.09454" lon="3.57333"/>
            <trkpt lat="51.09444" lon="3.57334"/>
            <trkpt lat="51.094" lon="3.57335"/>
            <trkpt lat="51.09353" lon="3.57335"/>
            <trkpt lat="51.09319" lon="3.57335"/>
            <trkpt lat="51.09288" lon="3.57335"/>
            <trkpt lat="51.09278" lon="3.5733"/>
            <trkpt lat="51.09223" lon="3.57331"/>
            <trkpt lat="51.09214" lon="3.57337"/>
            <trkpt lat="51.09204" lon="3.57337"/>
            <trkpt lat="51.09189" lon="3.57336"/>
            <trkpt lat="51.09162" lon="3.57335"/>
            <trkpt lat="51.09147" lon="3.57332"/>
            <trkpt lat="51.09118" lon="3.5732"/>
            <trkpt lat="51.09097" lon="3.57309"/>
            <trkpt lat="51.09083" lon="3.57299"/>
            <trkpt lat="51.09065" lon="3.57284"/>
            <trkpt lat="51.09026" lon="3.57247"/>
            <trkpt lat="51.08977" lon="3.57202"/>
            <trkpt lat="51.08964" lon="3.5719"/>
            <trkpt lat="51.08927" lon="3.5716"/>
            <trkpt lat="51.08906" lon="3.57143"/>
            <trkpt lat="51.08882" lon="3.57126"/>
            <trkpt lat="51.0887" lon="3.5712"/>
            <trkpt lat="51.08845" lon="3.5711"/>
            <trkpt lat="51.08828" lon="3.57109"/>
            <trkpt lat="51.0882" lon="3.57111"/>
            <trkpt lat="51.08764" lon="3.57133"/>
            <trkpt lat="51.08731" lon="3.57145"/>
            <trkpt lat="51.08701" lon="3.57146"/>
            <trkpt lat="51.0868" lon="3.57137"/>
            <trkpt lat="51.08666" lon="3.57131"/>
            <trkpt lat="51.08643" lon="3.5711"/>
            <trkpt lat="51.08639" lon="3.57107"/>
            <trkpt lat="51.08591" lon="3.57041"/>
            <trkpt lat="51.08567" lon="3.57022"/>
            <trkpt lat="51.08547" lon="3.57014"/>
            <trkpt lat="51.08526" lon="3.57007"/>
            <trkpt lat="51.08507" lon="3.57002"/>
            <trkpt lat="51.08475" lon="3.56996"/>
            <trkpt lat="51.0845" lon="3.57004"/>
            <trkpt lat="51.08417" lon="3.57027"/>
            <trkpt lat="51.08372" lon="3.57063"/>
            <trkpt lat="51.08301" lon="3.57121"/>
            <trkpt lat="51.08179" lon="3.57216"/>
            <trkpt lat="51.08135" lon="3.57253"/>
            <trkpt lat="51.0813" lon="3.57257"/>
            <trkpt lat="51.08107" lon="3.57276"/>
            <trkpt lat="51.0807" lon="3.57307"/>
            <trkpt lat="51.08066" lon="3.5731"/>
            <trkpt lat="51.08058" lon="3.57318"/>
            <trkpt lat="51.07974" lon="3.57386"/>
            <trkpt lat="51.07969" lon="3.5739"/>
            <trkpt lat="51.07932" lon="3.57419"/>
            <trkpt lat="51.07926" lon="3.57423"/>
            <trkpt lat="51.07846" lon="3.57479"/>
            <trkpt lat="51.07795" lon="3.57519"/>
            <trkpt lat="51.07787" lon="3.5752"/>
            <trkpt lat="51.0775" lon="3.57517"/>
            <trkpt lat="51.07744" lon="3.57518"/>
            <trkpt lat="51.07739" lon="3.5752"/>
            <trkpt lat="51.07735" lon="3.57521"/>
            <trkpt lat="51.07728" lon="3.57526"/>
            <trkpt lat="51.07725" lon="3.57529"/>
            <trkpt lat="51.07722" lon="3.57532"/>
            <trkpt lat="51.07711" lon="3.57547"/>
            <trkpt lat="51.07701" lon="3.57561"/>
            <trkpt lat="51.07682" lon="3.57582"/>
            <trkpt lat="51.0761" lon="3.57667"/>
            <trkpt lat="51.07603" lon="3.57674"/>
            <trkpt lat="51.07594" lon="3.57686"/>
            <trkpt lat="51.07525" lon="3.57761"/>
            <trkpt lat="51.07506" lon="3.57778"/>
            <trkpt lat="51.07495" lon="3.57785"/>
            <trkpt lat="51.07463" lon="3.57805"/>
            <trkpt lat="51.07401" lon="3.5783"/>
            <trkpt lat="51.07395" lon="3.57833"/>
            <trkpt lat="51.07359" lon="3.57849"/>
            <trkpt lat="51.07352" lon="3.57853"/>
            <trkpt lat="51.07323" lon="3.57861"/>
            <trkpt lat="51.07257" lon="3.57875"/>
            <trkpt lat="51.07245" lon="3.57872"/>
            <trkpt lat="51.07209" lon="3.57857"/>
            <trkpt lat="51.07193" lon="3.57847"/>
            <trkpt lat="51.07121" lon="3.57764"/>
            <trkpt lat="51.07098" lon="3.57741"/>
            <trkpt lat="51.07082" lon="3.57728"/>
            <trkpt lat="51.07069" lon="3.57718"/>
            <trkpt lat="51.07049" lon="3.57706"/>
            <trkpt lat="51.07043" lon="3.57703"/>
            <trkpt lat="51.07039" lon="3.577"/>
            <trkpt lat="51.07032" lon="3.577"/>
            <trkpt lat="51.07024" lon="3.57702"/>
            <trkpt lat="51.07011" lon="3.57712"/>
            <trkpt lat="51.06991" lon="3.57736"/>
            <trkpt lat="51.06983" lon="3.57746"/>
            <trkpt lat="51.06962" lon="3.5776"/>
            <trkpt lat="51.06933" lon="3.57774"/>
            <trkpt lat="51.06918" lon="3.57781"/>
            <trkpt lat="51.06902" lon="3.57785"/>
            <trkpt lat="51.06884" lon="3.57784"/>
            <trkpt lat="51.06872" lon="3.57782"/>
            <trkpt lat="51.0683" lon="3.57766"/>
            <trkpt lat="51.06736" lon="3.57722"/>
            <trkpt lat="51.06708" lon="3.57711"/>
            <trkpt lat="51.0657" lon="3.57655"/>
            <trkpt lat="51.06537" lon="3.5764"/>
            <trkpt lat="51.06498" lon="3.57623"/>
            <trkpt lat="51.06477" lon="3.57612"/>
            <trkpt lat="51.06447" lon="3.57599"/>
            <trkpt lat="51.06445" lon="3.57598"/>
            <trkpt lat="51.06426" lon="3.57591"/>
            <trkpt lat="51.06407" lon="3.57582"/>
            <trkpt lat="51.06337" lon="3.57549"/>
            <trkpt lat="51.06269" lon="3.57515"/>
            <trkpt lat="51.06202" lon="3.57484"/>
            <trkpt lat="51.06154" lon="3.57466"/>
            <trkpt lat="51.06096" lon="3.57441"/>
            <trkpt lat="51.06042" lon="3.57421"/>
            <trkpt lat="51.05977" lon="3.57401"/>
            <trkpt lat="51.05927" lon="3.57387"/>
            <trkpt lat="51.0591" lon="3.57384"/>
            <trkpt lat="51.05897" lon="3.57382"/>
            <trkpt lat="51.05873" lon="3.57379"/>
            <trkpt lat="51.05854" lon="3.57378"/>
            <trkpt lat="51.05786" lon="3.57375"/>
            <trkpt lat="51.05772" lon="3.57374"/>
            <trkpt lat="51.05765" lon="3.57374"/>
            <trkpt lat="51.05747" lon="3.57371"/>
            <trkpt lat="51.05728" lon="3.57363"/>
            <trkpt lat="51.05717" lon="3.57357"/>
            <trkpt lat="51.05702" lon="3.57346"/>
            <trkpt lat="51.05674" lon="3.57316"/>
            <trkpt lat="51.0566" lon="3.57304"/>
            <trkpt lat="51.05641" lon="3.5729"/>
            <trkpt lat="51.05601" lon="3.57256"/>
            <trkpt lat="51.05596" lon="3.57251"/>
            <trkpt lat="51.05589" lon="3.57246"/>
            <trkpt lat="51.05582" lon="3.57269"/>
            <trkpt lat="51.05557" lon="3.57361"/>
            <trkpt lat="51.05515" lon="3.57525"/>
            <trkpt lat="51.05519" lon="3.57535"/>
            <trkpt lat="51.05525" lon="3.57556"/>
            <trkpt lat="51.0553" lon="3.57571"/>
            <trkpt lat="51.05541" lon="3.57636"/>
            <trkpt lat="51.05541" lon="3.57648"/>
            <trkpt lat="51.0554" lon="3.57657"/>
            <trkpt lat="51.05538" lon="3.57669"/>
            <trkpt lat="51.05551" lon="3.57681"/>
            <trkpt lat="51.05524" lon="3.57752"/>
            <trkpt lat="51.05513" lon="3.5778"/>
            <trkpt lat="51.05512" lon="3.57787"/>
            <trkpt lat="51.05513" lon="3.57796"/>
            <trkpt lat="51.05523" lon="3.57821"/>
            <trkpt lat="51.05533" lon="3.57843"/>
            <trkpt lat="51.05536" lon="3.57851"/>
            <trkpt lat="51.05539" lon="3.57862"/>
            <trkpt lat="51.0554" lon="3.57869"/>
            <trkpt lat="51.0554" lon="3.57877"/>
            <trkpt lat="51.0554" lon="3.57909"/>
            <trkpt lat="51.0554" lon="3.57921"/>
            <trkpt lat="51.05541" lon="3.57922"/>
            <trkpt lat="51.05514" lon="3.57986"/>
            <trkpt lat="51.05506" lon="3.58004"/>
            <trkpt lat="51.05501" lon="3.58012"/>
            <trkpt lat="51.05483" lon="3.58036"/>
            <trkpt lat="51.05469" lon="3.58052"/>
            <trkpt lat="51.05467" lon="3.58054"/>
            <trkpt lat="51.05443" lon="3.58087"/>
            <trkpt lat="51.05413" lon="3.58133"/>
            <trkpt lat="51.05398" lon="3.58154"/>
            <trkpt lat="51.05377" lon="3.58185"/>
            <trkpt lat="51.05352" lon="3.58225"/>
            <trkpt lat="51.05313" lon="3.58272"/>
            <trkpt lat="51.05306" lon="3.58278"/>
            <trkpt lat="51.05302" lon="3.58281"/>
            <trkpt lat="51.05295" lon="3.58285"/>
            <trkpt lat="51.05289" lon="3.58288"/>
            <trkpt lat="51.05284" lon="3.58291"/>
            <trkpt lat="51.05275" lon="3.58295"/>
            <trkpt lat="51.04925" lon="3.58527"/>
            <trkpt lat="51.04845" lon="3.58581"/>
            <trkpt lat="51.04818" lon="3.58604"/>
            <trkpt lat="51.04796" lon="3.58632"/>
            <trkpt lat="51.0474" lon="3.58723"/>
            <trkpt lat="51.04723" lon="3.58739"/>
            <trkpt lat="51.04713" lon="3.5874"/>
            <trkpt lat="51.04678" lon="3.58727"/>
            <trkpt lat="51.04665" lon="3.58719"/>
            <trkpt lat="51.04641" lon="3.58707"/>
            <trkpt lat="51.04635" lon="3.58705"/>
            <trkpt lat="51.04624" lon="3.58705"/>
            <trkpt lat="51.04619" lon="3.58706"/>
            <trkpt lat="51.04614" lon="3.58709"/>
            <trkpt lat="51.04608" lon="3.58717"/>
            <trkpt lat="51.04604" lon="3.58724"/>
            <trkpt lat="51.04572" lon="3.58822"/>
            <trkpt lat="51.0456" lon="3.58854"/>
            <trkpt lat="51.04542" lon="3.58885"/>
            <trkpt lat="51.04532" lon="3.58897"/>
            <trkpt lat="51.04527" lon="3.58906"/>
            <trkpt lat="51.04513" lon="3.58924"/>
            <trkpt lat="51.04475" lon="3.58973"/>
            <trkpt lat="51.04471" lon="3.58978"/>
            <trkpt lat="51.04448" lon="3.58993"/>
            <trkpt lat="51.04436" lon="3.59004"/>
            <trkpt lat="51.04415" lon="3.59021"/>
            <trkpt lat="51.0441" lon="3.59025"/>
            <trkpt lat="51.04387" lon="3.59043"/>
            <trkpt lat="51.04359" lon="3.59067"/>
            <trkpt lat="51.04324" lon="3.59098"/>
            <trkpt lat="51.04317" lon="3.59104"/>
            <trkpt lat="51.04314" lon="3.59106"/>
            <trkpt lat="51.04278" lon="3.5912"/>
            <trkpt lat="51.04268" lon="3.59123"/>
            <trkpt lat="51.04248" lon="3.5913"/>
            <trkpt lat="51.04244" lon="3.59132"/>
            <trkpt lat="51.04218" lon="3.59141"/>
            <trkpt lat="51.04195" lon="3.59148"/>
            <trkpt lat="51.04175" lon="3.59153"/>
            <trkpt lat="51.04172" lon="3.59153"/>
            <trkpt lat="51.04118" lon="3.59165"/>
            <trkpt lat="51.0408" lon="3.5917"/>
            <trkpt lat="51.04081" lon="3.5916"/>
            <trkpt lat="51.0408" lon="3.59153"/>
            <trkpt lat="51.04079" lon="3.59145"/>
            <trkpt lat="51.04072" lon="3.59124"/>
            <trkpt lat="51.03975" lon="3.58872"/>
            <trkpt lat="51.03895" lon="3.58672"/>
            <trkpt lat="51.03888" lon="3.58658"/>
            <trkpt lat="51.03866" lon="3.58628"/>
            <trkpt lat="51.0385" lon="3.58608"/>
            <trkpt lat="51.03844" lon="3.58598"/>
            <trkpt lat="51.03836" lon="3.58589"/>
            <trkpt lat="51.03738" lon="3.58527"/>
            <trkpt lat="51.0372" lon="3.58511"/>
            <trkpt lat="51.03546" lon="3.58369"/>
            <trkpt lat="51.035" lon="3.58335"/>
            <trkpt lat="51.03468" lon="3.58317"/>
            <trkpt lat="51.03299" lon="3.58188"/>
            <trkpt lat="51.03256" lon="3.58154"/>
            <trkpt lat="51.03037" lon="3.5798"/>
            <trkpt lat="51.03032" lon="3.57976"/>
            <trkpt lat="51.02884" lon="3.57866"/>
            <trkpt lat="51.02821" lon="3.57826"/>
            <trkpt lat="51.02797" lon="3.57815"/>
            <trkpt lat="51.02756" lon="3.57787"/>
            <trkpt lat="51.02683" lon="3.57733"/>
            <trkpt lat="51.02574" lon="3.57655"/>
            <trkpt lat="51.02491" lon="3.57597"/>
            <trkpt lat="51.02467" lon="3.57582"/>
            <trkpt lat="51.02409" lon="3.57551"/>
            <trkpt lat="51.02339" lon="3.57505"/>
            <trkpt lat="51.02252" lon="3.57441"/>
            <trkpt lat="51.0224" lon="3.57429"/>
            <trkpt lat="51.02211" lon="3.57397"/>
            <trkpt lat="51.02099" lon="3.57252"/>
            <trkpt lat="51.02051" lon="3.57194"/>
            <trkpt lat="51.02038" lon="3.57178"/>
            <trkpt lat="51.02008" lon="3.57219"/>
            <trkpt lat="51.01963" lon="3.57306"/>
            <trkpt lat="51.01948" lon="3.57332"/>
            <trkpt lat="51.01886" lon="3.57458"/>
            <trkpt lat="51.01862" lon="3.57501"/>
            <trkpt lat="51.0181" lon="3.57595"/>
            <trkpt lat="51.01774" lon="3.57659"/>
            <trkpt lat="51.01747" lon="3.57707"/>
            <trkpt lat="51.01691" lon="3.57807"/>
            <trkpt lat="51.01608" lon="3.57954"/>
            <trkpt lat="51.01544" lon="3.5807"/>
            <trkpt lat="51.01523" lon="3.58113"/>
            <trkpt lat="51.015" lon="3.58154"/>
            <trkpt lat="51.01415" lon="3.58305"/>
            <trkpt lat="51.01394" lon="3.58346"/>
            <trkpt lat="51.01391" lon="3.58347"/>
            <trkpt lat="51.01364" lon="3.5839"/>
            <trkpt lat="51.0135" lon="3.5841"/>
            <trkpt lat="51.01346" lon="3.58414"/>
            <trkpt lat="51.01343" lon="3.58413"/>
            <trkpt lat="51.01342" lon="3.58412"/>
            <trkpt lat="51.01339" lon="3.58413"/>
            <trkpt lat="51.01338" lon="3.58413"/>
            <trkpt lat="51.01336" lon="3.58414"/>
            <trkpt lat="51.01334" lon="3.58416"/>
            <trkpt lat="51.01333" lon="3.58418"/>
            <trkpt lat="51.01332" lon="3.58421"/>
            <trkpt lat="51.0133" lon="3.58426"/>
            <trkpt lat="51.0133" lon="3.5843"/>
            <trkpt lat="51.0133" lon="3.58434"/>
            <trkpt lat="51.01305" lon="3.58472"/>
            <trkpt lat="51.01292" lon="3.58495"/>
            <trkpt lat="51.01291" lon="3.58502"/>
            <trkpt lat="51.01287" lon="3.58511"/>
            <trkpt lat="51.01284" lon="3.58517"/>
            <trkpt lat="51.01278" lon="3.58537"/>
            <trkpt lat="51.01273" lon="3.58551"/>
            <trkpt lat="51.01264" lon="3.5859"/>
            <trkpt lat="51.01258" lon="3.58638"/>
            <trkpt lat="51.01256" lon="3.58668"/>
            <trkpt lat="51.01241" lon="3.58786"/>
            <trkpt lat="51.01234" lon="3.58851"/>
            <trkpt lat="51.01232" lon="3.58877"/>
            <trkpt lat="51.01227" lon="3.5892"/>
            <trkpt lat="51.01216" lon="3.59008"/>
            <trkpt lat="51.01213" lon="3.5903"/>
            <trkpt lat="51.01201" lon="3.59085"/>
            <trkpt lat="51.01189" lon="3.5912"/>
            <trkpt lat="51.01182" lon="3.59139"/>
            <trkpt lat="51.01169" lon="3.59168"/>
            <trkpt lat="51.01146" lon="3.59204"/>
            <trkpt lat="51.01126" lon="3.59233"/>
            <trkpt lat="51.01107" lon="3.59258"/>
            <trkpt lat="51.01074" lon="3.59305"/>
            <trkpt lat="51.01069" lon="3.59311"/>
            <trkpt lat="51.01064" lon="3.59319"/>
            <trkpt lat="51.01056" lon="3.5933"/>
            <trkpt lat="51.00943" lon="3.59491"/>
            <trkpt lat="51.00929" lon="3.59516"/>
            <trkpt lat="51.00925" lon="3.59525"/>
            <trkpt lat="51.00919" lon="3.59545"/>
            <trkpt lat="51.00917" lon="3.59554"/>
            <trkpt lat="51.00916" lon="3.59562"/>
            <trkpt lat="51.00912" lon="3.59597"/>
            <trkpt lat="51.00913" lon="3.59634"/>
            <trkpt lat="51.00914" lon="3.59687"/>
            <trkpt lat="51.00913" lon="3.59701"/>
            <trkpt lat="51.00908" lon="3.59724"/>
            <trkpt lat="51.00905" lon="3.59731"/>
            <trkpt lat="51.00896" lon="3.59752"/>
            <trkpt lat="51.00883" lon="3.59774"/>
            <trkpt lat="51.00834" lon="3.59855"/>
            <trkpt lat="51.00817" lon="3.59883"/>
            <trkpt lat="51.00772" lon="3.59954"/>
            <trkpt lat="51.00717" lon="3.60028"/>
            <trkpt lat="51.0071" lon="3.60038"/>
            <trkpt lat="51.00702" lon="3.60048"/>
            <trkpt lat="51.00623" lon="3.60155"/>
            <trkpt lat="51.00586" lon="3.602"/>
            <trkpt lat="51.00555" lon="3.60231"/>
            <trkpt lat="51.00541" lon="3.60241"/>
            <trkpt lat="51.00522" lon="3.60247"/>
            <trkpt lat="51.00511" lon="3.60247"/>
            <trkpt lat="51.00466" lon="3.60246"/>
            <trkpt lat="51.00426" lon="3.6024"/>
            <trkpt lat="51.00413" lon="3.60232"/>
            <trkpt lat="51.00403" lon="3.60226"/>
            <trkpt lat="51.0035" lon="3.60178"/>
            <trkpt lat="51.00342" lon="3.60172"/>
            <trkpt lat="51.00327" lon="3.60171"/>
            <trkpt lat="51.0032" lon="3.60171"/>
            <trkpt lat="51.00307" lon="3.60178"/>
            <trkpt lat="51.00296" lon="3.60188"/>
            <trkpt lat="51.00287" lon="3.60198"/>
            <trkpt lat="51.00282" lon="3.60207"/>
            <trkpt lat="51.00277" lon="3.60221"/>
            <trkpt lat="51.00269" lon="3.6024"/>
            <trkpt lat="51.0026" lon="3.60277"/>
            <trkpt lat="51.00256" lon="3.60301"/>
            <trkpt lat="51.0025" lon="3.60352"/>
            <trkpt lat="51.00248" lon="3.60367"/>
            <trkpt lat="51.00244" lon="3.60385"/>
            <trkpt lat="51.0024" lon="3.60401"/>
            <trkpt lat="51.00234" lon="3.60415"/>
            <trkpt lat="51.00216" lon="3.60436"/>
            <trkpt lat="51.00197" lon="3.60448"/>
            <trkpt lat="51.00163" lon="3.60461"/>
            <trkpt lat="51.00152" lon="3.60465"/>
            <trkpt lat="51.00134" lon="3.6047"/>
            <trkpt lat="51.00119" lon="3.60477"/>
            <trkpt lat="51.00103" lon="3.60483"/>
            <trkpt lat="51.00087" lon="3.60491"/>
            <trkpt lat="51.00066" lon="3.60502"/>
            <trkpt lat="51.00051" lon="3.60513"/>
            <trkpt lat="51.00039" lon="3.60524"/>
            <trkpt lat="51.00027" lon="3.60535"/>
            <trkpt lat="50.99971" lon="3.60589"/>
            <trkpt lat="50.99957" lon="3.60602"/>
            <trkpt lat="50.99948" lon="3.60607"/>
            <trkpt lat="50.99937" lon="3.60615"/>
            <trkpt lat="50.99916" lon="3.60626"/>
            <trkpt lat="50.99885" lon="3.60639"/>
            <trkpt lat="50.99854" lon="3.60648"/>
            <trkpt lat="50.99824" lon="3.60656"/>
            <trkpt lat="50.99807" lon="3.6066"/>
            <trkpt lat="50.99772" lon="3.60668"/>
            <trkpt lat="50.99771" lon="3.60664"/>
            <trkpt lat="50.99769" lon="3.60661"/>
            <trkpt lat="50.99767" lon="3.60658"/>
            <trkpt lat="50.99765" lon="3.60656"/>
            <trkpt lat="50.99763" lon="3.60655"/>
            <trkpt lat="50.9976" lon="3.60654"/>
            <trkpt lat="50.99757" lon="3.60655"/>
            <trkpt lat="50.99754" lon="3.60656"/>
            <trkpt lat="50.99752" lon="3.60657"/>
            <trkpt lat="50.99751" lon="3.60658"/>
            <trkpt lat="50.99749" lon="3.60661"/>
            <trkpt lat="50.99748" lon="3.60663"/>
            <trkpt lat="50.99746" lon="3.60668"/>
            <trkpt lat="50.99745" lon="3.60671"/>
            <trkpt lat="50.99745" lon="3.60676"/>
            <trkpt lat="50.99745" lon="3.6068"/>
            <trkpt lat="50.99715" lon="3.60685"/>
            <trkpt lat="50.99651" lon="3.60699"/>
            <trkpt lat="50.99646" lon="3.60701"/>
            <trkpt lat="50.9956" lon="3.60732"/>
            <trkpt lat="50.99518" lon="3.60747"/>
            <trkpt lat="50.99457" lon="3.60774"/>
            <trkpt lat="50.99431" lon="3.60782"/>
            <trkpt lat="50.99361" lon="3.60783"/>
            <trkpt lat="50.99336" lon="3.60783"/>
            <trkpt lat="50.99322" lon="3.60783"/>
            <trkpt lat="50.99308" lon="3.60783"/>
            <trkpt lat="50.99229" lon="3.60784"/>
            <trkpt lat="50.99166" lon="3.60787"/>
            <trkpt lat="50.99155" lon="3.60786"/>
            <trkpt lat="50.99137" lon="3.6078"/>
            <trkpt lat="50.99119" lon="3.60767"/>
            <trkpt lat="50.99087" lon="3.60732"/>
            <trkpt lat="50.99077" lon="3.60722"/>
            <trkpt lat="50.99044" lon="3.60697"/>
            <trkpt lat="50.9903" lon="3.60691"/>
            <trkpt lat="50.99014" lon="3.60692"/>
            <trkpt lat="50.98998" lon="3.60697"/>
            <trkpt lat="50.98976" lon="3.6071"/>
            <trkpt lat="50.98963" lon="3.60717"/>
            <trkpt lat="50.98954" lon="3.60722"/>
            <trkpt lat="50.9892" lon="3.60742"/>
            <trkpt lat="50.98785" lon="3.60805"/>
            <trkpt lat="50.98656" lon="3.60865"/>
            <trkpt lat="50.98544" lon="3.60927"/>
            <trkpt lat="50.98497" lon="3.60953"/>
            <trkpt lat="50.98525" lon="3.61052"/>
            <trkpt lat="50.98497" lon="3.60953"/>
            <trkpt lat="50.98544" lon="3.60927"/>
            <trkpt lat="50.98656" lon="3.60865"/>
            <trkpt lat="50.98785" lon="3.60805"/>
            <trkpt lat="50.9892" lon="3.60742"/>
            <trkpt lat="50.98954" lon="3.60722"/>
            <trkpt lat="50.98963" lon="3.60717"/>
            <trkpt lat="50.98976" lon="3.6071"/>
            <trkpt lat="50.98998" lon="3.60697"/>
            <trkpt lat="50.99014" lon="3.60692"/>
            <trkpt lat="50.9903" lon="3.60691"/>
            <trkpt lat="50.99044" lon="3.60697"/>
            <trkpt lat="50.99077" lon="3.60722"/>
            <trkpt lat="50.99087" lon="3.60732"/>
            <trkpt lat="50.99119" lon="3.60767"/>
            <trkpt lat="50.99137" lon="3.6078"/>
            <trkpt lat="50.99155" lon="3.60786"/>
            <trkpt lat="50.99166" lon="3.60787"/>
            <trkpt lat="50.99229" lon="3.60784"/>
            <trkpt lat="50.99308" lon="3.60783"/>
            <trkpt lat="50.99322" lon="3.60783"/>
            <trkpt lat="50.99336" lon="3.60783"/>
            <trkpt lat="50.99361" lon="3.60783"/>
            <trkpt lat="50.99431" lon="3.60782"/>
            <trkpt lat="50.99457" lon="3.60774"/>
            <trkpt lat="50.99518" lon="3.60747"/>
            <trkpt lat="50.9956" lon="3.60732"/>
            <trkpt lat="50.99646" lon="3.60701"/>
            <trkpt lat="50.99651" lon="3.60699"/>
            <trkpt lat="50.99715" lon="3.60685"/>
            <trkpt lat="50.99745" lon="3.6068"/>
            <trkpt lat="50.99746" lon="3.60685"/>
            <trkpt lat="50.99748" lon="3.60689"/>
            <trkpt lat="50.9975" lon="3.60692"/>
            <trkpt lat="50.99752" lon="3.60694"/>
            <trkpt lat="50.99755" lon="3.60695"/>
            <trkpt lat="50.99758" lon="3.60696"/>
            <trkpt lat="50.9976" lon="3.60696"/>
            <trkpt lat="50.99764" lon="3.607"/>
            <trkpt lat="50.99767" lon="3.60705"/>
            <trkpt lat="50.99772" lon="3.60716"/>
            <trkpt lat="50.99785" lon="3.60747"/>
            <trkpt lat="50.99791" lon="3.60761"/>
            <trkpt lat="50.99798" lon="3.60777"/>
            <trkpt lat="50.99807" lon="3.60798"/>
            <trkpt lat="50.99847" lon="3.6089"/>
            <trkpt lat="50.99854" lon="3.60904"/>
            <trkpt lat="50.99926" lon="3.61074"/>
            <trkpt lat="51.00106" lon="3.61496"/>
            <trkpt lat="51.00125" lon="3.61543"/>
            <trkpt lat="51.00165" lon="3.61633"/>
            <trkpt lat="51.002" lon="3.61713"/>
            <trkpt lat="51.00247" lon="3.61818"/>
            <trkpt lat="51.00276" lon="3.61883"/>
            <trkpt lat="51.00283" lon="3.6188"/>
            <trkpt lat="51.00316" lon="3.61864"/>
            <trkpt lat="51.00333" lon="3.61862"/>
            <trkpt lat="51.00344" lon="3.61862"/>
            <trkpt lat="51.00384" lon="3.61862"/>
            <trkpt lat="51.004" lon="3.61861"/>
            <trkpt lat="51.00423" lon="3.61853"/>
            <trkpt lat="51.00483" lon="3.61834"/>
            <trkpt lat="51.00548" lon="3.6181"/>
            <trkpt lat="51.00555" lon="3.61808"/>
            <trkpt lat="51.00557" lon="3.61848"/>
            <trkpt lat="51.00559" lon="3.61876"/>
            <trkpt lat="51.00559" lon="3.61884"/>
            <trkpt lat="51.00569" lon="3.62261"/>
            <trkpt lat="51.00573" lon="3.62324"/>
            <trkpt lat="51.00577" lon="3.62358"/>
            <trkpt lat="51.00589" lon="3.62426"/>
            <trkpt lat="51.00601" lon="3.6247"/>
            <trkpt lat="51.00606" lon="3.62484"/>
            <trkpt lat="51.00629" lon="3.62526"/>
            <trkpt lat="51.00642" lon="3.62549"/>
            <trkpt lat="51.00651" lon="3.62567"/>
            <trkpt lat="51.00662" lon="3.6259"/>
            <trkpt lat="51.00669" lon="3.62608"/>
            <trkpt lat="51.0069" lon="3.62671"/>
            <trkpt lat="51.00705" lon="3.62701"/>
            <trkpt lat="51.00735" lon="3.62757"/>
            <trkpt lat="51.00769" lon="3.6281"/>
            <trkpt lat="51.00786" lon="3.62824"/>
            <trkpt lat="51.00797" lon="3.62827"/>
            <trkpt lat="51.00816" lon="3.62826"/>
            <trkpt lat="51.00834" lon="3.6283"/>
            <trkpt lat="51.00897" lon="3.63013"/>
            <trkpt lat="51.00935" lon="3.63113"/>
            <trkpt lat="51.00959" lon="3.63164"/>
            <trkpt lat="51.00966" lon="3.63177"/>
            <trkpt lat="51.00982" lon="3.63203"/>
            <trkpt lat="51.00992" lon="3.63193"/>
            <trkpt lat="51.01002" lon="3.63182"/>
            <trkpt lat="51.01018" lon="3.63169"/>
            <trkpt lat="51.01064" lon="3.63143"/>
            <trkpt lat="51.01088" lon="3.63131"/>
            <trkpt lat="51.01118" lon="3.63114"/>
            <trkpt lat="51.01149" lon="3.63091"/>
            <trkpt lat="51.01163" lon="3.63077"/>
            <trkpt lat="51.01173" lon="3.63066"/>
            <trkpt lat="51.01183" lon="3.63053"/>
            <trkpt lat="51.01195" lon="3.63033"/>
            <trkpt lat="51.01207" lon="3.63016"/>
            <trkpt lat="51.01238" lon="3.62992"/>
            <trkpt lat="51.01271" lon="3.62972"/>
            <trkpt lat="51.01361" lon="3.62918"/>
            <trkpt lat="51.01388" lon="3.629"/>
            <trkpt lat="51.01408" lon="3.62878"/>
            <trkpt lat="51.01411" lon="3.62884"/>
            <trkpt lat="51.01413" lon="3.62887"/>
            <trkpt lat="51.01415" lon="3.62888"/>
            <trkpt lat="51.01418" lon="3.62888"/>
            <trkpt lat="51.01422" lon="3.62888"/>
            <trkpt lat="51.01424" lon="3.62886"/>
            <trkpt lat="51.01427" lon="3.62884"/>
            <trkpt lat="51.01429" lon="3.6288"/>
            <trkpt lat="51.0143" lon="3.62875"/>
            <trkpt lat="51.0143" lon="3.6287"/>
            <trkpt lat="51.01429" lon="3.62865"/>
            <trkpt lat="51.01427" lon="3.62859"/>
            <trkpt lat="51.01425" lon="3.62856"/>
            <trkpt lat="51.01423" lon="3.62855"/>
            <trkpt lat="51.01417" lon="3.62853"/>
            <trkpt lat="51.01419" lon="3.62832"/>
            <trkpt lat="51.01423" lon="3.62813"/>
            <trkpt lat="51.01433" lon="3.62771"/>
            <trkpt lat="51.01452" lon="3.62716"/>
            <trkpt lat="51.0146" lon="3.62683"/>
            <trkpt lat="51.01463" lon="3.62662"/>
            <trkpt lat="51.01465" lon="3.62648"/>
            <trkpt lat="51.01467" lon="3.62608"/>
            <trkpt lat="51.01465" lon="3.62579"/>
            <trkpt lat="51.01463" lon="3.62561"/>
            <trkpt lat="51.01461" lon="3.62549"/>
            <trkpt lat="51.01459" lon="3.62538"/>
            <trkpt lat="51.01454" lon="3.62505"/>
            <trkpt lat="51.01442" lon="3.62453"/>
            <trkpt lat="51.01429" lon="3.62389"/>
            <trkpt lat="51.01404" lon="3.62248"/>
            <trkpt lat="51.01389" lon="3.62186"/>
            <trkpt lat="51.01371" lon="3.62124"/>
            <trkpt lat="51.01363" lon="3.62094"/>
            <trkpt lat="51.0134" lon="3.62019"/>
            <trkpt lat="51.01326" lon="3.61965"/>
            <trkpt lat="51.01323" lon="3.61949"/>
            <trkpt lat="51.01308" lon="3.61875"/>
            <trkpt lat="51.01282" lon="3.61703"/>
            <trkpt lat="51.01254" lon="3.61518"/>
            <trkpt lat="51.01241" lon="3.61437"/>
            <trkpt lat="51.01225" lon="3.61328"/>
            <trkpt lat="51.0122" lon="3.61295"/>
            <trkpt lat="51.01219" lon="3.6129"/>
            <trkpt lat="51.01218" lon="3.61284"/>
            <trkpt lat="51.01217" lon="3.6128"/>
            <trkpt lat="51.01215" lon="3.61266"/>
            <trkpt lat="51.01204" lon="3.612"/>
            <trkpt lat="51.01174" lon="3.61012"/>
            <trkpt lat="51.01171" lon="3.60996"/>
            <trkpt lat="51.01169" lon="3.60981"/>
            <trkpt lat="51.01166" lon="3.60967"/>
            <trkpt lat="51.01156" lon="3.60904"/>
            <trkpt lat="51.01143" lon="3.60821"/>
            <trkpt lat="51.0113" lon="3.60753"/>
            <trkpt lat="51.01131" lon="3.60742"/>
            <trkpt lat="51.0113" lon="3.60731"/>
            <trkpt lat="51.01124" lon="3.60708"/>
            <trkpt lat="51.01121" lon="3.60698"/>
            <trkpt lat="51.01117" lon="3.6069"/>
            <trkpt lat="51.01107" lon="3.60675"/>
            <trkpt lat="51.01091" lon="3.60653"/>
            <trkpt lat="51.01086" lon="3.60653"/>
            <trkpt lat="51.0108" lon="3.60646"/>
            <trkpt lat="51.00952" lon="3.6048"/>
            <trkpt lat="51.00936" lon="3.60457"/>
            <trkpt lat="51.00922" lon="3.60436"/>
            <trkpt lat="51.00915" lon="3.60424"/>
            <trkpt lat="51.00905" lon="3.60409"/>
            <trkpt lat="51.00873" lon="3.6036"/>
            <trkpt lat="51.00869" lon="3.60352"/>
            <trkpt lat="51.00839" lon="3.60291"/>
            <trkpt lat="51.00836" lon="3.60286"/>
            <trkpt lat="51.00761" lon="3.60143"/>
            <trkpt lat="51.00745" lon="3.60107"/>
            <trkpt lat="51.00717" lon="3.60052"/>
            <trkpt lat="51.0071" lon="3.60038"/>
            <trkpt lat="51.00702" lon="3.60048"/>
            <trkpt lat="51.00623" lon="3.60155"/>
            <trkpt lat="51.00586" lon="3.602"/>
            <trkpt lat="51.00555" lon="3.60231"/>
            <trkpt lat="51.00541" lon="3.60241"/>
            <trkpt lat="51.00522" lon="3.60247"/>
            <trkpt lat="51.00511" lon="3.60247"/>
            <trkpt lat="51.00466" lon="3.60246"/>
            <trkpt lat="51.00426" lon="3.6024"/>
            <trkpt lat="51.00413" lon="3.60232"/>
            <trkpt lat="51.00403" lon="3.60226"/>
            <trkpt lat="51.0035" lon="3.60178"/>
            <trkpt lat="51.00342" lon="3.60172"/>
            <trkpt lat="51.00327" lon="3.60171"/>
            <trkpt lat="51.0032" lon="3.60171"/>
            <trkpt lat="51.00307" lon="3.60178"/>
            <trkpt lat="51.00296" lon="3.60188"/>
            <trkpt lat="51.00287" lon="3.60198"/>
            <trkpt lat="51.00282" lon="3.60207"/>
            <trkpt lat="51.00277" lon="3.60221"/>
            <trkpt lat="51.00269" lon="3.6024"/>
            <trkpt lat="51.0026" lon="3.60277"/>
            <trkpt lat="51.00256" lon="3.60301"/>
            <trkpt lat="51.0025" lon="3.60352"/>
            <trkpt lat="51.00248" lon="3.60367"/>
            <trkpt lat="51.00244" lon="3.60385"/>
            <trkpt lat="51.0024" lon="3.60401"/>
            <trkpt lat="51.00234" lon="3.60415"/>
            <trkpt lat="51.00216" lon="3.60436"/>
            <trkpt lat="51.00197" lon="3.60448"/>
            <trkpt lat="51.00163" lon="3.60461"/>
            <trkpt lat="51.00152" lon="3.60465"/>
            <trkpt lat="51.00134" lon="3.6047"/>
            <trkpt lat="51.00119" lon="3.60477"/>
            <trkpt lat="51.00103" lon="3.60483"/>
            <trkpt lat="51.00087" lon="3.60491"/>
            <trkpt lat="51.00066" lon="3.60502"/>
            <trkpt lat="51.00051" lon="3.60513"/>
            <trkpt lat="51.00039" lon="3.60524"/>
            <trkpt lat="51.00027" lon="3.60535"/>
            <trkpt lat="50.99971" lon="3.60589"/>
            <trkpt lat="50.99957" lon="3.60602"/>
            <trkpt lat="50.99948" lon="3.60607"/>
            <trkpt lat="50.99937" lon="3.60615"/>
            <trkpt lat="50.99916" lon="3.60626"/>
            <trkpt lat="50.99885" lon="3.60639"/>
            <trkpt lat="50.99854" lon="3.60648"/>
            <trkpt lat="50.99824" lon="3.60656"/>
            <trkpt lat="50.99807" lon="3.6066"/>
            <trkpt lat="50.99772" lon="3.60668"/>
            <trkpt lat="50.99771" lon="3.60664"/>
            <trkpt lat="50.99769" lon="3.60661"/>
            <trkpt lat="50.99767" lon="3.60658"/>
            <trkpt lat="50.99765" lon="3.60656"/>
            <trkpt lat="50.99763" lon="3.60655"/>
            <trkpt lat="50.9976" lon="3.60654"/>
            <trkpt lat="50.99757" lon="3.60655"/>
            <trkpt lat="50.99754" lon="3.60656"/>
            <trkpt lat="50.99752" lon="3.60657"/>
            <trkpt lat="50.99751" lon="3.60658"/>
            <trkpt lat="50.99749" lon="3.60661"/>
            <trkpt lat="50.99748" lon="3.60663"/>
            <trkpt lat="50.99746" lon="3.60668"/>
            <trkpt lat="50.99745" lon="3.60671"/>
            <trkpt lat="50.99745" lon="3.60676"/>
            <trkpt lat="50.99745" lon="3.6068"/>
            <trkpt lat="50.99715" lon="3.60685"/>
            <trkpt lat="50.99651" lon="3.60699"/>
            <trkpt lat="50.99646" lon="3.60701"/>
            <trkpt lat="50.9956" lon="3.60732"/>
            <trkpt lat="50.99518" lon="3.60747"/>
            <trkpt lat="50.99457" lon="3.60774"/>
            <trkpt lat="50.99431" lon="3.60782"/>
            <trkpt lat="50.99361" lon="3.60783"/>
            <trkpt lat="50.99336" lon="3.60783"/>
            <trkpt lat="50.99322" lon="3.60783"/>
            <trkpt lat="50.99308" lon="3.60783"/>
            <trkpt lat="50.99229" lon="3.60784"/>
            <trkpt lat="50.99166" lon="3.60787"/>
            <trkpt lat="50.99155" lon="3.60786"/>
            <trkpt lat="50.99137" lon="3.6078"/>
            <trkpt lat="50.99119" lon="3.60767"/>
            <trkpt lat="50.99087" lon="3.60732"/>
            <trkpt lat="50.99077" lon="3.60722"/>
            <trkpt lat="50.99044" lon="3.60697"/>
            <trkpt lat="50.9903" lon="3.60691"/>
            <trkpt lat="50.99014" lon="3.60692"/>
            <trkpt lat="50.98998" lon="3.60697"/>
            <trkpt lat="50.98976" lon="3.6071"/>
            <trkpt lat="50.98963" lon="3.60717"/>
            <trkpt lat="50.98954" lon="3.60722"/>
            <trkpt lat="50.9892" lon="3.60742"/>
            <trkpt lat="50.98785" lon="3.60805"/>
            <trkpt lat="50.98656" lon="3.60865"/>
            <trkpt lat="50.98544" lon="3.60927"/>
            <trkpt lat="50.98497" lon="3.60953"/>
            <trkpt lat="50.98453" lon="3.60978"/>
            <trkpt lat="50.98376" lon="3.61019"/>
            <trkpt lat="50.98203" lon="3.61115"/>
            <trkpt lat="50.98197" lon="3.61118"/>
            <trkpt lat="50.98192" lon="3.61121"/>
            <trkpt lat="50.98177" lon="3.6113"/>
            <trkpt lat="50.98148" lon="3.61149"/>
            <trkpt lat="50.98104" lon="3.61176"/>
            <trkpt lat="50.97987" lon="3.61249"/>
            <trkpt lat="50.9789" lon="3.61312"/>
            <trkpt lat="50.97872" lon="3.61325"/>
            <trkpt lat="50.97854" lon="3.61388"/>
            <trkpt lat="50.9781" lon="3.61551"/>
            <trkpt lat="50.97744" lon="3.61797"/>
            <trkpt lat="50.97738" lon="3.61816"/>
            <trkpt lat="50.9773" lon="3.61834"/>
            <trkpt lat="50.97719" lon="3.61851"/>
            <trkpt lat="50.97707" lon="3.61863"/>
            <trkpt lat="50.97691" lon="3.61877"/>
            <trkpt lat="50.97671" lon="3.6189"/>
            <trkpt lat="50.97656" lon="3.61897"/>
            <trkpt lat="50.9765" lon="3.619"/>
            <trkpt lat="50.97634" lon="3.61903"/>
            <trkpt lat="50.97585" lon="3.61908"/>
            <trkpt lat="50.97562" lon="3.61912"/>
            <trkpt lat="50.97536" lon="3.61923"/>
            <trkpt lat="50.97453" lon="3.61982"/>
            <trkpt lat="50.97439" lon="3.61992"/>
            <trkpt lat="50.97265" lon="3.62112"/>
            <trkpt lat="50.97195" lon="3.62163"/>
            <trkpt lat="50.97083" lon="3.62251"/>
            <trkpt lat="50.96979" lon="3.62332"/>
            <trkpt lat="50.96952" lon="3.62356"/>
            <trkpt lat="50.96918" lon="3.62395"/>
            <trkpt lat="50.9679" lon="3.62549"/>
            <trkpt lat="50.96783" lon="3.62558"/>
            <trkpt lat="50.96776" lon="3.62551"/>
            <trkpt lat="50.96774" lon="3.62549"/>
            <trkpt lat="50.96686" lon="3.62469"/>
            <trkpt lat="50.96637" lon="3.62428"/>
            <trkpt lat="50.96518" lon="3.62335"/>
            <trkpt lat="50.96475" lon="3.62303"/>
            <trkpt lat="50.96397" lon="3.62244"/>
            <trkpt lat="50.96281" lon="3.62145"/>
            <trkpt lat="50.96267" lon="3.62135"/>
            <trkpt lat="50.96235" lon="3.62116"/>
            <trkpt lat="50.9614" lon="3.62059"/>
            <trkpt lat="50.96106" lon="3.62038"/>
            <trkpt lat="50.96091" lon="3.62028"/>
            <trkpt lat="50.96034" lon="3.61993"/>
            <trkpt lat="50.96029" lon="3.61991"/>
            <trkpt lat="50.96028" lon="3.6199"/>
            <trkpt lat="50.9602" lon="3.61989"/>
            <trkpt lat="50.96015" lon="3.6199"/>
            <trkpt lat="50.96009" lon="3.61993"/>
            <trkpt lat="50.96007" lon="3.61994"/>
            <trkpt lat="50.95994" lon="3.61962"/>
            <trkpt lat="50.95978" lon="3.61925"/>
            <trkpt lat="50.95971" lon="3.61906"/>
            <trkpt lat="50.9594" lon="3.61818"/>
            <trkpt lat="50.95931" lon="3.61785"/>
            <trkpt lat="50.95919" lon="3.61746"/>
            <trkpt lat="50.95916" lon="3.61742"/>
            <trkpt lat="50.95911" lon="3.61714"/>
            <trkpt lat="50.95903" lon="3.61661"/>
            <trkpt lat="50.95883" lon="3.61541"/>
            <trkpt lat="50.95857" lon="3.61383"/>
            <trkpt lat="50.95848" lon="3.61331"/>
            <trkpt lat="50.95837" lon="3.61252"/>
            <trkpt lat="50.95833" lon="3.61204"/>
            <trkpt lat="50.95834" lon="3.61175"/>
            <trkpt lat="50.95834" lon="3.61169"/>
            <trkpt lat="50.95836" lon="3.61149"/>
            <trkpt lat="50.95839" lon="3.61058"/>
            <trkpt lat="50.95839" lon="3.61052"/>
            <trkpt lat="50.95845" lon="3.60977"/>
            <trkpt lat="50.95853" lon="3.60898"/>
            <trkpt lat="50.95859" lon="3.60836"/>
            <trkpt lat="50.95864" lon="3.60776"/>
            <trkpt lat="50.95871" lon="3.60701"/>
            <trkpt lat="50.95882" lon="3.60612"/>
            <trkpt lat="50.95887" lon="3.60579"/>
            <trkpt lat="50.95896" lon="3.60541"/>
            <trkpt lat="50.95902" lon="3.60518"/>
            <trkpt lat="50.95924" lon="3.60456"/>
            <trkpt lat="50.9593" lon="3.60438"/>
            <trkpt lat="50.95937" lon="3.60417"/>
            <trkpt lat="50.95943" lon="3.604"/>
            <trkpt lat="50.95948" lon="3.60377"/>
            <trkpt lat="50.95954" lon="3.60352"/>
            <trkpt lat="50.95958" lon="3.60328"/>
            <trkpt lat="50.95965" lon="3.60286"/>
            <trkpt lat="50.95966" lon="3.60276"/>
            <trkpt lat="50.95969" lon="3.60238"/>
            <trkpt lat="50.95971" lon="3.60175"/>
            <trkpt lat="50.95969" lon="3.60116"/>
            <trkpt lat="50.95969" lon="3.60024"/>
            <trkpt lat="50.95968" lon="3.59958"/>
            <trkpt lat="50.95968" lon="3.59871"/>
            <trkpt lat="50.95966" lon="3.59766"/>
            <trkpt lat="50.95964" lon="3.59664"/>
            <trkpt lat="50.95963" lon="3.5959"/>
            <trkpt lat="50.95963" lon="3.59573"/>
            <trkpt lat="50.95962" lon="3.59546"/>
            <trkpt lat="50.95964" lon="3.59545"/>
            <trkpt lat="50.95965" lon="3.59544"/>
            <trkpt lat="50.95967" lon="3.59542"/>
            <trkpt lat="50.95968" lon="3.5954"/>
            <trkpt lat="50.95969" lon="3.59538"/>
            <trkpt lat="50.95969" lon="3.59535"/>
            <trkpt lat="50.9597" lon="3.59533"/>
            <trkpt lat="50.95969" lon="3.59526"/>
            <trkpt lat="50.95969" lon="3.59524"/>
            <trkpt lat="50.95968" lon="3.59522"/>
            <trkpt lat="50.95967" lon="3.5952"/>
            <trkpt lat="50.95966" lon="3.59519"/>
            <trkpt lat="50.95965" lon="3.59517"/>
            <trkpt lat="50.95964" lon="3.59517"/>
            <trkpt lat="50.95962" lon="3.59516"/>
            <trkpt lat="50.95961" lon="3.59516"/>
            <trkpt lat="50.95957" lon="3.59517"/>
            <trkpt lat="50.95956" lon="3.59519"/>
            <trkpt lat="50.95954" lon="3.59521"/>
            <trkpt lat="50.95954" lon="3.59523"/>
            <trkpt lat="50.95953" lon="3.59526"/>
            <trkpt lat="50.95952" lon="3.5953"/>
            <trkpt lat="50.95929" lon="3.59525"/>
            <trkpt lat="50.9585" lon="3.59508"/>
            <trkpt lat="50.95621" lon="3.59456"/>
            <trkpt lat="50.95595" lon="3.5945"/>
            <trkpt lat="50.95515" lon="3.59431"/>
            <trkpt lat="50.95459" lon="3.5942"/>
            <trkpt lat="50.95435" lon="3.59415"/>
            <trkpt lat="50.95359" lon="3.594"/>
            <trkpt lat="50.95348" lon="3.59398"/>
            <trkpt lat="50.95333" lon="3.59395"/>
            <trkpt lat="50.95081" lon="3.59347"/>
            <trkpt lat="50.94926" lon="3.59323"/>
            <trkpt lat="50.94895" lon="3.59315"/>
            <trkpt lat="50.94869" lon="3.59308"/>
            <trkpt lat="50.94806" lon="3.5929"/>
            <trkpt lat="50.94795" lon="3.59287"/>
            <trkpt lat="50.94777" lon="3.59279"/>
            <trkpt lat="50.94755" lon="3.59261"/>
            <trkpt lat="50.94719" lon="3.59225"/>
            <trkpt lat="50.94656" lon="3.59145"/>
            <trkpt lat="50.94643" lon="3.59131"/>
            <trkpt lat="50.94631" lon="3.5912"/>
            <trkpt lat="50.94615" lon="3.5911"/>
            <trkpt lat="50.94597" lon="3.59103"/>
            <trkpt lat="50.94544" lon="3.59094"/>
            <trkpt lat="50.94491" lon="3.59083"/>
            <trkpt lat="50.94435" lon="3.59062"/>
            <trkpt lat="50.94372" lon="3.59035"/>
            <trkpt lat="50.94336" lon="3.59018"/>
            <trkpt lat="50.94308" lon="3.59003"/>
            <trkpt lat="50.94303" lon="3.59"/>
            <trkpt lat="50.94278" lon="3.5905"/>
            <trkpt lat="50.94278" lon="3.59058"/>
            <trkpt lat="50.94248" lon="3.59125"/>
            <trkpt lat="50.94196" lon="3.59256"/>
            <trkpt lat="50.94173" lon="3.59317"/>
            <trkpt lat="50.94151" lon="3.59381"/>
            <trkpt lat="50.94098" lon="3.59527"/>
            <trkpt lat="50.94014" lon="3.5976"/>
            <trkpt lat="50.94011" lon="3.59768"/>
            <trkpt lat="50.93991" lon="3.59724"/>
            <trkpt lat="50.93967" lon="3.59671"/>
            <trkpt lat="50.93888" lon="3.59488"/>
            <trkpt lat="50.93854" lon="3.59425"/>
            <trkpt lat="50.9384" lon="3.59406"/>
            <trkpt lat="50.938" lon="3.59359"/>
            <trkpt lat="50.93794" lon="3.59352"/>
            <trkpt lat="50.93756" lon="3.59316"/>
            <trkpt lat="50.93689" lon="3.59249"/>
            <trkpt lat="50.9368" lon="3.5924"/>
            <trkpt lat="50.9364" lon="3.59195"/>
            <trkpt lat="50.93583" lon="3.59133"/>
            <trkpt lat="50.93513" lon="3.59063"/>
            <trkpt lat="50.93429" lon="3.58988"/>
            <trkpt lat="50.93349" lon="3.58914"/>
            <trkpt lat="50.93308" lon="3.58878"/>
            <trkpt lat="50.93262" lon="3.58841"/>
            <trkpt lat="50.93261" lon="3.58841"/>
            <trkpt lat="50.93243" lon="3.58831"/>
            <trkpt lat="50.93209" lon="3.58817"/>
            <trkpt lat="50.93183" lon="3.58812"/>
            <trkpt lat="50.9317" lon="3.5881"/>
            <trkpt lat="50.9307" lon="3.5879"/>
            <trkpt lat="50.92983" lon="3.58765"/>
            <trkpt lat="50.92925" lon="3.58747"/>
            <trkpt lat="50.9292" lon="3.58745"/>
            <trkpt lat="50.92894" lon="3.58731"/>
            <trkpt lat="50.92891" lon="3.58727"/>
            <trkpt lat="50.92882" lon="3.58715"/>
            <trkpt lat="50.9286" lon="3.58684"/>
            <trkpt lat="50.92855" lon="3.58667"/>
            <trkpt lat="50.92851" lon="3.58646"/>
            <trkpt lat="50.9283" lon="3.58502"/>
            <trkpt lat="50.92804" lon="3.58336"/>
            <trkpt lat="50.92777" lon="3.58173"/>
            <trkpt lat="50.92774" lon="3.58154"/>
            <trkpt lat="50.92774" lon="3.58153"/>
            <trkpt lat="50.92714" lon="3.57787"/>
            <trkpt lat="50.92545" lon="3.57837"/>
            <trkpt lat="50.92517" lon="3.57851"/>
            <trkpt lat="50.92454" lon="3.57891"/>
            <trkpt lat="50.92428" lon="3.57904"/>
            <trkpt lat="50.92404" lon="3.57915"/>
            <trkpt lat="50.92394" lon="3.57917"/>
            <trkpt lat="50.92389" lon="3.57919"/>
            <trkpt lat="50.92378" lon="3.57921"/>
            <trkpt lat="50.92295" lon="3.5792"/>
            <trkpt lat="50.92272" lon="3.57923"/>
            <trkpt lat="50.92075" lon="3.57955"/>
            <trkpt lat="50.92052" lon="3.57958"/>
            <trkpt lat="50.92031" lon="3.57956"/>
            <trkpt lat="50.91998" lon="3.5795"/>
            <trkpt lat="50.91954" lon="3.57939"/>
            <trkpt lat="50.91909" lon="3.57923"/>
            <trkpt lat="50.91841" lon="3.57891"/>
            <trkpt lat="50.91733" lon="3.57836"/>
            <trkpt lat="50.91714" lon="3.57822"/>
            <trkpt lat="50.91701" lon="3.57812"/>
            <trkpt lat="50.91667" lon="3.5779"/>
            <trkpt lat="50.91645" lon="3.57773"/>
            <trkpt lat="50.91607" lon="3.57748"/>
            <trkpt lat="50.91478" lon="3.57656"/>
            <trkpt lat="50.91434" lon="3.57632"/>
            <trkpt lat="50.91428" lon="3.57631"/>
            <trkpt lat="50.91423" lon="3.57631"/>
            <trkpt lat="50.91416" lon="3.57634"/>
            <trkpt lat="50.91407" lon="3.5764"/>
            <trkpt lat="50.91381" lon="3.57664"/>
            <trkpt lat="50.9137" lon="3.57672"/>
            <trkpt lat="50.91354" lon="3.57681"/>
            <trkpt lat="50.9122" lon="3.57723"/>
            <trkpt lat="50.91197" lon="3.57738"/>
            <trkpt lat="50.91162" lon="3.57773"/>
            <trkpt lat="50.91066" lon="3.57885"/>
            <trkpt lat="50.91064" lon="3.57887"/>
            <trkpt lat="50.90945" lon="3.58017"/>
            <trkpt lat="50.90939" lon="3.58023"/>
            <trkpt lat="50.90883" lon="3.58082"/>
            <trkpt lat="50.90826" lon="3.58145"/>
            <trkpt lat="50.90817" lon="3.58154"/>
            <trkpt lat="50.90808" lon="3.58165"/>
            <trkpt lat="50.90655" lon="3.58324"/>
            <trkpt lat="50.90642" lon="3.58335"/>
            <trkpt lat="50.90629" lon="3.58343"/>
            <trkpt lat="50.9058" lon="3.58361"/>
            <trkpt lat="50.90565" lon="3.5837"/>
            <trkpt lat="50.90537" lon="3.58394"/>
            <trkpt lat="50.90487" lon="3.5844"/>
            <trkpt lat="50.9044" lon="3.58487"/>
            <trkpt lat="50.90352" lon="3.58386"/>
            <trkpt lat="50.90303" lon="3.58332"/>
            <trkpt lat="50.90277" lon="3.58303"/>
            <trkpt lat="50.90234" lon="3.5824"/>
            <trkpt lat="50.90183" lon="3.58178"/>
            <trkpt lat="50.9016" lon="3.58154"/>
            <trkpt lat="50.90136" lon="3.58128"/>
            <trkpt lat="50.90083" lon="3.58075"/>
            <trkpt lat="50.90021" lon="3.57988"/>
            <trkpt lat="50.90011" lon="3.57978"/>
            <trkpt lat="50.8999" lon="3.57966"/>
            <trkpt lat="50.899" lon="3.57924"/>
            <trkpt lat="50.89859" lon="3.57896"/>
            <trkpt lat="50.89836" lon="3.57935"/>
            <trkpt lat="50.8981" lon="3.57973"/>
            <trkpt lat="50.89791" lon="3.57997"/>
            <trkpt lat="50.89787" lon="3.58002"/>
            <trkpt lat="50.8976" lon="3.58024"/>
            <trkpt lat="50.89755" lon="3.57994"/>
            <trkpt lat="50.89739" lon="3.57933"/>
            <trkpt lat="50.89714" lon="3.57862"/>
            <trkpt lat="50.89578" lon="3.57474"/>
            <trkpt lat="50.89554" lon="3.57398"/>
            <trkpt lat="50.89537" lon="3.57352"/>
            <trkpt lat="50.89504" lon="3.57275"/>
            <trkpt lat="50.895" lon="3.57265"/>
            <trkpt lat="50.89485" lon="3.57229"/>
            <trkpt lat="50.89478" lon="3.57208"/>
            <trkpt lat="50.89475" lon="3.57187"/>
            <trkpt lat="50.89424" lon="3.57226"/>
            <trkpt lat="50.89384" lon="3.5725"/>
            <trkpt lat="50.89362" lon="3.57266"/>
            <trkpt lat="50.89344" lon="3.57285"/>
            <trkpt lat="50.89327" lon="3.57306"/>
            <trkpt lat="50.89312" lon="3.57323"/>
            <trkpt lat="50.893" lon="3.57339"/>
            <trkpt lat="50.89289" lon="3.5735"/>
            <trkpt lat="50.89283" lon="3.57354"/>
            <trkpt lat="50.89266" lon="3.57362"/>
            <trkpt lat="50.89201" lon="3.57381"/>
            <trkpt lat="50.89136" lon="3.57402"/>
            <trkpt lat="50.89106" lon="3.57409"/>
            <trkpt lat="50.89074" lon="3.57417"/>
            <trkpt lat="50.89051" lon="3.57421"/>
            <trkpt lat="50.8905" lon="3.57425"/>
            <trkpt lat="50.89045" lon="3.57433"/>
            <trkpt lat="50.89038" lon="3.57439"/>
            <trkpt lat="50.89021" lon="3.57452"/>
            <trkpt lat="50.88987" lon="3.57473"/>
            <trkpt lat="50.88951" lon="3.57488"/>
            <trkpt lat="50.8894" lon="3.57497"/>
            <trkpt lat="50.88937" lon="3.57503"/>
            <trkpt lat="50.88937" lon="3.57503"/>
            <trkpt lat="50.88935" lon="3.5751"/>
            <trkpt lat="50.88928" lon="3.57577"/>
            <trkpt lat="50.88922" lon="3.57652"/>
            <trkpt lat="50.88919" lon="3.57675"/>
            <trkpt lat="50.88918" lon="3.57679"/>
            <trkpt lat="50.88918" lon="3.5768"/>
            <trkpt lat="50.88894" lon="3.57725"/>
            <trkpt lat="50.88884" lon="3.57746"/>
            <trkpt lat="50.88867" lon="3.57771"/>
            <trkpt lat="50.8886" lon="3.57782"/>
            <trkpt lat="50.88771" lon="3.57905"/>
            <trkpt lat="50.88765" lon="3.57913"/>
            <trkpt lat="50.8876" lon="3.5792"/>
            <trkpt lat="50.88752" lon="3.57931"/>
            <trkpt lat="50.88724" lon="3.5797"/>
            <trkpt lat="50.88693" lon="3.5801"/>
            <trkpt lat="50.88677" lon="3.58014"/>
            <trkpt lat="50.88605" lon="3.58014"/>
            <trkpt lat="50.88479" lon="3.58042"/>
            <trkpt lat="50.88448" lon="3.58051"/>
            <trkpt lat="50.88425" lon="3.58061"/>
            <trkpt lat="50.88403" lon="3.58075"/>
            <trkpt lat="50.883" lon="3.58154"/>
            <trkpt lat="50.88281" lon="3.58169"/>
            <trkpt lat="50.88275" lon="3.58174"/>
            <trkpt lat="50.88245" lon="3.58201"/>
            <trkpt lat="50.88177" lon="3.58277"/>
            <trkpt lat="50.88131" lon="3.58331"/>
            <trkpt lat="50.88095" lon="3.58383"/>
            <trkpt lat="50.88089" lon="3.58368"/>
            <trkpt lat="50.88065" lon="3.58313"/>
            <trkpt lat="50.8804" lon="3.58248"/>
            <trkpt lat="50.88028" lon="3.58221"/>
            <trkpt lat="50.88016" lon="3.58204"/>
            <trkpt lat="50.88004" lon="3.58194"/>
            <trkpt lat="50.87985" lon="3.58185"/>
            <trkpt lat="50.87979" lon="3.5818"/>
            <trkpt lat="50.87958" lon="3.58154"/>
            <trkpt lat="50.87933" lon="3.58123"/>
            <trkpt lat="50.8791" lon="3.58097"/>
            <trkpt lat="50.87882" lon="3.58071"/>
            <trkpt lat="50.87824" lon="3.57989"/>
            <trkpt lat="50.87808" lon="3.57968"/>
            <trkpt lat="50.87791" lon="3.57952"/>
            <trkpt lat="50.87774" lon="3.57942"/>
            <trkpt lat="50.87756" lon="3.57943"/>
            <trkpt lat="50.87754" lon="3.57944"/>
            <trkpt lat="50.87753" lon="3.57946"/>
            <trkpt lat="50.87751" lon="3.57948"/>
            <trkpt lat="50.8775" lon="3.57951"/>
            <trkpt lat="50.87748" lon="3.57956"/>
            <trkpt lat="50.87747" lon="3.5796"/>
            <trkpt lat="50.87735" lon="3.58048"/>
            <trkpt lat="50.87726" lon="3.58101"/>
            <trkpt lat="50.87715" lon="3.58154"/>
            <trkpt lat="50.87703" lon="3.58212"/>
            <trkpt lat="50.87699" lon="3.58219"/>
            <trkpt lat="50.87664" lon="3.58269"/>
            <trkpt lat="50.87655" lon="3.58285"/>
            <trkpt lat="50.87651" lon="3.58298"/>
            <trkpt lat="50.87649" lon="3.58312"/>
            <trkpt lat="50.8765" lon="3.58325"/>
            <trkpt lat="50.87652" lon="3.58331"/>
            <trkpt lat="50.87654" lon="3.58334"/>
            <trkpt lat="50.87636" lon="3.58336"/>
            <trkpt lat="50.87624" lon="3.58333"/>
            <trkpt lat="50.87603" lon="3.5832"/>
            <trkpt lat="50.87586" lon="3.58306"/>
            <trkpt lat="50.87574" lon="3.583"/>
            <trkpt lat="50.87557" lon="3.58294"/>
            <trkpt lat="50.87544" lon="3.58285"/>
            <trkpt lat="50.87535" lon="3.58276"/>
            <trkpt lat="50.87514" lon="3.58241"/>
            <trkpt lat="50.87496" lon="3.58197"/>
            <trkpt lat="50.87482" lon="3.58154"/>
            <trkpt lat="50.87478" lon="3.58143"/>
            <trkpt lat="50.87454" lon="3.58062"/>
            <trkpt lat="50.87439" lon="3.57995"/>
            <trkpt lat="50.87424" lon="3.57948"/>
            <trkpt lat="50.87411" lon="3.57914"/>
            <trkpt lat="50.87396" lon="3.57873"/>
            <trkpt lat="50.87392" lon="3.57851"/>
            <trkpt lat="50.87388" lon="3.57827"/>
            <trkpt lat="50.87384" lon="3.57805"/>
            <trkpt lat="50.8738" lon="3.57798"/>
            <trkpt lat="50.87366" lon="3.57799"/>
            <trkpt lat="50.87324" lon="3.5781"/>
            <trkpt lat="50.87266" lon="3.57819"/>
            <trkpt lat="50.87236" lon="3.57833"/>
            <trkpt lat="50.8722" lon="3.57843"/>
            <trkpt lat="50.87155" lon="3.57913"/>
            <trkpt lat="50.87036" lon="3.58058"/>
            <trkpt lat="50.87001" lon="3.58104"/>
            <trkpt lat="50.86959" lon="3.58154"/>
            <trkpt lat="50.86897" lon="3.58228"/>
            <trkpt lat="50.86861" lon="3.5816"/>
            <trkpt lat="50.8686" lon="3.58154"/>
            <trkpt lat="50.86859" lon="3.5815"/>
            <trkpt lat="50.8685" lon="3.58077"/>
            <trkpt lat="50.86842" lon="3.58042"/>
            <trkpt lat="50.86821" lon="3.5792"/>
            <trkpt lat="50.8682" lon="3.57915"/>
            <trkpt lat="50.86781" lon="3.57962"/>
            <trkpt lat="50.86775" lon="3.57968"/>
            <trkpt lat="50.86769" lon="3.57971"/>
            <trkpt lat="50.86727" lon="3.57982"/>
            <trkpt lat="50.86687" lon="3.57985"/>
            <trkpt lat="50.86672" lon="3.57984"/>
            <trkpt lat="50.8667" lon="3.57983"/>
            <trkpt lat="50.86663" lon="3.57977"/>
            <trkpt lat="50.8663" lon="3.57946"/>
            <trkpt lat="50.86608" lon="3.57931"/>
            <trkpt lat="50.86599" lon="3.57922"/>
            <trkpt lat="50.86596" lon="3.57921"/>
            <trkpt lat="50.86592" lon="3.57923"/>
            <trkpt lat="50.86591" lon="3.57926"/>
            <trkpt lat="50.86534" lon="3.57976"/>
            <trkpt lat="50.86531" lon="3.57978"/>
            <trkpt lat="50.86527" lon="3.57981"/>
            <trkpt lat="50.86525" lon="3.57982"/>
            <trkpt lat="50.86522" lon="3.5798"/>
            <trkpt lat="50.86519" lon="3.57977"/>
            <trkpt lat="50.86514" lon="3.57971"/>
            <trkpt lat="50.86512" lon="3.57968"/>
            <trkpt lat="50.8651" lon="3.57966"/>
            <trkpt lat="50.865" lon="3.57963"/>
            <trkpt lat="50.86492" lon="3.57949"/>
            <trkpt lat="50.86483" lon="3.57931"/>
            <trkpt lat="50.86471" lon="3.57913"/>
            <trkpt lat="50.86466" lon="3.57908"/>
            <trkpt lat="50.86461" lon="3.57905"/>
            <trkpt lat="50.86455" lon="3.57904"/>
            <trkpt lat="50.86442" lon="3.57906"/>
            <trkpt lat="50.86434" lon="3.57912"/>
            <trkpt lat="50.86371" lon="3.57972"/>
            <trkpt lat="50.86349" lon="3.57988"/>
            <trkpt lat="50.86327" lon="3.57998"/>
            <trkpt lat="50.86318" lon="3.57998"/>
            <trkpt lat="50.86303" lon="3.5799"/>
            <trkpt lat="50.86288" lon="3.57977"/>
            <trkpt lat="50.86231" lon="3.57906"/>
            <trkpt lat="50.86218" lon="3.57895"/>
            <trkpt lat="50.86191" lon="3.57878"/>
            <trkpt lat="50.86185" lon="3.57877"/>
            <trkpt lat="50.86182" lon="3.57878"/>
            <trkpt lat="50.86177" lon="3.5788"/>
            <trkpt lat="50.86152" lon="3.57898"/>
            <trkpt lat="50.86147" lon="3.579"/>
            <trkpt lat="50.86127" lon="3.57908"/>
            <trkpt lat="50.86109" lon="3.57912"/>
            <trkpt lat="50.86011" lon="3.57922"/>
            <trkpt lat="50.85999" lon="3.57921"/>
            <trkpt lat="50.85993" lon="3.57937"/>
            <trkpt lat="50.85934" lon="3.58106"/>
            <trkpt lat="50.8593" lon="3.58093"/>
            <trkpt lat="50.85927" lon="3.58073"/>
            <trkpt lat="50.85924" lon="3.58038"/>
            <trkpt lat="50.85924" lon="3.58022"/>
            <trkpt lat="50.85927" lon="3.57987"/>
            <trkpt lat="50.85929" lon="3.57967"/>
            <trkpt lat="50.85929" lon="3.57957"/>
            <trkpt lat="50.85927" lon="3.57917"/>
            <trkpt lat="50.85914" lon="3.57812"/>
            <trkpt lat="50.85912" lon="3.57761"/>
            <trkpt lat="50.85915" lon="3.57693"/>
            <trkpt lat="50.85914" lon="3.57652"/>
            <trkpt lat="50.85912" lon="3.57636"/>
            <trkpt lat="50.85911" lon="3.57623"/>
            <trkpt lat="50.85907" lon="3.57592"/>
            <trkpt lat="50.85905" lon="3.57562"/>
            <trkpt lat="50.85904" lon="3.57535"/>
            <trkpt lat="50.85906" lon="3.5752"/>
            <trkpt lat="50.85908" lon="3.57511"/>
            <trkpt lat="50.8591" lon="3.57502"/>
            <trkpt lat="50.85912" lon="3.57497"/>
            <trkpt lat="50.85918" lon="3.57484"/>
            <trkpt lat="50.85988" lon="3.57393"/>
            <trkpt lat="50.86022" lon="3.57338"/>
            <trkpt lat="50.86033" lon="3.57313"/>
            <trkpt lat="50.86036" lon="3.57303"/>
            <trkpt lat="50.86062" lon="3.57191"/>
            <trkpt lat="50.86073" lon="3.57151"/>
            <trkpt lat="50.8608" lon="3.57136"/>
            <trkpt lat="50.86085" lon="3.57117"/>
            <trkpt lat="50.86101" lon="3.57051"/>
            <trkpt lat="50.8611" lon="3.56994"/>
            <trkpt lat="50.86117" lon="3.56906"/>
            <trkpt lat="50.8612" lon="3.5679"/>
            <trkpt lat="50.86124" lon="3.56688"/>
            <trkpt lat="50.86128" lon="3.56575"/>
            <trkpt lat="50.8613" lon="3.56545"/>
            <trkpt lat="50.86119" lon="3.56545"/>
            <trkpt lat="50.86114" lon="3.56548"/>
            <trkpt lat="50.86104" lon="3.56555"/>
            <trkpt lat="50.86085" lon="3.56563"/>
            <trkpt lat="50.8608" lon="3.56562"/>
            <trkpt lat="50.86068" lon="3.56553"/>
            <trkpt lat="50.86026" lon="3.56504"/>
            <trkpt lat="50.86023" lon="3.56504"/>
            <trkpt lat="50.8602" lon="3.56506"/>
            <trkpt lat="50.85997" lon="3.56525"/>
            <trkpt lat="50.85991" lon="3.56531"/>
            <trkpt lat="50.85958" lon="3.56563"/>
            <trkpt lat="50.85944" lon="3.56579"/>
            <trkpt lat="50.85902" lon="3.56622"/>
            <trkpt lat="50.85895" lon="3.5663"/>
            <trkpt lat="50.85882" lon="3.56643"/>
            <trkpt lat="50.85835" lon="3.56675"/>
            <trkpt lat="50.85824" lon="3.56578"/>
            <trkpt lat="50.85819" lon="3.56352"/>
            <trkpt lat="50.85818" lon="3.56336"/>
            <trkpt lat="50.858" lon="3.56342"/>
            <trkpt lat="50.85792" lon="3.56345"/>
            <trkpt lat="50.85681" lon="3.56427"/>
            <trkpt lat="50.85661" lon="3.56438"/>
            <trkpt lat="50.85647" lon="3.5644"/>
            <trkpt lat="50.85641" lon="3.56439"/>
            <trkpt lat="50.85631" lon="3.56436"/>
            <trkpt lat="50.85581" lon="3.56402"/>
            <trkpt lat="50.85538" lon="3.5638"/>
            <trkpt lat="50.85512" lon="3.56369"/>
            <trkpt lat="50.855" lon="3.56393"/>
            <trkpt lat="50.8548" lon="3.56421"/>
            <trkpt lat="50.85469" lon="3.5643"/>
            <trkpt lat="50.8547" lon="3.56401"/>
            <trkpt lat="50.85472" lon="3.56199"/>
            <trkpt lat="50.85474" lon="3.5615"/>
            <trkpt lat="50.85473" lon="3.56103"/>
            <trkpt lat="50.85471" lon="3.56055"/>
            <trkpt lat="50.85464" lon="3.55982"/>
            <trkpt lat="50.85382" lon="3.56023"/>
            <trkpt lat="50.85344" lon="3.56045"/>
            <trkpt lat="50.85297" lon="3.56069"/>
            <trkpt lat="50.85252" lon="3.56086"/>
            <trkpt lat="50.85228" lon="3.56098"/>
            <trkpt lat="50.85192" lon="3.56123"/>
            <trkpt lat="50.85187" lon="3.56127"/>
            <trkpt lat="50.85158" lon="3.5614"/>
            <trkpt lat="50.85144" lon="3.56143"/>
            <trkpt lat="50.85113" lon="3.56144"/>
            <trkpt lat="50.85097" lon="3.56143"/>
            <trkpt lat="50.85075" lon="3.56137"/>
            <trkpt lat="50.85035" lon="3.56125"/>
            <trkpt lat="50.85024" lon="3.56121"/>
            <trkpt lat="50.85002" lon="3.56105"/>
            <trkpt lat="50.84983" lon="3.56079"/>
            <trkpt lat="50.84971" lon="3.56052"/>
            <trkpt lat="50.84947" lon="3.55961"/>
            <trkpt lat="50.84942" lon="3.55958"/>
            <trkpt lat="50.84938" lon="3.55957"/>
            <trkpt lat="50.84936" lon="3.55956"/>
            <trkpt lat="50.84927" lon="3.55954"/>
            <trkpt lat="50.84929" lon="3.55938"/>
            <trkpt lat="50.84934" lon="3.55897"/>
            <trkpt lat="50.84925" lon="3.55814"/>
            <trkpt lat="50.84915" lon="3.5575"/>
            <trkpt lat="50.84907" lon="3.55711"/>
            <trkpt lat="50.84899" lon="3.55684"/>
            <trkpt lat="50.84877" lon="3.5562"/>
            <trkpt lat="50.84829" lon="3.55472"/>
            <trkpt lat="50.84791" lon="3.55358"/>
            <trkpt lat="50.84788" lon="3.55347"/>
            <trkpt lat="50.84775" lon="3.55308"/>
            <trkpt lat="50.84766" lon="3.55282"/>
            <trkpt lat="50.847" lon="3.55124"/>
            <trkpt lat="50.84632" lon="3.54955"/>
            <trkpt lat="50.8462" lon="3.54914"/>
            <trkpt lat="50.84613" lon="3.54888"/>
            <trkpt lat="50.84611" lon="3.54863"/>
            <trkpt lat="50.84611" lon="3.54855"/>
            <trkpt lat="50.84603" lon="3.54732"/>
            <trkpt lat="50.84603" lon="3.54603"/>
            <trkpt lat="50.84598" lon="3.54599"/>
            <trkpt lat="50.84594" lon="3.54593"/>
            <trkpt lat="50.8459" lon="3.54586"/>
            <trkpt lat="50.84541" lon="3.54432"/>
            <trkpt lat="50.84524" lon="3.54387"/>
            <trkpt lat="50.84508" lon="3.54337"/>
            <trkpt lat="50.84496" lon="3.54306"/>
            <trkpt lat="50.84476" lon="3.54259"/>
            <trkpt lat="50.84473" lon="3.54252"/>
            <trkpt lat="50.84451" lon="3.54202"/>
            <trkpt lat="50.84339" lon="3.53944"/>
            <trkpt lat="50.84319" lon="3.53899"/>
            <trkpt lat="50.84243" lon="3.53765"/>
            <trkpt lat="50.84241" lon="3.5376"/>
            <trkpt lat="50.84223" lon="3.53725"/>
            <trkpt lat="50.84158" lon="3.53559"/>
            <trkpt lat="50.84105" lon="3.53416"/>
            <trkpt lat="50.84084" lon="3.53377"/>
            <trkpt lat="50.83999" lon="3.53455"/>
            <trkpt lat="50.83975" lon="3.53474"/>
            <trkpt lat="50.83959" lon="3.53484"/>
            <trkpt lat="50.83908" lon="3.53501"/>
            <trkpt lat="50.83889" lon="3.5351"/>
            <trkpt lat="50.83883" lon="3.53515"/>
            <trkpt lat="50.83878" lon="3.53523"/>
            <trkpt lat="50.83846" lon="3.53578"/>
            <trkpt lat="50.83808" lon="3.53651"/>
            <trkpt lat="50.83797" lon="3.53667"/>
            <trkpt lat="50.83786" lon="3.5368"/>
            <trkpt lat="50.83779" lon="3.53684"/>
            <trkpt lat="50.83759" lon="3.53691"/>
            <trkpt lat="50.83738" lon="3.53694"/>
            <trkpt lat="50.83723" lon="3.53701"/>
            <trkpt lat="50.8369" lon="3.53722"/>
            <trkpt lat="50.83676" lon="3.53722"/>
            <trkpt lat="50.83655" lon="3.53714"/>
            <trkpt lat="50.83624" lon="3.5371"/>
            <trkpt lat="50.83621" lon="3.53688"/>
            <trkpt lat="50.83616" lon="3.53664"/>
            <trkpt lat="50.83604" lon="3.53607"/>
            <trkpt lat="50.83596" lon="3.53583"/>
            <trkpt lat="50.83588" lon="3.53561"/>
            <trkpt lat="50.8358" lon="3.53546"/>
            <trkpt lat="50.83562" lon="3.53516"/>
            <trkpt lat="50.83549" lon="3.53502"/>
            <trkpt lat="50.83431" lon="3.534"/>
            <trkpt lat="50.83409" lon="3.53424"/>
            <trkpt lat="50.83384" lon="3.53455"/>
            <trkpt lat="50.83377" lon="3.53467"/>
            <trkpt lat="50.83343" lon="3.53543"/>
            <trkpt lat="50.83261" lon="3.53716"/>
            <trkpt lat="50.8324" lon="3.53757"/>
            <trkpt lat="50.83238" lon="3.5376"/>
            <trkpt lat="50.83213" lon="3.53805"/>
            <trkpt lat="50.83212" lon="3.53806"/>
            <trkpt lat="50.83199" lon="3.53826"/>
            <trkpt lat="50.83193" lon="3.53836"/>
            <trkpt lat="50.83152" lon="3.53886"/>
            <trkpt lat="50.83114" lon="3.53939"/>
            <trkpt lat="50.83084" lon="3.53983"/>
            <trkpt lat="50.83013" lon="3.54078"/>
            <trkpt lat="50.83007" lon="3.54088"/>
            <trkpt lat="50.83003" lon="3.541"/>
            <trkpt lat="50.82996" lon="3.5413"/>
            <trkpt lat="50.82994" lon="3.54137"/>
            <trkpt lat="50.82996" lon="3.54146"/>
            <trkpt lat="50.83019" lon="3.5424"/>
            <trkpt lat="50.83019" lon="3.54242"/>
            <trkpt lat="50.83021" lon="3.54259"/>
            <trkpt lat="50.83021" lon="3.54276"/>
            <trkpt lat="50.83021" lon="3.54279"/>
            <trkpt lat="50.83017" lon="3.54294"/>
            <trkpt lat="50.82974" lon="3.54354"/>
            <trkpt lat="50.829" lon="3.54449"/>
            <trkpt lat="50.8279" lon="3.54586"/>
            <trkpt lat="50.82774" lon="3.54607"/>
            <trkpt lat="50.82706" lon="3.54682"/>
            <trkpt lat="50.82706" lon="3.54675"/>
            <trkpt lat="50.82703" lon="3.54667"/>
            <trkpt lat="50.82699" lon="3.54659"/>
            <trkpt lat="50.82691" lon="3.54647"/>
            <trkpt lat="50.82683" lon="3.54638"/>
            <trkpt lat="50.82669" lon="3.54625"/>
            <trkpt lat="50.82659" lon="3.54615"/>
            <trkpt lat="50.82646" lon="3.54599"/>
            <trkpt lat="50.82639" lon="3.54586"/>
            <trkpt lat="50.82608" lon="3.54499"/>
            <trkpt lat="50.82576" lon="3.54411"/>
            <trkpt lat="50.82573" lon="3.54402"/>
            <trkpt lat="50.82558" lon="3.54368"/>
            <trkpt lat="50.82555" lon="3.5436"/>
            <trkpt lat="50.82552" lon="3.54353"/>
            <trkpt lat="50.82473" lon="3.54196"/>
            <trkpt lat="50.8245" lon="3.54156"/>
            <trkpt lat="50.82434" lon="3.54135"/>
            <trkpt lat="50.82418" lon="3.54118"/>
            <trkpt lat="50.82357" lon="3.54068"/>
            <trkpt lat="50.82331" lon="3.54051"/>
            <trkpt lat="50.82314" lon="3.54041"/>
            <trkpt lat="50.82299" lon="3.54038"/>
            <trkpt lat="50.82287" lon="3.5404"/>
            <trkpt lat="50.82276" lon="3.54043"/>
            <trkpt lat="50.82275" lon="3.54044"/>
            <trkpt lat="50.82262" lon="3.5405"/>
            <trkpt lat="50.82248" lon="3.54054"/>
            <trkpt lat="50.82194" lon="3.54073"/>
            <trkpt lat="50.82171" lon="3.54078"/>
            <trkpt lat="50.82132" lon="3.54082"/>
            <trkpt lat="50.82108" lon="3.54083"/>
            <trkpt lat="50.82065" lon="3.54091"/>
            <trkpt lat="50.82032" lon="3.54094"/>
            <trkpt lat="50.82008" lon="3.54093"/>
            <trkpt lat="50.81987" lon="3.54086"/>
            <trkpt lat="50.81979" lon="3.54081"/>
            <trkpt lat="50.81962" lon="3.54074"/>
            <trkpt lat="50.81948" lon="3.54065"/>
            <trkpt lat="50.81926" lon="3.54037"/>
            <trkpt lat="50.81923" lon="3.54031"/>
            <trkpt lat="50.8192" lon="3.54027"/>
            <trkpt lat="50.81848" lon="3.53908"/>
            <trkpt lat="50.81812" lon="3.53847"/>
            <trkpt lat="50.81767" lon="3.53771"/>
            <trkpt lat="50.81761" lon="3.5376"/>
            <trkpt lat="50.81746" lon="3.53734"/>
            <trkpt lat="50.8174" lon="3.53723"/>
            <trkpt lat="50.81702" lon="3.53654"/>
            <trkpt lat="50.81694" lon="3.5364"/>
            <trkpt lat="50.8166" lon="3.53569"/>
            <trkpt lat="50.81576" lon="3.53387"/>
            <trkpt lat="50.81455" lon="3.53118"/>
            <trkpt lat="50.81354" lon="3.52891"/>
            <trkpt lat="50.81309" lon="3.52801"/>
            <trkpt lat="50.81271" lon="3.52728"/>
            <trkpt lat="50.81219" lon="3.52635"/>
            <trkpt lat="50.81175" lon="3.52565"/>
            <trkpt lat="50.81017" lon="3.52343"/>
            <trkpt lat="50.80977" lon="3.52284"/>
            <trkpt lat="50.8091" lon="3.52174"/>
            <trkpt lat="50.80869" lon="3.52105"/>
            <trkpt lat="50.80815" lon="3.52011"/>
            <trkpt lat="50.80804" lon="3.51992"/>
            <trkpt lat="50.80798" lon="3.51982"/>
            <trkpt lat="50.80587" lon="3.51628"/>
            <trkpt lat="50.80549" lon="3.51563"/>
            <trkpt lat="50.8046" lon="3.51413"/>
            <trkpt lat="50.80355" lon="3.51243"/>
            <trkpt lat="50.80331" lon="3.51199"/>
            <trkpt lat="50.80327" lon="3.51192"/>
            <trkpt lat="50.80314" lon="3.51171"/>
            <trkpt lat="50.80291" lon="3.51135"/>
            <trkpt lat="50.80258" lon="3.51095"/>
            <trkpt lat="50.80254" lon="3.51091"/>
            <trkpt lat="50.80219" lon="3.51057"/>
            <trkpt lat="50.80195" lon="3.5102"/>
            <trkpt lat="50.80168" lon="3.50965"/>
            <trkpt lat="50.8014" lon="3.50891"/>
            <trkpt lat="50.80136" lon="3.50879"/>
            <trkpt lat="50.80127" lon="3.5085"/>
            <trkpt lat="50.80088" lon="3.50712"/>
            <trkpt lat="50.80088" lon="3.50708"/>
            <trkpt lat="50.80078" lon="3.50671"/>
            <trkpt lat="50.80075" lon="3.50661"/>
            <trkpt lat="50.80066" lon="3.5063"/>
            <trkpt lat="50.80056" lon="3.50603"/>
            <trkpt lat="50.80054" lon="3.50601"/>
            <trkpt lat="50.8002" lon="3.50508"/>
            <trkpt lat="50.8001" lon="3.50477"/>
            <trkpt lat="50.79944" lon="3.50292"/>
            <trkpt lat="50.79939" lon="3.50278"/>
            <trkpt lat="50.79917" lon="3.50224"/>
            <trkpt lat="50.79873" lon="3.50139"/>
            <trkpt lat="50.79862" lon="3.50115"/>
            <trkpt lat="50.79852" lon="3.50096"/>
            <trkpt lat="50.79845" lon="3.50081"/>
            <trkpt lat="50.79846" lon="3.5008"/>
            <trkpt lat="50.79847" lon="3.50078"/>
            <trkpt lat="50.79848" lon="3.50075"/>
            <trkpt lat="50.79849" lon="3.50072"/>
            <trkpt lat="50.79849" lon="3.5007"/>
            <trkpt lat="50.79849" lon="3.50066"/>
            <trkpt lat="50.79849" lon="3.50063"/>
            <trkpt lat="50.79849" lon="3.50058"/>
            <trkpt lat="50.79848" lon="3.50055"/>
            <trkpt lat="50.79846" lon="3.50051"/>
            <trkpt lat="50.79845" lon="3.50048"/>
            <trkpt lat="50.79843" lon="3.50046"/>
            <trkpt lat="50.79841" lon="3.50044"/>
            <trkpt lat="50.79835" lon="3.50042"/>
            <trkpt lat="50.79833" lon="3.50042"/>
            <trkpt lat="50.79828" lon="3.50043"/>
            <trkpt lat="50.79825" lon="3.50045"/>
            <trkpt lat="50.79823" lon="3.50048"/>
            <trkpt lat="50.79821" lon="3.5005"/>
            <trkpt lat="50.7982" lon="3.50054"/>
            <trkpt lat="50.79819" lon="3.50058"/>
            <trkpt lat="50.79819" lon="3.50062"/>
            <trkpt lat="50.79819" lon="3.50066"/>
            <trkpt lat="50.79817" lon="3.50069"/>
            <trkpt lat="50.79798" lon="3.5009"/>
            <trkpt lat="50.79759" lon="3.50128"/>
            <trkpt lat="50.79689" lon="3.50199"/>
            <trkpt lat="50.79587" lon="3.50293"/>
            <trkpt lat="50.79476" lon="3.50398"/>
            <trkpt lat="50.79447" lon="3.50425"/>
            <trkpt lat="50.79437" lon="3.50434"/>
            <trkpt lat="50.79415" lon="3.50455"/>
            <trkpt lat="50.79391" lon="3.50477"/>
            <trkpt lat="50.79365" lon="3.50497"/>
            <trkpt lat="50.79359" lon="3.50503"/>
            <trkpt lat="50.79343" lon="3.50518"/>
            <trkpt lat="50.79331" lon="3.50529"/>
            <trkpt lat="50.79268" lon="3.50587"/>
            <trkpt lat="50.79253" lon="3.50603"/>
            <trkpt lat="50.79241" lon="3.50618"/>
            <trkpt lat="50.79236" lon="3.50627"/>
            <trkpt lat="50.79232" lon="3.50635"/>
            <trkpt lat="50.79228" lon="3.50644"/>
            <trkpt lat="50.79226" lon="3.5065"/>
            <trkpt lat="50.79225" lon="3.50655"/>
            <trkpt lat="50.79221" lon="3.50655"/>
            <trkpt lat="50.79217" lon="3.50655"/>
            <trkpt lat="50.79213" lon="3.50658"/>
            <trkpt lat="50.7921" lon="3.50661"/>
            <trkpt lat="50.79207" lon="3.50665"/>
            <trkpt lat="50.79206" lon="3.50669"/>
            <trkpt lat="50.79205" lon="3.50672"/>
            <trkpt lat="50.79203" lon="3.50678"/>
            <trkpt lat="50.79203" lon="3.50684"/>
            <trkpt lat="50.79194" lon="3.50686"/>
            <trkpt lat="50.79191" lon="3.50687"/>
            <trkpt lat="50.79185" lon="3.5069"/>
            <trkpt lat="50.79177" lon="3.50699"/>
            <trkpt lat="50.79161" lon="3.50717"/>
            <trkpt lat="50.79153" lon="3.50726"/>
            <trkpt lat="50.79124" lon="3.50762"/>
            <trkpt lat="50.79114" lon="3.50774"/>
            <trkpt lat="50.79091" lon="3.50801"/>
            <trkpt lat="50.79084" lon="3.50812"/>
            <trkpt lat="50.79079" lon="3.5082"/>
            <trkpt lat="50.79073" lon="3.50833"/>
            <trkpt lat="50.79069" lon="3.50844"/>
            <trkpt lat="50.79068" lon="3.5085"/>
            <trkpt lat="50.79067" lon="3.50887"/>
            <trkpt lat="50.79067" lon="3.509"/>
            <trkpt lat="50.79068" lon="3.50916"/>
            <trkpt lat="50.79067" lon="3.50921"/>
            <trkpt lat="50.79066" lon="3.50925"/>
            <trkpt lat="50.79064" lon="3.50927"/>
            <trkpt lat="50.79047" lon="3.50939"/>
            <trkpt lat="50.79021" lon="3.50958"/>
            <trkpt lat="50.78992" lon="3.50987"/>
            <trkpt lat="50.78964" lon="3.51011"/>
            <trkpt lat="50.78926" lon="3.51042"/>
            <trkpt lat="50.78899" lon="3.51064"/>
            <trkpt lat="50.78885" lon="3.51076"/>
            <trkpt lat="50.78877" lon="3.51084"/>
            <trkpt lat="50.78869" lon="3.5109"/>
            <trkpt lat="50.78858" lon="3.51101"/>
            <trkpt lat="50.78842" lon="3.51114"/>
            <trkpt lat="50.78834" lon="3.51122"/>
            <trkpt lat="50.78861" lon="3.51182"/>
            <trkpt lat="50.78905" lon="3.51293"/>
            <trkpt lat="50.78911" lon="3.51308"/>
            <trkpt lat="50.78923" lon="3.51339"/>
            <trkpt lat="50.78968" lon="3.51446"/>
            <trkpt lat="50.79015" lon="3.51563"/>
            <trkpt lat="50.79046" lon="3.51641"/>
            <trkpt lat="50.79064" lon="3.51682"/>
            <trkpt lat="50.79083" lon="3.51725"/>
            <trkpt lat="50.79101" lon="3.51771"/>
            <trkpt lat="50.79102" lon="3.51775"/>
            <trkpt lat="50.79103" lon="3.5178"/>
            <trkpt lat="50.79107" lon="3.51792"/>
            <trkpt lat="50.7911" lon="3.518"/>
            <trkpt lat="50.79116" lon="3.51816"/>
            <trkpt lat="50.7911" lon="3.51822"/>
            <trkpt lat="50.79105" lon="3.51832"/>
            <trkpt lat="50.79103" lon="3.51838"/>
            <trkpt lat="50.79102" lon="3.51845"/>
            <trkpt lat="50.79097" lon="3.51928"/>
            <trkpt lat="50.79073" lon="3.52155"/>
            <trkpt lat="50.79062" lon="3.52235"/>
            <trkpt lat="50.79057" lon="3.52267"/>
            <trkpt lat="50.79051" lon="3.52303"/>
            <trkpt lat="50.79037" lon="3.52377"/>
            <trkpt lat="50.7903" lon="3.52454"/>
            <trkpt lat="50.79028" lon="3.52454"/>
            <trkpt lat="50.79027" lon="3.52454"/>
            <trkpt lat="50.79026" lon="3.52456"/>
            <trkpt lat="50.79025" lon="3.52457"/>
            <trkpt lat="50.79024" lon="3.52459"/>
            <trkpt lat="50.79024" lon="3.52461"/>
            <trkpt lat="50.79024" lon="3.52463"/>
            <trkpt lat="50.79025" lon="3.52467"/>
            <trkpt lat="50.79026" lon="3.52468"/>
            <trkpt lat="50.79028" lon="3.52469"/>
            <trkpt lat="50.79029" lon="3.52468"/>
            <trkpt lat="50.79029" lon="3.52475"/>
            <trkpt lat="50.79028" lon="3.52486"/>
            <trkpt lat="50.79033" lon="3.52582"/>
            <trkpt lat="50.79034" lon="3.52587"/>
            <trkpt lat="50.79042" lon="3.52659"/>
            <trkpt lat="50.79042" lon="3.52672"/>
            <trkpt lat="50.79042" lon="3.52691"/>
            <trkpt lat="50.79039" lon="3.5272"/>
            <trkpt lat="50.79034" lon="3.52752"/>
            <trkpt lat="50.79026" lon="3.52791"/>
            <trkpt lat="50.78981" lon="3.52963"/>
            <trkpt lat="50.7898" lon="3.52971"/>
            <trkpt lat="50.78979" lon="3.52978"/>
            <trkpt lat="50.7898" lon="3.52985"/>
            <trkpt lat="50.78981" lon="3.53007"/>
            <trkpt lat="50.78985" lon="3.53036"/>
            <trkpt lat="50.78996" lon="3.53096"/>
            <trkpt lat="50.78997" lon="3.5312"/>
            <trkpt lat="50.78993" lon="3.53154"/>
            <trkpt lat="50.78954" lon="3.53341"/>
            <trkpt lat="50.78932" lon="3.53435"/>
            <trkpt lat="50.78922" lon="3.53473"/>
            <trkpt lat="50.78909" lon="3.53502"/>
            <trkpt lat="50.78896" lon="3.53526"/>
            <trkpt lat="50.7887" lon="3.53566"/>
            <trkpt lat="50.78832" lon="3.53616"/>
            <trkpt lat="50.78826" lon="3.53625"/>
            <trkpt lat="50.7882" lon="3.53636"/>
            <trkpt lat="50.78817" lon="3.53647"/>
            <trkpt lat="50.78812" lon="3.53648"/>
            <trkpt lat="50.78808" lon="3.53649"/>
            <trkpt lat="50.78806" lon="3.53652"/>
            <trkpt lat="50.78804" lon="3.53656"/>
            <trkpt lat="50.78799" lon="3.53677"/>
            <trkpt lat="50.78796" lon="3.53692"/>
            <trkpt lat="50.7879" lon="3.53727"/>
            <trkpt lat="50.78788" lon="3.53735"/>
            <trkpt lat="50.78787" lon="3.5374"/>
            <trkpt lat="50.78772" lon="3.5376"/>
            <trkpt lat="50.78711" lon="3.53842"/>
            <trkpt lat="50.78692" lon="3.53861"/>
            <trkpt lat="50.78679" lon="3.53867"/>
            <trkpt lat="50.78668" lon="3.53868"/>
            <trkpt lat="50.78651" lon="3.53863"/>
            <trkpt lat="50.78635" lon="3.53864"/>
            <trkpt lat="50.78625" lon="3.53871"/>
            <trkpt lat="50.78614" lon="3.53885"/>
            <trkpt lat="50.78591" lon="3.53929"/>
            <trkpt lat="50.78555" lon="3.53972"/>
            <trkpt lat="50.78543" lon="3.53981"/>
            <trkpt lat="50.78538" lon="3.53983"/>
            <trkpt lat="50.78532" lon="3.53986"/>
            <trkpt lat="50.78515" lon="3.53987"/>
            <trkpt lat="50.78511" lon="3.53986"/>
            <trkpt lat="50.78507" lon="3.53985"/>
            <trkpt lat="50.78492" lon="3.53977"/>
            <trkpt lat="50.78487" lon="3.53975"/>
            <trkpt lat="50.78479" lon="3.53978"/>
            <trkpt lat="50.78474" lon="3.53982"/>
            <trkpt lat="50.7847" lon="3.53986"/>
            <trkpt lat="50.7846" lon="3.54003"/>
            <trkpt lat="50.7843" lon="3.54054"/>
            <trkpt lat="50.7841" lon="3.5409"/>
            <trkpt lat="50.7839" lon="3.54132"/>
            <trkpt lat="50.78385" lon="3.54143"/>
            <trkpt lat="50.78362" lon="3.54263"/>
            <trkpt lat="50.78357" lon="3.54293"/>
            <trkpt lat="50.78352" lon="3.54312"/>
            <trkpt lat="50.78339" lon="3.54342"/>
            <trkpt lat="50.78327" lon="3.54361"/>
            <trkpt lat="50.78305" lon="3.54384"/>
            <trkpt lat="50.78285" lon="3.54395"/>
            <trkpt lat="50.78266" lon="3.544"/>
            <trkpt lat="50.78237" lon="3.54403"/>
            <trkpt lat="50.78178" lon="3.5439"/>
            <trkpt lat="50.78145" lon="3.54387"/>
            <trkpt lat="50.7812" lon="3.54386"/>
            <trkpt lat="50.7807" lon="3.54398"/>
            <trkpt lat="50.77977" lon="3.54426"/>
            <trkpt lat="50.77942" lon="3.54443"/>
            <trkpt lat="50.77885" lon="3.54482"/>
            <trkpt lat="50.77881" lon="3.54486"/>
            <trkpt lat="50.77763" lon="3.54594"/>
            <trkpt lat="50.77758" lon="3.54597"/>
            <trkpt lat="50.77728" lon="3.54616"/>
            <trkpt lat="50.77698" lon="3.54632"/>
            <trkpt lat="50.77689" lon="3.54633"/>
            <trkpt lat="50.77682" lon="3.54628"/>
            <trkpt lat="50.77673" lon="3.54614"/>
            <trkpt lat="50.7766" lon="3.54592"/>
            <trkpt lat="50.77649" lon="3.54567"/>
            <trkpt lat="50.77632" lon="3.54542"/>
            <trkpt lat="50.77621" lon="3.54534"/>
            <trkpt lat="50.77611" lon="3.5453"/>
            <trkpt lat="50.77563" lon="3.5453"/>
            <trkpt lat="50.7752" lon="3.54533"/>
            <trkpt lat="50.77449" lon="3.54542"/>
            <trkpt lat="50.77408" lon="3.54544"/>
            <trkpt lat="50.77384" lon="3.54548"/>
            <trkpt lat="50.77343" lon="3.54565"/>
            <trkpt lat="50.77326" lon="3.54569"/>
            <trkpt lat="50.77297" lon="3.54561"/>
            <trkpt lat="50.77285" lon="3.5456"/>
            <trkpt lat="50.77264" lon="3.54562"/>
            <trkpt lat="50.7724" lon="3.54569"/>
            <trkpt lat="50.77224" lon="3.54577"/>
            <trkpt lat="50.77156" lon="3.54614"/>
            <trkpt lat="50.77132" lon="3.54629"/>
            <trkpt lat="50.77118" lon="3.54641"/>
            <trkpt lat="50.77084" lon="3.54692"/>
            <trkpt lat="50.77071" lon="3.54703"/>
            <trkpt lat="50.77057" lon="3.54711"/>
            <trkpt lat="50.77036" lon="3.54717"/>
            <trkpt lat="50.7699" lon="3.54727"/>
            <trkpt lat="50.76939" lon="3.54733"/>
            <trkpt lat="50.76914" lon="3.5474"/>
            <trkpt lat="50.76891" lon="3.54751"/>
            <trkpt lat="50.76879" lon="3.54745"/>
            <trkpt lat="50.76853" lon="3.54731"/>
            <trkpt lat="50.76838" lon="3.54719"/>
            <trkpt lat="50.76777" lon="3.54655"/>
            <trkpt lat="50.76766" lon="3.54644"/>
            <trkpt lat="50.76756" lon="3.54632"/>
            <trkpt lat="50.76734" lon="3.54597"/>
            <trkpt lat="50.7672" lon="3.54578"/>
            <trkpt lat="50.76704" lon="3.54564"/>
            <trkpt lat="50.76686" lon="3.54553"/>
            <trkpt lat="50.76652" lon="3.54534"/>
            <trkpt lat="50.76638" lon="3.54525"/>
            <trkpt lat="50.76628" lon="3.54515"/>
            <trkpt lat="50.76621" lon="3.54504"/>
            <trkpt lat="50.76611" lon="3.54474"/>
            <trkpt lat="50.76605" lon="3.54461"/>
            <trkpt lat="50.76587" lon="3.54438"/>
            <trkpt lat="50.76575" lon="3.54495"/>
            <trkpt lat="50.76565" lon="3.54548"/>
            <trkpt lat="50.76539" lon="3.5467"/>
            <trkpt lat="50.76487" lon="3.54919"/>
            <trkpt lat="50.76459" lon="3.55054"/>
            <trkpt lat="50.76426" lon="3.55211"/>
            <trkpt lat="50.76417" lon="3.5525"/>
            <trkpt lat="50.76396" lon="3.55354"/>
            <trkpt lat="50.76391" lon="3.55375"/>
            <trkpt lat="50.76358" lon="3.55546"/>
            <trkpt lat="50.76355" lon="3.55558"/>
            <trkpt lat="50.76353" lon="3.55571"/>
            <trkpt lat="50.76336" lon="3.55632"/>
            <trkpt lat="50.76327" lon="3.55671"/>
            <trkpt lat="50.76315" lon="3.55712"/>
            <trkpt lat="50.76306" lon="3.55735"/>
            <trkpt lat="50.76298" lon="3.55752"/>
            <trkpt lat="50.76307" lon="3.55765"/>
            <trkpt lat="50.76313" lon="3.55777"/>
            <trkpt lat="50.76326" lon="3.55814"/>
            <trkpt lat="50.76327" lon="3.55843"/>
            <trkpt lat="50.76325" lon="3.55875"/>
            <trkpt lat="50.76322" lon="3.55922"/>
            <trkpt lat="50.76318" lon="3.55957"/>
            <trkpt lat="50.76313" lon="3.56006"/>
            <trkpt lat="50.76311" lon="3.56026"/>
            <trkpt lat="50.7628" lon="3.56355"/>
            <trkpt lat="50.7627" lon="3.56478"/>
            <trkpt lat="50.76267" lon="3.56496"/>
            <trkpt lat="50.76263" lon="3.56508"/>
            <trkpt lat="50.76247" lon="3.56551"/>
            <trkpt lat="50.76235" lon="3.56573"/>
            <trkpt lat="50.76216" lon="3.56596"/>
            <trkpt lat="50.76168" lon="3.56653"/>
            <trkpt lat="50.76154" lon="3.56673"/>
            <trkpt lat="50.7615" lon="3.5668"/>
            <trkpt lat="50.76143" lon="3.56693"/>
            <trkpt lat="50.76137" lon="3.56713"/>
            <trkpt lat="50.76132" lon="3.56736"/>
            <trkpt lat="50.76128" lon="3.56759"/>
            <trkpt lat="50.76121" lon="3.56841"/>
            <trkpt lat="50.76111" lon="3.56917"/>
            <trkpt lat="50.76107" lon="3.56932"/>
            <trkpt lat="50.76093" lon="3.56981"/>
            <trkpt lat="50.76084" lon="3.57"/>
            <trkpt lat="50.76069" lon="3.57026"/>
            <trkpt lat="50.76068" lon="3.57027"/>
            <trkpt lat="50.76053" lon="3.57049"/>
            <trkpt lat="50.76042" lon="3.57068"/>
            <trkpt lat="50.76033" lon="3.57088"/>
            <trkpt lat="50.75955" lon="3.5728"/>
            <trkpt lat="50.75932" lon="3.5734"/>
            <trkpt lat="50.75925" lon="3.5737"/>
            <trkpt lat="50.75922" lon="3.5739"/>
            <trkpt lat="50.7592" lon="3.57409"/>
            <trkpt lat="50.75919" lon="3.57417"/>
            <trkpt lat="50.75921" lon="3.57441"/>
            <trkpt lat="50.75926" lon="3.57478"/>
            <trkpt lat="50.75954" lon="3.57584"/>
            <trkpt lat="50.75967" lon="3.57617"/>
            <trkpt lat="50.75977" lon="3.57637"/>
            <trkpt lat="50.75996" lon="3.5766"/>
            <trkpt lat="50.76008" lon="3.57669"/>
            <trkpt lat="50.76025" lon="3.5768"/>
            <trkpt lat="50.76079" lon="3.57704"/>
            <trkpt lat="50.76117" lon="3.57731"/>
            <trkpt lat="50.76132" lon="3.57748"/>
            <trkpt lat="50.76137" lon="3.57755"/>
            <trkpt lat="50.7615" lon="3.57774"/>
            <trkpt lat="50.76166" lon="3.57807"/>
            <trkpt lat="50.76204" lon="3.57886"/>
            <trkpt lat="50.76293" lon="3.58071"/>
            <trkpt lat="50.7633" lon="3.58154"/>
            <trkpt lat="50.7635" lon="3.582"/>
            <trkpt lat="50.76409" lon="3.58333"/>
            <trkpt lat="50.76423" lon="3.58366"/>
            <trkpt lat="50.76451" lon="3.58437"/>
            <trkpt lat="50.76467" lon="3.58489"/>
            <trkpt lat="50.76474" lon="3.58524"/>
            <trkpt lat="50.7648" lon="3.58562"/>
            <trkpt lat="50.76484" lon="3.5862"/>
            <trkpt lat="50.76482" lon="3.58629"/>
            <trkpt lat="50.7648" lon="3.58674"/>
            <trkpt lat="50.76478" lon="3.58708"/>
            <trkpt lat="50.76478" lon="3.58738"/>
            <trkpt lat="50.76482" lon="3.58772"/>
            <trkpt lat="50.76485" lon="3.58777"/>
            <trkpt lat="50.76497" lon="3.58856"/>
            <trkpt lat="50.76501" lon="3.58872"/>
            <trkpt lat="50.76504" lon="3.58883"/>
            <trkpt lat="50.76515" lon="3.58916"/>
            <trkpt lat="50.76546" lon="3.59007"/>
            <trkpt lat="50.76562" lon="3.59045"/>
            <trkpt lat="50.76588" lon="3.59099"/>
            <trkpt lat="50.76601" lon="3.59131"/>
            <trkpt lat="50.76616" lon="3.59181"/>
            <trkpt lat="50.76649" lon="3.59322"/>
            <trkpt lat="50.76689" lon="3.595"/>
            <trkpt lat="50.767" lon="3.59558"/>
            <trkpt lat="50.76718" lon="3.59641"/>
            <trkpt lat="50.76729" lon="3.59704"/>
            <trkpt lat="50.76745" lon="3.59979"/>
            <trkpt lat="50.76746" lon="3.60011"/>
            <trkpt lat="50.76748" lon="3.60065"/>
            <trkpt lat="50.76747" lon="3.60073"/>
            <trkpt lat="50.76746" lon="3.60105"/>
            <trkpt lat="50.76743" lon="3.60125"/>
            <trkpt lat="50.76731" lon="3.60176"/>
            <trkpt lat="50.767" lon="3.60284"/>
            <trkpt lat="50.76684" lon="3.60352"/>
            <trkpt lat="50.7668" lon="3.60366"/>
            <trkpt lat="50.76668" lon="3.60411"/>
            <trkpt lat="50.76634" lon="3.60531"/>
            <trkpt lat="50.76623" lon="3.60591"/>
            <trkpt lat="50.76619" lon="3.60629"/>
            <trkpt lat="50.76617" lon="3.60664"/>
            <trkpt lat="50.76609" lon="3.60773"/>
            <trkpt lat="50.76607" lon="3.60839"/>
            <trkpt lat="50.76607" lon="3.60859"/>
            <trkpt lat="50.76608" lon="3.60893"/>
            <trkpt lat="50.76614" lon="3.60932"/>
            <trkpt lat="50.76648" lon="3.61106"/>
            <trkpt lat="50.76653" lon="3.61132"/>
            <trkpt lat="50.76653" lon="3.61141"/>
            <trkpt lat="50.76656" lon="3.61174"/>
            <trkpt lat="50.7666" lon="3.61291"/>
            <trkpt lat="50.76669" lon="3.61537"/>
            <trkpt lat="50.76666" lon="3.61653"/>
            <trkpt lat="50.76665" lon="3.61699"/>
            <trkpt lat="50.76667" lon="3.61751"/>
            <trkpt lat="50.76671" lon="3.61784"/>
            <trkpt lat="50.76678" lon="3.6181"/>
            <trkpt lat="50.76683" lon="3.61825"/>
            <trkpt lat="50.76708" lon="3.61893"/>
            <trkpt lat="50.7672" lon="3.61931"/>
            <trkpt lat="50.76728" lon="3.61951"/>
            <trkpt lat="50.76745" lon="3.62002"/>
            <trkpt lat="50.76773" lon="3.62068"/>
            <trkpt lat="50.76809" lon="3.62127"/>
            <trkpt lat="50.76823" lon="3.62148"/>
            <trkpt lat="50.76834" lon="3.62171"/>
            <trkpt lat="50.76864" lon="3.62249"/>
            <trkpt lat="50.76866" lon="3.62255"/>
            <trkpt lat="50.76916" lon="3.62424"/>
            <trkpt lat="50.76949" lon="3.62549"/>
            <trkpt lat="50.76956" lon="3.62576"/>
            <trkpt lat="50.76972" lon="3.62645"/>
            <trkpt lat="50.76987" lon="3.62715"/>
            <trkpt lat="50.77048" lon="3.63009"/>
            <trkpt lat="50.77052" lon="3.63038"/>
            <trkpt lat="50.77054" lon="3.63051"/>
            <trkpt lat="50.77085" lon="3.63389"/>
            <trkpt lat="50.77087" lon="3.63418"/>
            <trkpt lat="50.77112" lon="3.6366"/>
            <trkpt lat="50.77117" lon="3.63723"/>
            <trkpt lat="50.7712" lon="3.63765"/>
            <trkpt lat="50.77129" lon="3.63844"/>
            <trkpt lat="50.77133" lon="3.63885"/>
            <trkpt lat="50.77139" lon="3.63936"/>
            <trkpt lat="50.77131" lon="3.63982"/>
            <trkpt lat="50.77121" lon="3.64016"/>
            <trkpt lat="50.77108" lon="3.64091"/>
            <trkpt lat="50.77108" lon="3.64106"/>
            <trkpt lat="50.77111" lon="3.64157"/>
            <trkpt lat="50.77116" lon="3.64174"/>
            <trkpt lat="50.7713" lon="3.64232"/>
            <trkpt lat="50.77167" lon="3.64368"/>
            <trkpt lat="50.77187" lon="3.64452"/>
            <trkpt lat="50.77187" lon="3.64466"/>
            <trkpt lat="50.77182" lon="3.64482"/>
            <trkpt lat="50.77162" lon="3.64581"/>
            <trkpt lat="50.77158" lon="3.64598"/>
            <trkpt lat="50.77152" lon="3.64626"/>
            <trkpt lat="50.7713" lon="3.64728"/>
            <trkpt lat="50.77126" lon="3.64746"/>
            <trkpt lat="50.77122" lon="3.64761"/>
            <trkpt lat="50.77119" lon="3.64779"/>
            <trkpt lat="50.77118" lon="3.64787"/>
            <trkpt lat="50.77114" lon="3.64807"/>
            <trkpt lat="50.77113" lon="3.64815"/>
            <trkpt lat="50.77113" lon="3.64824"/>
            <trkpt lat="50.77113" lon="3.64834"/>
            <trkpt lat="50.77113" lon="3.64839"/>
            <trkpt lat="50.77113" lon="3.6485"/>
            <trkpt lat="50.77113" lon="3.64852"/>
            <trkpt lat="50.77116" lon="3.64862"/>
            <trkpt lat="50.77119" lon="3.64911"/>
            <trkpt lat="50.77125" lon="3.65063"/>
            <trkpt lat="50.77128" lon="3.65103"/>
            <trkpt lat="50.77133" lon="3.65175"/>
            <trkpt lat="50.77149" lon="3.6542"/>
            <trkpt lat="50.77166" lon="3.65613"/>
            <trkpt lat="50.77183" lon="3.65924"/>
            <trkpt lat="50.7719" lon="3.66014"/>
            <trkpt lat="50.77193" lon="3.66048"/>
            <trkpt lat="50.77207" lon="3.66066"/>
            <trkpt lat="50.77231" lon="3.66084"/>
            <trkpt lat="50.77242" lon="3.66093"/>
            <trkpt lat="50.77245" lon="3.66095"/>
            <trkpt lat="50.77263" lon="3.66106"/>
            <trkpt lat="50.77454" lon="3.66226"/>
            <trkpt lat="50.77459" lon="3.66229"/>
            <trkpt lat="50.77561" lon="3.66298"/>
            <trkpt lat="50.77626" lon="3.6634"/>
            <trkpt lat="50.77595" lon="3.66388"/>
            <trkpt lat="50.77573" lon="3.66423"/>
            <trkpt lat="50.77538" lon="3.66478"/>
            <trkpt lat="50.77482" lon="3.66556"/>
            <trkpt lat="50.77461" lon="3.66579"/>
            <trkpt lat="50.77439" lon="3.66601"/>
            <trkpt lat="50.77399" lon="3.66627"/>
            <trkpt lat="50.77377" lon="3.66651"/>
            <trkpt lat="50.77337" lon="3.66706"/>
            <trkpt lat="50.77281" lon="3.66818"/>
            <trkpt lat="50.7722" lon="3.66943"/>
            <trkpt lat="50.77212" lon="3.66962"/>
            <trkpt lat="50.77188" lon="3.67004"/>
            <trkpt lat="50.77177" lon="3.67022"/>
            <trkpt lat="50.77159" lon="3.67046"/>
            <trkpt lat="50.77133" lon="3.67087"/>
            <trkpt lat="50.77112" lon="3.67124"/>
            <trkpt lat="50.77064" lon="3.67216"/>
            <trkpt lat="50.77037" lon="3.67268"/>
            <trkpt lat="50.7703" lon="3.67279"/>
            <trkpt lat="50.77026" lon="3.67286"/>
            <trkpt lat="50.77023" lon="3.67292"/>
            <trkpt lat="50.76965" lon="3.6737"/>
            <trkpt lat="50.76939" lon="3.67404"/>
            <trkpt lat="50.76868" lon="3.67501"/>
            <trkpt lat="50.76709" lon="3.67722"/>
            <trkpt lat="50.76703" lon="3.6773"/>
            <trkpt lat="50.76599" lon="3.67842"/>
            <trkpt lat="50.76577" lon="3.67864"/>
            <trkpt lat="50.76559" lon="3.6788"/>
            <trkpt lat="50.76539" lon="3.67893"/>
            <trkpt lat="50.76522" lon="3.67901"/>
            <trkpt lat="50.76497" lon="3.67911"/>
            <trkpt lat="50.76365" lon="3.67952"/>
            <trkpt lat="50.76344" lon="3.67958"/>
            <trkpt lat="50.76322" lon="3.67964"/>
            <trkpt lat="50.76244" lon="3.67986"/>
            <trkpt lat="50.7623" lon="3.67988"/>
            <trkpt lat="50.7622" lon="3.67988"/>
            <trkpt lat="50.76207" lon="3.67988"/>
            <trkpt lat="50.76176" lon="3.67984"/>
            <trkpt lat="50.76143" lon="3.67971"/>
            <trkpt lat="50.76123" lon="3.6796"/>
            <trkpt lat="50.76083" lon="3.67938"/>
            <trkpt lat="50.76053" lon="3.67931"/>
            <trkpt lat="50.7604" lon="3.67929"/>
            <trkpt lat="50.76017" lon="3.67928"/>
            <trkpt lat="50.75965" lon="3.67929"/>
            <trkpt lat="50.75837" lon="3.6794"/>
            <trkpt lat="50.75747" lon="3.67938"/>
            <trkpt lat="50.75684" lon="3.67942"/>
            <trkpt lat="50.75651" lon="3.67944"/>
            <trkpt lat="50.7562" lon="3.67942"/>
            <trkpt lat="50.7561" lon="3.67937"/>
            <trkpt lat="50.75589" lon="3.67913"/>
            <trkpt lat="50.75463" lon="3.67756"/>
            <trkpt lat="50.75451" lon="3.67748"/>
            <trkpt lat="50.75449" lon="3.67747"/>
            <trkpt lat="50.75288" lon="3.67679"/>
            <trkpt lat="50.75249" lon="3.67658"/>
            <trkpt lat="50.75085" lon="3.67554"/>
            <trkpt lat="50.75062" lon="3.67549"/>
            <trkpt lat="50.75047" lon="3.67548"/>
            <trkpt lat="50.74979" lon="3.67514"/>
            <trkpt lat="50.7495" lon="3.67501"/>
            <trkpt lat="50.7486" lon="3.67473"/>
            <trkpt lat="50.74843" lon="3.67465"/>
            <trkpt lat="50.74824" lon="3.67458"/>
            <trkpt lat="50.74783" lon="3.67452"/>
            <trkpt lat="50.74741" lon="3.6745"/>
            <trkpt lat="50.74726" lon="3.67448"/>
            <trkpt lat="50.74712" lon="3.67443"/>
            <trkpt lat="50.74691" lon="3.67431"/>
            <trkpt lat="50.7468" lon="3.67424"/>
            <trkpt lat="50.74671" lon="3.67415"/>
            <trkpt lat="50.74661" lon="3.67407"/>
            <trkpt lat="50.74649" lon="3.67401"/>
            <trkpt lat="50.74625" lon="3.67394"/>
            <trkpt lat="50.7461" lon="3.67391"/>
            <trkpt lat="50.74574" lon="3.67396"/>
            <trkpt lat="50.74567" lon="3.67396"/>
            <trkpt lat="50.74559" lon="3.67394"/>
            <trkpt lat="50.74553" lon="3.67389"/>
            <trkpt lat="50.74531" lon="3.67357"/>
            <trkpt lat="50.74529" lon="3.67355"/>
            <trkpt lat="50.74525" lon="3.67353"/>
            <trkpt lat="50.74518" lon="3.67352"/>
            <trkpt lat="50.74513" lon="3.67352"/>
            <trkpt lat="50.74507" lon="3.67355"/>
            <trkpt lat="50.74503" lon="3.6736"/>
            <trkpt lat="50.745" lon="3.67367"/>
            <trkpt lat="50.745" lon="3.67372"/>
            <trkpt lat="50.745" lon="3.6738"/>
            <trkpt lat="50.74505" lon="3.67401"/>
            <trkpt lat="50.74509" lon="3.67415"/>
            <trkpt lat="50.7451" lon="3.67422"/>
            <trkpt lat="50.7451" lon="3.67427"/>
            <trkpt lat="50.7451" lon="3.67432"/>
            <trkpt lat="50.74508" lon="3.67437"/>
            <trkpt lat="50.74501" lon="3.67449"/>
            <trkpt lat="50.74479" lon="3.67474"/>
            <trkpt lat="50.74458" lon="3.67495"/>
            <trkpt lat="50.74441" lon="3.6751"/>
            <trkpt lat="50.74407" lon="3.67537"/>
            <trkpt lat="50.7438" lon="3.67564"/>
            <trkpt lat="50.74277" lon="3.67685"/>
            <trkpt lat="50.74142" lon="3.67867"/>
            <trkpt lat="50.74112" lon="3.67898"/>
            <trkpt lat="50.7408" lon="3.67929"/>
            <trkpt lat="50.74036" lon="3.67959"/>
            <trkpt lat="50.73933" lon="3.68018"/>
            <trkpt lat="50.73833" lon="3.68067"/>
            <trkpt lat="50.73775" lon="3.68097"/>
            <trkpt lat="50.73732" lon="3.68108"/>
            <trkpt lat="50.73633" lon="3.68165"/>
            <trkpt lat="50.73583" lon="3.68198"/>
            <trkpt lat="50.73566" lon="3.68208"/>
            <trkpt lat="50.73548" lon="3.68213"/>
            <trkpt lat="50.73537" lon="3.68214"/>
            <trkpt lat="50.73531" lon="3.68214"/>
            <trkpt lat="50.73529" lon="3.68213"/>
            <trkpt lat="50.73524" lon="3.68209"/>
            <trkpt lat="50.73493" lon="3.68181"/>
            <trkpt lat="50.73486" lon="3.68176"/>
            <trkpt lat="50.73451" lon="3.68142"/>
            <trkpt lat="50.73445" lon="3.68136"/>
            <trkpt lat="50.73433" lon="3.68115"/>
            <trkpt lat="50.73423" lon="3.68091"/>
            <trkpt lat="50.73381" lon="3.67983"/>
            <trkpt lat="50.73358" lon="3.68014"/>
            <trkpt lat="50.73334" lon="3.68049"/>
            <trkpt lat="50.73318" lon="3.68071"/>
            <trkpt lat="50.7328" lon="3.68134"/>
            <trkpt lat="50.73256" lon="3.68177"/>
            <trkpt lat="50.73242" lon="3.68206"/>
            <trkpt lat="50.73235" lon="3.68225"/>
            <trkpt lat="50.73228" lon="3.68247"/>
            <trkpt lat="50.73212" lon="3.68305"/>
            <trkpt lat="50.73207" lon="3.68327"/>
            <trkpt lat="50.73204" lon="3.68327"/>
            <trkpt lat="50.732" lon="3.68328"/>
            <trkpt lat="50.73197" lon="3.6833"/>
            <trkpt lat="50.73169" lon="3.6835"/>
            <trkpt lat="50.73058" lon="3.68439"/>
            <trkpt lat="50.73041" lon="3.68449"/>
            <trkpt lat="50.73009" lon="3.68465"/>
            <trkpt lat="50.72988" lon="3.6847"/>
            <trkpt lat="50.72891" lon="3.68476"/>
            <trkpt lat="50.72798" lon="3.68473"/>
            <trkpt lat="50.72766" lon="3.68473"/>
            <trkpt lat="50.72702" lon="3.68466"/>
            <trkpt lat="50.72639" lon="3.68455"/>
            <trkpt lat="50.72601" lon="3.68446"/>
            <trkpt lat="50.72587" lon="3.68441"/>
            <trkpt lat="50.72575" lon="3.68435"/>
            <trkpt lat="50.72545" lon="3.68418"/>
            <trkpt lat="50.72486" lon="3.68384"/>
            <trkpt lat="50.72461" lon="3.6837"/>
            <trkpt lat="50.72393" lon="3.68331"/>
            <trkpt lat="50.72289" lon="3.6828"/>
            <trkpt lat="50.72208" lon="3.68249"/>
            <trkpt lat="50.72095" lon="3.68215"/>
            <trkpt lat="50.72073" lon="3.68208"/>
            <trkpt lat="50.72068" lon="3.68206"/>
            <trkpt lat="50.72001" lon="3.68186"/>
            <trkpt lat="50.71941" lon="3.6817"/>
            <trkpt lat="50.71895" lon="3.6816"/>
            <trkpt lat="50.71874" lon="3.68155"/>
            <trkpt lat="50.71817" lon="3.68147"/>
            <trkpt lat="50.71772" lon="3.68142"/>
            <trkpt lat="50.71744" lon="3.68144"/>
            <trkpt lat="50.71712" lon="3.68156"/>
            <trkpt lat="50.71699" lon="3.68164"/>
            <trkpt lat="50.71676" lon="3.68183"/>
            <trkpt lat="50.71642" lon="3.68216"/>
            <trkpt lat="50.71606" lon="3.68254"/>
            <trkpt lat="50.71587" lon="3.68271"/>
            <trkpt lat="50.71555" lon="3.68295"/>
            <trkpt lat="50.71536" lon="3.68305"/>
            <trkpt lat="50.71528" lon="3.68308"/>
            <trkpt lat="50.71515" lon="3.68308"/>
            <trkpt lat="50.71503" lon="3.68307"/>
            <trkpt lat="50.71497" lon="3.68305"/>
            <trkpt lat="50.71474" lon="3.68297"/>
            <trkpt lat="50.71428" lon="3.68271"/>
            <trkpt lat="50.71309" lon="3.68193"/>
            <trkpt lat="50.71289" lon="3.68177"/>
            <trkpt lat="50.71251" lon="3.68147"/>
            <trkpt lat="50.71209" lon="3.68111"/>
            <trkpt lat="50.71112" lon="3.68025"/>
            <trkpt lat="50.71064" lon="3.67985"/>
            <trkpt lat="50.71033" lon="3.67967"/>
            <trkpt lat="50.7103" lon="3.67966"/>
            <trkpt lat="50.71002" lon="3.67956"/>
            <trkpt lat="50.70933" lon="3.67941"/>
            <trkpt lat="50.70867" lon="3.67936"/>
            <trkpt lat="50.70808" lon="3.67936"/>
            <trkpt lat="50.70752" lon="3.67946"/>
            <trkpt lat="50.70672" lon="3.67964"/>
            <trkpt lat="50.70655" lon="3.67975"/>
            <trkpt lat="50.7065" lon="3.67982"/>
            <trkpt lat="50.70647" lon="3.67992"/>
            <trkpt lat="50.70646" lon="3.68031"/>
            <trkpt lat="50.70654" lon="3.68224"/>
            <trkpt lat="50.70656" lon="3.68352"/>
            <trkpt lat="50.70655" lon="3.68377"/>
            <trkpt lat="50.70653" lon="3.684"/>
            <trkpt lat="50.70647" lon="3.68433"/>
            <trkpt lat="50.70644" lon="3.68448"/>
            <trkpt lat="50.70634" lon="3.68504"/>
            <trkpt lat="50.70617" lon="3.68582"/>
            <trkpt lat="50.70617" lon="3.68597"/>
            <trkpt lat="50.7062" lon="3.68613"/>
            <trkpt lat="50.70624" lon="3.68625"/>
            <trkpt lat="50.70632" lon="3.68641"/>
            <trkpt lat="50.70643" lon="3.68659"/>
            <trkpt lat="50.70684" lon="3.68713"/>
            <trkpt lat="50.70734" lon="3.68784"/>
            <trkpt lat="50.70741" lon="3.68796"/>
            <trkpt lat="50.70744" lon="3.68806"/>
            <trkpt lat="50.70745" lon="3.68817"/>
            <trkpt lat="50.70744" lon="3.68829"/>
            <trkpt lat="50.70743" lon="3.68843"/>
            <trkpt lat="50.70742" lon="3.68848"/>
            <trkpt lat="50.7074" lon="3.68857"/>
            <trkpt lat="50.70739" lon="3.68861"/>
            <trkpt lat="50.70728" lon="3.68885"/>
            <trkpt lat="50.70695" lon="3.68951"/>
            <trkpt lat="50.70666" lon="3.68999"/>
            <trkpt lat="50.7065" lon="3.6902"/>
            <trkpt lat="50.70606" lon="3.69084"/>
            <trkpt lat="50.70581" lon="3.69119"/>
            <trkpt lat="50.70562" lon="3.69141"/>
            <trkpt lat="50.70345" lon="3.69397"/>
            <trkpt lat="50.70333" lon="3.69411"/>
            <trkpt lat="50.70308" lon="3.69446"/>
            <trkpt lat="50.70287" lon="3.6948"/>
            <trkpt lat="50.70235" lon="3.69576"/>
            <trkpt lat="50.70223" lon="3.69594"/>
            <trkpt lat="50.70208" lon="3.69616"/>
            <trkpt lat="50.70172" lon="3.6966"/>
            <trkpt lat="50.70165" lon="3.69671"/>
            <trkpt lat="50.70089" lon="3.69843"/>
            <trkpt lat="50.70075" lon="3.69869"/>
            <trkpt lat="50.70066" lon="3.69883"/>
            <trkpt lat="50.70057" lon="3.69894"/>
            <trkpt lat="50.70031" lon="3.69917"/>
            <trkpt lat="50.70014" lon="3.69928"/>
            <trkpt lat="50.70003" lon="3.69937"/>
            <trkpt lat="50.69998" lon="3.69943"/>
            <trkpt lat="50.69993" lon="3.69952"/>
            <trkpt lat="50.69914" lon="3.70146"/>
            <trkpt lat="50.69887" lon="3.70215"/>
            <trkpt lat="50.69879" lon="3.7023"/>
            <trkpt lat="50.6987" lon="3.70242"/>
            <trkpt lat="50.69864" lon="3.70247"/>
            <trkpt lat="50.69796" lon="3.70311"/>
            <trkpt lat="50.69766" lon="3.70346"/>
            <trkpt lat="50.69736" lon="3.7039"/>
            <trkpt lat="50.69628" lon="3.70544"/>
            <trkpt lat="50.69612" lon="3.70569"/>
            <trkpt lat="50.69598" lon="3.70597"/>
            <trkpt lat="50.69587" lon="3.70624"/>
            <trkpt lat="50.69581" lon="3.70635"/>
            <trkpt lat="50.69578" lon="3.7064"/>
            <trkpt lat="50.69577" lon="3.70641"/>
            <trkpt lat="50.69572" lon="3.70647"/>
            <trkpt lat="50.69567" lon="3.70638"/>
            <trkpt lat="50.69558" lon="3.70625"/>
            <trkpt lat="50.69539" lon="3.70607"/>
            <trkpt lat="50.69461" lon="3.70538"/>
            <trkpt lat="50.6945" lon="3.70525"/>
            <trkpt lat="50.69445" lon="3.70517"/>
            <trkpt lat="50.69442" lon="3.70506"/>
            <trkpt lat="50.69319" lon="3.69844"/>
            <trkpt lat="50.69263" lon="3.69597"/>
            <trkpt lat="50.69226" lon="3.69429"/>
            <trkpt lat="50.69204" lon="3.69293"/>
            <trkpt lat="50.69204" lon="3.69281"/>
            <trkpt lat="50.69206" lon="3.69258"/>
            <trkpt lat="50.69218" lon="3.69141"/>
            <trkpt lat="50.69225" lon="3.69066"/>
            <trkpt lat="50.69225" lon="3.69056"/>
            <trkpt lat="50.69167" lon="3.68722"/>
            <trkpt lat="50.69162" lon="3.68677"/>
            <trkpt lat="50.69162" lon="3.68644"/>
            <trkpt lat="50.69166" lon="3.68615"/>
            <trkpt lat="50.69168" lon="3.68604"/>
            <trkpt lat="50.69248" lon="3.68186"/>
            <trkpt lat="50.69266" lon="3.68093"/>
            <trkpt lat="50.69278" lon="3.68026"/>
            <trkpt lat="50.6928" lon="3.68019"/>
            <trkpt lat="50.69284" lon="3.68002"/>
            <trkpt lat="50.69296" lon="3.6797"/>
            <trkpt lat="50.69324" lon="3.67903"/>
            <trkpt lat="50.69326" lon="3.67897"/>
            <trkpt lat="50.69329" lon="3.67892"/>
            <trkpt lat="50.69356" lon="3.67857"/>
            <trkpt lat="50.69363" lon="3.67832"/>
            <trkpt lat="50.69393" lon="3.67776"/>
            <trkpt lat="50.69402" lon="3.67755"/>
            <trkpt lat="50.69406" lon="3.67736"/>
            <trkpt lat="50.69409" lon="3.67722"/>
            <trkpt lat="50.6941" lon="3.67698"/>
            <trkpt lat="50.69409" lon="3.67684"/>
            <trkpt lat="50.69406" lon="3.67666"/>
            <trkpt lat="50.69399" lon="3.67643"/>
            <trkpt lat="50.69384" lon="3.67606"/>
            <trkpt lat="50.69372" lon="3.67584"/>
            <trkpt lat="50.69355" lon="3.67562"/>
            <trkpt lat="50.69344" lon="3.67553"/>
            <trkpt lat="50.69323" lon="3.67541"/>
            <trkpt lat="50.69299" lon="3.6753"/>
            <trkpt lat="50.69255" lon="3.67504"/>
            <trkpt lat="50.69243" lon="3.67492"/>
            <trkpt lat="50.69229" lon="3.67474"/>
            <trkpt lat="50.69216" lon="3.67456"/>
            <trkpt lat="50.69209" lon="3.67441"/>
            <trkpt lat="50.69171" lon="3.67335"/>
            <trkpt lat="50.69141" lon="3.67238"/>
            <trkpt lat="50.69116" lon="3.67162"/>
            <trkpt lat="50.69092" lon="3.67106"/>
            <trkpt lat="50.69069" lon="3.67053"/>
            <trkpt lat="50.6905" lon="3.67021"/>
            <trkpt lat="50.69012" lon="3.66943"/>
            <trkpt lat="50.69012" lon="3.66943"/>
            <trkpt lat="50.69007" lon="3.66928"/>
            <trkpt lat="50.69005" lon="3.66918"/>
            <trkpt lat="50.69004" lon="3.66904"/>
            <trkpt lat="50.69004" lon="3.66885"/>
            <trkpt lat="50.69004" lon="3.66881"/>
            <trkpt lat="50.69005" lon="3.66864"/>
            <trkpt lat="50.69005" lon="3.6686"/>
            <trkpt lat="50.69007" lon="3.66849"/>
            <trkpt lat="50.69092" lon="3.66614"/>
            <trkpt lat="50.69097" lon="3.66599"/>
            <trkpt lat="50.69103" lon="3.66571"/>
            <trkpt lat="50.69103" lon="3.66569"/>
            <trkpt lat="50.69092" lon="3.66499"/>
            <trkpt lat="50.69083" lon="3.66445"/>
            <trkpt lat="50.69076" lon="3.66407"/>
            <trkpt lat="50.69075" lon="3.66402"/>
            <trkpt lat="50.69069" lon="3.66354"/>
            <trkpt lat="50.69052" lon="3.66244"/>
            <trkpt lat="50.69049" lon="3.66219"/>
            <trkpt lat="50.69043" lon="3.66163"/>
            <trkpt lat="50.69042" lon="3.66155"/>
            <trkpt lat="50.6905" lon="3.66082"/>
            <trkpt lat="50.69058" lon="3.6602"/>
            <trkpt lat="50.69059" lon="3.6601"/>
            <trkpt lat="50.69057" lon="3.66001"/>
            <trkpt lat="50.69038" lon="3.65955"/>
            <trkpt lat="50.69035" lon="3.6595"/>
            <trkpt lat="50.68912" lon="3.65847"/>
            <trkpt lat="50.68873" lon="3.65832"/>
            <trkpt lat="50.68864" lon="3.65839"/>
            <trkpt lat="50.68851" lon="3.65846"/>
            <trkpt lat="50.6877" lon="3.6587"/>
            <trkpt lat="50.68764" lon="3.65875"/>
            <trkpt lat="50.68743" lon="3.65899"/>
            <trkpt lat="50.68742" lon="3.65901"/>
            <trkpt lat="50.68733" lon="3.65923"/>
            <trkpt lat="50.68731" lon="3.65928"/>
            <trkpt lat="50.68701" lon="3.65916"/>
            <trkpt lat="50.68645" lon="3.65862"/>
            <trkpt lat="50.68639" lon="3.65857"/>
            <trkpt lat="50.68635" lon="3.65854"/>
            <trkpt lat="50.68632" lon="3.65854"/>
            <trkpt lat="50.6863" lon="3.65854"/>
            <trkpt lat="50.6861" lon="3.65858"/>
            <trkpt lat="50.68531" lon="3.65877"/>
            <trkpt lat="50.68473" lon="3.65881"/>
            <trkpt lat="50.68469" lon="3.65883"/>
            <trkpt lat="50.68463" lon="3.65888"/>
            <trkpt lat="50.6845" lon="3.65897"/>
            <trkpt lat="50.68428" lon="3.65887"/>
            <trkpt lat="50.68367" lon="3.65873"/>
            <trkpt lat="50.68356" lon="3.65869"/>
            <trkpt lat="50.6823" lon="3.6576"/>
            <trkpt lat="50.68218" lon="3.65744"/>
            <trkpt lat="50.68203" lon="3.65715"/>
            <trkpt lat="50.68168" lon="3.65662"/>
            <trkpt lat="50.68151" lon="3.65637"/>
            <trkpt lat="50.68144" lon="3.65631"/>
            <trkpt lat="50.68138" lon="3.65628"/>
            <trkpt lat="50.68132" lon="3.65625"/>
            <trkpt lat="50.68126" lon="3.65625"/>
            <trkpt lat="50.68119" lon="3.65626"/>
            <trkpt lat="50.68069" lon="3.65647"/>
            <trkpt lat="50.68049" lon="3.6565"/>
            <trkpt lat="50.68018" lon="3.65645"/>
            <trkpt lat="50.6796" lon="3.65618"/>
            <trkpt lat="50.67953" lon="3.65619"/>
            <trkpt lat="50.67948" lon="3.6562"/>
            <trkpt lat="50.6791" lon="3.65637"/>
            <trkpt lat="50.67894" lon="3.65642"/>
            <trkpt lat="50.67887" lon="3.65643"/>
            <trkpt lat="50.67871" lon="3.65639"/>
            <trkpt lat="50.67842" lon="3.65632"/>
            <trkpt lat="50.678" lon="3.65617"/>
            <trkpt lat="50.6776" lon="3.65599"/>
            <trkpt lat="50.67716" lon="3.65576"/>
            <trkpt lat="50.67711" lon="3.65574"/>
            <trkpt lat="50.6771" lon="3.65574"/>
            <trkpt lat="50.6771" lon="3.65573"/>
            <trkpt lat="50.67706" lon="3.65596"/>
            <trkpt lat="50.67679" lon="3.6573"/>
            <trkpt lat="50.67679" lon="3.65731"/>
            <trkpt lat="50.67663" lon="3.6573"/>
            <trkpt lat="50.67638" lon="3.65729"/>
            <trkpt lat="50.67582" lon="3.6573"/>
            <trkpt lat="50.67578" lon="3.65732"/>
            <trkpt lat="50.67442" lon="3.65812"/>
            <trkpt lat="50.67428" lon="3.65816"/>
            <trkpt lat="50.67418" lon="3.65813"/>
            <trkpt lat="50.67355" lon="3.65763"/>
            <trkpt lat="50.67345" lon="3.65758"/>
            <trkpt lat="50.67339" lon="3.65754"/>
            <trkpt lat="50.67305" lon="3.65741"/>
            <trkpt lat="50.67285" lon="3.65729"/>
            <trkpt lat="50.6727" lon="3.65717"/>
            <trkpt lat="50.67174" lon="3.65626"/>
            <trkpt lat="50.67159" lon="3.65614"/>
            <trkpt lat="50.67152" lon="3.65611"/>
            <trkpt lat="50.67143" lon="3.65612"/>
            <trkpt lat="50.67136" lon="3.65613"/>
            <trkpt lat="50.67132" lon="3.65615"/>
            <trkpt lat="50.67127" lon="3.65619"/>
            <trkpt lat="50.67122" lon="3.65623"/>
            <trkpt lat="50.67105" lon="3.65644"/>
            <trkpt lat="50.671" lon="3.65649"/>
            <trkpt lat="50.67094" lon="3.65652"/>
            <trkpt lat="50.67081" lon="3.65656"/>
            <trkpt lat="50.67063" lon="3.65655"/>
            <trkpt lat="50.67044" lon="3.65651"/>
            <trkpt lat="50.66943" lon="3.65604"/>
            <trkpt lat="50.66895" lon="3.65588"/>
            <trkpt lat="50.66882" lon="3.65584"/>
            <trkpt lat="50.66834" lon="3.65577"/>
            <trkpt lat="50.66822" lon="3.65577"/>
            <trkpt lat="50.66794" lon="3.65586"/>
            <trkpt lat="50.66764" lon="3.656"/>
            <trkpt lat="50.66704" lon="3.6564"/>
            <trkpt lat="50.66675" lon="3.65589"/>
            <trkpt lat="50.66658" lon="3.65559"/>
            <trkpt lat="50.66644" lon="3.65538"/>
            <trkpt lat="50.66632" lon="3.65522"/>
            <trkpt lat="50.66623" lon="3.65513"/>
            <trkpt lat="50.66609" lon="3.65504"/>
            <trkpt lat="50.66601" lon="3.65501"/>
            <trkpt lat="50.66595" lon="3.655"/>
            <trkpt lat="50.66592" lon="3.65501"/>
            <trkpt lat="50.66587" lon="3.65502"/>
            <trkpt lat="50.66579" lon="3.65505"/>
            <trkpt lat="50.66567" lon="3.65514"/>
            <trkpt lat="50.66559" lon="3.65521"/>
            <trkpt lat="50.66549" lon="3.65532"/>
            <trkpt lat="50.66536" lon="3.65554"/>
            <trkpt lat="50.66523" lon="3.65581"/>
            <trkpt lat="50.66512" lon="3.65598"/>
            <trkpt lat="50.66504" lon="3.65608"/>
            <trkpt lat="50.66499" lon="3.6561"/>
            <trkpt lat="50.66491" lon="3.65609"/>
            <trkpt lat="50.66482" lon="3.65602"/>
            <trkpt lat="50.66478" lon="3.65596"/>
            <trkpt lat="50.66469" lon="3.65575"/>
            <trkpt lat="50.66459" lon="3.65555"/>
            <trkpt lat="50.66454" lon="3.65548"/>
            <trkpt lat="50.66441" lon="3.65538"/>
            <trkpt lat="50.66434" lon="3.65533"/>
            <trkpt lat="50.66422" lon="3.65527"/>
            <trkpt lat="50.66412" lon="3.65527"/>
            <trkpt lat="50.66402" lon="3.65515"/>
            <trkpt lat="50.6639" lon="3.65502"/>
            <trkpt lat="50.66384" lon="3.65495"/>
            <trkpt lat="50.66376" lon="3.65481"/>
            <trkpt lat="50.66373" lon="3.65472"/>
            <trkpt lat="50.66371" lon="3.65463"/>
            <trkpt lat="50.66367" lon="3.65428"/>
            <trkpt lat="50.66366" lon="3.65402"/>
            <trkpt lat="50.66366" lon="3.65306"/>
            <trkpt lat="50.66365" lon="3.6525"/>
            <trkpt lat="50.66364" lon="3.65164"/>
            <trkpt lat="50.66362" lon="3.65148"/>
            <trkpt lat="50.66351" lon="3.65156"/>
            <trkpt lat="50.66346" lon="3.65159"/>
            <trkpt lat="50.66311" lon="3.65169"/>
            <trkpt lat="50.66288" lon="3.65171"/>
            <trkpt lat="50.66262" lon="3.65169"/>
            <trkpt lat="50.6616" lon="3.65151"/>
            <trkpt lat="50.66148" lon="3.65145"/>
            <trkpt lat="50.66139" lon="3.65167"/>
            <trkpt lat="50.66057" lon="3.65392"/>
            <trkpt lat="50.66" lon="3.65544"/>
            <trkpt lat="50.65988" lon="3.65575"/>
            <trkpt lat="50.65971" lon="3.65607"/>
            <trkpt lat="50.65937" lon="3.65665"/>
            <trkpt lat="50.65896" lon="3.65737"/>
            <trkpt lat="50.65877" lon="3.65769"/>
            <trkpt lat="50.65791" lon="3.65902"/>
            <trkpt lat="50.65785" lon="3.65911"/>
            <trkpt lat="50.65776" lon="3.65927"/>
            <trkpt lat="50.65752" lon="3.65967"/>
            <trkpt lat="50.65713" lon="3.66044"/>
            <trkpt lat="50.65582" lon="3.66317"/>
            <trkpt lat="50.65546" lon="3.66395"/>
            <trkpt lat="50.65534" lon="3.66436"/>
            <trkpt lat="50.65524" lon="3.66476"/>
            <trkpt lat="50.6549" lon="3.66668"/>
            <trkpt lat="50.65484" lon="3.66692"/>
            <trkpt lat="50.65471" lon="3.66737"/>
            <trkpt lat="50.65462" lon="3.66763"/>
            <trkpt lat="50.6546" lon="3.66771"/>
            <trkpt lat="50.65444" lon="3.66814"/>
            <trkpt lat="50.65432" lon="3.66846"/>
            <trkpt lat="50.65416" lon="3.66913"/>
            <trkpt lat="50.65408" lon="3.66943"/>
            <trkpt lat="50.65399" lon="3.66976"/>
            <trkpt lat="50.65398" lon="3.66981"/>
            <trkpt lat="50.65391" lon="3.67011"/>
            <trkpt lat="50.65382" lon="3.67042"/>
            <trkpt lat="50.6537" lon="3.67077"/>
            <trkpt lat="50.65355" lon="3.67115"/>
            <trkpt lat="50.65323" lon="3.67176"/>
            <trkpt lat="50.65319" lon="3.67183"/>
            <trkpt lat="50.65277" lon="3.67263"/>
            <trkpt lat="50.65266" lon="3.67283"/>
            <trkpt lat="50.65251" lon="3.67312"/>
            <trkpt lat="50.65222" lon="3.67365"/>
            <trkpt lat="50.6522" lon="3.67364"/>
            <trkpt lat="50.65218" lon="3.67363"/>
            <trkpt lat="50.65217" lon="3.67363"/>
            <trkpt lat="50.65215" lon="3.67364"/>
            <trkpt lat="50.6521" lon="3.67367"/>
            <trkpt lat="50.65207" lon="3.6737"/>
            <trkpt lat="50.65191" lon="3.67388"/>
            <trkpt lat="50.65113" lon="3.67478"/>
            <trkpt lat="50.65052" lon="3.67555"/>
            <trkpt lat="50.64936" lon="3.67714"/>
            <trkpt lat="50.64927" lon="3.67727"/>
            <trkpt lat="50.64887" lon="3.67778"/>
            <trkpt lat="50.64877" lon="3.6779"/>
            <trkpt lat="50.64868" lon="3.67801"/>
            <trkpt lat="50.64862" lon="3.67809"/>
            <trkpt lat="50.64845" lon="3.67826"/>
            <trkpt lat="50.64758" lon="3.67902"/>
            <trkpt lat="50.64745" lon="3.67914"/>
            <trkpt lat="50.64743" lon="3.67915"/>
            <trkpt lat="50.6474" lon="3.67916"/>
            <trkpt lat="50.64724" lon="3.67915"/>
            <trkpt lat="50.64697" lon="3.67908"/>
            <trkpt lat="50.64694" lon="3.67907"/>
            <trkpt lat="50.6466" lon="3.67894"/>
            <trkpt lat="50.64654" lon="3.67892"/>
            <trkpt lat="50.64595" lon="3.67857"/>
            <trkpt lat="50.64545" lon="3.67824"/>
            <trkpt lat="50.64515" lon="3.67808"/>
            <trkpt lat="50.64485" lon="3.67798"/>
            <trkpt lat="50.64438" lon="3.67791"/>
            <trkpt lat="50.6437" lon="3.67781"/>
            <trkpt lat="50.64348" lon="3.67782"/>
            <trkpt lat="50.64323" lon="3.67781"/>
            <trkpt lat="50.64293" lon="3.67785"/>
            <trkpt lat="50.64252" lon="3.67799"/>
            <trkpt lat="50.64216" lon="3.67823"/>
            <trkpt lat="50.64131" lon="3.67871"/>
            <trkpt lat="50.64058" lon="3.67909"/>
            <trkpt lat="50.64033" lon="3.67923"/>
            <trkpt lat="50.63926" lon="3.67978"/>
            <trkpt lat="50.63885" lon="3.67999"/>
            <trkpt lat="50.63844" lon="3.68022"/>
            <trkpt lat="50.63802" lon="3.68041"/>
            <trkpt lat="50.63796" lon="3.68051"/>
            <trkpt lat="50.63785" lon="3.68077"/>
            <trkpt lat="50.6375" lon="3.68178"/>
            <trkpt lat="50.63745" lon="3.68199"/>
            <trkpt lat="50.63723" lon="3.68246"/>
            <trkpt lat="50.63716" lon="3.68272"/>
            <trkpt lat="50.63711" lon="3.68369"/>
            <trkpt lat="50.63712" lon="3.68387"/>
            <trkpt lat="50.6372" lon="3.68459"/>
            <trkpt lat="50.6371" lon="3.68505"/>
            <trkpt lat="50.63725" lon="3.68516"/>
            <trkpt lat="50.63726" lon="3.68521"/>
            <trkpt lat="50.63727" lon="3.68634"/>
            <trkpt lat="50.63719" lon="3.68709"/>
            <trkpt lat="50.63718" lon="3.68725"/>
            <trkpt lat="50.63717" lon="3.68742"/>
            <trkpt lat="50.63712" lon="3.68802"/>
            <trkpt lat="50.63702" lon="3.6886"/>
            <trkpt lat="50.63701" lon="3.68864"/>
            <trkpt lat="50.63643" lon="3.69141"/>
            <trkpt lat="50.63635" lon="3.69176"/>
            <trkpt lat="50.63633" lon="3.69186"/>
            <trkpt lat="50.63631" lon="3.69194"/>
            <trkpt lat="50.63623" lon="3.69228"/>
            <trkpt lat="50.63596" lon="3.69348"/>
            <trkpt lat="50.63578" lon="3.69438"/>
            <trkpt lat="50.6346" lon="3.69983"/>
            <trkpt lat="50.63459" lon="3.6999"/>
            <trkpt lat="50.63457" lon="3.70013"/>
            <trkpt lat="50.634" lon="3.70001"/>
            <trkpt lat="50.63394" lon="3.69999"/>
            <trkpt lat="50.63327" lon="3.69982"/>
            <trkpt lat="50.63176" lon="3.6995"/>
            <trkpt lat="50.62822" lon="3.69888"/>
            <trkpt lat="50.62811" lon="3.69891"/>
            <trkpt lat="50.62804" lon="3.69895"/>
            <trkpt lat="50.62799" lon="3.69898"/>
            <trkpt lat="50.62792" lon="3.69907"/>
            <trkpt lat="50.62749" lon="3.69981"/>
            <trkpt lat="50.62575" lon="3.703"/>
            <trkpt lat="50.62564" lon="3.70321"/>
            <trkpt lat="50.6256" lon="3.70332"/>
            <trkpt lat="50.62532" lon="3.70316"/>
            <trkpt lat="50.62518" lon="3.7031"/>
            <trkpt lat="50.625" lon="3.70308"/>
            <trkpt lat="50.62495" lon="3.70307"/>
            <trkpt lat="50.62469" lon="3.70305"/>
            <trkpt lat="50.6245" lon="3.70309"/>
            <trkpt lat="50.62422" lon="3.70319"/>
            <trkpt lat="50.62409" lon="3.70326"/>
            <trkpt lat="50.62243" lon="3.7042"/>
            <trkpt lat="50.62217" lon="3.70439"/>
            <trkpt lat="50.62194" lon="3.70461"/>
            <trkpt lat="50.62186" lon="3.70471"/>
            <trkpt lat="50.62182" lon="3.70474"/>
            <trkpt lat="50.62176" lon="3.70474"/>
            <trkpt lat="50.62147" lon="3.70463"/>
            <trkpt lat="50.62142" lon="3.70463"/>
            <trkpt lat="50.62133" lon="3.70465"/>
            <trkpt lat="50.6211" lon="3.70478"/>
            <trkpt lat="50.621" lon="3.70484"/>
            <trkpt lat="50.62092" lon="3.70489"/>
            <trkpt lat="50.62085" lon="3.70496"/>
            <trkpt lat="50.62068" lon="3.70511"/>
            <trkpt lat="50.62045" lon="3.70541"/>
            <trkpt lat="50.62038" lon="3.70547"/>
            <trkpt lat="50.62007" lon="3.70567"/>
            <trkpt lat="50.61995" lon="3.70575"/>
            <trkpt lat="50.61983" lon="3.70582"/>
            <trkpt lat="50.61978" lon="3.70586"/>
            <trkpt lat="50.61871" lon="3.70656"/>
            <trkpt lat="50.61858" lon="3.70663"/>
            <trkpt lat="50.61851" lon="3.70668"/>
            <trkpt lat="50.61856" lon="3.70687"/>
            <trkpt lat="50.61848" lon="3.707"/>
            <trkpt lat="50.6183" lon="3.70732"/>
            <trkpt lat="50.61827" lon="3.70738"/>
            <trkpt lat="50.61813" lon="3.70769"/>
            <trkpt lat="50.61787" lon="3.70826"/>
            <trkpt lat="50.61761" lon="3.70903"/>
            <trkpt lat="50.61755" lon="3.7093"/>
            <trkpt lat="50.6175" lon="3.70967"/>
            <trkpt lat="50.61742" lon="3.7101"/>
            <trkpt lat="50.61725" lon="3.71051"/>
            <trkpt lat="50.61711" lon="3.71075"/>
            <trkpt lat="50.61692" lon="3.71105"/>
            <trkpt lat="50.61654" lon="3.71156"/>
            <trkpt lat="50.61626" lon="3.71186"/>
            <trkpt lat="50.61589" lon="3.71218"/>
            <trkpt lat="50.61571" lon="3.71227"/>
            <trkpt lat="50.61495" lon="3.71254"/>
            <trkpt lat="50.61443" lon="3.71275"/>
            <trkpt lat="50.61432" lon="3.71279"/>
            <trkpt lat="50.61408" lon="3.71278"/>
            <trkpt lat="50.61183" lon="3.71231"/>
            <trkpt lat="50.61159" lon="3.71224"/>
            <trkpt lat="50.61156" lon="3.71222"/>
            <trkpt lat="50.61148" lon="3.71215"/>
            <trkpt lat="50.61144" lon="3.71212"/>
            <trkpt lat="50.61138" lon="3.71203"/>
            <trkpt lat="50.61115" lon="3.71169"/>
            <trkpt lat="50.61112" lon="3.71164"/>
            <trkpt lat="50.61096" lon="3.71138"/>
            <trkpt lat="50.61084" lon="3.71121"/>
            <trkpt lat="50.61081" lon="3.71117"/>
            <trkpt lat="50.61066" lon="3.71101"/>
            <trkpt lat="50.60998" lon="3.71036"/>
            <trkpt lat="50.60974" lon="3.71015"/>
            <trkpt lat="50.60934" lon="3.70985"/>
            <trkpt lat="50.60919" lon="3.70971"/>
            <trkpt lat="50.60901" lon="3.70969"/>
            <trkpt lat="50.60881" lon="3.70972"/>
            <trkpt lat="50.6081" lon="3.70995"/>
            <trkpt lat="50.60798" lon="3.70996"/>
            <trkpt lat="50.60699" lon="3.70991"/>
            <trkpt lat="50.60657" lon="3.70996"/>
            <trkpt lat="50.60635" lon="3.71003"/>
            <trkpt lat="50.6056" lon="3.7101"/>
            <trkpt lat="50.60518" lon="3.71013"/>
            <trkpt lat="50.60489" lon="3.71011"/>
            <trkpt lat="50.6047" lon="3.71007"/>
            <trkpt lat="50.60438" lon="3.70994"/>
            <trkpt lat="50.60407" lon="3.70986"/>
            <trkpt lat="50.60381" lon="3.70975"/>
            <trkpt lat="50.60357" lon="3.70963"/>
            <trkpt lat="50.60303" lon="3.70927"/>
            <trkpt lat="50.60173" lon="3.7084"/>
            <trkpt lat="50.6015" lon="3.7093"/>
            <trkpt lat="50.60133" lon="3.71004"/>
            <trkpt lat="50.60109" lon="3.71063"/>
            <trkpt lat="50.6008" lon="3.71131"/>
            <trkpt lat="50.60073" lon="3.71149"/>
            <trkpt lat="50.60068" lon="3.71161"/>
            <trkpt lat="50.60066" lon="3.71167"/>
            <trkpt lat="50.60063" lon="3.71173"/>
            <trkpt lat="50.60054" lon="3.71191"/>
            <trkpt lat="50.60021" lon="3.7123"/>
            <trkpt lat="50.59975" lon="3.71285"/>
            <trkpt lat="50.59966" lon="3.71298"/>
            <trkpt lat="50.59953" lon="3.7131"/>
            <trkpt lat="50.59935" lon="3.71338"/>
            <trkpt lat="50.59934" lon="3.71338"/>
            <trkpt lat="50.59921" lon="3.71366"/>
            <trkpt lat="50.59912" lon="3.71392"/>
            <trkpt lat="50.59899" lon="3.71461"/>
            <trkpt lat="50.59851" lon="3.71684"/>
            <trkpt lat="50.59837" lon="3.71763"/>
            <trkpt lat="50.59832" lon="3.71782"/>
            <trkpt lat="50.5982" lon="3.71805"/>
            <trkpt lat="50.59814" lon="3.71812"/>
            <trkpt lat="50.5981" lon="3.71816"/>
            <trkpt lat="50.59765" lon="3.71848"/>
            <trkpt lat="50.59759" lon="3.71855"/>
            <trkpt lat="50.59756" lon="3.71863"/>
            <trkpt lat="50.59754" lon="3.71867"/>
            <trkpt lat="50.59728" lon="3.71926"/>
            <trkpt lat="50.5972" lon="3.71939"/>
            <trkpt lat="50.59714" lon="3.71947"/>
            <trkpt lat="50.59695" lon="3.71964"/>
            <trkpt lat="50.59605" lon="3.72017"/>
            <trkpt lat="50.59546" lon="3.72052"/>
            <trkpt lat="50.59521" lon="3.72068"/>
            <trkpt lat="50.5951" lon="3.72077"/>
            <trkpt lat="50.59489" lon="3.72099"/>
            <trkpt lat="50.59488" lon="3.72099"/>
            <trkpt lat="50.59469" lon="3.72124"/>
            <trkpt lat="50.59423" lon="3.72187"/>
            <trkpt lat="50.59404" lon="3.72207"/>
            <trkpt lat="50.59355" lon="3.72252"/>
            <trkpt lat="50.59338" lon="3.72263"/>
            <trkpt lat="50.59327" lon="3.72266"/>
            <trkpt lat="50.59309" lon="3.72269"/>
            <trkpt lat="50.59218" lon="3.72275"/>
            <trkpt lat="50.59221" lon="3.72312"/>
            <trkpt lat="50.59224" lon="3.72333"/>
            <trkpt lat="50.59255" lon="3.72444"/>
            <trkpt lat="50.5933" lon="3.72695"/>
            <trkpt lat="50.59339" lon="3.7274"/>
            <trkpt lat="50.5934" lon="3.72766"/>
            <trkpt lat="50.5934" lon="3.72811"/>
            <trkpt lat="50.59338" lon="3.72849"/>
            <trkpt lat="50.59335" lon="3.72888"/>
            <trkpt lat="50.59331" lon="3.73019"/>
            <trkpt lat="50.59332" lon="3.73259"/>
            <trkpt lat="50.59334" lon="3.73327"/>
            <trkpt lat="50.59338" lon="3.73516"/>
            <trkpt lat="50.59338" lon="3.73535"/>
            <trkpt lat="50.59341" lon="3.73609"/>
            <trkpt lat="50.59338" lon="3.73637"/>
            <trkpt lat="50.59302" lon="3.73831"/>
            <trkpt lat="50.59299" lon="3.73859"/>
            <trkpt lat="50.59299" lon="3.73891"/>
            <trkpt lat="50.59301" lon="3.73916"/>
            <trkpt lat="50.59304" lon="3.73963"/>
            <trkpt lat="50.59304" lon="3.73975"/>
            <trkpt lat="50.59304" lon="3.73986"/>
            <trkpt lat="50.593" lon="3.74002"/>
            <trkpt lat="50.59255" lon="3.74146"/>
            <trkpt lat="50.59231" lon="3.74222"/>
            <trkpt lat="50.59225" lon="3.74243"/>
            <trkpt lat="50.59206" lon="3.7431"/>
            <trkpt lat="50.592" lon="3.7433"/>
            <trkpt lat="50.59184" lon="3.74388"/>
            <trkpt lat="50.59183" lon="3.74393"/>
            <trkpt lat="50.59179" lon="3.74459"/>
            <trkpt lat="50.5918" lon="3.74495"/>
            <trkpt lat="50.59178" lon="3.74529"/>
            <trkpt lat="50.59174" lon="3.74563"/>
            <trkpt lat="50.59148" lon="3.74662"/>
            <trkpt lat="50.59144" lon="3.74688"/>
            <trkpt lat="50.59143" lon="3.74708"/>
            <trkpt lat="50.59144" lon="3.74724"/>
            <trkpt lat="50.59147" lon="3.74739"/>
            <trkpt lat="50.59161" lon="3.74768"/>
            <trkpt lat="50.59174" lon="3.74781"/>
            <trkpt lat="50.59255" lon="3.74848"/>
            <trkpt lat="50.5931" lon="3.74895"/>
            <trkpt lat="50.59336" lon="3.74921"/>
            <trkpt lat="50.59349" lon="3.74937"/>
            <trkpt lat="50.59356" lon="3.74949"/>
            <trkpt lat="50.59371" lon="3.74977"/>
            <trkpt lat="50.59404" lon="3.75027"/>
            <trkpt lat="50.59467" lon="3.75111"/>
            <trkpt lat="50.5943" lon="3.7518"/>
            <trkpt lat="50.5938" lon="3.7528"/>
            <trkpt lat="50.5934" lon="3.75371"/>
            <trkpt lat="50.59336" lon="3.75384"/>
            <trkpt lat="50.59336" lon="3.75394"/>
            <trkpt lat="50.59337" lon="3.7542"/>
            <trkpt lat="50.59338" lon="3.75433"/>
            <trkpt lat="50.59337" lon="3.75443"/>
            <trkpt lat="50.59335" lon="3.75454"/>
            <trkpt lat="50.59306" lon="3.75541"/>
            <trkpt lat="50.59294" lon="3.75577"/>
            <trkpt lat="50.59277" lon="3.75643"/>
            <trkpt lat="50.59257" lon="3.75732"/>
            <trkpt lat="50.59239" lon="3.75812"/>
            <trkpt lat="50.59234" lon="3.75837"/>
            <trkpt lat="50.59232" lon="3.75851"/>
            <trkpt lat="50.59232" lon="3.75862"/>
            <trkpt lat="50.59232" lon="3.75871"/>
            <trkpt lat="50.59233" lon="3.7588"/>
            <trkpt lat="50.59235" lon="3.75906"/>
            <trkpt lat="50.59238" lon="3.7594"/>
            <trkpt lat="50.59239" lon="3.76085"/>
            <trkpt lat="50.59238" lon="3.76144"/>
            <trkpt lat="50.59234" lon="3.76223"/>
            <trkpt lat="50.59236" lon="3.76254"/>
            <trkpt lat="50.59243" lon="3.76313"/>
            <trkpt lat="50.59256" lon="3.76398"/>
            <trkpt lat="50.59257" lon="3.76413"/>
            <trkpt lat="50.59257" lon="3.76445"/>
            <trkpt lat="50.59254" lon="3.76504"/>
            <trkpt lat="50.59165" lon="3.77333"/>
            <trkpt lat="50.59165" lon="3.77338"/>
            <trkpt lat="50.59157" lon="3.77389"/>
            <trkpt lat="50.59144" lon="3.77489"/>
            <trkpt lat="50.5912" lon="3.77665"/>
            <trkpt lat="50.59116" lon="3.77687"/>
            <trkpt lat="50.59104" lon="3.77735"/>
            <trkpt lat="50.5908" lon="3.77829"/>
            <trkpt lat="50.59055" lon="3.7793"/>
            <trkpt lat="50.59003" lon="3.78135"/>
            <trkpt lat="50.58994" lon="3.78167"/>
            <trkpt lat="50.58981" lon="3.78204"/>
            <trkpt lat="50.58974" lon="3.78218"/>
            <trkpt lat="50.58932" lon="3.78306"/>
            <trkpt lat="50.58869" lon="3.78411"/>
            <trkpt lat="50.58864" lon="3.78418"/>
            <trkpt lat="50.58858" lon="3.78428"/>
            <trkpt lat="50.5885" lon="3.78441"/>
            <trkpt lat="50.58832" lon="3.78473"/>
            <trkpt lat="50.58827" lon="3.78486"/>
            <trkpt lat="50.58823" lon="3.785"/>
            <trkpt lat="50.58814" lon="3.78558"/>
            <trkpt lat="50.58809" lon="3.78596"/>
            <trkpt lat="50.58792" lon="3.78672"/>
            <trkpt lat="50.58779" lon="3.7871"/>
            <trkpt lat="50.58775" lon="3.78718"/>
            <trkpt lat="50.58725" lon="3.78824"/>
            <trkpt lat="50.58692" lon="3.78886"/>
            <trkpt lat="50.58681" lon="3.78908"/>
            <trkpt lat="50.58649" lon="3.78975"/>
            <trkpt lat="50.586" lon="3.79069"/>
            <trkpt lat="50.58557" lon="3.79141"/>
            <trkpt lat="50.58533" lon="3.79175"/>
            <trkpt lat="50.58524" lon="3.7919"/>
            <trkpt lat="50.58515" lon="3.79214"/>
            <trkpt lat="50.5851" lon="3.79233"/>
            <trkpt lat="50.58505" lon="3.79267"/>
            <trkpt lat="50.58504" lon="3.79282"/>
            <trkpt lat="50.58511" lon="3.79406"/>
            <trkpt lat="50.58511" lon="3.79435"/>
            <trkpt lat="50.58508" lon="3.7948"/>
            <trkpt lat="50.58498" lon="3.79537"/>
            <trkpt lat="50.58495" lon="3.79549"/>
            <trkpt lat="50.58494" lon="3.79555"/>
            <trkpt lat="50.58461" lon="3.79684"/>
            <trkpt lat="50.58457" lon="3.79701"/>
            <trkpt lat="50.58439" lon="3.79781"/>
            <trkpt lat="50.5843" lon="3.79813"/>
            <trkpt lat="50.58408" lon="3.79913"/>
            <trkpt lat="50.58338" lon="3.80127"/>
            <trkpt lat="50.58326" lon="3.80164"/>
            <trkpt lat="50.58315" lon="3.80183"/>
            <trkpt lat="50.58309" lon="3.80191"/>
            <trkpt lat="50.58302" lon="3.80195"/>
            <trkpt lat="50.58292" lon="3.802"/>
            <trkpt lat="50.58276" lon="3.80199"/>
            <trkpt lat="50.58247" lon="3.80204"/>
            <trkpt lat="50.58285" lon="3.80251"/>
            <trkpt lat="50.583" lon="3.80268"/>
            <trkpt lat="50.58389" lon="3.80352"/>
            <trkpt lat="50.58401" lon="3.80362"/>
            <trkpt lat="50.58491" lon="3.80443"/>
            <trkpt lat="50.58552" lon="3.80491"/>
            <trkpt lat="50.58561" lon="3.80498"/>
            <trkpt lat="50.58603" lon="3.80531"/>
            <trkpt lat="50.58607" lon="3.80535"/>
            <trkpt lat="50.58609" lon="3.80538"/>
            <trkpt lat="50.58609" lon="3.80539"/>
            <trkpt lat="50.5861" lon="3.80544"/>
            <trkpt lat="50.58609" lon="3.80562"/>
            <trkpt lat="50.58608" lon="3.80569"/>
            <trkpt lat="50.58597" lon="3.80615"/>
            <trkpt lat="50.58608" lon="3.80625"/>
            <trkpt lat="50.58612" lon="3.80632"/>
            <trkpt lat="50.5863" lon="3.80665"/>
            <trkpt lat="50.58655" lon="3.80707"/>
            <trkpt lat="50.58669" lon="3.80733"/>
            <trkpt lat="50.58685" lon="3.8076"/>
            <trkpt lat="50.58723" lon="3.80817"/>
            <trkpt lat="50.58726" lon="3.80822"/>
            <trkpt lat="50.58729" lon="3.80829"/>
            <trkpt lat="50.5873" lon="3.80839"/>
            <trkpt lat="50.58729" lon="3.8085"/>
            <trkpt lat="50.58726" lon="3.80859"/>
            <trkpt lat="50.5871" lon="3.80904"/>
            <trkpt lat="50.5868" lon="3.80974"/>
            <trkpt lat="50.58673" lon="3.81001"/>
            <trkpt lat="50.58671" lon="3.81013"/>
            <trkpt lat="50.58667" lon="3.81055"/>
            <trkpt lat="50.58668" lon="3.81089"/>
            <trkpt lat="50.58669" lon="3.811"/>
            <trkpt lat="50.58676" lon="3.81133"/>
            <trkpt lat="50.58684" lon="3.81162"/>
            <trkpt lat="50.58688" lon="3.81173"/>
            <trkpt lat="50.58733" lon="3.81288"/>
            <trkpt lat="50.58745" lon="3.81318"/>
            <trkpt lat="50.58756" lon="3.81348"/>
            <trkpt lat="50.58801" lon="3.81445"/>
            <trkpt lat="50.58869" lon="3.81602"/>
            <trkpt lat="50.58886" lon="3.81645"/>
            <trkpt lat="50.58919" lon="3.81722"/>
            <trkpt lat="50.58939" lon="3.81768"/>
            <trkpt lat="50.58961" lon="3.8182"/>
            <trkpt lat="50.58964" lon="3.81836"/>
            <trkpt lat="50.58984" lon="3.81884"/>
            <trkpt lat="50.59019" lon="3.81966"/>
            <trkpt lat="50.59039" lon="3.82014"/>
            <trkpt lat="50.59043" lon="3.82024"/>
            <trkpt lat="50.59076" lon="3.82102"/>
            <trkpt lat="50.59088" lon="3.82107"/>
            <trkpt lat="50.59128" lon="3.82201"/>
            <trkpt lat="50.59181" lon="3.82323"/>
            <trkpt lat="50.59182" lon="3.82324"/>
            <trkpt lat="50.59453" lon="3.82961"/>
            <trkpt lat="50.59457" lon="3.82979"/>
            <trkpt lat="50.59462" lon="3.82999"/>
            <trkpt lat="50.59464" lon="3.83013"/>
            <trkpt lat="50.59466" lon="3.83025"/>
            <trkpt lat="50.59465" lon="3.83036"/>
            <trkpt lat="50.59464" lon="3.83042"/>
            <trkpt lat="50.59465" lon="3.8305"/>
            <trkpt lat="50.59466" lon="3.83055"/>
            <trkpt lat="50.59468" lon="3.83063"/>
            <trkpt lat="50.59472" lon="3.8307"/>
            <trkpt lat="50.59474" lon="3.83073"/>
            <trkpt lat="50.59477" lon="3.83076"/>
            <trkpt lat="50.59484" lon="3.83078"/>
            <trkpt lat="50.59488" lon="3.8308"/>
            <trkpt lat="50.59492" lon="3.83079"/>
            <trkpt lat="50.59494" lon="3.83078"/>
            <trkpt lat="50.59496" lon="3.83077"/>
            <trkpt lat="50.59501" lon="3.83073"/>
            <trkpt lat="50.59513" lon="3.83074"/>
            <trkpt lat="50.59516" lon="3.83075"/>
            <trkpt lat="50.59523" lon="3.83079"/>
            <trkpt lat="50.59564" lon="3.83105"/>
            <trkpt lat="50.5957" lon="3.83106"/>
            <trkpt lat="50.59964" lon="3.83399"/>
            <trkpt lat="50.59978" lon="3.83409"/>
            <trkpt lat="50.5999" lon="3.83418"/>
            <trkpt lat="50.59997" lon="3.83423"/>
            <trkpt lat="50.60018" lon="3.83438"/>
            <trkpt lat="50.60002" lon="3.83498"/>
            <trkpt lat="50.6" lon="3.83508"/>
            <trkpt lat="50.6" lon="3.83518"/>
            <trkpt lat="50.60001" lon="3.83533"/>
            <trkpt lat="50.60053" lon="3.83827"/>
            <trkpt lat="50.60095" lon="3.84018"/>
            <trkpt lat="50.60115" lon="3.84108"/>
            <trkpt lat="50.60143" lon="3.84212"/>
            <trkpt lat="50.60134" lon="3.84223"/>
            <trkpt lat="50.60132" lon="3.84225"/>
            <trkpt lat="50.60068" lon="3.84282"/>
            <trkpt lat="50.60044" lon="3.84298"/>
            <trkpt lat="50.59988" lon="3.84322"/>
            <trkpt lat="50.59971" lon="3.84336"/>
            <trkpt lat="50.59919" lon="3.84384"/>
            <trkpt lat="50.59863" lon="3.84435"/>
            <trkpt lat="50.5985" lon="3.84446"/>
            <trkpt lat="50.59838" lon="3.84457"/>
            <trkpt lat="50.598" lon="3.84505"/>
            <trkpt lat="50.59788" lon="3.84521"/>
            <trkpt lat="50.5977" lon="3.84546"/>
            <trkpt lat="50.59718" lon="3.84637"/>
            <trkpt lat="50.59689" lon="3.84693"/>
            <trkpt lat="50.5963" lon="3.84813"/>
            <trkpt lat="50.59618" lon="3.84841"/>
            <trkpt lat="50.596" lon="3.84896"/>
            <trkpt lat="50.59586" lon="3.8494"/>
            <trkpt lat="50.59556" lon="3.85045"/>
            <trkpt lat="50.59511" lon="3.85205"/>
            <trkpt lat="50.59587" lon="3.85242"/>
            <trkpt lat="50.59657" lon="3.85275"/>
            <trkpt lat="50.59671" lon="3.85282"/>
            <trkpt lat="50.59699" lon="3.85297"/>
            <trkpt lat="50.5971" lon="3.853"/>
            <trkpt lat="50.59722" lon="3.853"/>
            <trkpt lat="50.59726" lon="3.85299"/>
            <trkpt lat="50.59733" lon="3.85293"/>
            <trkpt lat="50.59748" lon="3.85278"/>
            <trkpt lat="50.59784" lon="3.85227"/>
            <trkpt lat="50.59791" lon="3.8522"/>
            <trkpt lat="50.59798" lon="3.85215"/>
            <trkpt lat="50.5981" lon="3.85213"/>
            <trkpt lat="50.59815" lon="3.85213"/>
            <trkpt lat="50.59818" lon="3.85215"/>
            <trkpt lat="50.59823" lon="3.85218"/>
            <trkpt lat="50.59833" lon="3.8523"/>
            <trkpt lat="50.59837" lon="3.85235"/>
            <trkpt lat="50.59852" lon="3.85262"/>
            <trkpt lat="50.5986" lon="3.85282"/>
            <trkpt lat="50.59891" lon="3.85358"/>
            <trkpt lat="50.599" lon="3.85382"/>
            <trkpt lat="50.59906" lon="3.85409"/>
            <trkpt lat="50.59909" lon="3.85446"/>
            <trkpt lat="50.59909" lon="3.85456"/>
            <trkpt lat="50.59908" lon="3.85474"/>
            <trkpt lat="50.59905" lon="3.85491"/>
            <trkpt lat="50.59899" lon="3.85514"/>
            <trkpt lat="50.59897" lon="3.85525"/>
            <trkpt lat="50.59896" lon="3.8556"/>
            <trkpt lat="50.59896" lon="3.85596"/>
            <trkpt lat="50.59897" lon="3.85606"/>
            <trkpt lat="50.59899" lon="3.85612"/>
            <trkpt lat="50.59901" lon="3.85618"/>
            <trkpt lat="50.59904" lon="3.85624"/>
            <trkpt lat="50.59936" lon="3.85666"/>
            <trkpt lat="50.5996" lon="3.85697"/>
            <trkpt lat="50.59973" lon="3.85721"/>
            <trkpt lat="50.59992" lon="3.85755"/>
            <trkpt lat="50.59997" lon="3.85767"/>
            <trkpt lat="50.60001" lon="3.85776"/>
            <trkpt lat="50.60006" lon="3.85791"/>
            <trkpt lat="50.60013" lon="3.8581"/>
            <trkpt lat="50.60015" lon="3.85816"/>
            <trkpt lat="50.60024" lon="3.85853"/>
            <trkpt lat="50.60066" lon="3.85994"/>
            <trkpt lat="50.60085" lon="3.86046"/>
            <trkpt lat="50.60133" lon="3.86138"/>
            <trkpt lat="50.6014" lon="3.86154"/>
            <trkpt lat="50.60241" lon="3.86448"/>
            <trkpt lat="50.60245" lon="3.8646"/>
            <trkpt lat="50.60248" lon="3.86478"/>
            <trkpt lat="50.6028" lon="3.86719"/>
            <trkpt lat="50.60292" lon="3.86813"/>
            <trkpt lat="50.60303" lon="3.86886"/>
            <trkpt lat="50.60304" lon="3.86895"/>
            <trkpt lat="50.60324" lon="3.87032"/>
            <trkpt lat="50.60329" lon="3.87058"/>
            <trkpt lat="50.60351" lon="3.87139"/>
            <trkpt lat="50.60373" lon="3.87214"/>
            <trkpt lat="50.60375" lon="3.8722"/>
            <trkpt lat="50.60391" lon="3.87262"/>
            <trkpt lat="50.60439" lon="3.87381"/>
            <trkpt lat="50.6044" lon="3.87386"/>
            <trkpt lat="50.60445" lon="3.87402"/>
            <trkpt lat="50.60447" lon="3.87411"/>
            <trkpt lat="50.60468" lon="3.87487"/>
            <trkpt lat="50.606" lon="3.87983"/>
            <trkpt lat="50.60605" lon="3.88002"/>
            <trkpt lat="50.60578" lon="3.88029"/>
            <trkpt lat="50.60555" lon="3.88055"/>
            <trkpt lat="50.60545" lon="3.8807"/>
            <trkpt lat="50.60534" lon="3.88086"/>
            <trkpt lat="50.6046" lon="3.88216"/>
            <trkpt lat="50.60453" lon="3.8823"/>
            <trkpt lat="50.60423" lon="3.88283"/>
            <trkpt lat="50.60408" lon="3.88319"/>
            <trkpt lat="50.60406" lon="3.88332"/>
            <trkpt lat="50.60406" lon="3.88347"/>
            <trkpt lat="50.60407" lon="3.88353"/>
            <trkpt lat="50.60407" lon="3.88355"/>
            <trkpt lat="50.6041" lon="3.88371"/>
            <trkpt lat="50.60413" lon="3.88377"/>
            <trkpt lat="50.60422" lon="3.88395"/>
            <trkpt lat="50.60438" lon="3.88417"/>
            <trkpt lat="50.60445" lon="3.88429"/>
            <trkpt lat="50.60478" lon="3.88481"/>
            <trkpt lat="50.60499" lon="3.88527"/>
            <trkpt lat="50.6051" lon="3.88556"/>
            <trkpt lat="50.60517" lon="3.88584"/>
            <trkpt lat="50.60519" lon="3.88601"/>
            <trkpt lat="50.60521" lon="3.88633"/>
            <trkpt lat="50.6052" lon="3.88641"/>
            <trkpt lat="50.60518" lon="3.88648"/>
            <trkpt lat="50.60515" lon="3.88654"/>
            <trkpt lat="50.60511" lon="3.88659"/>
            <trkpt lat="50.60436" lon="3.88744"/>
            <trkpt lat="50.6043" lon="3.88755"/>
            <trkpt lat="50.60408" lon="3.88792"/>
            <trkpt lat="50.60395" lon="3.88814"/>
            <trkpt lat="50.60348" lon="3.88911"/>
            <trkpt lat="50.60346" lon="3.88916"/>
            <trkpt lat="50.60315" lon="3.88987"/>
            <trkpt lat="50.60303" lon="3.89016"/>
            <trkpt lat="50.60302" lon="3.89018"/>
            <trkpt lat="50.60279" lon="3.89083"/>
            <trkpt lat="50.60224" lon="3.89297"/>
            <trkpt lat="50.60218" lon="3.89323"/>
            <trkpt lat="50.60213" lon="3.89339"/>
            <trkpt lat="50.60209" lon="3.89349"/>
            <trkpt lat="50.60198" lon="3.89373"/>
            <trkpt lat="50.6019" lon="3.89387"/>
            <trkpt lat="50.60183" lon="3.89395"/>
            <trkpt lat="50.60165" lon="3.89411"/>
            <trkpt lat="50.59839" lon="3.89541"/>
            <trkpt lat="50.59812" lon="3.89549"/>
            <trkpt lat="50.59811" lon="3.89549"/>
            <trkpt lat="50.59807" lon="3.89548"/>
            <trkpt lat="50.59785" lon="3.89545"/>
            <trkpt lat="50.59491" lon="3.89465"/>
            <trkpt lat="50.59337" lon="3.89426"/>
            <trkpt lat="50.59067" lon="3.8937"/>
            <trkpt lat="50.59047" lon="3.89366"/>
            <trkpt lat="50.59004" lon="3.89362"/>
            <trkpt lat="50.58979" lon="3.89359"/>
            <trkpt lat="50.58966" lon="3.89357"/>
            <trkpt lat="50.58863" lon="3.89345"/>
            <trkpt lat="50.58841" lon="3.89342"/>
            <trkpt lat="50.58837" lon="3.89385"/>
            <trkpt lat="50.58848" lon="3.89377"/>
            <trkpt lat="50.58859" lon="3.89371"/>
            <trkpt lat="50.58873" lon="3.89368"/>
            <trkpt lat="50.5891" lon="3.8937"/>
            <trkpt lat="50.58873" lon="3.89368"/>
            <trkpt lat="50.58859" lon="3.89371"/>
            <trkpt lat="50.58848" lon="3.89377"/>
            <trkpt lat="50.58837" lon="3.89385"/>
            <trkpt lat="50.58841" lon="3.89342"/>
            <trkpt lat="50.58863" lon="3.89345"/>
            <trkpt lat="50.58966" lon="3.89357"/>
            <trkpt lat="50.58979" lon="3.89359"/>
            <trkpt lat="50.59004" lon="3.89362"/>
            <trkpt lat="50.59047" lon="3.89366"/>
            <trkpt lat="50.59067" lon="3.8937"/>
            <trkpt lat="50.59337" lon="3.89426"/>
            <trkpt lat="50.59491" lon="3.89465"/>
            <trkpt lat="50.59785" lon="3.89545"/>
            <trkpt lat="50.59807" lon="3.89548"/>
            <trkpt lat="50.59811" lon="3.89549"/>
            <trkpt lat="50.59812" lon="3.89549"/>
            <trkpt lat="50.59839" lon="3.89541"/>
            <trkpt lat="50.60165" lon="3.89411"/>
            <trkpt lat="50.60183" lon="3.89395"/>
            <trkpt lat="50.6019" lon="3.89387"/>
            <trkpt lat="50.60198" lon="3.89373"/>
            <trkpt lat="50.60209" lon="3.89349"/>
            <trkpt lat="50.60213" lon="3.89339"/>
            <trkpt lat="50.60218" lon="3.89323"/>
            <trkpt lat="50.60224" lon="3.89297"/>
            <trkpt lat="50.60279" lon="3.89083"/>
            <trkpt lat="50.60302" lon="3.89018"/>
            <trkpt lat="50.60303" lon="3.89016"/>
            <trkpt lat="50.60315" lon="3.88987"/>
            <trkpt lat="50.60346" lon="3.88916"/>
            <trkpt lat="50.60348" lon="3.88911"/>
            <trkpt lat="50.60395" lon="3.88814"/>
            <trkpt lat="50.60408" lon="3.88792"/>
            <trkpt lat="50.6043" lon="3.88755"/>
            <trkpt lat="50.60436" lon="3.88744"/>
            <trkpt lat="50.60511" lon="3.88659"/>
            <trkpt lat="50.60515" lon="3.88654"/>
            <trkpt lat="50.60518" lon="3.88648"/>
            <trkpt lat="50.6052" lon="3.88641"/>
            <trkpt lat="50.60521" lon="3.88633"/>
            <trkpt lat="50.60519" lon="3.88601"/>
            <trkpt lat="50.60517" lon="3.88584"/>
            <trkpt lat="50.6051" lon="3.88556"/>
            <trkpt lat="50.60499" lon="3.88527"/>
            <trkpt lat="50.60478" lon="3.88481"/>
            <trkpt lat="50.60445" lon="3.88429"/>
            <trkpt lat="50.60438" lon="3.88417"/>
            <trkpt lat="50.60422" lon="3.88395"/>
            <trkpt lat="50.60413" lon="3.88377"/>
            <trkpt lat="50.6041" lon="3.88371"/>
            <trkpt lat="50.60407" lon="3.88355"/>
            <trkpt lat="50.60407" lon="3.88353"/>
            <trkpt lat="50.60406" lon="3.88347"/>
            <trkpt lat="50.60406" lon="3.88332"/>
            <trkpt lat="50.60408" lon="3.88319"/>
            <trkpt lat="50.60423" lon="3.88283"/>
            <trkpt lat="50.60453" lon="3.8823"/>
            <trkpt lat="50.6046" lon="3.88216"/>
            <trkpt lat="50.60534" lon="3.88086"/>
            <trkpt lat="50.60545" lon="3.8807"/>
            <trkpt lat="50.60555" lon="3.88055"/>
            <trkpt lat="50.60578" lon="3.88029"/>
            <trkpt lat="50.60605" lon="3.88002"/>
            <trkpt lat="50.60724" lon="3.88444"/>
            <trkpt lat="50.60733" lon="3.88476"/>
            <trkpt lat="50.6074" lon="3.88492"/>
            <trkpt lat="50.6078" lon="3.88573"/>
            <trkpt lat="50.60791" lon="3.886"/>
            <trkpt lat="50.60799" lon="3.88623"/>
            <trkpt lat="50.60819" lon="3.88692"/>
            <trkpt lat="50.60824" lon="3.88705"/>
            <trkpt lat="50.60829" lon="3.88716"/>
            <trkpt lat="50.60834" lon="3.88725"/>
            <trkpt lat="50.60838" lon="3.88732"/>
            <trkpt lat="50.60844" lon="3.8874"/>
            <trkpt lat="50.60868" lon="3.88762"/>
            <trkpt lat="50.60891" lon="3.8878"/>
            <trkpt lat="50.6095" lon="3.88814"/>
            <trkpt lat="50.6096" lon="3.88819"/>
            <trkpt lat="50.60974" lon="3.88828"/>
            <trkpt lat="50.61013" lon="3.88848"/>
            <trkpt lat="50.61076" lon="3.88882"/>
            <trkpt lat="50.61113" lon="3.88898"/>
            <trkpt lat="50.61161" lon="3.88911"/>
            <trkpt lat="50.61174" lon="3.88916"/>
            <trkpt lat="50.6118" lon="3.88918"/>
            <trkpt lat="50.61199" lon="3.88927"/>
            <trkpt lat="50.61223" lon="3.88944"/>
            <trkpt lat="50.61377" lon="3.89082"/>
            <trkpt lat="50.61435" lon="3.89136"/>
            <trkpt lat="50.61515" lon="3.89203"/>
            <trkpt lat="50.61546" lon="3.89223"/>
            <trkpt lat="50.616" lon="3.89252"/>
            <trkpt lat="50.61624" lon="3.89261"/>
            <trkpt lat="50.61659" lon="3.89267"/>
            <trkpt lat="50.61705" lon="3.89269"/>
            <trkpt lat="50.61729" lon="3.89276"/>
            <trkpt lat="50.61751" lon="3.89289"/>
            <trkpt lat="50.61764" lon="3.893"/>
            <trkpt lat="50.61766" lon="3.89303"/>
            <trkpt lat="50.6178" lon="3.89319"/>
            <trkpt lat="50.61802" lon="3.89349"/>
            <trkpt lat="50.61838" lon="3.8941"/>
            <trkpt lat="50.61946" lon="3.89692"/>
            <trkpt lat="50.61962" lon="3.89716"/>
            <trkpt lat="50.62006" lon="3.89776"/>
            <trkpt lat="50.62026" lon="3.89805"/>
            <trkpt lat="50.62094" lon="3.89929"/>
            <trkpt lat="50.62228" lon="3.90168"/>
            <trkpt lat="50.6224" lon="3.90192"/>
            <trkpt lat="50.62245" lon="3.90205"/>
            <trkpt lat="50.62271" lon="3.90302"/>
            <trkpt lat="50.62274" lon="3.90317"/>
            <trkpt lat="50.6228" lon="3.90331"/>
            <trkpt lat="50.6231" lon="3.904"/>
            <trkpt lat="50.62318" lon="3.90416"/>
            <trkpt lat="50.62327" lon="3.90431"/>
            <trkpt lat="50.62337" lon="3.90444"/>
            <trkpt lat="50.62347" lon="3.90456"/>
            <trkpt lat="50.62414" lon="3.90521"/>
            <trkpt lat="50.6248" lon="3.90587"/>
            <trkpt lat="50.62477" lon="3.9062"/>
            <trkpt lat="50.62471" lon="3.90696"/>
            <trkpt lat="50.62471" lon="3.90707"/>
            <trkpt lat="50.62472" lon="3.90717"/>
            <trkpt lat="50.62474" lon="3.90725"/>
            <trkpt lat="50.625" lon="3.90789"/>
            <trkpt lat="50.62517" lon="3.90833"/>
            <trkpt lat="50.62545" lon="3.90889"/>
            <trkpt lat="50.6255" lon="3.909"/>
            <trkpt lat="50.62552" lon="3.90911"/>
            <trkpt lat="50.62554" lon="3.90923"/>
            <trkpt lat="50.62556" lon="3.90956"/>
            <trkpt lat="50.62555" lon="3.91004"/>
            <trkpt lat="50.62553" lon="3.91027"/>
            <trkpt lat="50.62552" lon="3.91037"/>
            <trkpt lat="50.6255" lon="3.91044"/>
            <trkpt lat="50.62545" lon="3.91057"/>
            <trkpt lat="50.62541" lon="3.91062"/>
            <trkpt lat="50.62535" lon="3.91071"/>
            <trkpt lat="50.62522" lon="3.91086"/>
            <trkpt lat="50.625" lon="3.91113"/>
            <trkpt lat="50.625" lon="3.91114"/>
            <trkpt lat="50.62439" lon="3.91191"/>
            <trkpt lat="50.62424" lon="3.91209"/>
            <trkpt lat="50.62192" lon="3.91501"/>
            <trkpt lat="50.62181" lon="3.91516"/>
            <trkpt lat="50.62162" lon="3.91546"/>
            <trkpt lat="50.62151" lon="3.91564"/>
            <trkpt lat="50.62106" lon="3.91632"/>
            <trkpt lat="50.62104" lon="3.91637"/>
            <trkpt lat="50.62086" lon="3.91663"/>
            <trkpt lat="50.62028" lon="3.91752"/>
            <trkpt lat="50.61982" lon="3.91835"/>
            <trkpt lat="50.61946" lon="3.91954"/>
            <trkpt lat="50.61944" lon="3.91963"/>
            <trkpt lat="50.61942" lon="3.91976"/>
            <trkpt lat="50.61943" lon="3.9199"/>
            <trkpt lat="50.61948" lon="3.92019"/>
            <trkpt lat="50.61954" lon="3.92031"/>
            <trkpt lat="50.6196" lon="3.92039"/>
            <trkpt lat="50.61976" lon="3.92051"/>
            <trkpt lat="50.61993" lon="3.92069"/>
            <trkpt lat="50.61998" lon="3.92077"/>
            <trkpt lat="50.62014" lon="3.92113"/>
            <trkpt lat="50.6202" lon="3.9213"/>
            <trkpt lat="50.62021" lon="3.92142"/>
            <trkpt lat="50.62022" lon="3.92172"/>
            <trkpt lat="50.6202" lon="3.922"/>
            <trkpt lat="50.62018" lon="3.92212"/>
            <trkpt lat="50.62007" lon="3.92255"/>
            <trkpt lat="50.61966" lon="3.92343"/>
            <trkpt lat="50.6196" lon="3.92364"/>
            <trkpt lat="50.61955" lon="3.92384"/>
            <trkpt lat="50.61931" lon="3.92501"/>
            <trkpt lat="50.61923" lon="3.92538"/>
            <trkpt lat="50.61911" lon="3.92571"/>
            <trkpt lat="50.61901" lon="3.92596"/>
            <trkpt lat="50.61885" lon="3.92641"/>
            <trkpt lat="50.61859" lon="3.92691"/>
            <trkpt lat="50.6185" lon="3.92711"/>
            <trkpt lat="50.61839" lon="3.9274"/>
            <trkpt lat="50.61823" lon="3.92781"/>
            <trkpt lat="50.61864" lon="3.92855"/>
            <trkpt lat="50.61861" lon="3.92869"/>
            <trkpt lat="50.61859" lon="3.92888"/>
            <trkpt lat="50.61858" lon="3.9291"/>
            <trkpt lat="50.61857" lon="3.93036"/>
            <trkpt lat="50.61854" lon="3.9309"/>
            <trkpt lat="50.61851" lon="3.93134"/>
            <trkpt lat="50.6184" lon="3.93264"/>
            <trkpt lat="50.61838" lon="3.93311"/>
            <trkpt lat="50.61836" lon="3.93347"/>
            <trkpt lat="50.61831" lon="3.9355"/>
            <trkpt lat="50.61831" lon="3.93584"/>
            <trkpt lat="50.6183" lon="3.93595"/>
            <trkpt lat="50.6183" lon="3.93599"/>
            <trkpt lat="50.61827" lon="3.9361"/>
            <trkpt lat="50.61826" lon="3.93616"/>
            <trkpt lat="50.61821" lon="3.9363"/>
            <trkpt lat="50.618" lon="3.93675"/>
            <trkpt lat="50.61774" lon="3.93722"/>
            <trkpt lat="50.61769" lon="3.93734"/>
            <trkpt lat="50.61766" lon="3.93742"/>
            <trkpt lat="50.61761" lon="3.93761"/>
            <trkpt lat="50.61753" lon="3.93799"/>
            <trkpt lat="50.61752" lon="3.93806"/>
            <trkpt lat="50.61735" lon="3.93891"/>
            <trkpt lat="50.61723" lon="3.93941"/>
            <trkpt lat="50.61696" lon="3.94024"/>
            <trkpt lat="50.61683" lon="3.94055"/>
            <trkpt lat="50.61646" lon="3.94136"/>
            <trkpt lat="50.61634" lon="3.94169"/>
            <trkpt lat="50.61602" lon="3.94311"/>
            <trkpt lat="50.61599" lon="3.94323"/>
            <trkpt lat="50.61593" lon="3.94335"/>
            <trkpt lat="50.61482" lon="3.94534"/>
            <trkpt lat="50.61465" lon="3.94552"/>
            <trkpt lat="50.61459" lon="3.94556"/>
            <trkpt lat="50.61453" lon="3.94559"/>
            <trkpt lat="50.61448" lon="3.94563"/>
            <trkpt lat="50.61437" lon="3.94572"/>
            <trkpt lat="50.6143" lon="3.94579"/>
            <trkpt lat="50.61326" lon="3.94729"/>
            <trkpt lat="50.61322" lon="3.94732"/>
            <trkpt lat="50.6131" lon="3.94744"/>
            <trkpt lat="50.61309" lon="3.94744"/>
            <trkpt lat="50.61302" lon="3.94748"/>
            <trkpt lat="50.61293" lon="3.9475"/>
            <trkpt lat="50.61292" lon="3.9475"/>
            <trkpt lat="50.61272" lon="3.9475"/>
            <trkpt lat="50.61264" lon="3.9475"/>
            <trkpt lat="50.61262" lon="3.94751"/>
            <trkpt lat="50.61255" lon="3.94753"/>
            <trkpt lat="50.61245" lon="3.94758"/>
            <trkpt lat="50.61228" lon="3.94768"/>
            <trkpt lat="50.61205" lon="3.94784"/>
            <trkpt lat="50.61116" lon="3.94861"/>
            <trkpt lat="50.61113" lon="3.94865"/>
            <trkpt lat="50.61109" lon="3.94871"/>
            <trkpt lat="50.61049" lon="3.94993"/>
            <trkpt lat="50.61032" lon="3.94987"/>
            <trkpt lat="50.61014" lon="3.94978"/>
            <trkpt lat="50.60965" lon="3.95062"/>
            <trkpt lat="50.60962" lon="3.95068"/>
            <trkpt lat="50.60958" lon="3.95077"/>
            <trkpt lat="50.60958" lon="3.95081"/>
            <trkpt lat="50.60958" lon="3.95086"/>
            <trkpt lat="50.60961" lon="3.95107"/>
            <trkpt lat="50.60974" lon="3.95298"/>
            <trkpt lat="50.60975" lon="3.95307"/>
            <trkpt lat="50.60975" lon="3.95314"/>
            <trkpt lat="50.60974" lon="3.95324"/>
            <trkpt lat="50.60971" lon="3.95338"/>
            <trkpt lat="50.60957" lon="3.95385"/>
            <trkpt lat="50.60993" lon="3.95401"/>
            <trkpt lat="50.61009" lon="3.95411"/>
            <trkpt lat="50.61032" lon="3.95424"/>
            <trkpt lat="50.61061" lon="3.95443"/>
            <trkpt lat="50.61106" lon="3.95482"/>
            <trkpt lat="50.61127" lon="3.95508"/>
            <trkpt lat="50.61129" lon="3.95509"/>
            <trkpt lat="50.61172" lon="3.95586"/>
            <trkpt lat="50.61194" lon="3.95628"/>
            <trkpt lat="50.612" lon="3.95641"/>
            <trkpt lat="50.61213" lon="3.95671"/>
            <trkpt lat="50.61266" lon="3.95805"/>
            <trkpt lat="50.61309" lon="3.95915"/>
            <trkpt lat="50.61325" lon="3.9595"/>
            <trkpt lat="50.61331" lon="3.95961"/>
            <trkpt lat="50.61339" lon="3.95971"/>
            <trkpt lat="50.614" lon="3.96063"/>
            <trkpt lat="50.61418" lon="3.96091"/>
            <trkpt lat="50.61423" lon="3.96102"/>
            <trkpt lat="50.61476" lon="3.96249"/>
            <trkpt lat="50.6153" lon="3.96355"/>
            <trkpt lat="50.61784" lon="3.96781"/>
            <trkpt lat="50.62181" lon="3.97454"/>
            <trkpt lat="50.62247" lon="3.97568"/>
            <trkpt lat="50.62288" lon="3.9764"/>
            <trkpt lat="50.62297" lon="3.97656"/>
            <trkpt lat="50.62311" lon="3.97681"/>
            <trkpt lat="50.62301" lon="3.97705"/>
            <trkpt lat="50.62301" lon="3.97705"/>
            <trkpt lat="50.62245" lon="3.97832"/>
            <trkpt lat="50.62243" lon="3.97839"/>
            <trkpt lat="50.62216" lon="3.97902"/>
            <trkpt lat="50.62148" lon="3.98059"/>
            <trkpt lat="50.62052" lon="3.98279"/>
            <trkpt lat="50.62015" lon="3.98365"/>
            <trkpt lat="50.61875" lon="3.98688"/>
            <trkpt lat="50.61862" lon="3.98718"/>
            <trkpt lat="50.61795" lon="3.98874"/>
            <trkpt lat="50.61717" lon="3.99043"/>
            <trkpt lat="50.61582" lon="3.9934"/>
            <trkpt lat="50.61335" lon="3.99902"/>
            <trkpt lat="50.61155" lon="4.00314"/>
            <trkpt lat="50.60975" lon="4.00715"/>
            <trkpt lat="50.60967" lon="4.00734"/>
            <trkpt lat="50.60917" lon="4.00846"/>
            <trkpt lat="50.60764" lon="4.01194"/>
            <trkpt lat="50.60748" lon="4.0123"/>
            <trkpt lat="50.60744" lon="4.01236"/>
            <trkpt lat="50.60675" lon="4.01397"/>
            <trkpt lat="50.60605" lon="4.01557"/>
            <trkpt lat="50.606" lon="4.01569"/>
            <trkpt lat="50.60566" lon="4.01645"/>
            <trkpt lat="50.60559" lon="4.01659"/>
            <trkpt lat="50.60521" lon="4.01744"/>
            <trkpt lat="50.60514" lon="4.0176"/>
            <trkpt lat="50.6049" lon="4.01813"/>
            <trkpt lat="50.60465" lon="4.01869"/>
            <trkpt lat="50.60361" lon="4.021"/>
            <trkpt lat="50.60312" lon="4.02207"/>
            <trkpt lat="50.60304" lon="4.02226"/>
            <trkpt lat="50.60303" lon="4.02228"/>
            <trkpt lat="50.60213" lon="4.02427"/>
            <trkpt lat="50.60184" lon="4.02495"/>
            <trkpt lat="50.60168" lon="4.02531"/>
            <trkpt lat="50.60152" lon="4.02566"/>
            <trkpt lat="50.60178" lon="4.02593"/>
            <trkpt lat="50.60192" lon="4.02611"/>
            <trkpt lat="50.60218" lon="4.02656"/>
            <trkpt lat="50.60243" lon="4.02735"/>
            <trkpt lat="50.60259" lon="4.02789"/>
            <trkpt lat="50.60285" lon="4.02897"/>
            <trkpt lat="50.60294" lon="4.02927"/>
            <trkpt lat="50.60303" lon="4.02954"/>
            <trkpt lat="50.60313" lon="4.02983"/>
            <trkpt lat="50.60334" lon="4.0304"/>
            <trkpt lat="50.60355" lon="4.03092"/>
            <trkpt lat="50.60395" lon="4.03201"/>
            <trkpt lat="50.60414" lon="4.03256"/>
            <trkpt lat="50.60426" lon="4.03295"/>
            <trkpt lat="50.60442" lon="4.03357"/>
            <trkpt lat="50.6048" lon="4.03542"/>
            <trkpt lat="50.60492" lon="4.03593"/>
            <trkpt lat="50.60503" lon="4.0363"/>
            <trkpt lat="50.60515" lon="4.0366"/>
            <trkpt lat="50.60536" lon="4.03705"/>
            <trkpt lat="50.60545" lon="4.03726"/>
            <trkpt lat="50.60552" lon="4.03748"/>
            <trkpt lat="50.60589" lon="4.03882"/>
            <trkpt lat="50.60605" lon="4.03926"/>
            <trkpt lat="50.60626" lon="4.03962"/>
            <trkpt lat="50.60638" lon="4.0398"/>
            <trkpt lat="50.60666" lon="4.04017"/>
            <trkpt lat="50.60678" lon="4.0403"/>
            <trkpt lat="50.60681" lon="4.04036"/>
            <trkpt lat="50.60684" lon="4.04042"/>
            <trkpt lat="50.6071" lon="4.04129"/>
            <trkpt lat="50.60714" lon="4.04149"/>
            <trkpt lat="50.60717" lon="4.04167"/>
            <trkpt lat="50.60717" lon="4.04176"/>
            <trkpt lat="50.60737" lon="4.04202"/>
            <trkpt lat="50.60773" lon="4.04246"/>
            <trkpt lat="50.60787" lon="4.04256"/>
            <trkpt lat="50.60802" lon="4.04293"/>
            <trkpt lat="50.60803" lon="4.04297"/>
            <trkpt lat="50.60808" lon="4.04305"/>
            <trkpt lat="50.60813" lon="4.04314"/>
            <trkpt lat="50.60819" lon="4.04321"/>
            <trkpt lat="50.60854" lon="4.04337"/>
            <trkpt lat="50.60877" lon="4.0435"/>
            <trkpt lat="50.60881" lon="4.04353"/>
            <trkpt lat="50.60883" lon="4.04356"/>
            <trkpt lat="50.60887" lon="4.04361"/>
            <trkpt lat="50.60889" lon="4.0437"/>
            <trkpt lat="50.60886" lon="4.04408"/>
            <trkpt lat="50.60885" lon="4.04415"/>
            <trkpt lat="50.60883" lon="4.04432"/>
            <trkpt lat="50.60873" lon="4.04512"/>
            <trkpt lat="50.60857" lon="4.04631"/>
            <trkpt lat="50.60839" lon="4.04771"/>
            <trkpt lat="50.60835" lon="4.04814"/>
            <trkpt lat="50.60819" lon="4.05185"/>
            <trkpt lat="50.60818" lon="4.0529"/>
            <trkpt lat="50.60819" lon="4.05305"/>
            <trkpt lat="50.6082" lon="4.05324"/>
            <trkpt lat="50.60826" lon="4.05355"/>
            <trkpt lat="50.60834" lon="4.0539"/>
            <trkpt lat="50.60846" lon="4.05422"/>
            <trkpt lat="50.60856" lon="4.05445"/>
            <trkpt lat="50.60875" lon="4.05478"/>
            <trkpt lat="50.60967" lon="4.05596"/>
            <trkpt lat="50.61011" lon="4.05646"/>
            <trkpt lat="50.61015" lon="4.05655"/>
            <trkpt lat="50.61018" lon="4.05665"/>
            <trkpt lat="50.61019" lon="4.05681"/>
            <trkpt lat="50.60982" lon="4.05693"/>
            <trkpt lat="50.60952" lon="4.05702"/>
            <trkpt lat="50.60819" lon="4.05744"/>
            <trkpt lat="50.60691" lon="4.05781"/>
            <trkpt lat="50.6069" lon="4.05809"/>
            <trkpt lat="50.60683" lon="4.05842"/>
            <trkpt lat="50.60676" lon="4.05879"/>
            <trkpt lat="50.60674" lon="4.05913"/>
            <trkpt lat="50.60674" lon="4.05949"/>
            <trkpt lat="50.60681" lon="4.0606"/>
            <trkpt lat="50.60681" lon="4.06084"/>
            <trkpt lat="50.60679" lon="4.06117"/>
            <trkpt lat="50.60664" lon="4.06208"/>
            <trkpt lat="50.60602" lon="4.06494"/>
            <trkpt lat="50.60585" lon="4.06571"/>
            <trkpt lat="50.60599" lon="4.06584"/>
            <trkpt lat="50.60687" lon="4.06655"/>
            <trkpt lat="50.60723" lon="4.06688"/>
            <trkpt lat="50.60741" lon="4.06704"/>
            <trkpt lat="50.60749" lon="4.06717"/>
            <trkpt lat="50.60754" lon="4.06727"/>
            <trkpt lat="50.60758" lon="4.06736"/>
            <trkpt lat="50.6082" lon="4.0697"/>
            <trkpt lat="50.60833" lon="4.07026"/>
            <trkpt lat="50.60841" lon="4.07064"/>
            <trkpt lat="50.60854" lon="4.07139"/>
            <trkpt lat="50.60854" lon="4.07149"/>
            <trkpt lat="50.60853" lon="4.07162"/>
            <trkpt lat="50.60849" lon="4.07183"/>
            <trkpt lat="50.60842" lon="4.07203"/>
            <trkpt lat="50.60825" lon="4.07234"/>
            <trkpt lat="50.60819" lon="4.07282"/>
            <trkpt lat="50.60839" lon="4.07527"/>
            <trkpt lat="50.60839" lon="4.0755"/>
            <trkpt lat="50.60837" lon="4.07568"/>
            <trkpt lat="50.60827" lon="4.07629"/>
            <trkpt lat="50.60827" lon="4.07648"/>
            <trkpt lat="50.60834" lon="4.07718"/>
            <trkpt lat="50.60841" lon="4.07758"/>
            <trkpt lat="50.60852" lon="4.07814"/>
            <trkpt lat="50.60869" lon="4.07891"/>
            <trkpt lat="50.6087" lon="4.07892"/>
            <trkpt lat="50.60879" lon="4.07904"/>
            <trkpt lat="50.60886" lon="4.07918"/>
            <trkpt lat="50.60896" lon="4.0794"/>
            <trkpt lat="50.60909" lon="4.07986"/>
            <trkpt lat="50.60997" lon="4.08322"/>
            <trkpt lat="50.61008" lon="4.08364"/>
            <trkpt lat="50.6106" lon="4.08523"/>
            <trkpt lat="50.61102" lon="4.08675"/>
            <trkpt lat="50.61105" lon="4.08691"/>
            <trkpt lat="50.61106" lon="4.08695"/>
            <trkpt lat="50.61108" lon="4.08722"/>
            <trkpt lat="50.61117" lon="4.08871"/>
            <trkpt lat="50.61123" lon="4.08897"/>
            <trkpt lat="50.61126" lon="4.08909"/>
            <trkpt lat="50.61135" lon="4.08953"/>
            <trkpt lat="50.61172" lon="4.09157"/>
            <trkpt lat="50.61188" lon="4.09221"/>
            <trkpt lat="50.61189" lon="4.09225"/>
            <trkpt lat="50.61191" lon="4.09247"/>
            <trkpt lat="50.61189" lon="4.09267"/>
            <trkpt lat="50.61172" lon="4.09372"/>
            <trkpt lat="50.61169" lon="4.09393"/>
            <trkpt lat="50.61163" lon="4.0953"/>
            <trkpt lat="50.61161" lon="4.09549"/>
            <trkpt lat="50.61157" lon="4.09562"/>
            <trkpt lat="50.61133" lon="4.09615"/>
            <trkpt lat="50.61126" lon="4.09637"/>
            <trkpt lat="50.61124" lon="4.09663"/>
            <trkpt lat="50.61124" lon="4.09696"/>
            <trkpt lat="50.61128" lon="4.09759"/>
            <trkpt lat="50.61152" lon="4.10056"/>
            <trkpt lat="50.61151" lon="4.10079"/>
            <trkpt lat="50.61147" lon="4.1012"/>
            <trkpt lat="50.61141" lon="4.10146"/>
            <trkpt lat="50.61133" lon="4.1016"/>
            <trkpt lat="50.61121" lon="4.10179"/>
            <trkpt lat="50.6109" lon="4.10218"/>
            <trkpt lat="50.61157" lon="4.10358"/>
            <trkpt lat="50.6117" lon="4.10382"/>
            <trkpt lat="50.61183" lon="4.10402"/>
            <trkpt lat="50.61375" lon="4.10642"/>
            <trkpt lat="50.61425" lon="4.1069"/>
            <trkpt lat="50.61472" lon="4.10742"/>
            <trkpt lat="50.61533" lon="4.10792"/>
            <trkpt lat="50.61552" lon="4.10804"/>
            <trkpt lat="50.6157" lon="4.10811"/>
            <trkpt lat="50.61585" lon="4.10812"/>
            <trkpt lat="50.61603" lon="4.10809"/>
            <trkpt lat="50.61617" lon="4.10799"/>
            <trkpt lat="50.61627" lon="4.10788"/>
            <trkpt lat="50.61648" lon="4.10773"/>
            <trkpt lat="50.61664" lon="4.10766"/>
            <trkpt lat="50.61677" lon="4.10765"/>
            <trkpt lat="50.61687" lon="4.10769"/>
            <trkpt lat="50.61728" lon="4.10788"/>
            <trkpt lat="50.61748" lon="4.10806"/>
            <trkpt lat="50.61735" lon="4.10854"/>
            <trkpt lat="50.61729" lon="4.10873"/>
            <trkpt lat="50.61721" lon="4.10889"/>
            <trkpt lat="50.61719" lon="4.10892"/>
            <trkpt lat="50.61629" lon="4.11031"/>
            <trkpt lat="50.61588" lon="4.11093"/>
            <trkpt lat="50.61573" lon="4.11125"/>
            <trkpt lat="50.61568" lon="4.11141"/>
            <trkpt lat="50.61565" lon="4.11161"/>
            <trkpt lat="50.61565" lon="4.11186"/>
            <trkpt lat="50.6157" lon="4.11247"/>
            <trkpt lat="50.61577" lon="4.11317"/>
            <trkpt lat="50.61579" lon="4.1135"/>
            <trkpt lat="50.61579" lon="4.11433"/>
            <trkpt lat="50.61577" lon="4.11482"/>
            <trkpt lat="50.6156" lon="4.11608"/>
            <trkpt lat="50.61557" lon="4.11638"/>
            <trkpt lat="50.61556" lon="4.11666"/>
            <trkpt lat="50.61559" lon="4.11696"/>
            <trkpt lat="50.61561" lon="4.11717"/>
            <trkpt lat="50.61568" lon="4.11742"/>
            <trkpt lat="50.61576" lon="4.11764"/>
            <trkpt lat="50.61601" lon="4.11823"/>
            <trkpt lat="50.61614" lon="4.11857"/>
            <trkpt lat="50.61638" lon="4.11939"/>
            <trkpt lat="50.61646" lon="4.11962"/>
            <trkpt lat="50.61661" lon="4.12"/>
            <trkpt lat="50.61668" lon="4.12022"/>
            <trkpt lat="50.61671" lon="4.1204"/>
            <trkpt lat="50.6167" lon="4.12043"/>
            <trkpt lat="50.6167" lon="4.12047"/>
            <trkpt lat="50.61666" lon="4.12076"/>
            <trkpt lat="50.61655" lon="4.12131"/>
            <trkpt lat="50.6165" lon="4.12197"/>
            <trkpt lat="50.61648" lon="4.12208"/>
            <trkpt lat="50.61646" lon="4.12217"/>
            <trkpt lat="50.61642" lon="4.12229"/>
            <trkpt lat="50.61636" lon="4.12247"/>
            <trkpt lat="50.61618" lon="4.12283"/>
            <trkpt lat="50.61601" lon="4.12326"/>
            <trkpt lat="50.61584" lon="4.12387"/>
            <trkpt lat="50.61568" lon="4.12473"/>
            <trkpt lat="50.61553" lon="4.1254"/>
            <trkpt lat="50.61529" lon="4.12601"/>
            <trkpt lat="50.61518" lon="4.1264"/>
            <trkpt lat="50.61496" lon="4.1273"/>
            <trkpt lat="50.61491" lon="4.12761"/>
            <trkpt lat="50.61487" lon="4.12787"/>
            <trkpt lat="50.61476" lon="4.12937"/>
            <trkpt lat="50.61464" lon="4.13086"/>
            <trkpt lat="50.61459" lon="4.13142"/>
            <trkpt lat="50.61459" lon="4.13151"/>
            <trkpt lat="50.61459" lon="4.1317"/>
            <trkpt lat="50.6145" lon="4.13246"/>
            <trkpt lat="50.61439" lon="4.13307"/>
            <trkpt lat="50.61423" lon="4.13381"/>
            <trkpt lat="50.61469" lon="4.13436"/>
            <trkpt lat="50.61424" lon="4.13594"/>
            <trkpt lat="50.61409" lon="4.13646"/>
            <trkpt lat="50.61404" lon="4.13663"/>
            <trkpt lat="50.61398" lon="4.13674"/>
            <trkpt lat="50.61392" lon="4.13683"/>
            <trkpt lat="50.61374" lon="4.13713"/>
            <trkpt lat="50.61354" lon="4.13744"/>
            <trkpt lat="50.6134" lon="4.13771"/>
            <trkpt lat="50.61334" lon="4.13786"/>
            <trkpt lat="50.61328" lon="4.1381"/>
            <trkpt lat="50.61326" lon="4.13819"/>
            <trkpt lat="50.61321" lon="4.13847"/>
            <trkpt lat="50.61315" lon="4.13912"/>
            <trkpt lat="50.61307" lon="4.14031"/>
            <trkpt lat="50.61306" lon="4.14043"/>
            <trkpt lat="50.61303" lon="4.14052"/>
            <trkpt lat="50.61297" lon="4.14064"/>
            <trkpt lat="50.61294" lon="4.14068"/>
            <trkpt lat="50.61282" lon="4.14084"/>
            <trkpt lat="50.61271" lon="4.14093"/>
            <trkpt lat="50.61268" lon="4.14094"/>
            <trkpt lat="50.61263" lon="4.14094"/>
            <trkpt lat="50.61226" lon="4.14081"/>
            <trkpt lat="50.61163" lon="4.14057"/>
            <trkpt lat="50.6115" lon="4.14054"/>
            <trkpt lat="50.61131" lon="4.14051"/>
            <trkpt lat="50.61062" lon="4.14046"/>
            <trkpt lat="50.6106" lon="4.14046"/>
            <trkpt lat="50.61059" lon="4.14046"/>
            <trkpt lat="50.61059" lon="4.14047"/>
            <trkpt lat="50.61052" lon="4.14067"/>
            <trkpt lat="50.61052" lon="4.1407"/>
            <trkpt lat="50.6105" lon="4.1408"/>
            <trkpt lat="50.61048" lon="4.14083"/>
            <trkpt lat="50.61042" lon="4.14084"/>
            <trkpt lat="50.60993" lon="4.14077"/>
            <trkpt lat="50.60983" lon="4.14076"/>
            <trkpt lat="50.60979" lon="4.14077"/>
            <trkpt lat="50.60971" lon="4.14081"/>
            <trkpt lat="50.60926" lon="4.14105"/>
            <trkpt lat="50.60876" lon="4.14119"/>
            <trkpt lat="50.60866" lon="4.14127"/>
            <trkpt lat="50.6085" lon="4.14141"/>
            <trkpt lat="50.60834" lon="4.14163"/>
            <trkpt lat="50.60818" lon="4.14193"/>
            <trkpt lat="50.608" lon="4.14231"/>
            <trkpt lat="50.60792" lon="4.14245"/>
            <trkpt lat="50.60785" lon="4.14255"/>
            <trkpt lat="50.60766" lon="4.14277"/>
            <trkpt lat="50.60739" lon="4.14305"/>
            <trkpt lat="50.60685" lon="4.14355"/>
            <trkpt lat="50.60663" lon="4.14378"/>
            <trkpt lat="50.60661" lon="4.14373"/>
            <trkpt lat="50.60658" lon="4.14372"/>
            <trkpt lat="50.60653" lon="4.1437"/>
            <trkpt lat="50.60648" lon="4.14373"/>
            <trkpt lat="50.60646" lon="4.14374"/>
            <trkpt lat="50.60645" lon="4.14377"/>
            <trkpt lat="50.60643" lon="4.14381"/>
            <trkpt lat="50.60643" lon="4.14384"/>
            <trkpt lat="50.60643" lon="4.14388"/>
            <trkpt lat="50.60644" lon="4.14392"/>
            <trkpt lat="50.60645" lon="4.14397"/>
            <trkpt lat="50.60647" lon="4.144"/>
            <trkpt lat="50.60643" lon="4.14414"/>
            <trkpt lat="50.60637" lon="4.14428"/>
            <trkpt lat="50.60626" lon="4.14467"/>
            <trkpt lat="50.60615" lon="4.14518"/>
            <trkpt lat="50.60613" lon="4.14548"/>
            <trkpt lat="50.60611" lon="4.14576"/>
            <trkpt lat="50.60615" lon="4.14604"/>
            <trkpt lat="50.60632" lon="4.147"/>
            <trkpt lat="50.60685" lon="4.14966"/>
            <trkpt lat="50.60711" lon="4.15085"/>
            <trkpt lat="50.60719" lon="4.15123"/>
            <trkpt lat="50.60732" lon="4.15184"/>
            <trkpt lat="50.60752" lon="4.15283"/>
            <trkpt lat="50.60771" lon="4.15374"/>
            <trkpt lat="50.60775" lon="4.15396"/>
            <trkpt lat="50.60796" lon="4.155"/>
            <trkpt lat="50.60813" lon="4.15589"/>
            <trkpt lat="50.60817" lon="4.15608"/>
            <trkpt lat="50.60849" lon="4.15769"/>
            <trkpt lat="50.60886" lon="4.15956"/>
            <trkpt lat="50.60912" lon="4.16075"/>
            <trkpt lat="50.60941" lon="4.16228"/>
            <trkpt lat="50.60952" lon="4.16292"/>
            <trkpt lat="50.60956" lon="4.16328"/>
            <trkpt lat="50.60963" lon="4.16401"/>
            <trkpt lat="50.60965" lon="4.16444"/>
            <trkpt lat="50.60965" lon="4.16462"/>
            <trkpt lat="50.60965" lon="4.16506"/>
            <trkpt lat="50.60964" lon="4.16629"/>
            <trkpt lat="50.60963" lon="4.16661"/>
            <trkpt lat="50.60962" lon="4.16723"/>
            <trkpt lat="50.60959" lon="4.1685"/>
            <trkpt lat="50.60959" lon="4.16867"/>
            <trkpt lat="50.60956" lon="4.16961"/>
            <trkpt lat="50.60949" lon="4.17028"/>
            <trkpt lat="50.60937" lon="4.17125"/>
            <trkpt lat="50.60922" lon="4.17224"/>
            <trkpt lat="50.60916" lon="4.1725"/>
            <trkpt lat="50.60907" lon="4.17278"/>
            <trkpt lat="50.60902" lon="4.17294"/>
            <trkpt lat="50.60887" lon="4.17327"/>
            <trkpt lat="50.60883" lon="4.17333"/>
            <trkpt lat="50.60868" lon="4.17358"/>
            <trkpt lat="50.60865" lon="4.17364"/>
            <trkpt lat="50.60861" lon="4.1737"/>
            <trkpt lat="50.60849" lon="4.17383"/>
            <trkpt lat="50.60827" lon="4.17408"/>
            <trkpt lat="50.6082" lon="4.17414"/>
            <trkpt lat="50.60747" lon="4.1748"/>
            <trkpt lat="50.60697" lon="4.17525"/>
            <trkpt lat="50.60687" lon="4.17536"/>
            <trkpt lat="50.60679" lon="4.17548"/>
            <trkpt lat="50.60675" lon="4.17554"/>
            <trkpt lat="50.60504" lon="4.1783"/>
            <trkpt lat="50.60345" lon="4.1809"/>
            <trkpt lat="50.60303" lon="4.1816"/>
            <trkpt lat="50.60247" lon="4.18252"/>
            <trkpt lat="50.60228" lon="4.18285"/>
            <trkpt lat="50.60206" lon="4.18322"/>
            <trkpt lat="50.60167" lon="4.18385"/>
            <trkpt lat="50.60154" lon="4.18404"/>
            <trkpt lat="50.60148" lon="4.18411"/>
            <trkpt lat="50.60144" lon="4.18418"/>
            <trkpt lat="50.6014" lon="4.18424"/>
            <trkpt lat="50.60092" lon="4.18479"/>
            <trkpt lat="50.60046" lon="4.18523"/>
            <trkpt lat="50.60023" lon="4.18539"/>
            <trkpt lat="50.6001" lon="4.18544"/>
            <trkpt lat="50.6001" lon="4.18546"/>
            <trkpt lat="50.60009" lon="4.18549"/>
            <trkpt lat="50.6001" lon="4.18555"/>
            <trkpt lat="50.60015" lon="4.18578"/>
            <trkpt lat="50.60019" lon="4.18595"/>
            <trkpt lat="50.60036" lon="4.18636"/>
            <trkpt lat="50.60043" lon="4.18657"/>
            <trkpt lat="50.60046" lon="4.18668"/>
            <trkpt lat="50.60047" lon="4.18678"/>
            <trkpt lat="50.60048" lon="4.18686"/>
            <trkpt lat="50.60048" lon="4.18693"/>
            <trkpt lat="50.60045" lon="4.18702"/>
            <trkpt lat="50.60045" lon="4.18703"/>
            <trkpt lat="50.60027" lon="4.18738"/>
            <trkpt lat="50.60004" lon="4.18775"/>
            <trkpt lat="50.59949" lon="4.18848"/>
            <trkpt lat="50.59935" lon="4.18865"/>
            <trkpt lat="50.59927" lon="4.18874"/>
            <trkpt lat="50.5992" lon="4.18877"/>
            <trkpt lat="50.59917" lon="4.1888"/>
            <trkpt lat="50.59889" lon="4.18884"/>
            <trkpt lat="50.5988" lon="4.18898"/>
            <trkpt lat="50.59877" lon="4.18917"/>
            <trkpt lat="50.59876" lon="4.18923"/>
            <trkpt lat="50.59874" lon="4.18952"/>
            <trkpt lat="50.59874" lon="4.18961"/>
            <trkpt lat="50.59875" lon="4.18987"/>
            <trkpt lat="50.5988" lon="4.19018"/>
            <trkpt lat="50.59887" lon="4.19041"/>
            <trkpt lat="50.59896" lon="4.1906"/>
            <trkpt lat="50.59906" lon="4.19078"/>
            <trkpt lat="50.59923" lon="4.19101"/>
            <trkpt lat="50.59926" lon="4.19105"/>
            <trkpt lat="50.59945" lon="4.19128"/>
            <trkpt lat="50.59966" lon="4.1915"/>
            <trkpt lat="50.60028" lon="4.19205"/>
            <trkpt lat="50.60055" lon="4.19236"/>
            <trkpt lat="50.60089" lon="4.19288"/>
            <trkpt lat="50.60117" lon="4.19338"/>
            <trkpt lat="50.60195" lon="4.19477"/>
            <trkpt lat="50.60227" lon="4.19534"/>
            <trkpt lat="50.60246" lon="4.19573"/>
            <trkpt lat="50.60261" lon="4.19618"/>
            <trkpt lat="50.60274" lon="4.19675"/>
            <trkpt lat="50.60274" lon="4.19678"/>
            <trkpt lat="50.6028" lon="4.19713"/>
            <trkpt lat="50.60289" lon="4.19782"/>
            <trkpt lat="50.603" lon="4.19823"/>
            <trkpt lat="50.60303" lon="4.19827"/>
            <trkpt lat="50.60331" lon="4.19878"/>
            <trkpt lat="50.60346" lon="4.199"/>
            <trkpt lat="50.60369" lon="4.19945"/>
            <trkpt lat="50.60429" lon="4.20069"/>
            <trkpt lat="50.60441" lon="4.20093"/>
            <trkpt lat="50.60444" lon="4.20099"/>
            <trkpt lat="50.6047" lon="4.20141"/>
            <trkpt lat="50.60471" lon="4.20145"/>
            <trkpt lat="50.60489" lon="4.20185"/>
            <trkpt lat="50.60506" lon="4.20228"/>
            <trkpt lat="50.60521" lon="4.20276"/>
            <trkpt lat="50.60539" lon="4.20324"/>
            <trkpt lat="50.60628" lon="4.20525"/>
            <trkpt lat="50.6064" lon="4.20553"/>
            <trkpt lat="50.6065" lon="4.2058"/>
            <trkpt lat="50.60655" lon="4.20595"/>
            <trkpt lat="50.6068" lon="4.20681"/>
            <trkpt lat="50.60686" lon="4.20698"/>
            <trkpt lat="50.60693" lon="4.20715"/>
            <trkpt lat="50.60735" lon="4.20777"/>
            <trkpt lat="50.6074" lon="4.20788"/>
            <trkpt lat="50.60743" lon="4.20801"/>
            <trkpt lat="50.60751" lon="4.20895"/>
            <trkpt lat="50.60758" lon="4.21005"/>
            <trkpt lat="50.60762" lon="4.21041"/>
            <trkpt lat="50.60769" lon="4.21081"/>
            <trkpt lat="50.60772" lon="4.21089"/>
            <trkpt lat="50.60776" lon="4.21094"/>
            <trkpt lat="50.60864" lon="4.21146"/>
            <trkpt lat="50.60865" lon="4.21148"/>
            <trkpt lat="50.60866" lon="4.21152"/>
            <trkpt lat="50.60872" lon="4.21236"/>
            <trkpt lat="50.60875" lon="4.21278"/>
            <trkpt lat="50.60879" lon="4.21361"/>
            <trkpt lat="50.60878" lon="4.21426"/>
            <trkpt lat="50.60875" lon="4.21507"/>
            <trkpt lat="50.60877" lon="4.21592"/>
            <trkpt lat="50.60877" lon="4.21604"/>
            <trkpt lat="50.60874" lon="4.21675"/>
            <trkpt lat="50.6087" lon="4.21712"/>
            <trkpt lat="50.60861" lon="4.21781"/>
            <trkpt lat="50.60855" lon="4.21825"/>
            <trkpt lat="50.60851" lon="4.21867"/>
            <trkpt lat="50.6085" lon="4.21875"/>
            <trkpt lat="50.60849" lon="4.21882"/>
            <trkpt lat="50.60845" lon="4.21894"/>
            <trkpt lat="50.60844" lon="4.21899"/>
            <trkpt lat="50.60841" lon="4.21905"/>
            <trkpt lat="50.60838" lon="4.2191"/>
            <trkpt lat="50.60833" lon="4.21919"/>
            <trkpt lat="50.60812" lon="4.21951"/>
            <trkpt lat="50.60797" lon="4.21973"/>
            <trkpt lat="50.60791" lon="4.21988"/>
            <trkpt lat="50.60789" lon="4.21996"/>
            <trkpt lat="50.6079" lon="4.22004"/>
            <trkpt lat="50.60792" lon="4.22016"/>
            <trkpt lat="50.60796" lon="4.22028"/>
            <trkpt lat="50.60801" lon="4.22047"/>
            <trkpt lat="50.60801" lon="4.2205"/>
            <trkpt lat="50.60802" lon="4.2206"/>
            <trkpt lat="50.60799" lon="4.22074"/>
            <trkpt lat="50.60796" lon="4.22081"/>
            <trkpt lat="50.60794" lon="4.22086"/>
            <trkpt lat="50.60779" lon="4.22138"/>
            <trkpt lat="50.60772" lon="4.22152"/>
            <trkpt lat="50.60763" lon="4.22166"/>
            <trkpt lat="50.60752" lon="4.22188"/>
            <trkpt lat="50.60742" lon="4.22204"/>
            <trkpt lat="50.60737" lon="4.2222"/>
            <trkpt lat="50.60733" lon="4.22235"/>
            <trkpt lat="50.60731" lon="4.22264"/>
            <trkpt lat="50.60679" lon="4.22255"/>
            <trkpt lat="50.60639" lon="4.22245"/>
            <trkpt lat="50.60635" lon="4.22244"/>
            <trkpt lat="50.60615" lon="4.22235"/>
            <trkpt lat="50.60488" lon="4.22161"/>
            <trkpt lat="50.60369" lon="4.22143"/>
            <trkpt lat="50.60338" lon="4.22141"/>
            <trkpt lat="50.60303" lon="4.22136"/>
            <trkpt lat="50.6004" lon="4.221"/>
            <trkpt lat="50.59916" lon="4.22072"/>
            <trkpt lat="50.59222" lon="4.21897"/>
            <trkpt lat="50.59121" lon="4.21875"/>
            <trkpt lat="50.59049" lon="4.21859"/>
            <trkpt lat="50.58973" lon="4.2184"/>
            <trkpt lat="50.58929" lon="4.21823"/>
            <trkpt lat="50.58776" lon="4.21774"/>
            <trkpt lat="50.58733" lon="4.21761"/>
            <trkpt lat="50.5862" lon="4.21736"/>
            <trkpt lat="50.58516" lon="4.21719"/>
            <trkpt lat="50.58467" lon="4.2171"/>
            <trkpt lat="50.58461" lon="4.21767"/>
            <trkpt lat="50.58457" lon="4.21811"/>
            <trkpt lat="50.58457" lon="4.21816"/>
            <trkpt lat="50.58456" lon="4.21824"/>
            <trkpt lat="50.58452" lon="4.21875"/>
            <trkpt lat="50.58452" lon="4.21882"/>
            <trkpt lat="50.58451" lon="4.21892"/>
            <trkpt lat="50.58449" lon="4.21931"/>
            <trkpt lat="50.58441" lon="4.22078"/>
            <trkpt lat="50.58432" lon="4.22075"/>
            <trkpt lat="50.58375" lon="4.22049"/>
            <trkpt lat="50.58312" lon="4.22017"/>
            <trkpt lat="50.58302" lon="4.22011"/>
            <trkpt lat="50.58291" lon="4.22003"/>
            <trkpt lat="50.58282" lon="4.21998"/>
            <trkpt lat="50.58234" lon="4.21969"/>
            <trkpt lat="50.58179" lon="4.21945"/>
            <trkpt lat="50.58142" lon="4.21933"/>
            <trkpt lat="50.58114" lon="4.21926"/>
            <trkpt lat="50.58105" lon="4.21924"/>
            <trkpt lat="50.58044" lon="4.21915"/>
            <trkpt lat="50.57983" lon="4.21913"/>
            <trkpt lat="50.57758" lon="4.2192"/>
            <trkpt lat="50.57431" lon="4.21933"/>
            <trkpt lat="50.5739" lon="4.21936"/>
            <trkpt lat="50.57361" lon="4.21943"/>
            <trkpt lat="50.57328" lon="4.21953"/>
            <trkpt lat="50.57305" lon="4.21963"/>
            <trkpt lat="50.57273" lon="4.21983"/>
            <trkpt lat="50.57237" lon="4.22011"/>
            <trkpt lat="50.572" lon="4.22048"/>
            <trkpt lat="50.57156" lon="4.22095"/>
            <trkpt lat="50.57112" lon="4.22147"/>
            <trkpt lat="50.57074" lon="4.22189"/>
            <trkpt lat="50.57056" lon="4.22206"/>
            <trkpt lat="50.5705" lon="4.22214"/>
            <trkpt lat="50.57016" lon="4.22241"/>
            <trkpt lat="50.5699" lon="4.2226"/>
            <trkpt lat="50.56939" lon="4.22288"/>
            <trkpt lat="50.56904" lon="4.22301"/>
            <trkpt lat="50.56877" lon="4.22307"/>
            <trkpt lat="50.56846" lon="4.22311"/>
            <trkpt lat="50.56813" lon="4.22315"/>
            <trkpt lat="50.56815" lon="4.22347"/>
            <trkpt lat="50.56819" lon="4.22443"/>
            <trkpt lat="50.56819" lon="4.22454"/>
            <trkpt lat="50.56821" lon="4.22525"/>
            <trkpt lat="50.56821" lon="4.22602"/>
            <trkpt lat="50.56819" lon="4.22653"/>
            <trkpt lat="50.56813" lon="4.22715"/>
            <trkpt lat="50.56811" lon="4.22725"/>
            <trkpt lat="50.56806" lon="4.22754"/>
            <trkpt lat="50.56797" lon="4.22799"/>
            <trkpt lat="50.56783" lon="4.22848"/>
            <trkpt lat="50.56751" lon="4.22938"/>
            <trkpt lat="50.56727" lon="4.23015"/>
            <trkpt lat="50.56714" lon="4.23065"/>
            <trkpt lat="50.56705" lon="4.23114"/>
            <trkpt lat="50.56678" lon="4.23284"/>
            <trkpt lat="50.56662" lon="4.23389"/>
            <trkpt lat="50.56658" lon="4.23406"/>
            <trkpt lat="50.56648" lon="4.23438"/>
            <trkpt lat="50.56633" lon="4.23467"/>
            <trkpt lat="50.56614" lon="4.23497"/>
            <trkpt lat="50.56568" lon="4.23553"/>
            <trkpt lat="50.56563" lon="4.23562"/>
            <trkpt lat="50.56561" lon="4.23566"/>
            <trkpt lat="50.56543" lon="4.23613"/>
            <trkpt lat="50.56541" lon="4.23616"/>
            <trkpt lat="50.5654" lon="4.23618"/>
            <trkpt lat="50.56536" lon="4.23621"/>
            <trkpt lat="50.56528" lon="4.23625"/>
            <trkpt lat="50.56525" lon="4.23625"/>
            <trkpt lat="50.56522" lon="4.23624"/>
            <trkpt lat="50.56472" lon="4.236"/>
            <trkpt lat="50.56451" lon="4.23594"/>
            <trkpt lat="50.56444" lon="4.23592"/>
            <trkpt lat="50.56437" lon="4.23591"/>
            <trkpt lat="50.56431" lon="4.23593"/>
            <trkpt lat="50.56425" lon="4.23597"/>
            <trkpt lat="50.56419" lon="4.23603"/>
            <trkpt lat="50.56414" lon="4.23612"/>
            <trkpt lat="50.56398" lon="4.23642"/>
            <trkpt lat="50.56357" lon="4.23726"/>
            <trkpt lat="50.56327" lon="4.23794"/>
            <trkpt lat="50.5631" lon="4.23843"/>
            <trkpt lat="50.56294" lon="4.239"/>
            <trkpt lat="50.5628" lon="4.23956"/>
            <trkpt lat="50.56272" lon="4.24"/>
            <trkpt lat="50.56265" lon="4.24051"/>
            <trkpt lat="50.56263" lon="4.24072"/>
            <trkpt lat="50.56258" lon="4.24139"/>
            <trkpt lat="50.56229" lon="4.24403"/>
            <trkpt lat="50.56223" lon="4.24477"/>
            <trkpt lat="50.56211" lon="4.24617"/>
            <trkpt lat="50.56201" lon="4.24748"/>
            <trkpt lat="50.562" lon="4.24767"/>
            <trkpt lat="50.56198" lon="4.24789"/>
            <trkpt lat="50.56192" lon="4.24876"/>
            <trkpt lat="50.56183" lon="4.24972"/>
            <trkpt lat="50.56183" lon="4.24982"/>
            <trkpt lat="50.56183" lon="4.24988"/>
            <trkpt lat="50.56185" lon="4.24994"/>
            <trkpt lat="50.5619" lon="4.25002"/>
            <trkpt lat="50.56205" lon="4.25015"/>
            <trkpt lat="50.56246" lon="4.25046"/>
            <trkpt lat="50.56242" lon="4.2506"/>
            <trkpt lat="50.56238" lon="4.2507"/>
            <trkpt lat="50.56225" lon="4.25098"/>
            <trkpt lat="50.56222" lon="4.25108"/>
            <trkpt lat="50.5622" lon="4.25122"/>
            <trkpt lat="50.5622" lon="4.25137"/>
            <trkpt lat="50.5622" lon="4.2515"/>
            <trkpt lat="50.56229" lon="4.25205"/>
            <trkpt lat="50.56239" lon="4.25254"/>
            <trkpt lat="50.56242" lon="4.25287"/>
            <trkpt lat="50.56241" lon="4.25303"/>
            <trkpt lat="50.56238" lon="4.25318"/>
            <trkpt lat="50.56232" lon="4.25347"/>
            <trkpt lat="50.5623" lon="4.25359"/>
            <trkpt lat="50.5623" lon="4.25367"/>
            <trkpt lat="50.56231" lon="4.25374"/>
            <trkpt lat="50.56239" lon="4.25397"/>
            <trkpt lat="50.56245" lon="4.25418"/>
            <trkpt lat="50.56254" lon="4.25461"/>
            <trkpt lat="50.5626" lon="4.25505"/>
            <trkpt lat="50.56264" lon="4.25534"/>
            <trkpt lat="50.56265" lon="4.25548"/>
            <trkpt lat="50.56266" lon="4.25564"/>
            <trkpt lat="50.5627" lon="4.25651"/>
            <trkpt lat="50.56274" lon="4.25716"/>
            <trkpt lat="50.56278" lon="4.25785"/>
            <trkpt lat="50.56278" lon="4.25793"/>
            <trkpt lat="50.56278" lon="4.2584"/>
            <trkpt lat="50.56275" lon="4.25869"/>
            <trkpt lat="50.56267" lon="4.25912"/>
            <trkpt lat="50.56254" lon="4.25947"/>
            <trkpt lat="50.56247" lon="4.25969"/>
            <trkpt lat="50.56241" lon="4.25993"/>
            <trkpt lat="50.56233" lon="4.26041"/>
            <trkpt lat="50.56215" lon="4.26116"/>
            <trkpt lat="50.56206" lon="4.26156"/>
            <trkpt lat="50.56198" lon="4.26204"/>
            <trkpt lat="50.56195" lon="4.2627"/>
            <trkpt lat="50.56188" lon="4.26435"/>
            <trkpt lat="50.56184" lon="4.26528"/>
            <trkpt lat="50.56177" lon="4.26673"/>
            <trkpt lat="50.56174" lon="4.26775"/>
            <trkpt lat="50.56173" lon="4.26798"/>
            <trkpt lat="50.56173" lon="4.26812"/>
            <trkpt lat="50.56172" lon="4.26859"/>
            <trkpt lat="50.5617" lon="4.26919"/>
            <trkpt lat="50.56169" lon="4.26927"/>
            <trkpt lat="50.56169" lon="4.26943"/>
            <trkpt lat="50.56168" lon="4.2696"/>
            <trkpt lat="50.5616" lon="4.27062"/>
            <trkpt lat="50.56154" lon="4.27128"/>
            <trkpt lat="50.56147" lon="4.27256"/>
            <trkpt lat="50.56146" lon="4.27431"/>
            <trkpt lat="50.56139" lon="4.27591"/>
            <trkpt lat="50.56139" lon="4.27679"/>
            <trkpt lat="50.56133" lon="4.27829"/>
            <trkpt lat="50.56132" lon="4.27868"/>
            <trkpt lat="50.5616" lon="4.27889"/>
            <trkpt lat="50.56315" lon="4.28003"/>
            <trkpt lat="50.56344" lon="4.28024"/>
            <trkpt lat="50.56355" lon="4.2803"/>
            <trkpt lat="50.56364" lon="4.28037"/>
            <trkpt lat="50.56415" lon="4.28074"/>
            <trkpt lat="50.56441" lon="4.28093"/>
            <trkpt lat="50.5646" lon="4.28106"/>
            <trkpt lat="50.56475" lon="4.28119"/>
            <trkpt lat="50.56484" lon="4.28125"/>
            <trkpt lat="50.56495" lon="4.28133"/>
            <trkpt lat="50.56527" lon="4.28157"/>
            <trkpt lat="50.56524" lon="4.28171"/>
            <trkpt lat="50.5652" lon="4.28186"/>
            <trkpt lat="50.56508" lon="4.28217"/>
            <trkpt lat="50.56495" lon="4.28245"/>
            <trkpt lat="50.56481" lon="4.28267"/>
            <trkpt lat="50.56471" lon="4.28277"/>
            <trkpt lat="50.56458" lon="4.28291"/>
            <trkpt lat="50.5643" lon="4.28315"/>
            <trkpt lat="50.56421" lon="4.28326"/>
            <trkpt lat="50.56414" lon="4.28339"/>
            <trkpt lat="50.56399" lon="4.28376"/>
            <trkpt lat="50.56376" lon="4.28419"/>
            <trkpt lat="50.56344" lon="4.28467"/>
            <trkpt lat="50.56317" lon="4.28507"/>
            <trkpt lat="50.5629" lon="4.28555"/>
            <trkpt lat="50.56259" lon="4.28621"/>
            <trkpt lat="50.56237" lon="4.28659"/>
            <trkpt lat="50.56234" lon="4.28663"/>
            <trkpt lat="50.56224" lon="4.28675"/>
            <trkpt lat="50.56117" lon="4.28821"/>
            <trkpt lat="50.56102" lon="4.28842"/>
            <trkpt lat="50.56081" lon="4.28874"/>
            <trkpt lat="50.56068" lon="4.28905"/>
            <trkpt lat="50.56061" lon="4.2893"/>
            <trkpt lat="50.56058" lon="4.28955"/>
            <trkpt lat="50.56059" lon="4.28975"/>
            <trkpt lat="50.56079" lon="4.29089"/>
            <trkpt lat="50.56085" lon="4.29136"/>
            <trkpt lat="50.56089" lon="4.29202"/>
            <trkpt lat="50.56091" lon="4.29378"/>
            <trkpt lat="50.56088" lon="4.29499"/>
            <trkpt lat="50.56083" lon="4.29642"/>
            <trkpt lat="50.56077" lon="4.29784"/>
            <trkpt lat="50.56066" lon="4.29964"/>
            <trkpt lat="50.56065" lon="4.30008"/>
            <trkpt lat="50.56066" lon="4.30027"/>
            <trkpt lat="50.56069" lon="4.30045"/>
            <trkpt lat="50.5608" lon="4.30092"/>
            <trkpt lat="50.56102" lon="4.3015"/>
            <trkpt lat="50.56109" lon="4.30169"/>
            <trkpt lat="50.56119" lon="4.30204"/>
            <trkpt lat="50.56125" lon="4.30236"/>
            <trkpt lat="50.56129" lon="4.3027"/>
            <trkpt lat="50.56132" lon="4.30316"/>
            <trkpt lat="50.56138" lon="4.30365"/>
            <trkpt lat="50.56152" lon="4.30446"/>
            <trkpt lat="50.56156" lon="4.30474"/>
            <trkpt lat="50.56161" lon="4.30506"/>
            <trkpt lat="50.56162" lon="4.3054"/>
            <trkpt lat="50.56161" lon="4.30568"/>
            <trkpt lat="50.56156" lon="4.30632"/>
            <trkpt lat="50.56154" lon="4.30664"/>
            <trkpt lat="50.56153" lon="4.30668"/>
            <trkpt lat="50.56145" lon="4.30677"/>
            <trkpt lat="50.56133" lon="4.30684"/>
            <trkpt lat="50.56109" lon="4.30699"/>
            <trkpt lat="50.56068" lon="4.30726"/>
            <trkpt lat="50.56064" lon="4.30728"/>
            <trkpt lat="50.56054" lon="4.30733"/>
            <trkpt lat="50.56025" lon="4.30746"/>
            <trkpt lat="50.55914" lon="4.3078"/>
            <trkpt lat="50.55908" lon="4.30782"/>
            <trkpt lat="50.55844" lon="4.30804"/>
            <trkpt lat="50.55795" lon="4.30818"/>
            <trkpt lat="50.55755" lon="4.30831"/>
            <trkpt lat="50.55718" lon="4.30847"/>
            <trkpt lat="50.55695" lon="4.30862"/>
            <trkpt lat="50.55678" lon="4.30878"/>
            <trkpt lat="50.55668" lon="4.30887"/>
            <trkpt lat="50.55662" lon="4.30894"/>
            <trkpt lat="50.55593" lon="4.30959"/>
            <trkpt lat="50.55517" lon="4.31033"/>
            <trkpt lat="50.55491" lon="4.31053"/>
            <trkpt lat="50.55488" lon="4.31051"/>
            <trkpt lat="50.55485" lon="4.31049"/>
            <trkpt lat="50.55481" lon="4.31049"/>
            <trkpt lat="50.55479" lon="4.31051"/>
            <trkpt lat="50.55468" lon="4.31024"/>
            <trkpt lat="50.55428" lon="4.30938"/>
            <trkpt lat="50.55409" lon="4.30895"/>
            <trkpt lat="50.55386" lon="4.30846"/>
            <trkpt lat="50.55375" lon="4.30808"/>
            <trkpt lat="50.55332" lon="4.30668"/>
            <trkpt lat="50.5533" lon="4.30664"/>
            <trkpt lat="50.55321" lon="4.30627"/>
            <trkpt lat="50.55309" lon="4.30594"/>
            <trkpt lat="50.55292" lon="4.3055"/>
            <trkpt lat="50.55289" lon="4.30542"/>
            <trkpt lat="50.55272" lon="4.30506"/>
            <trkpt lat="50.55264" lon="4.30495"/>
            <trkpt lat="50.55252" lon="4.30481"/>
            <trkpt lat="50.55229" lon="4.30462"/>
            <trkpt lat="50.55212" lon="4.30455"/>
            <trkpt lat="50.55192" lon="4.30454"/>
            <trkpt lat="50.55176" lon="4.30456"/>
            <trkpt lat="50.55163" lon="4.30462"/>
            <trkpt lat="50.55156" lon="4.30466"/>
            <trkpt lat="50.5514" lon="4.3048"/>
            <trkpt lat="50.55136" lon="4.30482"/>
            <trkpt lat="50.55133" lon="4.30484"/>
            <trkpt lat="50.55128" lon="4.30485"/>
            <trkpt lat="50.55123" lon="4.30485"/>
            <trkpt lat="50.55118" lon="4.30509"/>
            <trkpt lat="50.55113" lon="4.3053"/>
            <trkpt lat="50.55104" lon="4.30559"/>
            <trkpt lat="50.55096" lon="4.30579"/>
            <trkpt lat="50.55089" lon="4.30592"/>
            <trkpt lat="50.55081" lon="4.30602"/>
            <trkpt lat="50.55062" lon="4.30622"/>
            <trkpt lat="50.55021" lon="4.30653"/>
            <trkpt lat="50.55006" lon="4.30664"/>
            <trkpt lat="50.54995" lon="4.30671"/>
            <trkpt lat="50.54984" lon="4.30682"/>
            <trkpt lat="50.54979" lon="4.30688"/>
            <trkpt lat="50.54949" lon="4.30742"/>
            <trkpt lat="50.54931" lon="4.30766"/>
            <trkpt lat="50.54912" lon="4.30785"/>
            <trkpt lat="50.549" lon="4.30793"/>
            <trkpt lat="50.54846" lon="4.30818"/>
            <trkpt lat="50.5482" lon="4.30824"/>
            <trkpt lat="50.54798" lon="4.30823"/>
            <trkpt lat="50.54789" lon="4.30825"/>
            <trkpt lat="50.54775" lon="4.30832"/>
            <trkpt lat="50.54765" lon="4.30839"/>
            <trkpt lat="50.54742" lon="4.30862"/>
            <trkpt lat="50.54737" lon="4.30867"/>
            <trkpt lat="50.5473" lon="4.30871"/>
            <trkpt lat="50.54723" lon="4.30874"/>
            <trkpt lat="50.54713" lon="4.30876"/>
            <trkpt lat="50.54672" lon="4.30874"/>
            <trkpt lat="50.54656" lon="4.30875"/>
            <trkpt lat="50.54646" lon="4.30878"/>
            <trkpt lat="50.54639" lon="4.30879"/>
            <trkpt lat="50.54624" lon="4.30885"/>
            <trkpt lat="50.54576" lon="4.30916"/>
            <trkpt lat="50.54536" lon="4.30932"/>
            <trkpt lat="50.54494" lon="4.30945"/>
            <trkpt lat="50.54434" lon="4.30969"/>
            <trkpt lat="50.5442" lon="4.30976"/>
            <trkpt lat="50.54391" lon="4.30986"/>
            <trkpt lat="50.54387" lon="4.30988"/>
            <trkpt lat="50.54381" lon="4.30989"/>
            <trkpt lat="50.5436" lon="4.3099"/>
            <trkpt lat="50.54349" lon="4.30985"/>
            <trkpt lat="50.5434" lon="4.30978"/>
            <trkpt lat="50.54332" lon="4.3097"/>
            <trkpt lat="50.54235" lon="4.30867"/>
            <trkpt lat="50.54171" lon="4.30811"/>
            <trkpt lat="50.54154" lon="4.30799"/>
            <trkpt lat="50.54125" lon="4.30788"/>
            <trkpt lat="50.54076" lon="4.3078"/>
            <trkpt lat="50.54021" lon="4.30778"/>
            <trkpt lat="50.54002" lon="4.30775"/>
            <trkpt lat="50.53912" lon="4.30752"/>
            <trkpt lat="50.5385" lon="4.30738"/>
            <trkpt lat="50.53827" lon="4.30736"/>
            <trkpt lat="50.53815" lon="4.30738"/>
            <trkpt lat="50.53798" lon="4.30748"/>
            <trkpt lat="50.53743" lon="4.30797"/>
            <trkpt lat="50.53733" lon="4.30763"/>
            <trkpt lat="50.53711" lon="4.3067"/>
            <trkpt lat="50.53709" lon="4.30664"/>
            <trkpt lat="50.53701" lon="4.30628"/>
            <trkpt lat="50.537" lon="4.30622"/>
            <trkpt lat="50.53683" lon="4.30569"/>
            <trkpt lat="50.53656" lon="4.30512"/>
            <trkpt lat="50.53637" lon="4.30469"/>
            <trkpt lat="50.53633" lon="4.30452"/>
            <trkpt lat="50.53627" lon="4.30408"/>
            <trkpt lat="50.53619" lon="4.30348"/>
            <trkpt lat="50.53614" lon="4.30327"/>
            <trkpt lat="50.53598" lon="4.30273"/>
            <trkpt lat="50.53589" lon="4.30253"/>
            <trkpt lat="50.53583" lon="4.30238"/>
            <trkpt lat="50.53571" lon="4.30216"/>
            <trkpt lat="50.5351" lon="4.30127"/>
            <trkpt lat="50.53464" lon="4.30056"/>
            <trkpt lat="50.53414" lon="4.29982"/>
            <trkpt lat="50.53296" lon="4.29825"/>
            <trkpt lat="50.53201" lon="4.29712"/>
            <trkpt lat="50.53157" lon="4.29656"/>
            <trkpt lat="50.53134" lon="4.29626"/>
            <trkpt lat="50.53081" lon="4.2954"/>
            <trkpt lat="50.53061" lon="4.29498"/>
            <trkpt lat="50.52979" lon="4.29347"/>
            <trkpt lat="50.52939" lon="4.29273"/>
            <trkpt lat="50.52903" lon="4.29197"/>
            <trkpt lat="50.52893" lon="4.29173"/>
            <trkpt lat="50.52778" lon="4.28816"/>
            <trkpt lat="50.52742" lon="4.28708"/>
            <trkpt lat="50.52706" lon="4.2861"/>
            <trkpt lat="50.52694" lon="4.28582"/>
            <trkpt lat="50.52685" lon="4.28563"/>
            <trkpt lat="50.5268" lon="4.28553"/>
            <trkpt lat="50.52639" lon="4.28494"/>
            <trkpt lat="50.52616" lon="4.28467"/>
            <trkpt lat="50.52616" lon="4.28467"/>
            <trkpt lat="50.52591" lon="4.28442"/>
            <trkpt lat="50.52551" lon="4.28407"/>
            <trkpt lat="50.52539" lon="4.28402"/>
            <trkpt lat="50.52507" lon="4.28396"/>
            <trkpt lat="50.5243" lon="4.28392"/>
            <trkpt lat="50.5241" lon="4.28386"/>
            <trkpt lat="50.52387" lon="4.28373"/>
            <trkpt lat="50.52372" lon="4.2836"/>
            <trkpt lat="50.52358" lon="4.28345"/>
            <trkpt lat="50.52341" lon="4.28322"/>
            <trkpt lat="50.52312" lon="4.2829"/>
            <trkpt lat="50.52261" lon="4.28243"/>
            <trkpt lat="50.5225" lon="4.28253"/>
            <trkpt lat="50.52244" lon="4.28257"/>
            <trkpt lat="50.52211" lon="4.28274"/>
            <trkpt lat="50.52175" lon="4.28286"/>
            <trkpt lat="50.52149" lon="4.28294"/>
            <trkpt lat="50.52113" lon="4.28299"/>
            <trkpt lat="50.52077" lon="4.28298"/>
            <trkpt lat="50.52014" lon="4.28289"/>
            <trkpt lat="50.51966" lon="4.28283"/>
            <trkpt lat="50.51902" lon="4.28285"/>
            <trkpt lat="50.5188" lon="4.28289"/>
            <trkpt lat="50.5184" lon="4.28293"/>
            <trkpt lat="50.51793" lon="4.28301"/>
            <trkpt lat="50.51788" lon="4.28304"/>
            <trkpt lat="50.51783" lon="4.28308"/>
            <trkpt lat="50.51778" lon="4.28317"/>
            <trkpt lat="50.51755" lon="4.28372"/>
            <trkpt lat="50.5175" lon="4.28383"/>
            <trkpt lat="50.51744" lon="4.28394"/>
            <trkpt lat="50.51737" lon="4.28403"/>
            <trkpt lat="50.51729" lon="4.2841"/>
            <trkpt lat="50.51712" lon="4.28417"/>
            <trkpt lat="50.51656" lon="4.28432"/>
            <trkpt lat="50.51623" lon="4.28437"/>
            <trkpt lat="50.51606" lon="4.28437"/>
            <trkpt lat="50.51583" lon="4.28439"/>
            <trkpt lat="50.51526" lon="4.28441"/>
            <trkpt lat="50.51514" lon="4.28442"/>
            <trkpt lat="50.51421" lon="4.28452"/>
            <trkpt lat="50.51406" lon="4.28466"/>
            <trkpt lat="50.51406" lon="4.28467"/>
            <trkpt lat="50.51393" lon="4.28484"/>
            <trkpt lat="50.51389" lon="4.28491"/>
            <trkpt lat="50.51385" lon="4.285"/>
            <trkpt lat="50.51377" lon="4.28527"/>
            <trkpt lat="50.51367" lon="4.28658"/>
            <trkpt lat="50.51365" lon="4.2873"/>
            <trkpt lat="50.51362" lon="4.28746"/>
            <trkpt lat="50.51345" lon="4.288"/>
            <trkpt lat="50.51334" lon="4.2883"/>
            <trkpt lat="50.5132" lon="4.28859"/>
            <trkpt lat="50.51313" lon="4.2887"/>
            <trkpt lat="50.51209" lon="4.28971"/>
            <trkpt lat="50.51159" lon="4.29013"/>
            <trkpt lat="50.51092" lon="4.29068"/>
            <trkpt lat="50.51088" lon="4.29072"/>
            <trkpt lat="50.51085" lon="4.29076"/>
            <trkpt lat="50.51083" lon="4.2908"/>
            <trkpt lat="50.5108" lon="4.29087"/>
            <trkpt lat="50.51054" lon="4.29138"/>
            <trkpt lat="50.51021" lon="4.29211"/>
            <trkpt lat="50.51007" lon="4.29248"/>
            <trkpt lat="50.50999" lon="4.29274"/>
            <trkpt lat="50.50994" lon="4.29314"/>
            <trkpt lat="50.50988" lon="4.2934"/>
            <trkpt lat="50.50979" lon="4.29362"/>
            <trkpt lat="50.50943" lon="4.29432"/>
            <trkpt lat="50.50932" lon="4.29454"/>
            <trkpt lat="50.50913" lon="4.29488"/>
            <trkpt lat="50.50898" lon="4.29509"/>
            <trkpt lat="50.50804" lon="4.29602"/>
            <trkpt lat="50.50767" lon="4.29636"/>
            <trkpt lat="50.5075" lon="4.29653"/>
            <trkpt lat="50.50648" lon="4.29754"/>
            <trkpt lat="50.50575" lon="4.29835"/>
            <trkpt lat="50.50532" lon="4.29883"/>
            <trkpt lat="50.50524" lon="4.29889"/>
            <trkpt lat="50.50518" lon="4.29891"/>
            <trkpt lat="50.50514" lon="4.29893"/>
            <trkpt lat="50.50508" lon="4.29894"/>
            <trkpt lat="50.50496" lon="4.29895"/>
            <trkpt lat="50.50497" lon="4.29892"/>
            <trkpt lat="50.50497" lon="4.2989"/>
            <trkpt lat="50.50496" lon="4.29889"/>
            <trkpt lat="50.50495" lon="4.29885"/>
            <trkpt lat="50.50494" lon="4.29884"/>
            <trkpt lat="50.50493" lon="4.29882"/>
            <trkpt lat="50.50492" lon="4.29882"/>
            <trkpt lat="50.5049" lon="4.29883"/>
            <trkpt lat="50.50475" lon="4.29864"/>
            <trkpt lat="50.50398" lon="4.29792"/>
            <trkpt lat="50.50354" lon="4.29729"/>
            <trkpt lat="50.5033" lon="4.29687"/>
            <trkpt lat="50.50306" lon="4.29645"/>
            <trkpt lat="50.50299" lon="4.29627"/>
            <trkpt lat="50.5029" lon="4.29567"/>
            <trkpt lat="50.50287" lon="4.29539"/>
            <trkpt lat="50.50281" lon="4.29508"/>
            <trkpt lat="50.50279" lon="4.29498"/>
            <trkpt lat="50.50276" lon="4.29485"/>
            <trkpt lat="50.5027" lon="4.29464"/>
            <trkpt lat="50.50264" lon="4.2944"/>
            <trkpt lat="50.5026" lon="4.29426"/>
            <trkpt lat="50.50248" lon="4.2938"/>
            <trkpt lat="50.50238" lon="4.29354"/>
            <trkpt lat="50.50232" lon="4.29344"/>
            <trkpt lat="50.50209" lon="4.2931"/>
            <trkpt lat="50.50183" lon="4.29284"/>
            <trkpt lat="50.5017" lon="4.29275"/>
            <trkpt lat="50.50149" lon="4.29267"/>
            <trkpt lat="50.50084" lon="4.29252"/>
            <trkpt lat="50.50062" lon="4.29247"/>
            <trkpt lat="50.50039" lon="4.29237"/>
            <trkpt lat="50.49949" lon="4.29175"/>
            <trkpt lat="50.49929" lon="4.2916"/>
            <trkpt lat="50.49882" lon="4.29125"/>
            <trkpt lat="50.49812" lon="4.29074"/>
            <trkpt lat="50.49691" lon="4.28989"/>
            <trkpt lat="50.4967" lon="4.28972"/>
            <trkpt lat="50.4966" lon="4.2896"/>
            <trkpt lat="50.49649" lon="4.28942"/>
            <trkpt lat="50.49644" lon="4.28934"/>
            <trkpt lat="50.49635" lon="4.28914"/>
            <trkpt lat="50.49633" lon="4.28905"/>
            <trkpt lat="50.49624" lon="4.2885"/>
            <trkpt lat="50.49603" lon="4.28728"/>
            <trkpt lat="50.49597" lon="4.28689"/>
            <trkpt lat="50.49578" lon="4.28587"/>
            <trkpt lat="50.49572" lon="4.28559"/>
            <trkpt lat="50.4957" lon="4.28546"/>
            <trkpt lat="50.49568" lon="4.28541"/>
            <trkpt lat="50.49564" lon="4.28531"/>
            <trkpt lat="50.49557" lon="4.28519"/>
            <trkpt lat="50.49553" lon="4.28514"/>
            <trkpt lat="50.49494" lon="4.28467"/>
            <trkpt lat="50.49429" lon="4.28415"/>
            <trkpt lat="50.49373" lon="4.28373"/>
            <trkpt lat="50.49336" lon="4.28346"/>
            <trkpt lat="50.49316" lon="4.28331"/>
            <trkpt lat="50.49301" lon="4.28318"/>
            <trkpt lat="50.49276" lon="4.283"/>
            <trkpt lat="50.49196" lon="4.28237"/>
            <trkpt lat="50.49177" lon="4.28223"/>
            <trkpt lat="50.49076" lon="4.28148"/>
            <trkpt lat="50.49049" lon="4.28133"/>
            <trkpt lat="50.49047" lon="4.28132"/>
            <trkpt lat="50.49026" lon="4.28123"/>
            <trkpt lat="50.49011" lon="4.28123"/>
            <trkpt lat="50.48988" lon="4.28126"/>
            <trkpt lat="50.48944" lon="4.28138"/>
            <trkpt lat="50.48938" lon="4.28139"/>
            <trkpt lat="50.48923" lon="4.28145"/>
            <trkpt lat="50.48807" lon="4.28185"/>
            <trkpt lat="50.48752" lon="4.28202"/>
            <trkpt lat="50.48703" lon="4.28221"/>
            <trkpt lat="50.48626" lon="4.28258"/>
            <trkpt lat="50.48306" lon="4.28408"/>
            <trkpt lat="50.48205" lon="4.28457"/>
            <trkpt lat="50.48178" lon="4.28467"/>
            <trkpt lat="50.48127" lon="4.28485"/>
            <trkpt lat="50.48086" lon="4.28498"/>
            <trkpt lat="50.48018" lon="4.28524"/>
            <trkpt lat="50.4801" lon="4.28526"/>
            <trkpt lat="50.47988" lon="4.28533"/>
            <trkpt lat="50.479" lon="4.28561"/>
            <trkpt lat="50.47879" lon="4.28561"/>
            <trkpt lat="50.47861" lon="4.28554"/>
            <trkpt lat="50.47735" lon="4.28467"/>
            <trkpt lat="50.47585" lon="4.28363"/>
            <trkpt lat="50.47571" lon="4.28355"/>
            <trkpt lat="50.4741" lon="4.28245"/>
            <trkpt lat="50.47329" lon="4.28188"/>
            <trkpt lat="50.47325" lon="4.28186"/>
            <trkpt lat="50.47317" lon="4.28179"/>
            <trkpt lat="50.47307" lon="4.28173"/>
            <trkpt lat="50.47172" lon="4.28113"/>
            <trkpt lat="50.4713" lon="4.28093"/>
            <trkpt lat="50.47124" lon="4.2809"/>
            <trkpt lat="50.47119" lon="4.28088"/>
            <trkpt lat="50.47074" lon="4.28069"/>
            <trkpt lat="50.46982" lon="4.28023"/>
            <trkpt lat="50.46962" lon="4.28014"/>
            <trkpt lat="50.46896" lon="4.27984"/>
            <trkpt lat="50.46887" lon="4.27981"/>
            <trkpt lat="50.46875" lon="4.2793"/>
            <trkpt lat="50.46864" lon="4.27888"/>
            <trkpt lat="50.46788" lon="4.27612"/>
            <trkpt lat="50.46779" lon="4.2758"/>
            <trkpt lat="50.46756" lon="4.275"/>
            <trkpt lat="50.46756" lon="4.27466"/>
            <trkpt lat="50.46764" lon="4.27302"/>
            <trkpt lat="50.46774" lon="4.27177"/>
            <trkpt lat="50.46778" lon="4.27144"/>
            <trkpt lat="50.46783" lon="4.27064"/>
            <trkpt lat="50.46786" lon="4.27023"/>
            <trkpt lat="50.46787" lon="4.27009"/>
            <trkpt lat="50.46789" lon="4.26973"/>
            <trkpt lat="50.46791" lon="4.26969"/>
            <trkpt lat="50.46795" lon="4.26945"/>
            <trkpt lat="50.46796" lon="4.26933"/>
            <trkpt lat="50.46797" lon="4.26922"/>
            <trkpt lat="50.468" lon="4.26905"/>
            <trkpt lat="50.46804" lon="4.2687"/>
            <trkpt lat="50.46806" lon="4.26868"/>
            <trkpt lat="50.46809" lon="4.26866"/>
            <trkpt lat="50.46812" lon="4.26862"/>
            <trkpt lat="50.46814" lon="4.26857"/>
            <trkpt lat="50.46815" lon="4.26853"/>
            <trkpt lat="50.46816" lon="4.26848"/>
            <trkpt lat="50.46816" lon="4.26842"/>
            <trkpt lat="50.46815" lon="4.26837"/>
            <trkpt lat="50.46813" lon="4.26833"/>
            <trkpt lat="50.46811" lon="4.26829"/>
            <trkpt lat="50.46808" lon="4.26825"/>
            <trkpt lat="50.46807" lon="4.26824"/>
            <trkpt lat="50.46805" lon="4.26823"/>
            <trkpt lat="50.46802" lon="4.26822"/>
            <trkpt lat="50.46799" lon="4.26822"/>
            <trkpt lat="50.46798" lon="4.26822"/>
            <trkpt lat="50.46795" lon="4.26823"/>
            <trkpt lat="50.46792" lon="4.26825"/>
            <trkpt lat="50.46789" lon="4.26829"/>
            <trkpt lat="50.46787" lon="4.26833"/>
            <trkpt lat="50.46785" lon="4.26836"/>
            <trkpt lat="50.46766" lon="4.26834"/>
            <trkpt lat="50.46702" lon="4.26833"/>
            <trkpt lat="50.46641" lon="4.2683"/>
            <trkpt lat="50.46594" lon="4.26832"/>
            <trkpt lat="50.46472" lon="4.26838"/>
            <trkpt lat="50.46387" lon="4.26839"/>
            <trkpt lat="50.46346" lon="4.26839"/>
            <trkpt lat="50.4634" lon="4.26839"/>
            <trkpt lat="50.46316" lon="4.26839"/>
            <trkpt lat="50.46251" lon="4.2684"/>
            <trkpt lat="50.4613" lon="4.2684"/>
            <trkpt lat="50.46021" lon="4.26842"/>
            <trkpt lat="50.46" lon="4.26843"/>
            <trkpt lat="50.4595" lon="4.26848"/>
            <trkpt lat="50.45924" lon="4.26853"/>
            <trkpt lat="50.45901" lon="4.26857"/>
            <trkpt lat="50.45894" lon="4.2686"/>
            <trkpt lat="50.45867" lon="4.26872"/>
            <trkpt lat="50.45843" lon="4.26883"/>
            <trkpt lat="50.458" lon="4.26912"/>
            <trkpt lat="50.45765" lon="4.26942"/>
            <trkpt lat="50.45745" lon="4.26963"/>
            <trkpt lat="50.45721" lon="4.26989"/>
            <trkpt lat="50.45656" lon="4.2708"/>
            <trkpt lat="50.45522" lon="4.27296"/>
            <trkpt lat="50.45426" lon="4.27452"/>
            <trkpt lat="50.45387" lon="4.27512"/>
            <trkpt lat="50.45347" lon="4.27568"/>
            <trkpt lat="50.45309" lon="4.27611"/>
            <trkpt lat="50.45305" lon="4.27615"/>
            <trkpt lat="50.4528" lon="4.27641"/>
            <trkpt lat="50.45245" lon="4.2767"/>
            <trkpt lat="50.45217" lon="4.27687"/>
            <trkpt lat="50.4518" lon="4.27706"/>
            <trkpt lat="50.45148" lon="4.27718"/>
            <trkpt lat="50.45081" lon="4.27736"/>
            <trkpt lat="50.45053" lon="4.27742"/>
            <trkpt lat="50.45029" lon="4.27746"/>
            <trkpt lat="50.44922" lon="4.27761"/>
            <trkpt lat="50.44913" lon="4.27762"/>
            <trkpt lat="50.44649" lon="4.278"/>
            <trkpt lat="50.44592" lon="4.27807"/>
            <trkpt lat="50.44527" lon="4.27817"/>
            <trkpt lat="50.44441" lon="4.27831"/>
            <trkpt lat="50.44387" lon="4.27842"/>
            <trkpt lat="50.4438" lon="4.27843"/>
            <trkpt lat="50.44281" lon="4.27858"/>
            <trkpt lat="50.44236" lon="4.27864"/>
            <trkpt lat="50.44229" lon="4.27865"/>
            <trkpt lat="50.44167" lon="4.27875"/>
            <trkpt lat="50.43905" lon="4.27904"/>
            <trkpt lat="50.43717" lon="4.27933"/>
            <trkpt lat="50.43631" lon="4.2795"/>
            <trkpt lat="50.43588" lon="4.27958"/>
            <trkpt lat="50.43564" lon="4.27961"/>
            <trkpt lat="50.43542" lon="4.27964"/>
            <trkpt lat="50.43501" lon="4.27968"/>
            <trkpt lat="50.43421" lon="4.2798"/>
            <trkpt lat="50.43344" lon="4.27991"/>
            <trkpt lat="50.43243" lon="4.28005"/>
            <trkpt lat="50.43173" lon="4.28016"/>
            <trkpt lat="50.43168" lon="4.28017"/>
            <trkpt lat="50.43015" lon="4.28041"/>
            <trkpt lat="50.4291" lon="4.28055"/>
            <trkpt lat="50.42761" lon="4.28078"/>
            <trkpt lat="50.42756" lon="4.28079"/>
            <trkpt lat="50.42742" lon="4.28081"/>
            <trkpt lat="50.42725" lon="4.28083"/>
            <trkpt lat="50.42645" lon="4.28095"/>
            <trkpt lat="50.42397" lon="4.2813"/>
            <trkpt lat="50.4235" lon="4.28137"/>
            <trkpt lat="50.42249" lon="4.28152"/>
            <trkpt lat="50.42103" lon="4.28173"/>
            <trkpt lat="50.41957" lon="4.28194"/>
            <trkpt lat="50.41901" lon="4.28206"/>
            <trkpt lat="50.41886" lon="4.28211"/>
            <trkpt lat="50.41826" lon="4.2823"/>
            <trkpt lat="50.41793" lon="4.28245"/>
            <trkpt lat="50.41766" lon="4.28263"/>
            <trkpt lat="50.41751" lon="4.28269"/>
            <trkpt lat="50.41725" lon="4.28275"/>
            <trkpt lat="50.41719" lon="4.28274"/>
            <trkpt lat="50.41712" lon="4.28272"/>
            <trkpt lat="50.4171" lon="4.28264"/>
            <trkpt lat="50.41707" lon="4.28256"/>
            <trkpt lat="50.41701" lon="4.28246"/>
            <trkpt lat="50.41693" lon="4.28239"/>
            <trkpt lat="50.41687" lon="4.28237"/>
            <trkpt lat="50.41683" lon="4.28237"/>
            <trkpt lat="50.41679" lon="4.28237"/>
            <trkpt lat="50.41673" lon="4.28238"/>
            <trkpt lat="50.41669" lon="4.2824"/>
            <trkpt lat="50.41664" lon="4.28243"/>
            <trkpt lat="50.41659" lon="4.28248"/>
            <trkpt lat="50.41654" lon="4.28254"/>
            <trkpt lat="50.4165" lon="4.28262"/>
            <trkpt lat="50.41647" lon="4.28276"/>
            <trkpt lat="50.41646" lon="4.28296"/>
            <trkpt lat="50.41648" lon="4.28304"/>
            <trkpt lat="50.4165" lon="4.28311"/>
            <trkpt lat="50.41655" lon="4.28322"/>
            <trkpt lat="50.41659" lon="4.28327"/>
            <trkpt lat="50.41664" lon="4.28331"/>
            <trkpt lat="50.41669" lon="4.28335"/>
            <trkpt lat="50.41673" lon="4.28336"/>
            <trkpt lat="50.41677" lon="4.28337"/>
            <trkpt lat="50.41686" lon="4.28336"/>
            <trkpt lat="50.41688" lon="4.28373"/>
            <trkpt lat="50.4169" lon="4.28467"/>
            <trkpt lat="50.4169" lon="4.28483"/>
            <trkpt lat="50.41691" lon="4.28505"/>
            <trkpt lat="50.41704" lon="4.28604"/>
            <trkpt lat="50.41711" lon="4.28672"/>
            <trkpt lat="50.41723" lon="4.28814"/>
            <trkpt lat="50.41726" lon="4.28868"/>
            <trkpt lat="50.41728" lon="4.28958"/>
            <trkpt lat="50.41728" lon="4.29035"/>
            <trkpt lat="50.4172" lon="4.29144"/>
            <trkpt lat="50.4171" lon="4.29245"/>
            <trkpt lat="50.41706" lon="4.29263"/>
            <trkpt lat="50.41701" lon="4.29291"/>
            <trkpt lat="50.41689" lon="4.29343"/>
            <trkpt lat="50.4166" lon="4.29456"/>
            <trkpt lat="50.41651" lon="4.29501"/>
            <trkpt lat="50.41637" lon="4.29568"/>
            <trkpt lat="50.41629" lon="4.2961"/>
            <trkpt lat="50.4162" lon="4.29678"/>
            <trkpt lat="50.41598" lon="4.29825"/>
            <trkpt lat="50.41579" lon="4.29965"/>
            <trkpt lat="50.41573" lon="4.30014"/>
            <trkpt lat="50.41565" lon="4.30113"/>
            <trkpt lat="50.41551" lon="4.30221"/>
            <trkpt lat="50.41543" lon="4.30266"/>
            <trkpt lat="50.4154" lon="4.30277"/>
            <trkpt lat="50.41516" lon="4.30344"/>
            <trkpt lat="50.415" lon="4.30388"/>
            <trkpt lat="50.41488" lon="4.30431"/>
            <trkpt lat="50.4146" lon="4.30541"/>
            <trkpt lat="50.41429" lon="4.30664"/>
            <trkpt lat="50.4142" lon="4.30696"/>
            <trkpt lat="50.41416" lon="4.30713"/>
            <trkpt lat="50.41414" lon="4.30723"/>
            <trkpt lat="50.41413" lon="4.30747"/>
            <trkpt lat="50.41419" lon="4.30791"/>
            <trkpt lat="50.41441" lon="4.30889"/>
            <trkpt lat="50.41442" lon="4.30898"/>
            <trkpt lat="50.41441" lon="4.30907"/>
            <trkpt lat="50.41427" lon="4.30962"/>
            <trkpt lat="50.41411" lon="4.31081"/>
            <trkpt lat="50.41405" lon="4.31112"/>
            <trkpt lat="50.41398" lon="4.31144"/>
            <trkpt lat="50.41395" lon="4.31161"/>
            <trkpt lat="50.41392" lon="4.31173"/>
            <trkpt lat="50.41383" lon="4.31211"/>
            <trkpt lat="50.41375" lon="4.31247"/>
            <trkpt lat="50.41355" lon="4.31328"/>
            <trkpt lat="50.41342" lon="4.31377"/>
            <trkpt lat="50.41334" lon="4.3142"/>
            <trkpt lat="50.41318" lon="4.3152"/>
            <trkpt lat="50.41313" lon="4.31547"/>
            <trkpt lat="50.41309" lon="4.31565"/>
            <trkpt lat="50.41297" lon="4.31559"/>
            <trkpt lat="50.41188" lon="4.31514"/>
            <trkpt lat="50.41132" lon="4.31491"/>
            <trkpt lat="50.41095" lon="4.31474"/>
            <trkpt lat="50.41084" lon="4.31529"/>
            <trkpt lat="50.41071" lon="4.31593"/>
            <trkpt lat="50.41063" lon="4.31624"/>
            <trkpt lat="50.4105" lon="4.31652"/>
            <trkpt lat="50.41013" lon="4.31751"/>
            <trkpt lat="50.40943" lon="4.31939"/>
            <trkpt lat="50.4086" lon="4.32134"/>
            <trkpt lat="50.40844" lon="4.32115"/>
            <trkpt lat="50.4084" lon="4.3211"/>
            <trkpt lat="50.40786" lon="4.32058"/>
            <trkpt lat="50.40773" lon="4.32046"/>
            <trkpt lat="50.40723" lon="4.31995"/>
            <trkpt lat="50.40709" lon="4.3198"/>
            <trkpt lat="50.40711" lon="4.31976"/>
            <trkpt lat="50.40712" lon="4.31969"/>
            <trkpt lat="50.40713" lon="4.31966"/>
            <trkpt lat="50.40713" lon="4.31955"/>
            <trkpt lat="50.40711" lon="4.31945"/>
            <trkpt lat="50.40709" lon="4.3194"/>
            <trkpt lat="50.40707" lon="4.31936"/>
            <trkpt lat="50.40705" lon="4.31934"/>
            <trkpt lat="50.40702" lon="4.31932"/>
            <trkpt lat="50.407" lon="4.31932"/>
            <trkpt lat="50.40696" lon="4.31932"/>
            <trkpt lat="50.40693" lon="4.31933"/>
            <trkpt lat="50.40691" lon="4.31935"/>
            <trkpt lat="50.40688" lon="4.3194"/>
            <trkpt lat="50.40686" lon="4.31944"/>
            <trkpt lat="50.40685" lon="4.31952"/>
            <trkpt lat="50.40685" lon="4.31957"/>
            <trkpt lat="50.40686" lon="4.31971"/>
            <trkpt lat="50.40687" lon="4.31976"/>
            <trkpt lat="50.40689" lon="4.3198"/>
            <trkpt lat="50.4069" lon="4.32008"/>
            <trkpt lat="50.40691" lon="4.32045"/>
            <trkpt lat="50.40692" lon="4.32078"/>
            <trkpt lat="50.40693" lon="4.32173"/>
            <trkpt lat="50.40697" lon="4.3218"/>
            <trkpt lat="50.40697" lon="4.32208"/>
            <trkpt lat="50.40699" lon="4.32266"/>
            <trkpt lat="50.40702" lon="4.32367"/>
            <trkpt lat="50.40699" lon="4.32375"/>
            <trkpt lat="50.40699" lon="4.32387"/>
            <trkpt lat="50.407" lon="4.32447"/>
            <trkpt lat="50.40702" lon="4.32481"/>
            <trkpt lat="50.40702" lon="4.32521"/>
            <trkpt lat="50.40701" lon="4.32536"/>
            <trkpt lat="50.40702" lon="4.32587"/>
            <trkpt lat="50.40689" lon="4.32597"/>
            <trkpt lat="50.40675" lon="4.32606"/>
            <trkpt lat="50.40656" lon="4.32618"/>
            <trkpt lat="50.40639" lon="4.32629"/>
            <trkpt lat="50.40627" lon="4.32637"/>
            <trkpt lat="50.40622" lon="4.3264"/>
            <trkpt lat="50.40616" lon="4.32644"/>
            <trkpt lat="50.40609" lon="4.32648"/>
            <trkpt lat="50.40596" lon="4.32656"/>
            <trkpt lat="50.40589" lon="4.3266"/>
            <trkpt lat="50.40527" lon="4.32705"/>
            <trkpt lat="50.40501" lon="4.32725"/>
            <trkpt lat="50.40332" lon="4.32841"/>
            <trkpt lat="50.4031" lon="4.32857"/>
            <trkpt lat="50.40303" lon="4.32861"/>
            <trkpt lat="50.40302" lon="4.32862"/>
            <trkpt lat="50.40291" lon="4.32873"/>
            <trkpt lat="50.40221" lon="4.32923"/>
            <trkpt lat="50.40168" lon="4.32958"/>
            <trkpt lat="50.40144" lon="4.32975"/>
            <trkpt lat="50.40056" lon="4.3303"/>
            <trkpt lat="50.39921" lon="4.3311"/>
            <trkpt lat="50.3988" lon="4.3314"/>
            <trkpt lat="50.39844" lon="4.3318"/>
            <trkpt lat="50.3983" lon="4.33198"/>
            <trkpt lat="50.39823" lon="4.33203"/>
            <trkpt lat="50.39817" lon="4.33205"/>
            <trkpt lat="50.39812" lon="4.33201"/>
            <trkpt lat="50.39803" lon="4.3319"/>
            <trkpt lat="50.39782" lon="4.3318"/>
            <trkpt lat="50.39766" lon="4.33188"/>
            <trkpt lat="50.39758" lon="4.332"/>
            <trkpt lat="50.39747" lon="4.33208"/>
            <trkpt lat="50.3974" lon="4.33211"/>
            <trkpt lat="50.39733" lon="4.33213"/>
            <trkpt lat="50.39716" lon="4.33216"/>
            <trkpt lat="50.39708" lon="4.33213"/>
            <trkpt lat="50.39693" lon="4.332"/>
            <trkpt lat="50.39689" lon="4.33194"/>
            <trkpt lat="50.39641" lon="4.33139"/>
            <trkpt lat="50.39633" lon="4.33134"/>
            <trkpt lat="50.39626" lon="4.33131"/>
            <trkpt lat="50.39622" lon="4.33132"/>
            <trkpt lat="50.39614" lon="4.33135"/>
            <trkpt lat="50.39595" lon="4.33162"/>
            <trkpt lat="50.39572" lon="4.33195"/>
            <trkpt lat="50.39564" lon="4.33198"/>
            <trkpt lat="50.39558" lon="4.33197"/>
            <trkpt lat="50.3955" lon="4.33189"/>
            <trkpt lat="50.39524" lon="4.33146"/>
            <trkpt lat="50.39486" lon="4.33086"/>
            <trkpt lat="50.39471" lon="4.33072"/>
            <trkpt lat="50.39464" lon="4.33069"/>
            <trkpt lat="50.39456" lon="4.33069"/>
            <trkpt lat="50.39448" lon="4.33069"/>
            <trkpt lat="50.39358" lon="4.33102"/>
            <trkpt lat="50.39193" lon="4.33166"/>
            <trkpt lat="50.39175" lon="4.33176"/>
            <trkpt lat="50.39166" lon="4.3318"/>
            <trkpt lat="50.3918" lon="4.33248"/>
            <trkpt lat="50.39211" lon="4.3336"/>
            <trkpt lat="50.39138" lon="4.33388"/>
            <trkpt lat="50.3906" lon="4.33421"/>
            <trkpt lat="50.38999" lon="4.33441"/>
            <trkpt lat="50.38939" lon="4.33464"/>
            <trkpt lat="50.38834" lon="4.33508"/>
            <trkpt lat="50.38787" lon="4.33512"/>
            <trkpt lat="50.38758" lon="4.33515"/>
            <trkpt lat="50.38735" lon="4.33524"/>
            <trkpt lat="50.38724" lon="4.33531"/>
            <trkpt lat="50.38716" lon="4.33542"/>
            <trkpt lat="50.38707" lon="4.33554"/>
            <trkpt lat="50.38699" lon="4.33571"/>
            <trkpt lat="50.38692" lon="4.33594"/>
            <trkpt lat="50.38689" lon="4.3361"/>
            <trkpt lat="50.38683" lon="4.33683"/>
            <trkpt lat="50.3868" lon="4.33698"/>
            <trkpt lat="50.38675" lon="4.33715"/>
            <trkpt lat="50.38665" lon="4.33728"/>
            <trkpt lat="50.3865" lon="4.33739"/>
            <trkpt lat="50.3863" lon="4.33749"/>
            <trkpt lat="50.38624" lon="4.33753"/>
            <trkpt lat="50.38601" lon="4.33776"/>
            <trkpt lat="50.386" lon="4.33777"/>
            <trkpt lat="50.38584" lon="4.33804"/>
            <trkpt lat="50.38576" lon="4.33824"/>
            <trkpt lat="50.38512" lon="4.34012"/>
            <trkpt lat="50.38463" lon="4.34173"/>
            <trkpt lat="50.38449" lon="4.34215"/>
            <trkpt lat="50.38434" lon="4.34251"/>
            <trkpt lat="50.38379" lon="4.34367"/>
            <trkpt lat="50.3833" lon="4.34474"/>
            <trkpt lat="50.38288" lon="4.34565"/>
            <trkpt lat="50.38269" lon="4.3461"/>
            <trkpt lat="50.38253" lon="4.34653"/>
            <trkpt lat="50.38251" lon="4.34659"/>
            <trkpt lat="50.38233" lon="4.34706"/>
            <trkpt lat="50.38208" lon="4.34776"/>
            <trkpt lat="50.38192" lon="4.34818"/>
            <trkpt lat="50.38184" lon="4.34837"/>
            <trkpt lat="50.38176" lon="4.34849"/>
            <trkpt lat="50.38166" lon="4.3486"/>
            <trkpt lat="50.38152" lon="4.34871"/>
            <trkpt lat="50.38133" lon="4.34889"/>
            <trkpt lat="50.38103" lon="4.34923"/>
            <trkpt lat="50.38094" lon="4.34934"/>
            <trkpt lat="50.38067" lon="4.34975"/>
            <trkpt lat="50.38066" lon="4.34977"/>
            <trkpt lat="50.38038" lon="4.35015"/>
            <trkpt lat="50.38" lon="4.35058"/>
            <trkpt lat="50.37999" lon="4.35059"/>
            <trkpt lat="50.37979" lon="4.35076"/>
            <trkpt lat="50.3797" lon="4.3508"/>
            <trkpt lat="50.3793" lon="4.35087"/>
            <trkpt lat="50.3788" lon="4.35096"/>
            <trkpt lat="50.37871" lon="4.35099"/>
            <trkpt lat="50.37865" lon="4.35063"/>
            <trkpt lat="50.37858" lon="4.35059"/>
            <trkpt lat="50.37851" lon="4.35054"/>
            <trkpt lat="50.37791" lon="4.35029"/>
            <trkpt lat="50.37764" lon="4.3502"/>
            <trkpt lat="50.37742" lon="4.35009"/>
            <trkpt lat="50.37731" lon="4.35003"/>
            <trkpt lat="50.37715" lon="4.3499"/>
            <trkpt lat="50.37705" lon="4.34979"/>
            <trkpt lat="50.3769" lon="4.34947"/>
            <trkpt lat="50.37659" lon="4.34865"/>
            <trkpt lat="50.37647" lon="4.3483"/>
            <trkpt lat="50.37646" lon="4.34826"/>
            <trkpt lat="50.37635" lon="4.34794"/>
            <trkpt lat="50.37607" lon="4.34699"/>
            <trkpt lat="50.37592" lon="4.3463"/>
            <trkpt lat="50.3758" lon="4.34576"/>
            <trkpt lat="50.37574" lon="4.34536"/>
            <trkpt lat="50.3757" lon="4.34491"/>
            <trkpt lat="50.37568" lon="4.34456"/>
            <trkpt lat="50.37573" lon="4.34303"/>
            <trkpt lat="50.37575" lon="4.34217"/>
            <trkpt lat="50.37575" lon="4.34161"/>
            <trkpt lat="50.37568" lon="4.34088"/>
            <trkpt lat="50.37549" lon="4.33936"/>
            <trkpt lat="50.37543" lon="4.33906"/>
            <trkpt lat="50.37535" lon="4.33874"/>
            <trkpt lat="50.37523" lon="4.33835"/>
            <trkpt lat="50.37514" lon="4.33814"/>
            <trkpt lat="50.37498" lon="4.33784"/>
            <trkpt lat="50.37491" lon="4.33772"/>
            <trkpt lat="50.37478" lon="4.33755"/>
            <trkpt lat="50.37434" lon="4.33709"/>
            <trkpt lat="50.3743" lon="4.33706"/>
            <trkpt lat="50.37427" lon="4.33703"/>
            <trkpt lat="50.37406" lon="4.33682"/>
            <trkpt lat="50.37401" lon="4.33677"/>
            <trkpt lat="50.37396" lon="4.33674"/>
            <trkpt lat="50.37391" lon="4.33672"/>
            <trkpt lat="50.37385" lon="4.33671"/>
            <trkpt lat="50.3737" lon="4.33671"/>
            <trkpt lat="50.37334" lon="4.33668"/>
            <trkpt lat="50.37288" lon="4.33668"/>
            <trkpt lat="50.37256" lon="4.33663"/>
            <trkpt lat="50.37248" lon="4.33658"/>
            <trkpt lat="50.36999" lon="4.33511"/>
            <trkpt lat="50.36936" lon="4.33477"/>
            <trkpt lat="50.36908" lon="4.33496"/>
            <trkpt lat="50.36874" lon="4.33523"/>
            <trkpt lat="50.36852" lon="4.3354"/>
            <trkpt lat="50.36811" lon="4.33567"/>
            <trkpt lat="50.36788" lon="4.33575"/>
            <trkpt lat="50.3677" lon="4.33578"/>
            <trkpt lat="50.36765" lon="4.33577"/>
            <trkpt lat="50.36757" lon="4.33576"/>
            <trkpt lat="50.36754" lon="4.33574"/>
            <trkpt lat="50.36751" lon="4.33571"/>
            <trkpt lat="50.36748" lon="4.33568"/>
            <trkpt lat="50.36746" lon="4.33563"/>
            <trkpt lat="50.36744" lon="4.33555"/>
            <trkpt lat="50.3674" lon="4.33552"/>
            <trkpt lat="50.36736" lon="4.33551"/>
            <trkpt lat="50.36733" lon="4.3355"/>
            <trkpt lat="50.36729" lon="4.3355"/>
            <trkpt lat="50.36725" lon="4.3355"/>
            <trkpt lat="50.36718" lon="4.33549"/>
            <trkpt lat="50.36715" lon="4.33547"/>
            <trkpt lat="50.36712" lon="4.33542"/>
            <trkpt lat="50.36711" lon="4.33534"/>
            <trkpt lat="50.36709" lon="4.33518"/>
            <trkpt lat="50.36702" lon="4.33414"/>
            <trkpt lat="50.367" lon="4.33371"/>
            <trkpt lat="50.367" lon="4.33355"/>
            <trkpt lat="50.36698" lon="4.3334"/>
            <trkpt lat="50.36696" lon="4.33333"/>
            <trkpt lat="50.36694" lon="4.33325"/>
            <trkpt lat="50.36691" lon="4.33311"/>
            <trkpt lat="50.36685" lon="4.33292"/>
            <trkpt lat="50.36678" lon="4.33274"/>
            <trkpt lat="50.36674" lon="4.33266"/>
            <trkpt lat="50.36667" lon="4.33255"/>
            <trkpt lat="50.36664" lon="4.33251"/>
            <trkpt lat="50.36658" lon="4.33245"/>
            <trkpt lat="50.36649" lon="4.3324"/>
            <trkpt lat="50.3663" lon="4.33308"/>
            <trkpt lat="50.36626" lon="4.33317"/>
            <trkpt lat="50.36622" lon="4.33323"/>
            <trkpt lat="50.36618" lon="4.33328"/>
            <trkpt lat="50.36613" lon="4.3333"/>
            <trkpt lat="50.36611" lon="4.33331"/>
            <trkpt lat="50.36607" lon="4.33331"/>
            <trkpt lat="50.36579" lon="4.3332"/>
            <trkpt lat="50.36505" lon="4.33285"/>
            <trkpt lat="50.36449" lon="4.33257"/>
            <trkpt lat="50.36436" lon="4.33246"/>
            <trkpt lat="50.36417" lon="4.33225"/>
            <trkpt lat="50.36462" lon="4.33148"/>
            <trkpt lat="50.36476" lon="4.33122"/>
            <trkpt lat="50.36482" lon="4.33103"/>
            <trkpt lat="50.36489" lon="4.33076"/>
            <trkpt lat="50.36501" lon="4.33013"/>
            <trkpt lat="50.36508" lon="4.32978"/>
            <trkpt lat="50.36511" lon="4.32966"/>
            <trkpt lat="50.36513" lon="4.3296"/>
            <trkpt lat="50.36517" lon="4.32952"/>
            <trkpt lat="50.36529" lon="4.32937"/>
            <trkpt lat="50.3653" lon="4.32937"/>
            <trkpt lat="50.36541" lon="4.32927"/>
            <trkpt lat="50.36614" lon="4.32861"/>
            <trkpt lat="50.36631" lon="4.32846"/>
            <trkpt lat="50.36669" lon="4.32807"/>
            <trkpt lat="50.36735" lon="4.32743"/>
            <trkpt lat="50.36851" lon="4.32627"/>
            <trkpt lat="50.36875" lon="4.32601"/>
            <trkpt lat="50.36893" lon="4.32577"/>
            <trkpt lat="50.36906" lon="4.32556"/>
            <trkpt lat="50.36918" lon="4.32531"/>
            <trkpt lat="50.36939" lon="4.32478"/>
            <trkpt lat="50.36972" lon="4.3235"/>
            <trkpt lat="50.36994" lon="4.32237"/>
            <trkpt lat="50.37015" lon="4.32101"/>
            <trkpt lat="50.37033" lon="4.31969"/>
            <trkpt lat="50.37043" lon="4.31876"/>
            <trkpt lat="50.37044" lon="4.31851"/>
            <trkpt lat="50.37042" lon="4.31826"/>
            <trkpt lat="50.3704" lon="4.31809"/>
            <trkpt lat="50.37038" lon="4.31797"/>
            <trkpt lat="50.37034" lon="4.3178"/>
            <trkpt lat="50.37032" lon="4.31771"/>
            <trkpt lat="50.37026" lon="4.31752"/>
            <trkpt lat="50.37016" lon="4.31728"/>
            <trkpt lat="50.37005" lon="4.31706"/>
            <trkpt lat="50.36992" lon="4.31687"/>
            <trkpt lat="50.36966" lon="4.3166"/>
            <trkpt lat="50.36953" lon="4.31651"/>
            <trkpt lat="50.36935" lon="4.31642"/>
            <trkpt lat="50.36929" lon="4.3164"/>
            <trkpt lat="50.36905" lon="4.31634"/>
            <trkpt lat="50.36884" lon="4.31635"/>
            <trkpt lat="50.3686" lon="4.31639"/>
            <trkpt lat="50.36841" lon="4.31646"/>
            <trkpt lat="50.3679" lon="4.3169"/>
            <trkpt lat="50.36745" lon="4.31733"/>
            <trkpt lat="50.36711" lon="4.31765"/>
            <trkpt lat="50.36635" lon="4.31835"/>
            <trkpt lat="50.36568" lon="4.31899"/>
            <trkpt lat="50.36515" lon="4.31951"/>
            <trkpt lat="50.36476" lon="4.31989"/>
            <trkpt lat="50.36471" lon="4.31993"/>
            <trkpt lat="50.36449" lon="4.32014"/>
            <trkpt lat="50.36201" lon="4.32251"/>
            <trkpt lat="50.36192" lon="4.3226"/>
            <trkpt lat="50.36133" lon="4.32318"/>
            <trkpt lat="50.36133" lon="4.32318"/>
            <trkpt lat="50.36073" lon="4.32376"/>
            <trkpt lat="50.35944" lon="4.32499"/>
            <trkpt lat="50.359" lon="4.32546"/>
            <trkpt lat="50.35731" lon="4.32707"/>
            <trkpt lat="50.35685" lon="4.32754"/>
            <trkpt lat="50.3567" lon="4.32773"/>
            <trkpt lat="50.35649" lon="4.32807"/>
            <trkpt lat="50.3564" lon="4.32829"/>
            <trkpt lat="50.35625" lon="4.32861"/>
            <trkpt lat="50.35589" lon="4.32939"/>
            <trkpt lat="50.35545" lon="4.33036"/>
            <trkpt lat="50.35509" lon="4.33124"/>
            <trkpt lat="50.35435" lon="4.3333"/>
            <trkpt lat="50.35372" lon="4.33507"/>
            <trkpt lat="50.3536" lon="4.33547"/>
            <trkpt lat="50.35312" lon="4.33679"/>
            <trkpt lat="50.35261" lon="4.33824"/>
            <trkpt lat="50.35254" lon="4.33846"/>
            <trkpt lat="50.35231" lon="4.33908"/>
            <trkpt lat="50.3521" lon="4.33957"/>
            <trkpt lat="50.35196" lon="4.33983"/>
            <trkpt lat="50.35183" lon="4.34004"/>
            <trkpt lat="50.35168" lon="4.34022"/>
            <trkpt lat="50.35146" lon="4.34043"/>
            <trkpt lat="50.35012" lon="4.34151"/>
            <trkpt lat="50.34983" lon="4.34181"/>
            <trkpt lat="50.34948" lon="4.34223"/>
            <trkpt lat="50.34925" lon="4.34253"/>
            <trkpt lat="50.34911" lon="4.34272"/>
            <trkpt lat="50.34882" lon="4.34312"/>
            <trkpt lat="50.34854" lon="4.34349"/>
            <trkpt lat="50.34816" lon="4.34403"/>
            <trkpt lat="50.34802" lon="4.34421"/>
            <trkpt lat="50.34644" lon="4.34634"/>
            <trkpt lat="50.34567" lon="4.3474"/>
            <trkpt lat="50.34559" lon="4.34752"/>
            <trkpt lat="50.34483" lon="4.3486"/>
            <trkpt lat="50.34466" lon="4.34887"/>
            <trkpt lat="50.34446" lon="4.34921"/>
            <trkpt lat="50.34443" lon="4.34926"/>
            <trkpt lat="50.34403" lon="4.35004"/>
            <trkpt lat="50.34379" lon="4.35055"/>
            <trkpt lat="50.34378" lon="4.35059"/>
            <trkpt lat="50.34366" lon="4.35082"/>
            <trkpt lat="50.34343" lon="4.35117"/>
            <trkpt lat="50.34273" lon="4.35211"/>
            <trkpt lat="50.34259" lon="4.35223"/>
            <trkpt lat="50.34245" lon="4.35235"/>
            <trkpt lat="50.34129" lon="4.35361"/>
            <trkpt lat="50.34119" lon="4.35374"/>
            <trkpt lat="50.34036" lon="4.35476"/>
            <trkpt lat="50.33979" lon="4.35549"/>
            <trkpt lat="50.3396" lon="4.35571"/>
            <trkpt lat="50.33936" lon="4.35609"/>
            <trkpt lat="50.33936" lon="4.3561"/>
            <trkpt lat="50.33923" lon="4.35636"/>
            <trkpt lat="50.33912" lon="4.35654"/>
            <trkpt lat="50.339" lon="4.35682"/>
            <trkpt lat="50.33887" lon="4.35706"/>
            <trkpt lat="50.33878" lon="4.35716"/>
            <trkpt lat="50.33872" lon="4.3572"/>
            <trkpt lat="50.33862" lon="4.35722"/>
            <trkpt lat="50.33841" lon="4.35722"/>
            <trkpt lat="50.33792" lon="4.35725"/>
            <trkpt lat="50.33772" lon="4.35729"/>
            <trkpt lat="50.33741" lon="4.35743"/>
            <trkpt lat="50.33724" lon="4.35752"/>
            <trkpt lat="50.33678" lon="4.3578"/>
            <trkpt lat="50.33564" lon="4.35836"/>
            <trkpt lat="50.33532" lon="4.35855"/>
            <trkpt lat="50.33513" lon="4.3587"/>
            <trkpt lat="50.33498" lon="4.35886"/>
            <trkpt lat="50.33461" lon="4.35931"/>
            <trkpt lat="50.33455" lon="4.35938"/>
            <trkpt lat="50.33432" lon="4.35982"/>
            <trkpt lat="50.33387" lon="4.36055"/>
            <trkpt lat="50.3337" lon="4.36084"/>
            <trkpt lat="50.33341" lon="4.36145"/>
            <trkpt lat="50.33304" lon="4.36235"/>
            <trkpt lat="50.33279" lon="4.36302"/>
            <trkpt lat="50.33216" lon="4.36449"/>
            <trkpt lat="50.33211" lon="4.36466"/>
            <trkpt lat="50.33209" lon="4.36471"/>
            <trkpt lat="50.33206" lon="4.3648"/>
            <trkpt lat="50.33193" lon="4.36513"/>
            <trkpt lat="50.33143" lon="4.36624"/>
            <trkpt lat="50.33103" lon="4.36698"/>
            <trkpt lat="50.33082" lon="4.36733"/>
            <trkpt lat="50.33046" lon="4.36786"/>
            <trkpt lat="50.33017" lon="4.36825"/>
            <trkpt lat="50.32985" lon="4.36863"/>
            <trkpt lat="50.3297" lon="4.36879"/>
            <trkpt lat="50.32941" lon="4.36904"/>
            <trkpt lat="50.32889" lon="4.36936"/>
            <trkpt lat="50.32882" lon="4.36941"/>
            <trkpt lat="50.32875" lon="4.36949"/>
            <trkpt lat="50.32863" lon="4.36967"/>
            <trkpt lat="50.32811" lon="4.37045"/>
            <trkpt lat="50.32787" lon="4.37074"/>
            <trkpt lat="50.32721" lon="4.36974"/>
            <trkpt lat="50.32722" lon="4.3698"/>
            <trkpt lat="50.32721" lon="4.36984"/>
            <trkpt lat="50.32721" lon="4.36986"/>
            <trkpt lat="50.32719" lon="4.36991"/>
            <trkpt lat="50.32708" lon="4.3701"/>
            <trkpt lat="50.32692" lon="4.37039"/>
            <trkpt lat="50.32677" lon="4.37061"/>
            <trkpt lat="50.32599" lon="4.37171"/>
            <trkpt lat="50.32585" lon="4.37193"/>
            <trkpt lat="50.32576" lon="4.37205"/>
            <trkpt lat="50.32567" lon="4.37215"/>
            <trkpt lat="50.32547" lon="4.3724"/>
            <trkpt lat="50.32542" lon="4.37246"/>
            <trkpt lat="50.3254" lon="4.3725"/>
            <trkpt lat="50.32538" lon="4.37254"/>
            <trkpt lat="50.32537" lon="4.37256"/>
            <trkpt lat="50.32537" lon="4.37258"/>
            <trkpt lat="50.32535" lon="4.3727"/>
            <trkpt lat="50.32535" lon="4.37279"/>
            <trkpt lat="50.32537" lon="4.3732"/>
            <trkpt lat="50.32541" lon="4.37373"/>
            <trkpt lat="50.32541" lon="4.37424"/>
            <trkpt lat="50.32539" lon="4.37437"/>
            <trkpt lat="50.32537" lon="4.37449"/>
            <trkpt lat="50.32517" lon="4.37527"/>
            <trkpt lat="50.32477" lon="4.37679"/>
            <trkpt lat="50.32461" lon="4.37732"/>
            <trkpt lat="50.32459" lon="4.37737"/>
            <trkpt lat="50.32456" lon="4.37748"/>
            <trkpt lat="50.3245" lon="4.37766"/>
            <trkpt lat="50.32439" lon="4.37794"/>
            <trkpt lat="50.32417" lon="4.37857"/>
            <trkpt lat="50.32395" lon="4.37924"/>
            <trkpt lat="50.3238" lon="4.3798"/>
            <trkpt lat="50.32376" lon="4.3799"/>
            <trkpt lat="50.32368" lon="4.38021"/>
            <trkpt lat="50.32349" lon="4.38093"/>
            <trkpt lat="50.3232" lon="4.38176"/>
            <trkpt lat="50.3227" lon="4.38312"/>
            <trkpt lat="50.32259" lon="4.38352"/>
            <trkpt lat="50.32253" lon="4.38379"/>
            <trkpt lat="50.32246" lon="4.38429"/>
            <trkpt lat="50.3224" lon="4.38464"/>
            <trkpt lat="50.32239" lon="4.38477"/>
            <trkpt lat="50.32235" lon="4.38498"/>
            <trkpt lat="50.32224" lon="4.38545"/>
            <trkpt lat="50.32217" lon="4.38585"/>
            <trkpt lat="50.32214" lon="4.38606"/>
            <trkpt lat="50.322" lon="4.38709"/>
            <trkpt lat="50.32198" lon="4.38718"/>
            <trkpt lat="50.32197" lon="4.38722"/>
            <trkpt lat="50.32195" lon="4.38726"/>
            <trkpt lat="50.32188" lon="4.38737"/>
            <trkpt lat="50.32194" lon="4.38791"/>
            <trkpt lat="50.32193" lon="4.38797"/>
            <trkpt lat="50.32193" lon="4.38807"/>
            <trkpt lat="50.32196" lon="4.38876"/>
            <trkpt lat="50.32197" lon="4.38899"/>
            <trkpt lat="50.32197" lon="4.3892"/>
            <trkpt lat="50.32196" lon="4.38957"/>
            <trkpt lat="50.32185" lon="4.38968"/>
            <trkpt lat="50.3218" lon="4.38975"/>
            <trkpt lat="50.32177" lon="4.38979"/>
            <trkpt lat="50.32155" lon="4.3903"/>
            <trkpt lat="50.3214" lon="4.39054"/>
            <trkpt lat="50.32132" lon="4.39066"/>
            <trkpt lat="50.32123" lon="4.39074"/>
            <trkpt lat="50.32104" lon="4.39084"/>
            <trkpt lat="50.32057" lon="4.39105"/>
            <trkpt lat="50.3203" lon="4.39122"/>
            <trkpt lat="50.31979" lon="4.39164"/>
            <trkpt lat="50.31972" lon="4.39173"/>
            <trkpt lat="50.31966" lon="4.39181"/>
            <trkpt lat="50.31956" lon="4.39198"/>
            <trkpt lat="50.31945" lon="4.39225"/>
            <trkpt lat="50.31935" lon="4.39266"/>
            <trkpt lat="50.31898" lon="4.39453"/>
            <trkpt lat="50.31866" lon="4.39613"/>
            <trkpt lat="50.31799" lon="4.39942"/>
            <trkpt lat="50.31789" lon="4.39994"/>
            <trkpt lat="50.31786" lon="4.40012"/>
            <trkpt lat="50.31785" lon="4.4002"/>
            <trkpt lat="50.31785" lon="4.40049"/>
            <trkpt lat="50.31788" lon="4.40069"/>
            <trkpt lat="50.31792" lon="4.40093"/>
            <trkpt lat="50.31798" lon="4.40106"/>
            <trkpt lat="50.31839" lon="4.40194"/>
            <trkpt lat="50.31887" lon="4.40287"/>
            <trkpt lat="50.31902" lon="4.40316"/>
            <trkpt lat="50.31916" lon="4.40343"/>
            <trkpt lat="50.31931" lon="4.40383"/>
            <trkpt lat="50.31938" lon="4.40444"/>
            <trkpt lat="50.31939" lon="4.40458"/>
            <trkpt lat="50.3194" lon="4.40471"/>
            <trkpt lat="50.3194" lon="4.40477"/>
            <trkpt lat="50.31943" lon="4.40534"/>
            <trkpt lat="50.31945" lon="4.40568"/>
            <trkpt lat="50.31952" lon="4.40619"/>
            <trkpt lat="50.31959" lon="4.40657"/>
            <trkpt lat="50.31969" lon="4.4068"/>
            <trkpt lat="50.31989" lon="4.40708"/>
            <trkpt lat="50.31997" lon="4.40723"/>
            <trkpt lat="50.32003" lon="4.4074"/>
            <trkpt lat="50.32004" lon="4.40752"/>
            <trkpt lat="50.32003" lon="4.40767"/>
            <trkpt lat="50.32002" lon="4.40779"/>
            <trkpt lat="50.32" lon="4.40787"/>
            <trkpt lat="50.31996" lon="4.40796"/>
            <trkpt lat="50.31993" lon="4.40808"/>
            <trkpt lat="50.3198" lon="4.40836"/>
            <trkpt lat="50.31975" lon="4.40852"/>
            <trkpt lat="50.31972" lon="4.4087"/>
            <trkpt lat="50.31971" lon="4.40884"/>
            <trkpt lat="50.31975" lon="4.40902"/>
            <trkpt lat="50.3198" lon="4.40917"/>
            <trkpt lat="50.31986" lon="4.40926"/>
            <trkpt lat="50.32063" lon="4.41034"/>
            <trkpt lat="50.32115" lon="4.41103"/>
            <trkpt lat="50.32131" lon="4.41127"/>
            <trkpt lat="50.32137" lon="4.41138"/>
            <trkpt lat="50.32142" lon="4.41149"/>
            <trkpt lat="50.32146" lon="4.41159"/>
            <trkpt lat="50.32148" lon="4.4117"/>
            <trkpt lat="50.3215" lon="4.41184"/>
            <trkpt lat="50.3215" lon="4.41206"/>
            <trkpt lat="50.32149" lon="4.41219"/>
            <trkpt lat="50.32093" lon="4.41495"/>
            <trkpt lat="50.32062" lon="4.4165"/>
            <trkpt lat="50.32052" lon="4.41698"/>
            <trkpt lat="50.32042" lon="4.41751"/>
            <trkpt lat="50.32031" lon="4.41792"/>
            <trkpt lat="50.32005" lon="4.41938"/>
            <trkpt lat="50.32" lon="4.41976"/>
            <trkpt lat="50.31998" lon="4.42"/>
            <trkpt lat="50.31999" lon="4.4204"/>
            <trkpt lat="50.32001" lon="4.4206"/>
            <trkpt lat="50.32005" lon="4.4208"/>
            <trkpt lat="50.32011" lon="4.42108"/>
            <trkpt lat="50.32027" lon="4.42169"/>
            <trkpt lat="50.32029" lon="4.42177"/>
            <trkpt lat="50.32083" lon="4.42375"/>
            <trkpt lat="50.32087" lon="4.42398"/>
            <trkpt lat="50.32087" lon="4.42421"/>
            <trkpt lat="50.32085" lon="4.4249"/>
            <trkpt lat="50.32078" lon="4.42627"/>
            <trkpt lat="50.32076" lon="4.42672"/>
            <trkpt lat="50.32072" lon="4.42718"/>
            <trkpt lat="50.32068" lon="4.42738"/>
            <trkpt lat="50.32056" lon="4.4285"/>
            <trkpt lat="50.32029" lon="4.43062"/>
            <trkpt lat="50.32026" lon="4.43102"/>
            <trkpt lat="50.32027" lon="4.43145"/>
            <trkpt lat="50.32033" lon="4.43182"/>
            <trkpt lat="50.32043" lon="4.4324"/>
            <trkpt lat="50.32109" lon="4.43601"/>
            <trkpt lat="50.32122" lon="4.43668"/>
            <trkpt lat="50.32155" lon="4.43848"/>
            <trkpt lat="50.32191" lon="4.44046"/>
            <trkpt lat="50.32196" lon="4.44079"/>
            <trkpt lat="50.32204" lon="4.44121"/>
            <trkpt lat="50.3224" lon="4.44312"/>
            <trkpt lat="50.32239" lon="4.44322"/>
            <trkpt lat="50.32242" lon="4.44326"/>
            <trkpt lat="50.32247" lon="4.44334"/>
            <trkpt lat="50.32278" lon="4.44395"/>
            <trkpt lat="50.32332" lon="4.44503"/>
            <trkpt lat="50.32342" lon="4.44516"/>
            <trkpt lat="50.32387" lon="4.44522"/>
            <trkpt lat="50.324" lon="4.44521"/>
            <trkpt lat="50.32418" lon="4.44516"/>
            <trkpt lat="50.32425" lon="4.44506"/>
            <trkpt lat="50.3243" lon="4.44526"/>
            <trkpt lat="50.3243" lon="4.44564"/>
            <trkpt lat="50.32429" lon="4.44577"/>
            <trkpt lat="50.32426" lon="4.44687"/>
            <trkpt lat="50.32427" lon="4.44703"/>
            <trkpt lat="50.32429" lon="4.44713"/>
            <trkpt lat="50.32432" lon="4.44722"/>
            <trkpt lat="50.32436" lon="4.4473"/>
            <trkpt lat="50.32429" lon="4.44762"/>
            <trkpt lat="50.32427" lon="4.44786"/>
            <trkpt lat="50.32428" lon="4.44804"/>
            <trkpt lat="50.32434" lon="4.44842"/>
            <trkpt lat="50.32436" lon="4.44862"/>
            <trkpt lat="50.32437" lon="4.44876"/>
            <trkpt lat="50.32435" lon="4.4489"/>
            <trkpt lat="50.32431" lon="4.44905"/>
            <trkpt lat="50.32421" lon="4.44934"/>
            <trkpt lat="50.32413" lon="4.44954"/>
            <trkpt lat="50.32385" lon="4.4502"/>
            <trkpt lat="50.32373" lon="4.45047"/>
            <trkpt lat="50.32361" lon="4.45075"/>
            <trkpt lat="50.32358" lon="4.45079"/>
            <trkpt lat="50.32356" lon="4.45082"/>
            <trkpt lat="50.32348" lon="4.45088"/>
            <trkpt lat="50.32334" lon="4.45099"/>
            <trkpt lat="50.32316" lon="4.45107"/>
            <trkpt lat="50.32269" lon="4.45118"/>
            <trkpt lat="50.32262" lon="4.45119"/>
            <trkpt lat="50.32257" lon="4.4512"/>
            <trkpt lat="50.32251" lon="4.45121"/>
            <trkpt lat="50.32247" lon="4.45122"/>
            <trkpt lat="50.32236" lon="4.45127"/>
            <trkpt lat="50.32232" lon="4.45129"/>
            <trkpt lat="50.32227" lon="4.45133"/>
            <trkpt lat="50.32218" lon="4.45142"/>
            <trkpt lat="50.32211" lon="4.45152"/>
            <trkpt lat="50.32199" lon="4.45173"/>
            <trkpt lat="50.32192" lon="4.45187"/>
            <trkpt lat="50.32156" lon="4.4527"/>
            <trkpt lat="50.32114" lon="4.45385"/>
            <trkpt lat="50.32091" lon="4.45453"/>
            <trkpt lat="50.32084" lon="4.45477"/>
            <trkpt lat="50.32049" lon="4.45612"/>
            <trkpt lat="50.32009" lon="4.45758"/>
            <trkpt lat="50.32" lon="4.45791"/>
            <trkpt lat="50.31965" lon="4.45873"/>
            <trkpt lat="50.31938" lon="4.45929"/>
            <trkpt lat="50.31927" lon="4.45947"/>
            <trkpt lat="50.3186" lon="4.46045"/>
            <trkpt lat="50.31851" lon="4.46058"/>
            <trkpt lat="50.31809" lon="4.46117"/>
            <trkpt lat="50.31792" lon="4.46136"/>
            <trkpt lat="50.31779" lon="4.46144"/>
            <trkpt lat="50.31738" lon="4.46155"/>
            <trkpt lat="50.31727" lon="4.46158"/>
            <trkpt lat="50.31706" lon="4.46164"/>
            <trkpt lat="50.31687" lon="4.46169"/>
            <trkpt lat="50.31668" lon="4.46176"/>
            <trkpt lat="50.31629" lon="4.46205"/>
            <trkpt lat="50.31608" lon="4.46221"/>
            <trkpt lat="50.3158" lon="4.46243"/>
            <trkpt lat="50.31564" lon="4.4626"/>
            <trkpt lat="50.31534" lon="4.46295"/>
            <trkpt lat="50.31524" lon="4.46308"/>
            <trkpt lat="50.31521" lon="4.46312"/>
            <trkpt lat="50.31516" lon="4.46321"/>
            <trkpt lat="50.31498" lon="4.46363"/>
            <trkpt lat="50.31496" lon="4.4637"/>
            <trkpt lat="50.31493" lon="4.46375"/>
            <trkpt lat="50.3148" lon="4.46401"/>
            <trkpt lat="50.31471" lon="4.46419"/>
            <trkpt lat="50.31464" lon="4.46426"/>
            <trkpt lat="50.31455" lon="4.46442"/>
            <trkpt lat="50.31452" lon="4.46447"/>
            <trkpt lat="50.31449" lon="4.46458"/>
            <trkpt lat="50.31442" lon="4.4648"/>
            <trkpt lat="50.31438" lon="4.46501"/>
            <trkpt lat="50.31431" lon="4.46534"/>
            <trkpt lat="50.31419" lon="4.46561"/>
            <trkpt lat="50.31349" lon="4.46688"/>
            <trkpt lat="50.31334" lon="4.46711"/>
            <trkpt lat="50.31327" lon="4.46718"/>
            <trkpt lat="50.31295" lon="4.46748"/>
            <trkpt lat="50.31277" lon="4.46769"/>
            <trkpt lat="50.31254" lon="4.46804"/>
            <trkpt lat="50.312" lon="4.46888"/>
            <trkpt lat="50.31195" lon="4.46895"/>
            <trkpt lat="50.31188" lon="4.46898"/>
            <trkpt lat="50.31173" lon="4.46903"/>
            <trkpt lat="50.31164" lon="4.46909"/>
            <trkpt lat="50.31162" lon="4.46916"/>
            <trkpt lat="50.31159" lon="4.46924"/>
            <trkpt lat="50.31155" lon="4.46948"/>
            <trkpt lat="50.31148" lon="4.47082"/>
            <trkpt lat="50.31148" lon="4.47116"/>
            <trkpt lat="50.31144" lon="4.47263"/>
            <trkpt lat="50.31137" lon="4.47351"/>
            <trkpt lat="50.31129" lon="4.47418"/>
            <trkpt lat="50.3112" lon="4.47501"/>
            <trkpt lat="50.31097" lon="4.47628"/>
            <trkpt lat="50.31088" lon="4.47685"/>
            <trkpt lat="50.31079" lon="4.47817"/>
            <trkpt lat="50.31073" lon="4.47902"/>
            <trkpt lat="50.31072" lon="4.47944"/>
            <trkpt lat="50.31072" lon="4.47968"/>
            <trkpt lat="50.31071" lon="4.47987"/>
            <trkpt lat="50.31071" lon="4.48001"/>
            <trkpt lat="50.31071" lon="4.48016"/>
            <trkpt lat="50.31063" lon="4.48242"/>
            <trkpt lat="50.31059" lon="4.48352"/>
            <trkpt lat="50.31058" lon="4.48365"/>
            <trkpt lat="50.31052" lon="4.48386"/>
            <trkpt lat="50.31038" lon="4.4841"/>
            <trkpt lat="50.3097" lon="4.48501"/>
            <trkpt lat="50.30949" lon="4.48534"/>
            <trkpt lat="50.30942" lon="4.48549"/>
            <trkpt lat="50.30935" lon="4.48571"/>
            <trkpt lat="50.30928" lon="4.48615"/>
            <trkpt lat="50.30927" lon="4.4863"/>
            <trkpt lat="50.30928" lon="4.48644"/>
            <trkpt lat="50.3093" lon="4.48656"/>
            <trkpt lat="50.30934" lon="4.48667"/>
            <trkpt lat="50.30937" lon="4.48677"/>
            <trkpt lat="50.30977" lon="4.48762"/>
            <trkpt lat="50.30995" lon="4.48803"/>
            <trkpt lat="50.31004" lon="4.48834"/>
            <trkpt lat="50.31009" lon="4.48858"/>
            <trkpt lat="50.31011" lon="4.48889"/>
            <trkpt lat="50.31009" lon="4.48909"/>
            <trkpt lat="50.31006" lon="4.48922"/>
            <trkpt lat="50.31002" lon="4.48936"/>
            <trkpt lat="50.30988" lon="4.48967"/>
            <trkpt lat="50.30964" lon="4.49018"/>
            <trkpt lat="50.30958" lon="4.49035"/>
            <trkpt lat="50.30951" lon="4.49057"/>
            <trkpt lat="50.30898" lon="4.49152"/>
            <trkpt lat="50.30883" lon="4.49183"/>
            <trkpt lat="50.30875" lon="4.49203"/>
            <trkpt lat="50.30863" lon="4.4924"/>
            <trkpt lat="50.30835" lon="4.4934"/>
            <trkpt lat="50.30817" lon="4.49396"/>
            <trkpt lat="50.30728" lon="4.49629"/>
            <trkpt lat="50.3071" lon="4.4968"/>
            <trkpt lat="50.3073" lon="4.49706"/>
            <trkpt lat="50.30808" lon="4.49813"/>
            <trkpt lat="50.3087" lon="4.49908"/>
            <trkpt lat="50.3092" lon="4.49982"/>
            <trkpt lat="50.30958" lon="4.50035"/>
            <trkpt lat="50.30977" lon="4.50065"/>
            <trkpt lat="50.30975" lon="4.50075"/>
            <trkpt lat="50.30975" lon="4.50078"/>
            <trkpt lat="50.30976" lon="4.50093"/>
            <trkpt lat="50.30982" lon="4.50149"/>
            <trkpt lat="50.30991" lon="4.50214"/>
            <trkpt lat="50.30994" lon="4.50266"/>
            <trkpt lat="50.30996" lon="4.50439"/>
            <trkpt lat="50.31002" lon="4.5088"/>
            <trkpt lat="50.31001" lon="4.50927"/>
            <trkpt lat="50.30996" lon="4.50968"/>
            <trkpt lat="50.30987" lon="4.51022"/>
            <trkpt lat="50.3063" lon="4.51311"/>
            <trkpt lat="50.30558" lon="4.51368"/>
            <trkpt lat="50.30502" lon="4.51418"/>
            <trkpt lat="50.30398" lon="4.51521"/>
            <trkpt lat="50.30393" lon="4.51525"/>
            <trkpt lat="50.30384" lon="4.51534"/>
            <trkpt lat="50.30256" lon="4.51668"/>
            <trkpt lat="50.30237" lon="4.51686"/>
            <trkpt lat="50.3023" lon="4.51691"/>
            <trkpt lat="50.30209" lon="4.51704"/>
            <trkpt lat="50.30163" lon="4.51727"/>
            <trkpt lat="50.30143" lon="4.51745"/>
            <trkpt lat="50.30066" lon="4.51859"/>
            <trkpt lat="50.30063" lon="4.51864"/>
            <trkpt lat="50.30054" lon="4.51883"/>
            <trkpt lat="50.30046" lon="4.5191"/>
            <trkpt lat="50.30042" lon="4.51932"/>
            <trkpt lat="50.30037" lon="4.5199"/>
            <trkpt lat="50.30036" lon="4.52001"/>
            <trkpt lat="50.30031" lon="4.52016"/>
            <trkpt lat="50.30022" lon="4.52031"/>
            <trkpt lat="50.29967" lon="4.52112"/>
            <trkpt lat="50.29966" lon="4.52113"/>
            <trkpt lat="50.29961" lon="4.52119"/>
            <trkpt lat="50.29954" lon="4.52124"/>
            <trkpt lat="50.29915" lon="4.52151"/>
            <trkpt lat="50.29903" lon="4.52156"/>
            <trkpt lat="50.29787" lon="4.52195"/>
            <trkpt lat="50.29751" lon="4.52205"/>
            <trkpt lat="50.2972" lon="4.5221"/>
            <trkpt lat="50.29685" lon="4.5221"/>
            <trkpt lat="50.29672" lon="4.5221"/>
            <trkpt lat="50.29634" lon="4.52205"/>
            <trkpt lat="50.29623" lon="4.52282"/>
            <trkpt lat="50.2962" lon="4.523"/>
            <trkpt lat="50.29607" lon="4.5231"/>
            <trkpt lat="50.29577" lon="4.52325"/>
            <trkpt lat="50.29572" lon="4.52327"/>
            <trkpt lat="50.29567" lon="4.52329"/>
            <trkpt lat="50.2955" lon="4.5234"/>
            <trkpt lat="50.29547" lon="4.52343"/>
            <trkpt lat="50.29544" lon="4.52347"/>
            <trkpt lat="50.29541" lon="4.52351"/>
            <trkpt lat="50.29538" lon="4.52355"/>
            <trkpt lat="50.29516" lon="4.52372"/>
            <trkpt lat="50.29513" lon="4.52375"/>
            <trkpt lat="50.29513" lon="4.52402"/>
            <trkpt lat="50.29517" lon="4.52408"/>
            <trkpt lat="50.29522" lon="4.52414"/>
            <trkpt lat="50.29524" lon="4.52416"/>
            <trkpt lat="50.29528" lon="4.5242"/>
            <trkpt lat="50.29531" lon="4.52423"/>
            <trkpt lat="50.29537" lon="4.52441"/>
            <trkpt lat="50.29541" lon="4.52466"/>
            <trkpt lat="50.29542" lon="4.52474"/>
            <trkpt lat="50.29547" lon="4.52524"/>
            <trkpt lat="50.29548" lon="4.52534"/>
            <trkpt lat="50.29546" lon="4.52559"/>
            <trkpt lat="50.29541" lon="4.52583"/>
            <trkpt lat="50.2954" lon="4.52584"/>
            <trkpt lat="50.2953" lon="4.5262"/>
            <trkpt lat="50.29527" lon="4.52637"/>
            <trkpt lat="50.29524" lon="4.52647"/>
            <trkpt lat="50.29521" lon="4.52678"/>
            <trkpt lat="50.2952" lon="4.52681"/>
            <trkpt lat="50.2952" lon="4.52699"/>
            <trkpt lat="50.2952" lon="4.5272"/>
            <trkpt lat="50.29522" lon="4.52772"/>
            <trkpt lat="50.2952" lon="4.52793"/>
            <trkpt lat="50.29518" lon="4.52801"/>
            <trkpt lat="50.29517" lon="4.52807"/>
            <trkpt lat="50.29513" lon="4.52815"/>
            <trkpt lat="50.29509" lon="4.52822"/>
            <trkpt lat="50.29503" lon="4.52831"/>
            <trkpt lat="50.29492" lon="4.52844"/>
            <trkpt lat="50.29467" lon="4.52864"/>
            <trkpt lat="50.29456" lon="4.52872"/>
            <trkpt lat="50.29424" lon="4.52898"/>
            <trkpt lat="50.29409" lon="4.52912"/>
            <trkpt lat="50.29264" lon="4.53069"/>
            <trkpt lat="50.2925" lon="4.53093"/>
            <trkpt lat="50.29247" lon="4.53104"/>
            <trkpt lat="50.2921" lon="4.53269"/>
            <trkpt lat="50.29186" lon="4.53391"/>
            <trkpt lat="50.29156" lon="4.53508"/>
            <trkpt lat="50.29125" lon="4.53621"/>
            <trkpt lat="50.29123" lon="4.53629"/>
            <trkpt lat="50.29102" lon="4.53731"/>
            <trkpt lat="50.29104" lon="4.53787"/>
            <trkpt lat="50.29111" lon="4.53829"/>
            <trkpt lat="50.29114" lon="4.53881"/>
            <trkpt lat="50.29116" lon="4.53927"/>
            <trkpt lat="50.29114" lon="4.53985"/>
            <trkpt lat="50.29087" lon="4.54216"/>
            <trkpt lat="50.29077" lon="4.54254"/>
            <trkpt lat="50.29063" lon="4.5429"/>
            <trkpt lat="50.29053" lon="4.54323"/>
            <trkpt lat="50.29051" lon="4.54329"/>
            <trkpt lat="50.28998" lon="4.5448"/>
            <trkpt lat="50.28981" lon="4.54521"/>
            <trkpt lat="50.28969" lon="4.54542"/>
            <trkpt lat="50.28958" lon="4.54559"/>
            <trkpt lat="50.28941" lon="4.54571"/>
            <trkpt lat="50.28918" lon="4.54583"/>
            <trkpt lat="50.2883" lon="4.54615"/>
            <trkpt lat="50.28668" lon="4.5466"/>
            <trkpt lat="50.28638" lon="4.54677"/>
            <trkpt lat="50.28619" lon="4.54689"/>
            <trkpt lat="50.2859" lon="4.54722"/>
            <trkpt lat="50.28513" lon="4.54834"/>
            <trkpt lat="50.28511" lon="4.54836"/>
            <trkpt lat="50.28482" lon="4.54889"/>
            <trkpt lat="50.28468" lon="4.54928"/>
            <trkpt lat="50.28463" lon="4.5496"/>
            <trkpt lat="50.28458" lon="4.55031"/>
            <trkpt lat="50.2846" lon="4.55087"/>
            <trkpt lat="50.28461" lon="4.55122"/>
            <trkpt lat="50.2847" lon="4.55206"/>
            <trkpt lat="50.2847" lon="4.55216"/>
            <trkpt lat="50.28469" lon="4.55223"/>
            <trkpt lat="50.28465" lon="4.55231"/>
            <trkpt lat="50.2846" lon="4.55237"/>
            <trkpt lat="50.28454" lon="4.55242"/>
            <trkpt lat="50.28444" lon="4.55251"/>
            <trkpt lat="50.28399" lon="4.55272"/>
            <trkpt lat="50.2837" lon="4.55289"/>
            <trkpt lat="50.28325" lon="4.5531"/>
            <trkpt lat="50.28307" lon="4.55323"/>
            <trkpt lat="50.28299" lon="4.5533"/>
            <trkpt lat="50.28294" lon="4.55337"/>
            <trkpt lat="50.2832" lon="4.55461"/>
            <trkpt lat="50.28321" lon="4.55469"/>
            <trkpt lat="50.28322" lon="4.55477"/>
            <trkpt lat="50.28325" lon="4.55521"/>
            <trkpt lat="50.28326" lon="4.55566"/>
            <trkpt lat="50.28321" lon="4.55731"/>
            <trkpt lat="50.28316" lon="4.55819"/>
            <trkpt lat="50.28303" lon="4.56009"/>
            <trkpt lat="50.28293" lon="4.56155"/>
            <trkpt lat="50.28289" lon="4.56224"/>
            <trkpt lat="50.2828" lon="4.56382"/>
            <trkpt lat="50.28277" lon="4.56449"/>
            <trkpt lat="50.28276" lon="4.56504"/>
            <trkpt lat="50.28272" lon="4.56555"/>
            <trkpt lat="50.2827" lon="4.56576"/>
            <trkpt lat="50.28267" lon="4.56618"/>
            <trkpt lat="50.28265" lon="4.56647"/>
            <trkpt lat="50.28265" lon="4.56676"/>
            <trkpt lat="50.28268" lon="4.56693"/>
            <trkpt lat="50.28273" lon="4.56711"/>
            <trkpt lat="50.28292" lon="4.56772"/>
            <trkpt lat="50.28359" lon="4.56961"/>
            <trkpt lat="50.28367" lon="4.56985"/>
            <trkpt lat="50.28383" lon="4.57031"/>
            <trkpt lat="50.28394" lon="4.57062"/>
            <trkpt lat="50.28446" lon="4.57204"/>
            <trkpt lat="50.28582" lon="4.5757"/>
            <trkpt lat="50.28656" lon="4.57773"/>
            <trkpt lat="50.28665" lon="4.57795"/>
            <trkpt lat="50.28675" lon="4.57825"/>
            <trkpt lat="50.28677" lon="4.57833"/>
            <trkpt lat="50.28681" lon="4.57848"/>
            <trkpt lat="50.2874" lon="4.58105"/>
            <trkpt lat="50.28804" lon="4.58375"/>
            <trkpt lat="50.2883" lon="4.58498"/>
            <trkpt lat="50.28838" lon="4.58537"/>
            <trkpt lat="50.28848" lon="4.58585"/>
            <trkpt lat="50.28912" lon="4.58873"/>
            <trkpt lat="50.28935" lon="4.58975"/>
            <trkpt lat="50.28991" lon="4.59229"/>
            <trkpt lat="50.29076" lon="4.59616"/>
            <trkpt lat="50.29078" lon="4.59624"/>
            <trkpt lat="50.293" lon="4.60631"/>
            <trkpt lat="50.29376" lon="4.60995"/>
            <trkpt lat="50.29384" lon="4.61027"/>
            <trkpt lat="50.29415" lon="4.61168"/>
            <trkpt lat="50.29444" lon="4.61306"/>
            <trkpt lat="50.2947" lon="4.61426"/>
            <trkpt lat="50.29491" lon="4.61518"/>
            <trkpt lat="50.29494" lon="4.61535"/>
            <trkpt lat="50.29539" lon="4.61743"/>
            <trkpt lat="50.29541" lon="4.6175"/>
            <trkpt lat="50.29604" lon="4.62035"/>
            <trkpt lat="50.29614" lon="4.62081"/>
            <trkpt lat="50.29616" lon="4.62087"/>
            <trkpt lat="50.2965" lon="4.62254"/>
            <trkpt lat="50.29693" lon="4.62448"/>
            <trkpt lat="50.29719" lon="4.62564"/>
            <trkpt lat="50.29744" lon="4.62687"/>
            <trkpt lat="50.29848" lon="4.63163"/>
            <trkpt lat="50.29872" lon="4.63267"/>
            <trkpt lat="50.29882" lon="4.63313"/>
            <trkpt lat="50.29858" lon="4.6334"/>
            <trkpt lat="50.29785" lon="4.63414"/>
            <trkpt lat="50.29573" lon="4.63623"/>
            <trkpt lat="50.29568" lon="4.63628"/>
            <trkpt lat="50.29541" lon="4.63655"/>
            <trkpt lat="50.29381" lon="4.63813"/>
            <trkpt lat="50.29201" lon="4.63995"/>
            <trkpt lat="50.29198" lon="4.63999"/>
            <trkpt lat="50.29088" lon="4.64138"/>
            <trkpt lat="50.29046" lon="4.64196"/>
            <trkpt lat="50.28998" lon="4.64274"/>
            <trkpt lat="50.28993" lon="4.64276"/>
            <trkpt lat="50.2899" lon="4.64279"/>
            <trkpt lat="50.28962" lon="4.64324"/>
            <trkpt lat="50.28943" lon="4.64343"/>
            <trkpt lat="50.28937" lon="4.64341"/>
            <trkpt lat="50.28934" lon="4.64341"/>
            <trkpt lat="50.28931" lon="4.64342"/>
            <trkpt lat="50.28929" lon="4.64344"/>
            <trkpt lat="50.28924" lon="4.64349"/>
            <trkpt lat="50.28923" lon="4.64353"/>
            <trkpt lat="50.28922" lon="4.64356"/>
            <trkpt lat="50.28921" lon="4.6436"/>
            <trkpt lat="50.28921" lon="4.64365"/>
            <trkpt lat="50.28922" lon="4.6437"/>
            <trkpt lat="50.28905" lon="4.64408"/>
            <trkpt lat="50.28884" lon="4.64436"/>
            <trkpt lat="50.28881" lon="4.64441"/>
            <trkpt lat="50.2888" lon="4.64448"/>
            <trkpt lat="50.28857" lon="4.64481"/>
            <trkpt lat="50.28852" lon="4.64488"/>
            <trkpt lat="50.28733" lon="4.64657"/>
            <trkpt lat="50.28623" lon="4.6481"/>
            <trkpt lat="50.28528" lon="4.64931"/>
            <trkpt lat="50.28422" lon="4.65054"/>
            <trkpt lat="50.28322" lon="4.6515"/>
            <trkpt lat="50.28286" lon="4.65187"/>
            <trkpt lat="50.28262" lon="4.65214"/>
            <trkpt lat="50.28232" lon="4.65257"/>
            <trkpt lat="50.2822" lon="4.65274"/>
            <trkpt lat="50.28196" lon="4.65305"/>
            <trkpt lat="50.2818" lon="4.65332"/>
            <trkpt lat="50.28176" lon="4.65339"/>
            <trkpt lat="50.2817" lon="4.65351"/>
            <trkpt lat="50.28167" lon="4.6536"/>
            <trkpt lat="50.28169" lon="4.65374"/>
            <trkpt lat="50.28172" lon="4.65384"/>
            <trkpt lat="50.28174" lon="4.65388"/>
            <trkpt lat="50.28176" lon="4.65405"/>
            <trkpt lat="50.28176" lon="4.65417"/>
            <trkpt lat="50.28161" lon="4.65535"/>
            <trkpt lat="50.28151" lon="4.65655"/>
            <trkpt lat="50.28147" lon="4.65678"/>
            <trkpt lat="50.28143" lon="4.65693"/>
            <trkpt lat="50.28139" lon="4.65703"/>
            <trkpt lat="50.28132" lon="4.65711"/>
            <trkpt lat="50.28125" lon="4.65718"/>
            <trkpt lat="50.28113" lon="4.65726"/>
            <trkpt lat="50.28099" lon="4.65745"/>
            <trkpt lat="50.2809" lon="4.65761"/>
            <trkpt lat="50.28066" lon="4.65804"/>
            <trkpt lat="50.28059" lon="4.6582"/>
            <trkpt lat="50.28029" lon="4.65887"/>
            <trkpt lat="50.28018" lon="4.65911"/>
            <trkpt lat="50.28016" lon="4.65918"/>
            <trkpt lat="50.28013" lon="4.65928"/>
            <trkpt lat="50.28013" lon="4.65933"/>
            <trkpt lat="50.28013" lon="4.65938"/>
            <trkpt lat="50.28014" lon="4.65943"/>
            <trkpt lat="50.28018" lon="4.65952"/>
            <trkpt lat="50.28034" lon="4.65982"/>
            <trkpt lat="50.28037" lon="4.65987"/>
            <trkpt lat="50.28047" lon="4.66012"/>
            <trkpt lat="50.28066" lon="4.66059"/>
            <trkpt lat="50.28073" lon="4.66081"/>
            <trkpt lat="50.28076" lon="4.66098"/>
            <trkpt lat="50.28077" lon="4.66113"/>
            <trkpt lat="50.28074" lon="4.66134"/>
            <trkpt lat="50.2807" lon="4.6615"/>
            <trkpt lat="50.28068" lon="4.66158"/>
            <trkpt lat="50.28064" lon="4.66184"/>
            <trkpt lat="50.28107" lon="4.66203"/>
            <trkpt lat="50.282" lon="4.6624"/>
            <trkpt lat="50.28235" lon="4.6621"/>
            <trkpt lat="50.28315" lon="4.66111"/>
            <trkpt lat="50.28327" lon="4.66103"/>
            <trkpt lat="50.28337" lon="4.66105"/>
            <trkpt lat="50.28348" lon="4.66112"/>
            <trkpt lat="50.28356" lon="4.66122"/>
            <trkpt lat="50.28371" lon="4.66155"/>
            <trkpt lat="50.28392" lon="4.66208"/>
            <trkpt lat="50.28421" lon="4.66251"/>
            <trkpt lat="50.28473" lon="4.66269"/>
            <trkpt lat="50.28478" lon="4.6627"/>
            <trkpt lat="50.2849" lon="4.66278"/>
            <trkpt lat="50.285" lon="4.66286"/>
            <trkpt lat="50.28508" lon="4.66296"/>
            <trkpt lat="50.28517" lon="4.66311"/>
            <trkpt lat="50.28568" lon="4.6639"/>
            <trkpt lat="50.28717" lon="4.66605"/>
            <trkpt lat="50.28738" lon="4.66632"/>
            <trkpt lat="50.28782" lon="4.66686"/>
            <trkpt lat="50.28906" lon="4.66821"/>
            <trkpt lat="50.2892" lon="4.66847"/>
            <trkpt lat="50.28925" lon="4.66864"/>
            <trkpt lat="50.28928" lon="4.66872"/>
            <trkpt lat="50.28933" lon="4.6689"/>
            <trkpt lat="50.28942" lon="4.6691"/>
            <trkpt lat="50.28955" lon="4.66936"/>
            <trkpt lat="50.29045" lon="4.67098"/>
            <trkpt lat="50.29149" lon="4.67278"/>
            <trkpt lat="50.29165" lon="4.673"/>
            <trkpt lat="50.29381" lon="4.67545"/>
            <trkpt lat="50.29385" lon="4.67549"/>
            <trkpt lat="50.29389" lon="4.67554"/>
            <trkpt lat="50.29395" lon="4.67563"/>
            <trkpt lat="50.29435" lon="4.67626"/>
            <trkpt lat="50.29486" lon="4.67712"/>
            <trkpt lat="50.29516" lon="4.67757"/>
            <trkpt lat="50.29526" lon="4.67772"/>
            <trkpt lat="50.29541" lon="4.67784"/>
            <trkpt lat="50.29556" lon="4.67796"/>
            <trkpt lat="50.2962" lon="4.67849"/>
            <trkpt lat="50.29641" lon="4.67873"/>
            <trkpt lat="50.29646" lon="4.67886"/>
            <trkpt lat="50.29665" lon="4.67951"/>
            <trkpt lat="50.29681" lon="4.67959"/>
            <trkpt lat="50.29696" lon="4.67964"/>
            <trkpt lat="50.29704" lon="4.67967"/>
            <trkpt lat="50.29712" lon="4.67972"/>
            <trkpt lat="50.2972" lon="4.67977"/>
            <trkpt lat="50.29738" lon="4.68007"/>
            <trkpt lat="50.29816" lon="4.67987"/>
            <trkpt lat="50.29826" lon="4.6798"/>
            <trkpt lat="50.29877" lon="4.68001"/>
            <trkpt lat="50.29884" lon="4.68005"/>
            <trkpt lat="50.29889" lon="4.68008"/>
            <trkpt lat="50.29897" lon="4.68018"/>
            <trkpt lat="50.29897" lon="4.68018"/>
            <trkpt lat="50.29905" lon="4.68034"/>
            <trkpt lat="50.29925" lon="4.68095"/>
            <trkpt lat="50.29926" lon="4.68098"/>
            <trkpt lat="50.29929" lon="4.68099"/>
            <trkpt lat="50.29935" lon="4.68098"/>
            <trkpt lat="50.29943" lon="4.68098"/>
            <trkpt lat="50.29959" lon="4.68101"/>
            <trkpt lat="50.29999" lon="4.68118"/>
            <trkpt lat="50.30007" lon="4.68128"/>
            <trkpt lat="50.30012" lon="4.68138"/>
            <trkpt lat="50.30015" lon="4.68147"/>
            <trkpt lat="50.30021" lon="4.68231"/>
            <trkpt lat="50.30024" lon="4.683"/>
            <trkpt lat="50.30025" lon="4.68361"/>
            <trkpt lat="50.29983" lon="4.68671"/>
            <trkpt lat="50.29973" lon="4.68757"/>
            <trkpt lat="50.29972" lon="4.68778"/>
            <trkpt lat="50.29967" lon="4.6887"/>
            <trkpt lat="50.29965" lon="4.68933"/>
            <trkpt lat="50.29966" lon="4.69049"/>
            <trkpt lat="50.29968" lon="4.69215"/>
            <trkpt lat="50.29958" lon="4.69476"/>
            <trkpt lat="50.29958" lon="4.69483"/>
            <trkpt lat="50.29958" lon="4.6949"/>
            <trkpt lat="50.29958" lon="4.69494"/>
            <trkpt lat="50.29959" lon="4.69507"/>
            <trkpt lat="50.29959" lon="4.69514"/>
            <trkpt lat="50.29961" lon="4.69527"/>
            <trkpt lat="50.29998" lon="4.6974"/>
            <trkpt lat="50.29999" lon="4.69748"/>
            <trkpt lat="50.3" lon="4.69764"/>
            <trkpt lat="50.30001" lon="4.69782"/>
            <trkpt lat="50.29995" lon="4.699"/>
            <trkpt lat="50.29997" lon="4.69961"/>
            <trkpt lat="50.30008" lon="4.70215"/>
            <trkpt lat="50.3001" lon="4.70257"/>
            <trkpt lat="50.30015" lon="4.70339"/>
            <trkpt lat="50.30017" lon="4.7038"/>
            <trkpt lat="50.30018" lon="4.704"/>
            <trkpt lat="50.3002" lon="4.70421"/>
            <trkpt lat="50.3002" lon="4.7044"/>
            <trkpt lat="50.30017" lon="4.70464"/>
            <trkpt lat="50.30031" lon="4.70462"/>
            <trkpt lat="50.3008" lon="4.70448"/>
            <trkpt lat="50.30086" lon="4.70447"/>
            <trkpt lat="50.301" lon="4.70443"/>
            <trkpt lat="50.30091" lon="4.70548"/>
            <trkpt lat="50.30061" lon="4.70818"/>
            <trkpt lat="50.30054" lon="4.70917"/>
            <trkpt lat="50.30053" lon="4.70944"/>
            <trkpt lat="50.30052" lon="4.7101"/>
            <trkpt lat="50.30054" lon="4.71051"/>
            <trkpt lat="50.30057" lon="4.71077"/>
            <trkpt lat="50.30057" lon="4.7108"/>
            <trkpt lat="50.30058" lon="4.71096"/>
            <trkpt lat="50.30057" lon="4.71116"/>
            <trkpt lat="50.30029" lon="4.71429"/>
            <trkpt lat="50.30021" lon="4.71573"/>
            <trkpt lat="50.30019" lon="4.71616"/>
            <trkpt lat="50.30018" lon="4.7162"/>
            <trkpt lat="50.30012" lon="4.71649"/>
            <trkpt lat="50.30005" lon="4.71684"/>
            <trkpt lat="50.3" lon="4.71713"/>
            <trkpt lat="50.29992" lon="4.71784"/>
            <trkpt lat="50.29989" lon="4.71801"/>
            <trkpt lat="50.29987" lon="4.71829"/>
            <trkpt lat="50.29991" lon="4.71869"/>
            <trkpt lat="50.30029" lon="4.72091"/>
            <trkpt lat="50.3003" lon="4.72109"/>
            <trkpt lat="50.30028" lon="4.72129"/>
            <trkpt lat="50.30026" lon="4.72141"/>
            <trkpt lat="50.30021" lon="4.72165"/>
            <trkpt lat="50.30017" lon="4.72177"/>
            <trkpt lat="50.30005" lon="4.72201"/>
            <trkpt lat="50.30023" lon="4.72211"/>
            <trkpt lat="50.3003" lon="4.72276"/>
            <trkpt lat="50.30033" lon="4.72393"/>
            <trkpt lat="50.30035" lon="4.72412"/>
            <trkpt lat="50.30039" lon="4.72454"/>
            <trkpt lat="50.3004" lon="4.72464"/>
            <trkpt lat="50.30044" lon="4.72475"/>
            <trkpt lat="50.30069" lon="4.72524"/>
            <trkpt lat="50.30076" lon="4.72538"/>
            <trkpt lat="50.30078" lon="4.72541"/>
            <trkpt lat="50.30081" lon="4.7255"/>
            <trkpt lat="50.30088" lon="4.72566"/>
            <trkpt lat="50.30106" lon="4.72633"/>
            <trkpt lat="50.3011" lon="4.72654"/>
            <trkpt lat="50.30113" lon="4.72671"/>
            <trkpt lat="50.30128" lon="4.72782"/>
            <trkpt lat="50.3013" lon="4.72809"/>
            <trkpt lat="50.3013" lon="4.72842"/>
            <trkpt lat="50.30116" lon="4.73153"/>
            <trkpt lat="50.30112" lon="4.7319"/>
            <trkpt lat="50.30104" lon="4.73221"/>
            <trkpt lat="50.30098" lon="4.73239"/>
            <trkpt lat="50.30093" lon="4.73262"/>
            <trkpt lat="50.30088" lon="4.73296"/>
            <trkpt lat="50.30074" lon="4.73378"/>
            <trkpt lat="50.3007" lon="4.73413"/>
            <trkpt lat="50.3007" lon="4.73436"/>
            <trkpt lat="50.3007" lon="4.73446"/>
            <trkpt lat="50.30071" lon="4.7346"/>
            <trkpt lat="50.30081" lon="4.73543"/>
            <trkpt lat="50.30086" lon="4.73567"/>
            <trkpt lat="50.30118" lon="4.7364"/>
            <trkpt lat="50.30124" lon="4.73658"/>
            <trkpt lat="50.30128" lon="4.73678"/>
            <trkpt lat="50.3013" lon="4.73692"/>
            <trkpt lat="50.3013" lon="4.7372"/>
            <trkpt lat="50.30128" lon="4.73745"/>
            <trkpt lat="50.30124" lon="4.73768"/>
            <trkpt lat="50.30114" lon="4.73795"/>
            <trkpt lat="50.30112" lon="4.738"/>
            <trkpt lat="50.30101" lon="4.7383"/>
            <trkpt lat="50.30088" lon="4.73869"/>
            <trkpt lat="50.30067" lon="4.73954"/>
            <trkpt lat="50.3006" lon="4.73998"/>
            <trkpt lat="50.30057" lon="4.74028"/>
            <trkpt lat="50.30061" lon="4.74069"/>
            <trkpt lat="50.30065" lon="4.74091"/>
            <trkpt lat="50.30072" lon="4.7413"/>
            <trkpt lat="50.30076" lon="4.74193"/>
            <trkpt lat="50.30076" lon="4.74236"/>
            <trkpt lat="50.30068" lon="4.74315"/>
            <trkpt lat="50.30057" lon="4.74392"/>
            <trkpt lat="50.30049" lon="4.74428"/>
            <trkpt lat="50.30042" lon="4.74472"/>
            <trkpt lat="50.30033" lon="4.7457"/>
            <trkpt lat="50.30031" lon="4.74609"/>
            <trkpt lat="50.30027" lon="4.74689"/>
            <trkpt lat="50.30024" lon="4.74725"/>
            <trkpt lat="50.30016" lon="4.7478"/>
            <trkpt lat="50.30015" lon="4.74792"/>
            <trkpt lat="50.30013" lon="4.74829"/>
            <trkpt lat="50.30013" lon="4.7486"/>
            <trkpt lat="50.30013" lon="4.74872"/>
            <trkpt lat="50.30015" lon="4.74889"/>
            <trkpt lat="50.30021" lon="4.74907"/>
            <trkpt lat="50.30024" lon="4.74924"/>
            <trkpt lat="50.30028" lon="4.74969"/>
            <trkpt lat="50.30027" lon="4.74986"/>
            <trkpt lat="50.30023" lon="4.7501"/>
            <trkpt lat="50.30011" lon="4.75053"/>
            <trkpt lat="50.29967" lon="4.75166"/>
            <trkpt lat="50.29964" lon="4.75173"/>
            <trkpt lat="50.2994" lon="4.75221"/>
            <trkpt lat="50.29934" lon="4.75233"/>
            <trkpt lat="50.29931" lon="4.7524"/>
            <trkpt lat="50.2993" lon="4.75246"/>
            <trkpt lat="50.2993" lon="4.75251"/>
            <trkpt lat="50.29935" lon="4.7527"/>
            <trkpt lat="50.29936" lon="4.75275"/>
            <trkpt lat="50.29943" lon="4.75293"/>
            <trkpt lat="50.29952" lon="4.75316"/>
            <trkpt lat="50.29965" lon="4.75344"/>
            <trkpt lat="50.29976" lon="4.7536"/>
            <trkpt lat="50.29992" lon="4.7538"/>
            <trkpt lat="50.29994" lon="4.75382"/>
            <trkpt lat="50.30014" lon="4.75399"/>
            <trkpt lat="50.30045" lon="4.75426"/>
            <trkpt lat="50.30064" lon="4.75437"/>
            <trkpt lat="50.3007" lon="4.75439"/>
            <trkpt lat="50.30076" lon="4.75439"/>
            <trkpt lat="50.30085" lon="4.75434"/>
            <trkpt lat="50.30092" lon="4.75428"/>
            <trkpt lat="50.301" lon="4.75424"/>
            <trkpt lat="50.30109" lon="4.75424"/>
            <trkpt lat="50.30121" lon="4.75427"/>
            <trkpt lat="50.30131" lon="4.75437"/>
            <trkpt lat="50.30142" lon="4.75456"/>
            <trkpt lat="50.3015" lon="4.75476"/>
            <trkpt lat="50.30157" lon="4.75493"/>
            <trkpt lat="50.30216" lon="4.75646"/>
            <trkpt lat="50.30279" lon="4.75787"/>
            <trkpt lat="50.30294" lon="4.7583"/>
            <trkpt lat="50.30308" lon="4.75893"/>
            <trkpt lat="50.30316" lon="4.75935"/>
            <trkpt lat="50.30322" lon="4.75977"/>
            <trkpt lat="50.30327" lon="4.76004"/>
            <trkpt lat="50.30335" lon="4.76025"/>
            <trkpt lat="50.30337" lon="4.7603"/>
            <trkpt lat="50.30358" lon="4.76068"/>
            <trkpt lat="50.30367" lon="4.76079"/>
            <trkpt lat="50.30378" lon="4.76088"/>
            <trkpt lat="50.30403" lon="4.76095"/>
            <trkpt lat="50.3042" lon="4.76095"/>
            <trkpt lat="50.30437" lon="4.76092"/>
            <trkpt lat="50.30467" lon="4.76084"/>
            <trkpt lat="50.30475" lon="4.76085"/>
            <trkpt lat="50.30484" lon="4.76089"/>
            <trkpt lat="50.30495" lon="4.76097"/>
            <trkpt lat="50.30546" lon="4.76144"/>
            <trkpt lat="50.30551" lon="4.76149"/>
            <trkpt lat="50.30605" lon="4.76198"/>
            <trkpt lat="50.30631" lon="4.76226"/>
            <trkpt lat="50.30653" lon="4.76256"/>
            <trkpt lat="50.30676" lon="4.76297"/>
            <trkpt lat="50.30682" lon="4.76311"/>
            <trkpt lat="50.30692" lon="4.76345"/>
            <trkpt lat="50.30695" lon="4.76361"/>
            <trkpt lat="50.30696" lon="4.76367"/>
            <trkpt lat="50.30697" lon="4.76388"/>
            <trkpt lat="50.30696" lon="4.76411"/>
            <trkpt lat="50.30688" lon="4.76461"/>
            <trkpt lat="50.30684" lon="4.76474"/>
            <trkpt lat="50.30659" lon="4.7654"/>
            <trkpt lat="50.30657" lon="4.76549"/>
            <trkpt lat="50.30657" lon="4.76562"/>
            <trkpt lat="50.30658" lon="4.76567"/>
            <trkpt lat="50.30659" lon="4.76571"/>
            <trkpt lat="50.30662" lon="4.76576"/>
            <trkpt lat="50.30666" lon="4.76579"/>
            <trkpt lat="50.30671" lon="4.76583"/>
            <trkpt lat="50.30678" lon="4.76589"/>
            <trkpt lat="50.30687" lon="4.76598"/>
            <trkpt lat="50.30692" lon="4.76605"/>
            <trkpt lat="50.30695" lon="4.76614"/>
            <trkpt lat="50.30698" lon="4.76623"/>
            <trkpt lat="50.30702" lon="4.76643"/>
            <trkpt lat="50.30698" lon="4.76663"/>
            <trkpt lat="50.30697" lon="4.76669"/>
            <trkpt lat="50.30687" lon="4.767"/>
            <trkpt lat="50.30685" lon="4.76707"/>
            <trkpt lat="50.30684" lon="4.76714"/>
            <trkpt lat="50.30684" lon="4.76722"/>
            <trkpt lat="50.30653" lon="4.76776"/>
            <trkpt lat="50.30634" lon="4.76806"/>
            <trkpt lat="50.30633" lon="4.76807"/>
            <trkpt lat="50.30569" lon="4.76896"/>
            <trkpt lat="50.30536" lon="4.76935"/>
            <trkpt lat="50.30525" lon="4.7695"/>
            <trkpt lat="50.30512" lon="4.76976"/>
            <trkpt lat="50.30482" lon="4.7707"/>
            <trkpt lat="50.30418" lon="4.77227"/>
            <trkpt lat="50.30412" lon="4.77238"/>
            <trkpt lat="50.30409" lon="4.77249"/>
            <trkpt lat="50.30406" lon="4.77262"/>
            <trkpt lat="50.30405" lon="4.77288"/>
            <trkpt lat="50.30407" lon="4.77323"/>
            <trkpt lat="50.30414" lon="4.77363"/>
            <trkpt lat="50.30421" lon="4.77433"/>
            <trkpt lat="50.30421" lon="4.77478"/>
            <trkpt lat="50.30414" lon="4.7756"/>
            <trkpt lat="50.30414" lon="4.77595"/>
            <trkpt lat="50.30411" lon="4.77646"/>
            <trkpt lat="50.30392" lon="4.77772"/>
            <trkpt lat="50.3039" lon="4.77791"/>
            <trkpt lat="50.3039" lon="4.77808"/>
            <trkpt lat="50.30398" lon="4.77845"/>
            <trkpt lat="50.304" lon="4.77863"/>
            <trkpt lat="50.30397" lon="4.77878"/>
            <trkpt lat="50.30393" lon="4.77893"/>
            <trkpt lat="50.30384" lon="4.77913"/>
            <trkpt lat="50.3036" lon="4.77951"/>
            <trkpt lat="50.30347" lon="4.77962"/>
            <trkpt lat="50.30337" lon="4.77972"/>
            <trkpt lat="50.30324" lon="4.77982"/>
            <trkpt lat="50.30312" lon="4.77985"/>
            <trkpt lat="50.30295" lon="4.77979"/>
            <trkpt lat="50.30272" lon="4.77964"/>
            <trkpt lat="50.30261" lon="4.77951"/>
            <trkpt lat="50.30249" lon="4.77935"/>
            <trkpt lat="50.3021" lon="4.77885"/>
            <trkpt lat="50.30173" lon="4.77829"/>
            <trkpt lat="50.30116" lon="4.77785"/>
            <trkpt lat="50.30082" lon="4.77755"/>
            <trkpt lat="50.30074" lon="4.77745"/>
            <trkpt lat="50.30068" lon="4.77729"/>
            <trkpt lat="50.30059" lon="4.77687"/>
            <trkpt lat="50.30049" lon="4.77653"/>
            <trkpt lat="50.30036" lon="4.77635"/>
            <trkpt lat="50.30033" lon="4.7763"/>
            <trkpt lat="50.30015" lon="4.77604"/>
            <trkpt lat="50.30003" lon="4.77588"/>
            <trkpt lat="50.29992" lon="4.77579"/>
            <trkpt lat="50.29981" lon="4.77574"/>
            <trkpt lat="50.29971" lon="4.77574"/>
            <trkpt lat="50.2995" lon="4.77582"/>
            <trkpt lat="50.2994" lon="4.77589"/>
            <trkpt lat="50.29926" lon="4.77603"/>
            <trkpt lat="50.29899" lon="4.77638"/>
            <trkpt lat="50.29883" lon="4.77655"/>
            <trkpt lat="50.29866" lon="4.7767"/>
            <trkpt lat="50.29826" lon="4.77693"/>
            <trkpt lat="50.29797" lon="4.77713"/>
            <trkpt lat="50.29774" lon="4.77731"/>
            <trkpt lat="50.29703" lon="4.77789"/>
            <trkpt lat="50.29642" lon="4.77836"/>
            <trkpt lat="50.29633" lon="4.77845"/>
            <trkpt lat="50.29626" lon="4.77858"/>
            <trkpt lat="50.29622" lon="4.77869"/>
            <trkpt lat="50.29623" lon="4.77896"/>
            <trkpt lat="50.29628" lon="4.77934"/>
            <trkpt lat="50.29638" lon="4.78031"/>
            <trkpt lat="50.29646" lon="4.78066"/>
            <trkpt lat="50.29666" lon="4.78127"/>
            <trkpt lat="50.29676" lon="4.78175"/>
            <trkpt lat="50.29679" lon="4.78196"/>
            <trkpt lat="50.2968" lon="4.78218"/>
            <trkpt lat="50.29676" lon="4.78239"/>
            <trkpt lat="50.29672" lon="4.78246"/>
            <trkpt lat="50.29668" lon="4.78251"/>
            <trkpt lat="50.29666" lon="4.78253"/>
            <trkpt lat="50.29659" lon="4.78257"/>
            <trkpt lat="50.2965" lon="4.78257"/>
            <trkpt lat="50.29647" lon="4.78254"/>
            <trkpt lat="50.29627" lon="4.78236"/>
            <trkpt lat="50.29574" lon="4.78195"/>
            <trkpt lat="50.29541" lon="4.78179"/>
            <trkpt lat="50.29532" lon="4.78175"/>
            <trkpt lat="50.29525" lon="4.78173"/>
            <trkpt lat="50.29522" lon="4.78173"/>
            <trkpt lat="50.2952" lon="4.78174"/>
            <trkpt lat="50.29516" lon="4.78177"/>
            <trkpt lat="50.29514" lon="4.78187"/>
            <trkpt lat="50.29514" lon="4.78194"/>
            <trkpt lat="50.29515" lon="4.78209"/>
            <trkpt lat="50.29522" lon="4.78285"/>
            <trkpt lat="50.29523" lon="4.78315"/>
            <trkpt lat="50.29522" lon="4.78319"/>
            <trkpt lat="50.29518" lon="4.78363"/>
            <trkpt lat="50.29517" lon="4.78365"/>
            <trkpt lat="50.29512" lon="4.78384"/>
            <trkpt lat="50.29502" lon="4.78407"/>
            <trkpt lat="50.29482" lon="4.78443"/>
            <trkpt lat="50.29477" lon="4.78453"/>
            <trkpt lat="50.29472" lon="4.78468"/>
            <trkpt lat="50.2947" lon="4.78477"/>
            <trkpt lat="50.29452" lon="4.78559"/>
            <trkpt lat="50.29416" lon="4.78752"/>
            <trkpt lat="50.294" lon="4.78866"/>
            <trkpt lat="50.29396" lon="4.78908"/>
            <trkpt lat="50.29391" lon="4.78934"/>
            <trkpt lat="50.29386" lon="4.78949"/>
            <trkpt lat="50.2938" lon="4.78964"/>
            <trkpt lat="50.29369" lon="4.78979"/>
            <trkpt lat="50.29345" lon="4.79004"/>
            <trkpt lat="50.29343" lon="4.79006"/>
            <trkpt lat="50.29309" lon="4.79046"/>
            <trkpt lat="50.29307" lon="4.7905"/>
            <trkpt lat="50.29304" lon="4.79053"/>
            <trkpt lat="50.29297" lon="4.79064"/>
            <trkpt lat="50.29282" lon="4.79107"/>
            <trkpt lat="50.29227" lon="4.79282"/>
            <trkpt lat="50.29208" lon="4.79356"/>
            <trkpt lat="50.29172" lon="4.79565"/>
            <trkpt lat="50.29155" lon="4.79694"/>
            <trkpt lat="50.2915" lon="4.79744"/>
            <trkpt lat="50.29146" lon="4.80018"/>
            <trkpt lat="50.29145" lon="4.80056"/>
            <trkpt lat="50.29146" lon="4.80082"/>
            <trkpt lat="50.29154" lon="4.80127"/>
            <trkpt lat="50.29164" lon="4.80177"/>
            <trkpt lat="50.29169" lon="4.80208"/>
            <trkpt lat="50.2917" lon="4.80221"/>
            <trkpt lat="50.2917" lon="4.80232"/>
            <trkpt lat="50.29166" lon="4.80293"/>
            <trkpt lat="50.29167" lon="4.80305"/>
            <trkpt lat="50.29168" lon="4.80313"/>
            <trkpt lat="50.29172" lon="4.8033"/>
            <trkpt lat="50.29176" lon="4.80339"/>
            <trkpt lat="50.29182" lon="4.80349"/>
            <trkpt lat="50.29185" lon="4.80356"/>
            <trkpt lat="50.29191" lon="4.80379"/>
            <trkpt lat="50.29192" lon="4.80388"/>
            <trkpt lat="50.29192" lon="4.80397"/>
            <trkpt lat="50.29192" lon="4.8041"/>
            <trkpt lat="50.2919" lon="4.80434"/>
            <trkpt lat="50.2919" lon="4.80458"/>
            <trkpt lat="50.29195" lon="4.80502"/>
            <trkpt lat="50.29229" lon="4.80704"/>
            <trkpt lat="50.29242" lon="4.80782"/>
            <trkpt lat="50.29249" lon="4.80854"/>
            <trkpt lat="50.29248" lon="4.80885"/>
            <trkpt lat="50.29233" lon="4.81043"/>
            <trkpt lat="50.29229" lon="4.81074"/>
            <trkpt lat="50.29226" lon="4.81084"/>
            <trkpt lat="50.29224" lon="4.81089"/>
            <trkpt lat="50.29218" lon="4.81098"/>
            <trkpt lat="50.29197" lon="4.81123"/>
            <trkpt lat="50.29193" lon="4.8113"/>
            <trkpt lat="50.29189" lon="4.81139"/>
            <trkpt lat="50.29188" lon="4.81148"/>
            <trkpt lat="50.29187" lon="4.81157"/>
            <trkpt lat="50.29187" lon="4.81171"/>
            <trkpt lat="50.2919" lon="4.81201"/>
            <trkpt lat="50.29191" lon="4.81208"/>
            <trkpt lat="50.29191" lon="4.81225"/>
            <trkpt lat="50.29189" lon="4.81241"/>
            <trkpt lat="50.29178" lon="4.81274"/>
            <trkpt lat="50.29163" lon="4.81305"/>
            <trkpt lat="50.29148" lon="4.81332"/>
            <trkpt lat="50.29141" lon="4.81351"/>
            <trkpt lat="50.29137" lon="4.81376"/>
            <trkpt lat="50.29137" lon="4.81388"/>
            <trkpt lat="50.29139" lon="4.81401"/>
            <trkpt lat="50.29156" lon="4.81436"/>
            <trkpt lat="50.2917" lon="4.81457"/>
            <trkpt lat="50.29182" lon="4.81468"/>
            <trkpt lat="50.29188" lon="4.81471"/>
            <trkpt lat="50.29194" lon="4.81473"/>
            <trkpt lat="50.29199" lon="4.81473"/>
            <trkpt lat="50.29207" lon="4.8147"/>
            <trkpt lat="50.29219" lon="4.81458"/>
            <trkpt lat="50.29224" lon="4.81452"/>
            <trkpt lat="50.29234" lon="4.81435"/>
            <trkpt lat="50.29245" lon="4.81409"/>
            <trkpt lat="50.29251" lon="4.81388"/>
            <trkpt lat="50.29258" lon="4.8137"/>
            <trkpt lat="50.29266" lon="4.81356"/>
            <trkpt lat="50.29296" lon="4.81321"/>
            <trkpt lat="50.29307" lon="4.81307"/>
            <trkpt lat="50.29323" lon="4.81277"/>
            <trkpt lat="50.29338" lon="4.81246"/>
            <trkpt lat="50.29342" lon="4.81241"/>
            <trkpt lat="50.29365" lon="4.8122"/>
            <trkpt lat="50.29373" lon="4.81218"/>
            <trkpt lat="50.29385" lon="4.81218"/>
            <trkpt lat="50.29396" lon="4.8122"/>
            <trkpt lat="50.29414" lon="4.81233"/>
            <trkpt lat="50.29465" lon="4.81277"/>
            <trkpt lat="50.29486" lon="4.81299"/>
            <trkpt lat="50.29503" lon="4.81322"/>
            <trkpt lat="50.29527" lon="4.81368"/>
            <trkpt lat="50.29533" lon="4.81385"/>
            <trkpt lat="50.29536" lon="4.814"/>
            <trkpt lat="50.29539" lon="4.81446"/>
            <trkpt lat="50.2954" lon="4.81473"/>
            <trkpt lat="50.29541" lon="4.81478"/>
            <trkpt lat="50.29542" lon="4.81483"/>
            <trkpt lat="50.29546" lon="4.81493"/>
            <trkpt lat="50.29553" lon="4.81502"/>
            <trkpt lat="50.29558" lon="4.81507"/>
            <trkpt lat="50.29573" lon="4.81518"/>
            <trkpt lat="50.29586" lon="4.81522"/>
            <trkpt lat="50.29632" lon="4.81523"/>
            <trkpt lat="50.2964" lon="4.81514"/>
            <trkpt lat="50.29649" lon="4.81498"/>
            <trkpt lat="50.29656" lon="4.81477"/>
            <trkpt lat="50.29665" lon="4.81455"/>
            <trkpt lat="50.29672" lon="4.81446"/>
            <trkpt lat="50.29679" lon="4.8144"/>
            <trkpt lat="50.29705" lon="4.81425"/>
            <trkpt lat="50.29718" lon="4.8142"/>
            <trkpt lat="50.29753" lon="4.81423"/>
            <trkpt lat="50.2979" lon="4.81436"/>
            <trkpt lat="50.29804" lon="4.81442"/>
            <trkpt lat="50.29812" lon="4.8145"/>
            <trkpt lat="50.29832" lon="4.81478"/>
            <trkpt lat="50.29858" lon="4.81531"/>
            <trkpt lat="50.29873" lon="4.81566"/>
            <trkpt lat="50.29906" lon="4.81665"/>
            <trkpt lat="50.29917" lon="4.81713"/>
            <trkpt lat="50.29917" lon="4.81731"/>
            <trkpt lat="50.29914" lon="4.81751"/>
            <trkpt lat="50.29909" lon="4.81768"/>
            <trkpt lat="50.29901" lon="4.81783"/>
            <trkpt lat="50.29895" lon="4.8179"/>
            <trkpt lat="50.29891" lon="4.81805"/>
            <trkpt lat="50.29892" lon="4.81822"/>
            <trkpt lat="50.29898" lon="4.81845"/>
            <trkpt lat="50.29919" lon="4.81892"/>
            <trkpt lat="50.29932" lon="4.81919"/>
            <trkpt lat="50.29946" lon="4.81932"/>
            <trkpt lat="50.29968" lon="4.81946"/>
            <trkpt lat="50.30004" lon="4.81976"/>
            <trkpt lat="50.30015" lon="4.81981"/>
            <trkpt lat="50.30022" lon="4.81981"/>
            <trkpt lat="50.30029" lon="4.81978"/>
            <trkpt lat="50.30036" lon="4.81974"/>
            <trkpt lat="50.30055" lon="4.81953"/>
            <trkpt lat="50.30065" lon="4.81946"/>
            <trkpt lat="50.30072" lon="4.81945"/>
            <trkpt lat="50.3008" lon="4.81946"/>
            <trkpt lat="50.30086" lon="4.81948"/>
            <trkpt lat="50.30094" lon="4.81953"/>
            <trkpt lat="50.30117" lon="4.81973"/>
            <trkpt lat="50.30127" lon="4.81979"/>
            <trkpt lat="50.30143" lon="4.8199"/>
            <trkpt lat="50.3015" lon="4.81998"/>
            <trkpt lat="50.30158" lon="4.82016"/>
            <trkpt lat="50.30162" lon="4.82024"/>
            <trkpt lat="50.30171" lon="4.82035"/>
            <trkpt lat="50.30206" lon="4.82072"/>
            <trkpt lat="50.30243" lon="4.82114"/>
            <trkpt lat="50.3027" lon="4.82142"/>
            <trkpt lat="50.30286" lon="4.82162"/>
            <trkpt lat="50.30298" lon="4.82183"/>
            <trkpt lat="50.30309" lon="4.82206"/>
            <trkpt lat="50.30333" lon="4.82276"/>
            <trkpt lat="50.30339" lon="4.82301"/>
            <trkpt lat="50.30346" lon="4.82352"/>
            <trkpt lat="50.30352" lon="4.82451"/>
            <trkpt lat="50.30355" lon="4.82541"/>
            <trkpt lat="50.30355" lon="4.82623"/>
            <trkpt lat="50.30357" lon="4.82661"/>
            <trkpt lat="50.30358" lon="4.8267"/>
            <trkpt lat="50.30372" lon="4.82733"/>
            <trkpt lat="50.30405" lon="4.82838"/>
            <trkpt lat="50.30417" lon="4.82868"/>
            <trkpt lat="50.30432" lon="4.82896"/>
            <trkpt lat="50.30467" lon="4.82948"/>
            <trkpt lat="50.30485" lon="4.82967"/>
            <trkpt lat="50.30515" lon="4.82988"/>
            <trkpt lat="50.30573" lon="4.83016"/>
            <trkpt lat="50.30609" lon="4.8303"/>
            <trkpt lat="50.30661" lon="4.83038"/>
            <trkpt lat="50.3075" lon="4.83043"/>
            <trkpt lat="50.30764" lon="4.83047"/>
            <trkpt lat="50.30807" lon="4.83065"/>
            <trkpt lat="50.30823" lon="4.83068"/>
            <trkpt lat="50.30832" lon="4.83068"/>
            <trkpt lat="50.30869" lon="4.8306"/>
            <trkpt lat="50.30908" lon="4.83054"/>
            <trkpt lat="50.30944" lon="4.83051"/>
            <trkpt lat="50.30982" lon="4.83064"/>
            <trkpt lat="50.31012" lon="4.83072"/>
            <trkpt lat="50.31051" lon="4.8308"/>
            <trkpt lat="50.31091" lon="4.83085"/>
            <trkpt lat="50.31133" lon="4.83095"/>
            <trkpt lat="50.31144" lon="4.83099"/>
            <trkpt lat="50.31149" lon="4.83102"/>
            <trkpt lat="50.31178" lon="4.83124"/>
            <trkpt lat="50.31224" lon="4.83169"/>
            <trkpt lat="50.3124" lon="4.83189"/>
            <trkpt lat="50.31261" lon="4.83222"/>
            <trkpt lat="50.3127" lon="4.83239"/>
            <trkpt lat="50.31273" lon="4.83247"/>
            <trkpt lat="50.31275" lon="4.83253"/>
            <trkpt lat="50.31279" lon="4.83267"/>
            <trkpt lat="50.31281" lon="4.83277"/>
            <trkpt lat="50.31289" lon="4.83309"/>
            <trkpt lat="50.3129" lon="4.83314"/>
            <trkpt lat="50.31293" lon="4.8332"/>
            <trkpt lat="50.31295" lon="4.83324"/>
            <trkpt lat="50.31301" lon="4.83331"/>
            <trkpt lat="50.31327" lon="4.83352"/>
            <trkpt lat="50.31375" lon="4.83391"/>
            <trkpt lat="50.31383" lon="4.83398"/>
            <trkpt lat="50.31385" lon="4.834"/>
            <trkpt lat="50.31398" lon="4.83419"/>
            <trkpt lat="50.31402" lon="4.83433"/>
            <trkpt lat="50.31403" lon="4.83472"/>
            <trkpt lat="50.31403" lon="4.83477"/>
            <trkpt lat="50.31405" lon="4.83489"/>
            <trkpt lat="50.31415" lon="4.83511"/>
            <trkpt lat="50.31442" lon="4.83553"/>
            <trkpt lat="50.31464" lon="4.83598"/>
            <trkpt lat="50.3152" lon="4.83714"/>
            <trkpt lat="50.31522" lon="4.83718"/>
            <trkpt lat="50.31544" lon="4.83774"/>
            <trkpt lat="50.31556" lon="4.83803"/>
            <trkpt lat="50.31618" lon="4.83984"/>
            <trkpt lat="50.31655" lon="4.84092"/>
            <trkpt lat="50.31687" lon="4.84189"/>
            <trkpt lat="50.31701" lon="4.84236"/>
            <trkpt lat="50.31714" lon="4.84278"/>
            <trkpt lat="50.31722" lon="4.84323"/>
            <trkpt lat="50.31722" lon="4.84418"/>
            <trkpt lat="50.31716" lon="4.8459"/>
            <trkpt lat="50.31709" lon="4.84733"/>
            <trkpt lat="50.31706" lon="4.84796"/>
            <trkpt lat="50.31706" lon="4.84828"/>
            <trkpt lat="50.31708" lon="4.84883"/>
            <trkpt lat="50.31711" lon="4.84924"/>
            <trkpt lat="50.31731" lon="4.85072"/>
            <trkpt lat="50.31737" lon="4.8512"/>
            <trkpt lat="50.31738" lon="4.85123"/>
            <trkpt lat="50.31754" lon="4.85212"/>
            <trkpt lat="50.31812" lon="4.85481"/>
            <trkpt lat="50.31825" lon="4.85537"/>
            <trkpt lat="50.3183" lon="4.85557"/>
            <trkpt lat="50.31838" lon="4.85596"/>
            <trkpt lat="50.31839" lon="4.85599"/>
            <trkpt lat="50.3184" lon="4.85609"/>
            <trkpt lat="50.3184" lon="4.85621"/>
            <trkpt lat="50.31839" lon="4.85635"/>
            <trkpt lat="50.31792" lon="4.85902"/>
            <trkpt lat="50.31783" lon="4.85944"/>
            <trkpt lat="50.31772" lon="4.85977"/>
            <trkpt lat="50.31753" lon="4.86027"/>
            <trkpt lat="50.31744" lon="4.86047"/>
            <trkpt lat="50.31738" lon="4.86064"/>
            <trkpt lat="50.31737" lon="4.86068"/>
            <trkpt lat="50.31718" lon="4.86139"/>
            <trkpt lat="50.31703" lon="4.86203"/>
            <trkpt lat="50.31697" lon="4.86248"/>
            <trkpt lat="50.31685" lon="4.86334"/>
            <trkpt lat="50.31681" lon="4.86406"/>
            <trkpt lat="50.31682" lon="4.86427"/>
            <trkpt lat="50.31684" lon="4.86447"/>
            <trkpt lat="50.31693" lon="4.86471"/>
            <trkpt lat="50.31696" lon="4.86481"/>
            <trkpt lat="50.31699" lon="4.86493"/>
            <trkpt lat="50.317" lon="4.86505"/>
            <trkpt lat="50.31701" lon="4.86521"/>
            <trkpt lat="50.31699" lon="4.86543"/>
            <trkpt lat="50.31682" lon="4.86621"/>
            <trkpt lat="50.31671" lon="4.86658"/>
            <trkpt lat="50.31661" lon="4.86685"/>
            <trkpt lat="50.31656" lon="4.86709"/>
            <trkpt lat="50.31653" lon="4.86734"/>
            <trkpt lat="50.31651" lon="4.8676"/>
            <trkpt lat="50.31648" lon="4.86887"/>
            <trkpt lat="50.31647" lon="4.86959"/>
            <trkpt lat="50.31648" lon="4.87005"/>
            <trkpt lat="50.31649" lon="4.87022"/>
            <trkpt lat="50.31649" lon="4.87077"/>
            <trkpt lat="50.31647" lon="4.87114"/>
            <trkpt lat="50.31637" lon="4.87176"/>
            <trkpt lat="50.31628" lon="4.8724"/>
            <trkpt lat="50.31597" lon="4.87441"/>
            <trkpt lat="50.31593" lon="4.87473"/>
            <trkpt lat="50.31586" lon="4.87519"/>
            <trkpt lat="50.31583" lon="4.87543"/>
            <trkpt lat="50.31582" lon="4.87562"/>
            <trkpt lat="50.3158" lon="4.87571"/>
            <trkpt lat="50.31577" lon="4.87579"/>
            <trkpt lat="50.31574" lon="4.87585"/>
            <trkpt lat="50.31568" lon="4.87588"/>
            <trkpt lat="50.31541" lon="4.87591"/>
            <trkpt lat="50.3153" lon="4.87589"/>
            <trkpt lat="50.31515" lon="4.87583"/>
            <trkpt lat="50.31508" lon="4.87579"/>
            <trkpt lat="50.31507" lon="4.87579"/>
            <trkpt lat="50.315" lon="4.87572"/>
            <trkpt lat="50.31489" lon="4.87563"/>
            <trkpt lat="50.31486" lon="4.8756"/>
            <trkpt lat="50.31483" lon="4.87558"/>
            <trkpt lat="50.31482" lon="4.87557"/>
            <trkpt lat="50.31476" lon="4.87556"/>
            <trkpt lat="50.31472" lon="4.87557"/>
            <trkpt lat="50.31463" lon="4.87562"/>
            <trkpt lat="50.31458" lon="4.87565"/>
            <trkpt lat="50.31453" lon="4.87571"/>
            <trkpt lat="50.31448" lon="4.87578"/>
            <trkpt lat="50.31445" lon="4.87582"/>
            <trkpt lat="50.3144" lon="4.87581"/>
            <trkpt lat="50.31435" lon="4.87582"/>
            <trkpt lat="50.31429" lon="4.87589"/>
            <trkpt lat="50.31423" lon="4.87589"/>
            <trkpt lat="50.31401" lon="4.87584"/>
            <trkpt lat="50.31387" lon="4.87583"/>
            <trkpt lat="50.31378" lon="4.87584"/>
            <trkpt lat="50.31352" lon="4.87585"/>
            <trkpt lat="50.31307" lon="4.87588"/>
            <trkpt lat="50.3128" lon="4.87589"/>
            <trkpt lat="50.3126" lon="4.87592"/>
            <trkpt lat="50.31255" lon="4.87593"/>
            <trkpt lat="50.31253" lon="4.87594"/>
            <trkpt lat="50.31244" lon="4.87603"/>
            <trkpt lat="50.31231" lon="4.87616"/>
            <trkpt lat="50.31224" lon="4.87624"/>
            <trkpt lat="50.31166" lon="4.87693"/>
            <trkpt lat="50.31145" lon="4.87722"/>
            <trkpt lat="50.31093" lon="4.87793"/>
            <trkpt lat="50.31067" lon="4.87829"/>
            <trkpt lat="50.31034" lon="4.87858"/>
            <trkpt lat="50.30932" lon="4.87977"/>
            <trkpt lat="50.30907" lon="4.88012"/>
            <trkpt lat="50.30873" lon="4.88063"/>
            <trkpt lat="50.30798" lon="4.88167"/>
            <trkpt lat="50.30762" lon="4.8821"/>
            <trkpt lat="50.307" lon="4.88288"/>
            <trkpt lat="50.30666" lon="4.88339"/>
            <trkpt lat="50.30631" lon="4.88404"/>
            <trkpt lat="50.30602" lon="4.88456"/>
            <trkpt lat="50.30593" lon="4.88472"/>
            <trkpt lat="50.30585" lon="4.88479"/>
            <trkpt lat="50.30571" lon="4.88487"/>
            <trkpt lat="50.30561" lon="4.8849"/>
            <trkpt lat="50.30532" lon="4.88498"/>
            <trkpt lat="50.30481" lon="4.8851"/>
            <trkpt lat="50.30451" lon="4.88516"/>
            <trkpt lat="50.3041" lon="4.88524"/>
            <trkpt lat="50.30405" lon="4.88526"/>
            <trkpt lat="50.30399" lon="4.88527"/>
            <trkpt lat="50.30381" lon="4.88534"/>
            <trkpt lat="50.3038" lon="4.88531"/>
            <trkpt lat="50.30379" lon="4.88527"/>
            <trkpt lat="50.30377" lon="4.88524"/>
            <trkpt lat="50.30374" lon="4.88522"/>
            <trkpt lat="50.30371" lon="4.8852"/>
            <trkpt lat="50.30368" lon="4.8852"/>
            <trkpt lat="50.30366" lon="4.88522"/>
            <trkpt lat="50.30365" lon="4.88522"/>
            <trkpt lat="50.30363" lon="4.88524"/>
            <trkpt lat="50.30361" lon="4.88527"/>
            <trkpt lat="50.30359" lon="4.88531"/>
            <trkpt lat="50.30359" lon="4.88535"/>
            <trkpt lat="50.30358" lon="4.8854"/>
            <trkpt lat="50.30359" lon="4.88544"/>
            <trkpt lat="50.3036" lon="4.88548"/>
            <trkpt lat="50.30362" lon="4.88552"/>
            <trkpt lat="50.30363" lon="4.88553"/>
            <trkpt lat="50.30355" lon="4.88571"/>
            <trkpt lat="50.30352" lon="4.88591"/>
            <trkpt lat="50.30348" lon="4.88632"/>
            <trkpt lat="50.30347" lon="4.88667"/>
            <trkpt lat="50.30347" lon="4.88682"/>
            <trkpt lat="50.30344" lon="4.88717"/>
            <trkpt lat="50.30342" lon="4.88731"/>
            <trkpt lat="50.30334" lon="4.88766"/>
            <trkpt lat="50.30329" lon="4.8879"/>
            <trkpt lat="50.30311" lon="4.8885"/>
            <trkpt lat="50.30301" lon="4.8888"/>
            <trkpt lat="50.30277" lon="4.88938"/>
            <trkpt lat="50.30258" lon="4.8897"/>
            <trkpt lat="50.30254" lon="4.88975"/>
            <trkpt lat="50.30246" lon="4.88981"/>
            <trkpt lat="50.30202" lon="4.89013"/>
            <trkpt lat="50.30156" lon="4.89043"/>
            <trkpt lat="50.30148" lon="4.89043"/>
            <trkpt lat="50.30035" lon="4.8911"/>
            <trkpt lat="50.30006" lon="4.89127"/>
            <trkpt lat="50.29998" lon="4.89133"/>
            <trkpt lat="50.29995" lon="4.89138"/>
            <trkpt lat="50.29936" lon="4.89172"/>
            <trkpt lat="50.29926" lon="4.89178"/>
            <trkpt lat="50.29816" lon="4.89242"/>
            <trkpt lat="50.29784" lon="4.89262"/>
            <trkpt lat="50.29632" lon="4.89367"/>
            <trkpt lat="50.29608" lon="4.89378"/>
            <trkpt lat="50.29567" lon="4.89389"/>
            <trkpt lat="50.29541" lon="4.89392"/>
            <trkpt lat="50.29531" lon="4.89393"/>
            <trkpt lat="50.2947" lon="4.89392"/>
            <trkpt lat="50.29426" lon="4.89392"/>
            <trkpt lat="50.29407" lon="4.89392"/>
            <trkpt lat="50.29403" lon="4.89392"/>
            <trkpt lat="50.29389" lon="4.89392"/>
            <trkpt lat="50.29337" lon="4.89388"/>
            <trkpt lat="50.29332" lon="4.89387"/>
            <trkpt lat="50.29287" lon="4.8938"/>
            <trkpt lat="50.29264" lon="4.89374"/>
            <trkpt lat="50.29214" lon="4.89357"/>
            <trkpt lat="50.29183" lon="4.89342"/>
            <trkpt lat="50.2908" lon="4.89262"/>
            <trkpt lat="50.29009" lon="4.89201"/>
            <trkpt lat="50.28974" lon="4.89176"/>
            <trkpt lat="50.28916" lon="4.8913"/>
            <trkpt lat="50.28894" lon="4.89115"/>
            <trkpt lat="50.28876" lon="4.89105"/>
            <trkpt lat="50.28846" lon="4.89092"/>
            <trkpt lat="50.288" lon="4.89076"/>
            <trkpt lat="50.28782" lon="4.89072"/>
            <trkpt lat="50.28721" lon="4.89063"/>
            <trkpt lat="50.28682" lon="4.89061"/>
            <trkpt lat="50.28621" lon="4.89065"/>
            <trkpt lat="50.28589" lon="4.89071"/>
            <trkpt lat="50.28346" lon="4.89126"/>
            <trkpt lat="50.283" lon="4.89138"/>
            <trkpt lat="50.28254" lon="4.89156"/>
            <trkpt lat="50.2822" lon="4.89172"/>
            <trkpt lat="50.28189" lon="4.89188"/>
            <trkpt lat="50.28149" lon="4.89212"/>
            <trkpt lat="50.28095" lon="4.8924"/>
            <trkpt lat="50.28054" lon="4.89258"/>
            <trkpt lat="50.27984" lon="4.89286"/>
            <trkpt lat="50.27838" lon="4.89356"/>
            <trkpt lat="50.27761" lon="4.8939"/>
            <trkpt lat="50.27719" lon="4.89412"/>
            <trkpt lat="50.27695" lon="4.89427"/>
            <trkpt lat="50.27648" lon="4.89465"/>
            <trkpt lat="50.27606" lon="4.89507"/>
            <trkpt lat="50.27593" lon="4.89524"/>
            <trkpt lat="50.27582" lon="4.89538"/>
            <trkpt lat="50.27561" lon="4.89569"/>
            <trkpt lat="50.27553" lon="4.89583"/>
            <trkpt lat="50.2752" lon="4.89639"/>
            <trkpt lat="50.27516" lon="4.8965"/>
            <trkpt lat="50.2748" lon="4.89711"/>
            <trkpt lat="50.27472" lon="4.89724"/>
            <trkpt lat="50.27436" lon="4.89767"/>
            <trkpt lat="50.27423" lon="4.89778"/>
            <trkpt lat="50.27412" lon="4.89786"/>
            <trkpt lat="50.27404" lon="4.89792"/>
            <trkpt lat="50.2738" lon="4.89809"/>
            <trkpt lat="50.27361" lon="4.89822"/>
            <trkpt lat="50.27356" lon="4.89826"/>
            <trkpt lat="50.27344" lon="4.89839"/>
            <trkpt lat="50.27338" lon="4.89844"/>
            <trkpt lat="50.27329" lon="4.89854"/>
            <trkpt lat="50.2731" lon="4.89874"/>
            <trkpt lat="50.27291" lon="4.89893"/>
            <trkpt lat="50.27267" lon="4.89917"/>
            <trkpt lat="50.27243" lon="4.89941"/>
            <trkpt lat="50.27234" lon="4.89948"/>
            <trkpt lat="50.27228" lon="4.89955"/>
            <trkpt lat="50.27222" lon="4.89962"/>
            <trkpt lat="50.27202" lon="4.89976"/>
            <trkpt lat="50.27176" lon="4.8999"/>
            <trkpt lat="50.27137" lon="4.90011"/>
            <trkpt lat="50.26951" lon="4.90104"/>
            <trkpt lat="50.26932" lon="4.90114"/>
            <trkpt lat="50.2688" lon="4.90143"/>
            <trkpt lat="50.26863" lon="4.90153"/>
            <trkpt lat="50.26808" lon="4.90192"/>
            <trkpt lat="50.26763" lon="4.90228"/>
            <trkpt lat="50.26727" lon="4.9026"/>
            <trkpt lat="50.26655" lon="4.90331"/>
            <trkpt lat="50.266" lon="4.90392"/>
            <trkpt lat="50.26565" lon="4.90438"/>
            <trkpt lat="50.2656" lon="4.90445"/>
            <trkpt lat="50.26557" lon="4.90448"/>
            <trkpt lat="50.26553" lon="4.90455"/>
            <trkpt lat="50.26525" lon="4.90487"/>
            <trkpt lat="50.26473" lon="4.90527"/>
            <trkpt lat="50.26437" lon="4.90557"/>
            <trkpt lat="50.2638" lon="4.90607"/>
            <trkpt lat="50.26364" lon="4.90618"/>
            <trkpt lat="50.26278" lon="4.90705"/>
            <trkpt lat="50.26092" lon="4.90868"/>
            <trkpt lat="50.26084" lon="4.90875"/>
            <trkpt lat="50.26053" lon="4.90908"/>
            <trkpt lat="50.26046" lon="4.90917"/>
            <trkpt lat="50.26035" lon="4.90935"/>
            <trkpt lat="50.26029" lon="4.90944"/>
            <trkpt lat="50.26028" lon="4.90947"/>
            <trkpt lat="50.26014" lon="4.90974"/>
            <trkpt lat="50.2601" lon="4.90983"/>
            <trkpt lat="50.26008" lon="4.90982"/>
            <trkpt lat="50.26007" lon="4.90982"/>
            <trkpt lat="50.26005" lon="4.90983"/>
            <trkpt lat="50.26004" lon="4.90984"/>
            <trkpt lat="50.26003" lon="4.90985"/>
            <trkpt lat="50.26003" lon="4.90987"/>
            <trkpt lat="50.26003" lon="4.90989"/>
            <trkpt lat="50.26003" lon="4.9099"/>
            <trkpt lat="50.26004" lon="4.90993"/>
            <trkpt lat="50.26005" lon="4.90994"/>
            <trkpt lat="50.26006" lon="4.90995"/>
            <trkpt lat="50.26007" lon="4.90996"/>
            <trkpt lat="50.26008" lon="4.90996"/>
            <trkpt lat="50.26009" lon="4.90996"/>
            <trkpt lat="50.26016" lon="4.91024"/>
            <trkpt lat="50.26021" lon="4.9105"/>
            <trkpt lat="50.26012" lon="4.91056"/>
            <trkpt lat="50.25996" lon="4.91071"/>
            <trkpt lat="50.25971" lon="4.91092"/>
            <trkpt lat="50.25935" lon="4.91118"/>
            <trkpt lat="50.25912" lon="4.91129"/>
            <trkpt lat="50.2583" lon="4.91163"/>
            <trkpt lat="50.25805" lon="4.91172"/>
            <trkpt lat="50.25747" lon="4.91183"/>
            <trkpt lat="50.2571" lon="4.91193"/>
            <trkpt lat="50.25692" lon="4.912"/>
            <trkpt lat="50.25638" lon="4.91218"/>
            <trkpt lat="50.25583" lon="4.91233"/>
            <trkpt lat="50.25526" lon="4.91257"/>
            <trkpt lat="50.25449" lon="4.91293"/>
            <trkpt lat="50.25425" lon="4.91307"/>
            <trkpt lat="50.25419" lon="4.91311"/>
            <trkpt lat="50.2535" lon="4.91358"/>
            <trkpt lat="50.25306" lon="4.9139"/>
            <trkpt lat="50.25283" lon="4.9141"/>
            <trkpt lat="50.25146" lon="4.91557"/>
            <trkpt lat="50.25145" lon="4.91559"/>
            <trkpt lat="50.25076" lon="4.9163"/>
            <trkpt lat="50.25037" lon="4.91671"/>
            <trkpt lat="50.25019" lon="4.9169"/>
            <trkpt lat="50.24986" lon="4.91723"/>
            <trkpt lat="50.24964" lon="4.91743"/>
            <trkpt lat="50.24943" lon="4.91761"/>
            <trkpt lat="50.24899" lon="4.91795"/>
            <trkpt lat="50.24882" lon="4.91806"/>
            <trkpt lat="50.24853" lon="4.9183"/>
            <trkpt lat="50.24828" lon="4.91847"/>
            <trkpt lat="50.24786" lon="4.91868"/>
            <trkpt lat="50.24733" lon="4.91887"/>
            <trkpt lat="50.2454" lon="4.91933"/>
            <trkpt lat="50.24516" lon="4.9194"/>
            <trkpt lat="50.2446" lon="4.91956"/>
            <trkpt lat="50.24439" lon="4.9196"/>
            <trkpt lat="50.24417" lon="4.91961"/>
            <trkpt lat="50.24391" lon="4.91957"/>
            <trkpt lat="50.2437" lon="4.91948"/>
            <trkpt lat="50.24317" lon="4.91903"/>
            <trkpt lat="50.24272" lon="4.91868"/>
            <trkpt lat="50.24242" lon="4.91835"/>
            <trkpt lat="50.24238" lon="4.91829"/>
            <trkpt lat="50.24208" lon="4.91781"/>
            <trkpt lat="50.24197" lon="4.91759"/>
            <trkpt lat="50.24186" lon="4.91732"/>
            <trkpt lat="50.24178" lon="4.91712"/>
            <trkpt lat="50.24165" lon="4.91682"/>
            <trkpt lat="50.24142" lon="4.91618"/>
            <trkpt lat="50.24138" lon="4.91606"/>
            <trkpt lat="50.24097" lon="4.91488"/>
            <trkpt lat="50.24077" lon="4.91423"/>
            <trkpt lat="50.24056" lon="4.91344"/>
            <trkpt lat="50.24049" lon="4.91286"/>
            <trkpt lat="50.24046" lon="4.91254"/>
            <trkpt lat="50.2403" lon="4.91014"/>
            <trkpt lat="50.24019" lon="4.90885"/>
            <trkpt lat="50.24016" lon="4.90842"/>
            <trkpt lat="50.24014" lon="4.90828"/>
            <trkpt lat="50.24011" lon="4.90739"/>
            <trkpt lat="50.24014" lon="4.90663"/>
            <trkpt lat="50.24016" lon="4.90626"/>
            <trkpt lat="50.24021" lon="4.90588"/>
            <trkpt lat="50.24035" lon="4.90507"/>
            <trkpt lat="50.24043" lon="4.9047"/>
            <trkpt lat="50.24071" lon="4.90366"/>
            <trkpt lat="50.24088" lon="4.90317"/>
            <trkpt lat="50.24096" lon="4.90282"/>
            <trkpt lat="50.24116" lon="4.90212"/>
            <trkpt lat="50.24152" lon="4.90099"/>
            <trkpt lat="50.24166" lon="4.90048"/>
            <trkpt lat="50.24172" lon="4.90028"/>
            <trkpt lat="50.24183" lon="4.90007"/>
            <trkpt lat="50.24195" lon="4.8999"/>
            <trkpt lat="50.24196" lon="4.89988"/>
            <trkpt lat="50.24206" lon="4.89971"/>
            <trkpt lat="50.24214" lon="4.89952"/>
            <trkpt lat="50.24222" lon="4.8993"/>
            <trkpt lat="50.24226" lon="4.89908"/>
            <trkpt lat="50.24238" lon="4.89833"/>
            <trkpt lat="50.24243" lon="4.89787"/>
            <trkpt lat="50.24244" lon="4.89747"/>
            <trkpt lat="50.24242" lon="4.89653"/>
            <trkpt lat="50.2424" lon="4.89614"/>
            <trkpt lat="50.24235" lon="4.89567"/>
            <trkpt lat="50.24228" lon="4.89523"/>
            <trkpt lat="50.24214" lon="4.89482"/>
            <trkpt lat="50.24208" lon="4.89469"/>
            <trkpt lat="50.24162" lon="4.89341"/>
            <trkpt lat="50.24161" lon="4.89335"/>
            <trkpt lat="50.24156" lon="4.89321"/>
            <trkpt lat="50.24147" lon="4.89296"/>
            <trkpt lat="50.24129" lon="4.89248"/>
            <trkpt lat="50.24115" lon="4.89202"/>
            <trkpt lat="50.24108" lon="4.89179"/>
            <trkpt lat="50.24097" lon="4.89153"/>
            <trkpt lat="50.24055" lon="4.89053"/>
            <trkpt lat="50.24038" lon="4.89017"/>
            <trkpt lat="50.23997" lon="4.88944"/>
            <trkpt lat="50.23957" lon="4.88877"/>
            <trkpt lat="50.23944" lon="4.88859"/>
            <trkpt lat="50.23916" lon="4.88828"/>
            <trkpt lat="50.23902" lon="4.88816"/>
            <trkpt lat="50.23893" lon="4.88811"/>
            <trkpt lat="50.23887" lon="4.88808"/>
            <trkpt lat="50.23865" lon="4.88805"/>
            <trkpt lat="50.23772" lon="4.88811"/>
            <trkpt lat="50.23729" lon="4.8881"/>
            <trkpt lat="50.23693" lon="4.88804"/>
            <trkpt lat="50.23661" lon="4.88797"/>
            <trkpt lat="50.23551" lon="4.88762"/>
            <trkpt lat="50.23483" lon="4.88742"/>
            <trkpt lat="50.23433" lon="4.88735"/>
            <trkpt lat="50.234" lon="4.88733"/>
            <trkpt lat="50.23324" lon="4.88735"/>
            <trkpt lat="50.23278" lon="4.88734"/>
            <trkpt lat="50.23218" lon="4.88725"/>
            <trkpt lat="50.23202" lon="4.88724"/>
            <trkpt lat="50.23133" lon="4.88729"/>
            <trkpt lat="50.23017" lon="4.88746"/>
            <trkpt lat="50.22949" lon="4.88761"/>
            <trkpt lat="50.22937" lon="4.88763"/>
            <trkpt lat="50.22911" lon="4.88771"/>
            <trkpt lat="50.2289" lon="4.88779"/>
            <trkpt lat="50.22817" lon="4.88825"/>
            <trkpt lat="50.22617" lon="4.88958"/>
            <trkpt lat="50.22539" lon="4.8901"/>
            <trkpt lat="50.22508" lon="4.89037"/>
            <trkpt lat="50.22421" lon="4.89134"/>
            <trkpt lat="50.22395" lon="4.89156"/>
            <trkpt lat="50.22383" lon="4.89163"/>
            <trkpt lat="50.22377" lon="4.89166"/>
            <trkpt lat="50.22357" lon="4.89171"/>
            <trkpt lat="50.22319" lon="4.89176"/>
            <trkpt lat="50.223" lon="4.89175"/>
            <trkpt lat="50.2227" lon="4.89172"/>
            <trkpt lat="50.22252" lon="4.89168"/>
            <trkpt lat="50.22236" lon="4.89162"/>
            <trkpt lat="50.22211" lon="4.8915"/>
            <trkpt lat="50.22161" lon="4.89119"/>
            <trkpt lat="50.22139" lon="4.891"/>
            <trkpt lat="50.22095" lon="4.89051"/>
            <trkpt lat="50.22054" lon="4.88993"/>
            <trkpt lat="50.22036" lon="4.88966"/>
            <trkpt lat="50.21995" lon="4.88898"/>
            <trkpt lat="50.21933" lon="4.88802"/>
            <trkpt lat="50.21906" lon="4.88757"/>
            <trkpt lat="50.21897" lon="4.88737"/>
            <trkpt lat="50.21887" lon="4.88717"/>
            <trkpt lat="50.21871" lon="4.88679"/>
            <trkpt lat="50.21854" lon="4.8863"/>
            <trkpt lat="50.21836" lon="4.88558"/>
            <trkpt lat="50.2183" lon="4.88531"/>
            <trkpt lat="50.21815" lon="4.88406"/>
            <trkpt lat="50.21789" lon="4.88129"/>
            <trkpt lat="50.21782" lon="4.8805"/>
            <trkpt lat="50.21764" lon="4.87844"/>
            <trkpt lat="50.2176" lon="4.87793"/>
            <trkpt lat="50.21758" lon="4.87766"/>
            <trkpt lat="50.21751" lon="4.87693"/>
            <trkpt lat="50.21744" lon="4.87648"/>
            <trkpt lat="50.21736" lon="4.87605"/>
            <trkpt lat="50.21726" lon="4.87565"/>
            <trkpt lat="50.21718" lon="4.87542"/>
            <trkpt lat="50.21712" lon="4.8752"/>
            <trkpt lat="50.21692" lon="4.87459"/>
            <trkpt lat="50.21652" lon="4.87345"/>
            <trkpt lat="50.21624" lon="4.87281"/>
            <trkpt lat="50.21605" lon="4.87242"/>
            <trkpt lat="50.2158" lon="4.87199"/>
            <trkpt lat="50.21545" lon="4.87148"/>
            <trkpt lat="50.21515" lon="4.87115"/>
            <trkpt lat="50.21458" lon="4.87068"/>
            <trkpt lat="50.21407" lon="4.87034"/>
            <trkpt lat="50.21376" lon="4.87018"/>
            <trkpt lat="50.21352" lon="4.87007"/>
            <trkpt lat="50.21293" lon="4.86984"/>
            <trkpt lat="50.21232" lon="4.86959"/>
            <trkpt lat="50.21078" lon="4.8689"/>
            <trkpt lat="50.21046" lon="4.8688"/>
            <trkpt lat="50.20937" lon="4.86851"/>
            <trkpt lat="50.20813" lon="4.86825"/>
            <trkpt lat="50.20772" lon="4.86809"/>
            <trkpt lat="50.20752" lon="4.86802"/>
            <trkpt lat="50.20748" lon="4.86801"/>
            <trkpt lat="50.20656" lon="4.86766"/>
            <trkpt lat="50.20532" lon="4.86721"/>
            <trkpt lat="50.20491" lon="4.86707"/>
            <trkpt lat="50.20465" lon="4.86696"/>
            <trkpt lat="50.20454" lon="4.86691"/>
            <trkpt lat="50.2045" lon="4.86688"/>
            <trkpt lat="50.20438" lon="4.8668"/>
            <trkpt lat="50.20378" lon="4.86634"/>
            <trkpt lat="50.20362" lon="4.86622"/>
            <trkpt lat="50.2033" lon="4.86597"/>
            <trkpt lat="50.20307" lon="4.86577"/>
            <trkpt lat="50.2029" lon="4.8656"/>
            <trkpt lat="50.20273" lon="4.86545"/>
            <trkpt lat="50.20259" lon="4.86532"/>
            <trkpt lat="50.20217" lon="4.86483"/>
            <trkpt lat="50.20175" lon="4.86431"/>
            <trkpt lat="50.20159" lon="4.86408"/>
            <trkpt lat="50.20133" lon="4.86367"/>
            <trkpt lat="50.20127" lon="4.86355"/>
            <trkpt lat="50.20112" lon="4.86321"/>
            <trkpt lat="50.20097" lon="4.86275"/>
            <trkpt lat="50.20086" lon="4.86229"/>
            <trkpt lat="50.2008" lon="4.86185"/>
            <trkpt lat="50.20059" lon="4.86003"/>
            <trkpt lat="50.20055" lon="4.85967"/>
            <trkpt lat="50.20054" lon="4.85908"/>
            <trkpt lat="50.20055" lon="4.85873"/>
            <trkpt lat="50.20057" lon="4.85841"/>
            <trkpt lat="50.20062" lon="4.85816"/>
            <trkpt lat="50.20067" lon="4.85791"/>
            <trkpt lat="50.20076" lon="4.85762"/>
            <trkpt lat="50.20108" lon="4.85676"/>
            <trkpt lat="50.20133" lon="4.85621"/>
            <trkpt lat="50.20146" lon="4.85596"/>
            <trkpt lat="50.20168" lon="4.85555"/>
            <trkpt lat="50.20186" lon="4.85521"/>
            <trkpt lat="50.20216" lon="4.85468"/>
            <trkpt lat="50.20254" lon="4.8541"/>
            <trkpt lat="50.20267" lon="4.85391"/>
            <trkpt lat="50.20298" lon="4.85352"/>
            <trkpt lat="50.2034" lon="4.85305"/>
            <trkpt lat="50.20382" lon="4.85263"/>
            <trkpt lat="50.20433" lon="4.85222"/>
            <trkpt lat="50.20493" lon="4.85182"/>
            <trkpt lat="50.20545" lon="4.85151"/>
            <trkpt lat="50.20736" lon="4.85057"/>
            <trkpt lat="50.20752" lon="4.8505"/>
            <trkpt lat="50.20784" lon="4.85037"/>
            <trkpt lat="50.20831" lon="4.85013"/>
            <trkpt lat="50.20897" lon="4.84975"/>
            <trkpt lat="50.20958" lon="4.84934"/>
            <trkpt lat="50.2103" lon="4.84879"/>
            <trkpt lat="50.21074" lon="4.84841"/>
            <trkpt lat="50.21106" lon="4.84811"/>
            <trkpt lat="50.21144" lon="4.84774"/>
            <trkpt lat="50.21207" lon="4.84706"/>
            <trkpt lat="50.21259" lon="4.84641"/>
            <trkpt lat="50.21303" lon="4.84582"/>
            <trkpt lat="50.21357" lon="4.84502"/>
            <trkpt lat="50.21376" lon="4.8447"/>
            <trkpt lat="50.21379" lon="4.84466"/>
            <trkpt lat="50.21389" lon="4.84449"/>
            <trkpt lat="50.21437" lon="4.84349"/>
            <trkpt lat="50.21457" lon="4.84309"/>
            <trkpt lat="50.21488" lon="4.84251"/>
            <trkpt lat="50.21519" lon="4.8419"/>
            <trkpt lat="50.21559" lon="4.84098"/>
            <trkpt lat="50.216" lon="4.83994"/>
            <trkpt lat="50.21628" lon="4.83908"/>
            <trkpt lat="50.21652" lon="4.83821"/>
            <trkpt lat="50.21666" lon="4.83753"/>
            <trkpt lat="50.21679" lon="4.83668"/>
            <trkpt lat="50.21688" lon="4.83581"/>
            <trkpt lat="50.21701" lon="4.8348"/>
            <trkpt lat="50.21713" lon="4.83412"/>
            <trkpt lat="50.21715" lon="4.83398"/>
            <trkpt lat="50.2172" lon="4.83362"/>
            <trkpt lat="50.21723" lon="4.83308"/>
            <trkpt lat="50.21725" lon="4.83211"/>
            <trkpt lat="50.21722" lon="4.83118"/>
            <trkpt lat="50.21715" lon="4.83013"/>
            <trkpt lat="50.21711" lon="4.82987"/>
            <trkpt lat="50.21712" lon="4.82977"/>
            <trkpt lat="50.21703" lon="4.82903"/>
            <trkpt lat="50.21689" lon="4.82858"/>
            <trkpt lat="50.21684" lon="4.82833"/>
            <trkpt lat="50.21669" lon="4.82775"/>
            <trkpt lat="50.21652" lon="4.82723"/>
            <trkpt lat="50.21628" lon="4.82665"/>
            <trkpt lat="50.21613" lon="4.82632"/>
            <trkpt lat="50.21619" lon="4.82623"/>
            <trkpt lat="50.21643" lon="4.82582"/>
            <trkpt lat="50.21662" lon="4.82556"/>
            <trkpt lat="50.21672" lon="4.82543"/>
            <trkpt lat="50.21683" lon="4.82531"/>
            <trkpt lat="50.21689" lon="4.82526"/>
            <trkpt lat="50.21722" lon="4.82496"/>
            <trkpt lat="50.21712" lon="4.82486"/>
            <trkpt lat="50.21703" lon="4.82481"/>
            <trkpt lat="50.21699" lon="4.82479"/>
            <trkpt lat="50.21696" lon="4.82478"/>
            <trkpt lat="50.21686" lon="4.82476"/>
            <trkpt lat="50.21668" lon="4.82471"/>
            <trkpt lat="50.2166" lon="4.82476"/>
            <trkpt lat="50.21646" lon="4.82472"/>
            <trkpt lat="50.21646" lon="4.82464"/>
            <trkpt lat="50.21644" lon="4.82458"/>
            <trkpt lat="50.21641" lon="4.82453"/>
            <trkpt lat="50.21638" lon="4.82451"/>
            <trkpt lat="50.21634" lon="4.8245"/>
            <trkpt lat="50.21629" lon="4.8245"/>
            <trkpt lat="50.21627" lon="4.82451"/>
            <trkpt lat="50.21624" lon="4.82453"/>
            <trkpt lat="50.21608" lon="4.82418"/>
            <trkpt lat="50.21607" lon="4.82414"/>
            <trkpt lat="50.21591" lon="4.82378"/>
            <trkpt lat="50.21548" lon="4.82276"/>
            <trkpt lat="50.21532" lon="4.82249"/>
            <trkpt lat="50.21519" lon="4.8223"/>
            <trkpt lat="50.21472" lon="4.82172"/>
            <trkpt lat="50.21447" lon="4.82143"/>
            <trkpt lat="50.21414" lon="4.82112"/>
            <trkpt lat="50.21379" lon="4.82084"/>
            <trkpt lat="50.21335" lon="4.82047"/>
            <trkpt lat="50.21292" lon="4.82015"/>
            <trkpt lat="50.21223" lon="4.81963"/>
            <trkpt lat="50.21166" lon="4.8192"/>
            <trkpt lat="50.21138" lon="4.81897"/>
            <trkpt lat="50.21118" lon="4.81881"/>
            <trkpt lat="50.21112" lon="4.81875"/>
            <trkpt lat="50.21103" lon="4.81868"/>
            <trkpt lat="50.21095" lon="4.81861"/>
            <trkpt lat="50.21058" lon="4.8183"/>
            <trkpt lat="50.20978" lon="4.81774"/>
            <trkpt lat="50.20947" lon="4.81751"/>
            <trkpt lat="50.20879" lon="4.81704"/>
            <trkpt lat="50.20835" lon="4.81676"/>
            <trkpt lat="50.20787" lon="4.81648"/>
            <trkpt lat="50.20752" lon="4.81626"/>
            <trkpt lat="50.20749" lon="4.81624"/>
            <trkpt lat="50.20704" lon="4.81599"/>
            <trkpt lat="50.20677" lon="4.81587"/>
            <trkpt lat="50.20673" lon="4.81585"/>
            <trkpt lat="50.20668" lon="4.81583"/>
            <trkpt lat="50.20621" lon="4.81566"/>
            <trkpt lat="50.20526" lon="4.81539"/>
            <trkpt lat="50.20458" lon="4.81526"/>
            <trkpt lat="50.2031" lon="4.81492"/>
            <trkpt lat="50.20279" lon="4.81487"/>
            <trkpt lat="50.20227" lon="4.81485"/>
            <trkpt lat="50.20202" lon="4.81486"/>
            <trkpt lat="50.20196" lon="4.81487"/>
            <trkpt lat="50.20138" lon="4.815"/>
            <trkpt lat="50.20102" lon="4.8151"/>
            <trkpt lat="50.19962" lon="4.81568"/>
            <trkpt lat="50.19949" lon="4.81574"/>
            <trkpt lat="50.19928" lon="4.81583"/>
            <trkpt lat="50.19924" lon="4.81583"/>
            <trkpt lat="50.19913" lon="4.81583"/>
            <trkpt lat="50.19908" lon="4.81582"/>
            <trkpt lat="50.19904" lon="4.81582"/>
            <trkpt lat="50.19898" lon="4.81581"/>
            <trkpt lat="50.19869" lon="4.81584"/>
            <trkpt lat="50.1986" lon="4.81587"/>
            <trkpt lat="50.19849" lon="4.81594"/>
            <trkpt lat="50.19832" lon="4.81607"/>
            <trkpt lat="50.19802" lon="4.81637"/>
            <trkpt lat="50.19771" lon="4.81678"/>
            <trkpt lat="50.1974" lon="4.81731"/>
            <trkpt lat="50.19713" lon="4.81776"/>
            <trkpt lat="50.19706" lon="4.81784"/>
            <trkpt lat="50.19697" lon="4.81813"/>
            <trkpt lat="50.19691" lon="4.81824"/>
            <trkpt lat="50.19637" lon="4.81907"/>
            <trkpt lat="50.19616" lon="4.81934"/>
            <trkpt lat="50.19592" lon="4.81957"/>
            <trkpt lat="50.19563" lon="4.81982"/>
            <trkpt lat="50.19552" lon="4.81995"/>
            <trkpt lat="50.19543" lon="4.82009"/>
            <trkpt lat="50.19495" lon="4.82066"/>
            <trkpt lat="50.19484" lon="4.82084"/>
            <trkpt lat="50.19463" lon="4.8213"/>
            <trkpt lat="50.19458" lon="4.82146"/>
            <trkpt lat="50.19456" lon="4.82152"/>
            <trkpt lat="50.1945" lon="4.82178"/>
            <trkpt lat="50.19448" lon="4.82195"/>
            <trkpt lat="50.19377" lon="4.82235"/>
            <trkpt lat="50.19294" lon="4.82279"/>
            <trkpt lat="50.19282" lon="4.82289"/>
            <trkpt lat="50.19268" lon="4.82294"/>
            <trkpt lat="50.19253" lon="4.82299"/>
            <trkpt lat="50.19122" lon="4.82342"/>
            <trkpt lat="50.19086" lon="4.82351"/>
            <trkpt lat="50.18966" lon="4.8237"/>
            <trkpt lat="50.18862" lon="4.82386"/>
            <trkpt lat="50.18795" lon="4.82393"/>
            <trkpt lat="50.18732" lon="4.82394"/>
            <trkpt lat="50.18675" lon="4.82388"/>
            <trkpt lat="50.18561" lon="4.82363"/>
            <trkpt lat="50.18555" lon="4.82362"/>
            <trkpt lat="50.18528" lon="4.82358"/>
            <trkpt lat="50.18506" lon="4.82358"/>
            <trkpt lat="50.1846" lon="4.82358"/>
            <trkpt lat="50.18424" lon="4.82353"/>
            <trkpt lat="50.18391" lon="4.82344"/>
            <trkpt lat="50.18343" lon="4.82323"/>
            <trkpt lat="50.18317" lon="4.82308"/>
            <trkpt lat="50.18259" lon="4.82273"/>
            <trkpt lat="50.18245" lon="4.82266"/>
            <trkpt lat="50.18206" lon="4.82253"/>
            <trkpt lat="50.18128" lon="4.82233"/>
            <trkpt lat="50.18098" lon="4.82228"/>
            <trkpt lat="50.18053" lon="4.82223"/>
            <trkpt lat="50.17996" lon="4.82222"/>
            <trkpt lat="50.17971" lon="4.82225"/>
            <trkpt lat="50.17926" lon="4.82232"/>
            <trkpt lat="50.17922" lon="4.82233"/>
            <trkpt lat="50.17808" lon="4.82251"/>
            <trkpt lat="50.17779" lon="4.82258"/>
            <trkpt lat="50.1774" lon="4.82277"/>
            <trkpt lat="50.17685" lon="4.82298"/>
            <trkpt lat="50.17638" lon="4.82309"/>
            <trkpt lat="50.17482" lon="4.82337"/>
            <trkpt lat="50.17444" lon="4.82341"/>
            <trkpt lat="50.17427" lon="4.82341"/>
            <trkpt lat="50.17398" lon="4.82337"/>
            <trkpt lat="50.17356" lon="4.82327"/>
            <trkpt lat="50.1732" lon="4.82327"/>
            <trkpt lat="50.17284" lon="4.82336"/>
            <trkpt lat="50.17254" lon="4.82344"/>
            <trkpt lat="50.17145" lon="4.8238"/>
            <trkpt lat="50.17124" lon="4.82386"/>
            <trkpt lat="50.17104" lon="4.82389"/>
            <trkpt lat="50.17081" lon="4.82389"/>
            <trkpt lat="50.17059" lon="4.82388"/>
            <trkpt lat="50.17031" lon="4.8238"/>
            <trkpt lat="50.17023" lon="4.82377"/>
            <trkpt lat="50.17018" lon="4.8239"/>
            <trkpt lat="50.17016" lon="4.82393"/>
            <trkpt lat="50.17015" lon="4.82396"/>
            <trkpt lat="50.17011" lon="4.82401"/>
            <trkpt lat="50.17009" lon="4.82403"/>
            <trkpt lat="50.16995" lon="4.82409"/>
            <trkpt lat="50.1697" lon="4.82416"/>
            <trkpt lat="50.16953" lon="4.82421"/>
            <trkpt lat="50.16922" lon="4.82424"/>
            <trkpt lat="50.16914" lon="4.82424"/>
            <trkpt lat="50.16883" lon="4.8242"/>
            <trkpt lat="50.16856" lon="4.82413"/>
            <trkpt lat="50.16842" lon="4.82408"/>
            <trkpt lat="50.1672" lon="4.82344"/>
            <trkpt lat="50.16687" lon="4.82328"/>
            <trkpt lat="50.16643" lon="4.82307"/>
            <trkpt lat="50.1662" lon="4.82293"/>
            <trkpt lat="50.16557" lon="4.82251"/>
            <trkpt lat="50.16508" lon="4.82224"/>
            <trkpt lat="50.16453" lon="4.82202"/>
            <trkpt lat="50.16411" lon="4.82192"/>
            <trkpt lat="50.16371" lon="4.82187"/>
            <trkpt lat="50.16357" lon="4.82185"/>
            <trkpt lat="50.16357" lon="4.82185"/>
            <trkpt lat="50.16275" lon="4.82177"/>
            <trkpt lat="50.16232" lon="4.82179"/>
            <trkpt lat="50.16194" lon="4.82187"/>
            <trkpt lat="50.16158" lon="4.82199"/>
            <trkpt lat="50.16138" lon="4.82207"/>
            <trkpt lat="50.16116" lon="4.82218"/>
            <trkpt lat="50.1604" lon="4.82268"/>
            <trkpt lat="50.15974" lon="4.82312"/>
            <trkpt lat="50.15935" lon="4.82335"/>
            <trkpt lat="50.15918" lon="4.82344"/>
            <trkpt lat="50.15904" lon="4.82353"/>
            <trkpt lat="50.15843" lon="4.82388"/>
            <trkpt lat="50.15836" lon="4.82392"/>
            <trkpt lat="50.1583" lon="4.82395"/>
            <trkpt lat="50.15824" lon="4.82398"/>
            <trkpt lat="50.15811" lon="4.8239"/>
            <trkpt lat="50.15778" lon="4.82399"/>
            <trkpt lat="50.15771" lon="4.82401"/>
            <trkpt lat="50.1576" lon="4.82401"/>
            <trkpt lat="50.15725" lon="4.824"/>
            <trkpt lat="50.15694" lon="4.82403"/>
            <trkpt lat="50.15654" lon="4.82405"/>
            <trkpt lat="50.15637" lon="4.82406"/>
            <trkpt lat="50.15627" lon="4.82407"/>
            <trkpt lat="50.15566" lon="4.8241"/>
            <trkpt lat="50.1554" lon="4.82412"/>
            <trkpt lat="50.15532" lon="4.8242"/>
            <trkpt lat="50.15447" lon="4.82432"/>
            <trkpt lat="50.15333" lon="4.82453"/>
            <trkpt lat="50.15248" lon="4.82453"/>
            <trkpt lat="50.15237" lon="4.82453"/>
            <trkpt lat="50.15224" lon="4.82453"/>
            <trkpt lat="50.15211" lon="4.82452"/>
            <trkpt lat="50.15203" lon="4.82452"/>
            <trkpt lat="50.15194" lon="4.82452"/>
            <trkpt lat="50.15161" lon="4.82452"/>
            <trkpt lat="50.15119" lon="4.82453"/>
            <trkpt lat="50.15109" lon="4.82456"/>
            <trkpt lat="50.15091" lon="4.82467"/>
            <trkpt lat="50.15087" lon="4.8246"/>
            <trkpt lat="50.15084" lon="4.82458"/>
            <trkpt lat="50.1508" lon="4.82456"/>
            <trkpt lat="50.15076" lon="4.82456"/>
            <trkpt lat="50.15073" lon="4.82456"/>
            <trkpt lat="50.15068" lon="4.82458"/>
            <trkpt lat="50.15063" lon="4.82463"/>
            <trkpt lat="50.15056" lon="4.82457"/>
            <trkpt lat="50.1505" lon="4.82453"/>
            <trkpt lat="50.15042" lon="4.82451"/>
            <trkpt lat="50.15033" lon="4.82452"/>
            <trkpt lat="50.14991" lon="4.82448"/>
            <trkpt lat="50.14985" lon="4.82447"/>
            <trkpt lat="50.14981" lon="4.82441"/>
            <trkpt lat="50.14947" lon="4.82434"/>
            <trkpt lat="50.14928" lon="4.82429"/>
            <trkpt lat="50.14907" lon="4.82422"/>
            <trkpt lat="50.14858" lon="4.82405"/>
            <trkpt lat="50.14774" lon="4.82383"/>
            <trkpt lat="50.14752" lon="4.82377"/>
            <trkpt lat="50.14723" lon="4.82369"/>
            <trkpt lat="50.14699" lon="4.82362"/>
            <trkpt lat="50.14689" lon="4.82362"/>
            <trkpt lat="50.14664" lon="4.82356"/>
            <trkpt lat="50.14615" lon="4.82349"/>
            <trkpt lat="50.14513" lon="4.82347"/>
            <trkpt lat="50.14452" lon="4.82339"/>
            <trkpt lat="50.14442" lon="4.82337"/>
            <trkpt lat="50.1433" lon="4.82323"/>
            <trkpt lat="50.14317" lon="4.82321"/>
            <trkpt lat="50.1431" lon="4.8232"/>
            <trkpt lat="50.1427" lon="4.82315"/>
            <trkpt lat="50.14234" lon="4.8231"/>
            <trkpt lat="50.14213" lon="4.8231"/>
            <trkpt lat="50.1416" lon="4.82316"/>
            <trkpt lat="50.14155" lon="4.82316"/>
            <trkpt lat="50.14147" lon="4.82316"/>
            <trkpt lat="50.14108" lon="4.8231"/>
            <trkpt lat="50.14034" lon="4.82295"/>
            <trkpt lat="50.13988" lon="4.82285"/>
            <trkpt lat="50.13977" lon="4.82283"/>
            <trkpt lat="50.13967" lon="4.8228"/>
            <trkpt lat="50.13917" lon="4.82272"/>
            <trkpt lat="50.13904" lon="4.82267"/>
            <trkpt lat="50.13904" lon="4.82263"/>
            <trkpt lat="50.13904" lon="4.82259"/>
            <trkpt lat="50.13903" lon="4.82253"/>
            <trkpt lat="50.13901" lon="4.82247"/>
            <trkpt lat="50.13875" lon="4.82187"/>
            <trkpt lat="50.13847" lon="4.82124"/>
            <trkpt lat="50.13843" lon="4.8212"/>
            <trkpt lat="50.1384" lon="4.82117"/>
            <trkpt lat="50.13835" lon="4.82117"/>
            <trkpt lat="50.13829" lon="4.8212"/>
            <trkpt lat="50.13806" lon="4.82143"/>
            <trkpt lat="50.13748" lon="4.82008"/>
            <trkpt lat="50.13717" lon="4.81937"/>
            <trkpt lat="50.13697" lon="4.81896"/>
            <trkpt lat="50.13692" lon="4.81906"/>
            <trkpt lat="50.1367" lon="4.81948"/>
            <trkpt lat="50.1365" lon="4.81989"/>
            <trkpt lat="50.13639" lon="4.82008"/>
            <trkpt lat="50.13636" lon="4.82012"/>
            <trkpt lat="50.13634" lon="4.82014"/>
            <trkpt lat="50.13632" lon="4.82016"/>
            <trkpt lat="50.13628" lon="4.82019"/>
            <trkpt lat="50.13623" lon="4.82022"/>
            <trkpt lat="50.13612" lon="4.82026"/>
            <trkpt lat="50.13536" lon="4.82049"/>
            <trkpt lat="50.13505" lon="4.82061"/>
            <trkpt lat="50.135" lon="4.82062"/>
            <trkpt lat="50.13497" lon="4.82063"/>
            <trkpt lat="50.13491" lon="4.82069"/>
            <trkpt lat="50.13488" lon="4.82068"/>
            <trkpt lat="50.13486" lon="4.82068"/>
            <trkpt lat="50.13485" lon="4.82068"/>
            <trkpt lat="50.13477" lon="4.8206"/>
            <trkpt lat="50.13472" lon="4.82057"/>
            <trkpt lat="50.13468" lon="4.82056"/>
            <trkpt lat="50.1346" lon="4.8204"/>
            <trkpt lat="50.13448" lon="4.82005"/>
            <trkpt lat="50.13436" lon="4.81967"/>
            <trkpt lat="50.1343" lon="4.81946"/>
            <trkpt lat="50.13398" lon="4.81843"/>
            <trkpt lat="50.13395" lon="4.8183"/>
            <trkpt lat="50.13391" lon="4.81803"/>
            <trkpt lat="50.13376" lon="4.81532"/>
            <trkpt lat="50.13367" lon="4.81393"/>
            <trkpt lat="50.13363" lon="4.81358"/>
            <trkpt lat="50.13359" lon="4.81325"/>
            <trkpt lat="50.13342" lon="4.81212"/>
            <trkpt lat="50.1334" lon="4.81201"/>
            <trkpt lat="50.13332" lon="4.81156"/>
            <trkpt lat="50.1329" lon="4.80944"/>
            <trkpt lat="50.13278" lon="4.80891"/>
            <trkpt lat="50.13234" lon="4.80727"/>
            <trkpt lat="50.13185" lon="4.80545"/>
            <trkpt lat="50.13176" lon="4.80514"/>
            <trkpt lat="50.13146" lon="4.80424"/>
            <trkpt lat="50.13117" lon="4.80351"/>
            <trkpt lat="50.12998" lon="4.80095"/>
            <trkpt lat="50.12942" lon="4.79975"/>
            <trkpt lat="50.12912" lon="4.79917"/>
            <trkpt lat="50.12897" lon="4.79891"/>
            <trkpt lat="50.12867" lon="4.79846"/>
            <trkpt lat="50.1284" lon="4.7981"/>
            <trkpt lat="50.12803" lon="4.79769"/>
            <trkpt lat="50.12755" lon="4.79721"/>
            <trkpt lat="50.12712" lon="4.79681"/>
            <trkpt lat="50.12651" lon="4.7963"/>
            <trkpt lat="50.12543" lon="4.79542"/>
            <trkpt lat="50.12519" lon="4.79525"/>
            <trkpt lat="50.12407" lon="4.7944"/>
            <trkpt lat="50.12298" lon="4.79358"/>
            <trkpt lat="50.12209" lon="4.7929"/>
            <trkpt lat="50.12029" lon="4.79153"/>
            <trkpt lat="50.1199" lon="4.79119"/>
            <trkpt lat="50.11977" lon="4.79105"/>
            <trkpt lat="50.11963" lon="4.79087"/>
            <trkpt lat="50.11949" lon="4.7907"/>
            <trkpt lat="50.11911" lon="4.7902"/>
            <trkpt lat="50.11904" lon="4.79005"/>
            <trkpt lat="50.11903" lon="4.79004"/>
            <trkpt lat="50.11895" lon="4.78994"/>
            <trkpt lat="50.11871" lon="4.78958"/>
            <trkpt lat="50.11873" lon="4.7895"/>
            <trkpt lat="50.11875" lon="4.78943"/>
            <trkpt lat="50.11875" lon="4.7893"/>
            <trkpt lat="50.11873" lon="4.78916"/>
            <trkpt lat="50.1187" lon="4.78907"/>
            <trkpt lat="50.11865" lon="4.78898"/>
            <trkpt lat="50.11859" lon="4.78891"/>
            <trkpt lat="50.11852" lon="4.78887"/>
            <trkpt lat="50.11845" lon="4.78885"/>
            <trkpt lat="50.11839" lon="4.78886"/>
            <trkpt lat="50.11835" lon="4.78887"/>
            <trkpt lat="50.11831" lon="4.78888"/>
            <trkpt lat="50.11827" lon="4.78892"/>
            <trkpt lat="50.11823" lon="4.78897"/>
            <trkpt lat="50.11817" lon="4.78907"/>
            <trkpt lat="50.11815" lon="4.78911"/>
            <trkpt lat="50.11814" lon="4.78918"/>
            <trkpt lat="50.11813" lon="4.78938"/>
            <trkpt lat="50.11796" lon="4.78958"/>
            <trkpt lat="50.11787" lon="4.78965"/>
            <trkpt lat="50.11778" lon="4.78969"/>
            <trkpt lat="50.11771" lon="4.7897"/>
            <trkpt lat="50.11761" lon="4.78969"/>
            <trkpt lat="50.11739" lon="4.78964"/>
            <trkpt lat="50.11735" lon="4.78964"/>
            <trkpt lat="50.11701" lon="4.78944"/>
            <trkpt lat="50.11683" lon="4.78931"/>
            <trkpt lat="50.11711" lon="4.78811"/>
            <trkpt lat="50.1172" lon="4.78761"/>
            <trkpt lat="50.11724" lon="4.78715"/>
            <trkpt lat="50.11729" lon="4.78662"/>
            <trkpt lat="50.1173" lon="4.78593"/>
            <trkpt lat="50.11729" lon="4.78568"/>
            <trkpt lat="50.11727" lon="4.78553"/>
            <trkpt lat="50.11724" lon="4.78543"/>
            <trkpt lat="50.11723" lon="4.78537"/>
            <trkpt lat="50.1172" lon="4.78525"/>
            <trkpt lat="50.11709" lon="4.7849"/>
            <trkpt lat="50.11686" lon="4.78425"/>
            <trkpt lat="50.11651" lon="4.78331"/>
            <trkpt lat="50.11635" lon="4.78279"/>
            <trkpt lat="50.11628" lon="4.78249"/>
            <trkpt lat="50.11624" lon="4.78219"/>
            <trkpt lat="50.11621" lon="4.78173"/>
            <trkpt lat="50.11621" lon="4.78136"/>
            <trkpt lat="50.1163" lon="4.77959"/>
            <trkpt lat="50.11634" lon="4.77897"/>
            <trkpt lat="50.11633" lon="4.77871"/>
            <trkpt lat="50.11628" lon="4.77809"/>
            <trkpt lat="50.11621" lon="4.77757"/>
            <trkpt lat="50.11615" lon="4.77727"/>
            <trkpt lat="50.11605" lon="4.77685"/>
            <trkpt lat="50.11599" lon="4.77662"/>
            <trkpt lat="50.11574" lon="4.77589"/>
            <trkpt lat="50.11565" lon="4.77567"/>
            <trkpt lat="50.11558" lon="4.77553"/>
            <trkpt lat="50.11544" lon="4.77525"/>
            <trkpt lat="50.11339" lon="4.77107"/>
            <trkpt lat="50.1127" lon="4.76969"/>
            <trkpt lat="50.11251" lon="4.76931"/>
            <trkpt lat="50.11228" lon="4.76888"/>
            <trkpt lat="50.11216" lon="4.76871"/>
            <trkpt lat="50.112" lon="4.76852"/>
            <trkpt lat="50.11187" lon="4.76837"/>
            <trkpt lat="50.11154" lon="4.76812"/>
            <trkpt lat="50.11158" lon="4.76807"/>
            <trkpt lat="50.11158" lon="4.76806"/>
            <trkpt lat="50.11161" lon="4.76799"/>
            <trkpt lat="50.11163" lon="4.76793"/>
            <trkpt lat="50.11165" lon="4.76786"/>
            <trkpt lat="50.11165" lon="4.76776"/>
            <trkpt lat="50.11164" lon="4.7671"/>
            <trkpt lat="50.11165" lon="4.767"/>
            <trkpt lat="50.11167" lon="4.76688"/>
            <trkpt lat="50.11172" lon="4.76659"/>
            <trkpt lat="50.1118" lon="4.76626"/>
            <trkpt lat="50.11187" lon="4.76601"/>
            <trkpt lat="50.11212" lon="4.76516"/>
            <trkpt lat="50.11218" lon="4.7648"/>
            <trkpt lat="50.11225" lon="4.76419"/>
            <trkpt lat="50.1123" lon="4.76383"/>
            <trkpt lat="50.11238" lon="4.76354"/>
            <trkpt lat="50.11246" lon="4.76328"/>
            <trkpt lat="50.11247" lon="4.76325"/>
            <trkpt lat="50.11252" lon="4.76316"/>
            <trkpt lat="50.11257" lon="4.76309"/>
            <trkpt lat="50.11206" lon="4.76218"/>
            <trkpt lat="50.11161" lon="4.76139"/>
            <trkpt lat="50.11158" lon="4.76138"/>
            <trkpt lat="50.11144" lon="4.76111"/>
            <trkpt lat="50.11112" lon="4.76052"/>
            <trkpt lat="50.10941" lon="4.75739"/>
            <trkpt lat="50.10899" lon="4.75651"/>
            <trkpt lat="50.10872" lon="4.75584"/>
            <trkpt lat="50.10718" lon="4.7514"/>
            <trkpt lat="50.10704" lon="4.75097"/>
            <trkpt lat="50.10679" lon="4.75025"/>
            <trkpt lat="50.10661" lon="4.74978"/>
            <trkpt lat="50.10649" lon="4.74949"/>
            <trkpt lat="50.10626" lon="4.74902"/>
            <trkpt lat="50.10626" lon="4.74894"/>
            <trkpt lat="50.10623" lon="4.74888"/>
            <trkpt lat="50.10593" lon="4.74841"/>
            <trkpt lat="50.10551" lon="4.74782"/>
            <trkpt lat="50.10542" lon="4.74769"/>
            <trkpt lat="50.10543" lon="4.74763"/>
            <trkpt lat="50.10543" lon="4.74754"/>
            <trkpt lat="50.10542" lon="4.7475"/>
            <trkpt lat="50.1054" lon="4.74746"/>
            <trkpt lat="50.10538" lon="4.74742"/>
            <trkpt lat="50.10532" lon="4.74739"/>
            <trkpt lat="50.10528" lon="4.74739"/>
            <trkpt lat="50.10525" lon="4.7474"/>
            <trkpt lat="50.10516" lon="4.74731"/>
            <trkpt lat="50.1049" lon="4.747"/>
            <trkpt lat="50.10479" lon="4.74684"/>
            <trkpt lat="50.10468" lon="4.74676"/>
            <trkpt lat="50.10453" lon="4.74656"/>
            <trkpt lat="50.10447" lon="4.74648"/>
            <trkpt lat="50.10418" lon="4.74609"/>
            <trkpt lat="50.10381" lon="4.7456"/>
            <trkpt lat="50.10331" lon="4.74489"/>
            <trkpt lat="50.1032" lon="4.74472"/>
            <trkpt lat="50.10299" lon="4.74432"/>
            <trkpt lat="50.1021" lon="4.74227"/>
            <trkpt lat="50.10195" lon="4.74195"/>
            <trkpt lat="50.10181" lon="4.7417"/>
            <trkpt lat="50.10171" lon="4.74156"/>
            <trkpt lat="50.10131" lon="4.74109"/>
            <trkpt lat="50.1012" lon="4.74098"/>
            <trkpt lat="50.10104" lon="4.74086"/>
            <trkpt lat="50.10063" lon="4.74062"/>
            <trkpt lat="50.10041" lon="4.74047"/>
            <trkpt lat="50.10025" lon="4.74035"/>
            <trkpt lat="50.09999" lon="4.74016"/>
            <trkpt lat="50.09967" lon="4.73983"/>
            <trkpt lat="50.09964" lon="4.73979"/>
            <trkpt lat="50.09797" lon="4.73757"/>
            <trkpt lat="50.09766" lon="4.73714"/>
            <trkpt lat="50.09754" lon="4.73698"/>
            <trkpt lat="50.09512" lon="4.73371"/>
            <trkpt lat="50.09439" lon="4.73273"/>
            <trkpt lat="50.09425" lon="4.73254"/>
            <trkpt lat="50.09196" lon="4.72948"/>
            <trkpt lat="50.09095" lon="4.72814"/>
            <trkpt lat="50.09057" lon="4.7277"/>
            <trkpt lat="50.09022" lon="4.72733"/>
            <trkpt lat="50.09001" lon="4.72713"/>
            <trkpt lat="50.08985" lon="4.72699"/>
            <trkpt lat="50.08975" lon="4.72691"/>
            <trkpt lat="50.08974" lon="4.72689"/>
            <trkpt lat="50.08934" lon="4.72655"/>
            <trkpt lat="50.08892" lon="4.72619"/>
            <trkpt lat="50.0886" lon="4.72591"/>
            <trkpt lat="50.08824" lon="4.72559"/>
            <trkpt lat="50.08814" lon="4.72551"/>
            <trkpt lat="50.08807" lon="4.72547"/>
            <trkpt lat="50.08799" lon="4.72544"/>
            <trkpt lat="50.08787" lon="4.7254"/>
            <trkpt lat="50.08779" lon="4.72537"/>
            <trkpt lat="50.08751" lon="4.72527"/>
            <trkpt lat="50.08741" lon="4.72523"/>
            <trkpt lat="50.08741" lon="4.72521"/>
            <trkpt lat="50.08741" lon="4.72519"/>
            <trkpt lat="50.08739" lon="4.72517"/>
            <trkpt lat="50.08738" lon="4.72515"/>
            <trkpt lat="50.08735" lon="4.72515"/>
            <trkpt lat="50.08732" lon="4.72516"/>
            <trkpt lat="50.08731" lon="4.72517"/>
            <trkpt lat="50.0873" lon="4.72519"/>
            <trkpt lat="50.08679" lon="4.72501"/>
            <trkpt lat="50.08646" lon="4.72489"/>
            <trkpt lat="50.08631" lon="4.72485"/>
            <trkpt lat="50.08628" lon="4.72484"/>
            <trkpt lat="50.08564" lon="4.72463"/>
            <trkpt lat="50.08547" lon="4.72457"/>
            <trkpt lat="50.08537" lon="4.72454"/>
            <trkpt lat="50.0851" lon="4.72448"/>
            <trkpt lat="50.08508" lon="4.72446"/>
            <trkpt lat="50.08506" lon="4.72446"/>
            <trkpt lat="50.08505" lon="4.72446"/>
            <trkpt lat="50.08503" lon="4.72446"/>
            <trkpt lat="50.08502" lon="4.72447"/>
            <trkpt lat="50.08501" lon="4.72448"/>
            <trkpt lat="50.085" lon="4.7245"/>
            <trkpt lat="50.085" lon="4.72451"/>
            <trkpt lat="50.085" lon="4.72453"/>
            <trkpt lat="50.085" lon="4.72455"/>
            <trkpt lat="50.08501" lon="4.72457"/>
            <trkpt lat="50.08502" lon="4.72459"/>
            <trkpt lat="50.08504" lon="4.7246"/>
            <trkpt lat="50.08503" lon="4.7247"/>
            <trkpt lat="50.08503" lon="4.72489"/>
            <trkpt lat="50.08507" lon="4.72599"/>
            <trkpt lat="50.08508" lon="4.7264"/>
            <trkpt lat="50.0851" lon="4.72732"/>
            <trkpt lat="50.08509" lon="4.72744"/>
            <trkpt lat="50.08505" lon="4.7275"/>
            <trkpt lat="50.085" lon="4.72752"/>
            <trkpt lat="50.08474" lon="4.72751"/>
            <trkpt lat="50.08441" lon="4.7275"/>
            <trkpt lat="50.08433" lon="4.72752"/>
            <trkpt lat="50.08428" lon="4.72758"/>
            <trkpt lat="50.08426" lon="4.72763"/>
            <trkpt lat="50.08405" lon="4.72821"/>
            <trkpt lat="50.08372" lon="4.72862"/>
            <trkpt lat="50.08354" lon="4.72881"/>
            <trkpt lat="50.08343" lon="4.72895"/>
            <trkpt lat="50.08313" lon="4.72921"/>
            <trkpt lat="50.08275" lon="4.72954"/>
            <trkpt lat="50.08254" lon="4.72972"/>
            <trkpt lat="50.0825" lon="4.72974"/>
            <trkpt lat="50.0822" lon="4.72998"/>
            <trkpt lat="50.08194" lon="4.73017"/>
            <trkpt lat="50.08181" lon="4.73028"/>
            <trkpt lat="50.08179" lon="4.73022"/>
            <trkpt lat="50.08175" lon="4.73019"/>
            <trkpt lat="50.0817" lon="4.73019"/>
            <trkpt lat="50.08166" lon="4.73022"/>
            <trkpt lat="50.08163" lon="4.73027"/>
            <trkpt lat="50.08161" lon="4.73033"/>
            <trkpt lat="50.08161" lon="4.7304"/>
            <trkpt lat="50.08164" lon="4.73046"/>
            <trkpt lat="50.08145" lon="4.73074"/>
            <trkpt lat="50.08136" lon="4.7308"/>
            <trkpt lat="50.08127" lon="4.73086"/>
            <trkpt lat="50.08044" lon="4.73148"/>
            <trkpt lat="50.0798" lon="4.732"/>
            <trkpt lat="50.07938" lon="4.73228"/>
            <trkpt lat="50.07799" lon="4.73273"/>
            <trkpt lat="50.07788" lon="4.73276"/>
            <trkpt lat="50.07742" lon="4.73292"/>
            <trkpt lat="50.07703" lon="4.7331"/>
            <trkpt lat="50.07689" lon="4.73318"/>
            <trkpt lat="50.07643" lon="4.7335"/>
            <trkpt lat="50.07583" lon="4.73394"/>
            <trkpt lat="50.07568" lon="4.73403"/>
            <trkpt lat="50.07493" lon="4.73451"/>
            <trkpt lat="50.07428" lon="4.73497"/>
            <trkpt lat="50.07344" lon="4.73553"/>
            <trkpt lat="50.07259" lon="4.7361"/>
            <trkpt lat="50.0724" lon="4.73624"/>
            <trkpt lat="50.07186" lon="4.73655"/>
            <trkpt lat="50.07167" lon="4.73664"/>
            <trkpt lat="50.07154" lon="4.73668"/>
            <trkpt lat="50.07122" lon="4.73673"/>
            <trkpt lat="50.07099" lon="4.73677"/>
            <trkpt lat="50.07038" lon="4.73686"/>
            <trkpt lat="50.07003" lon="4.73689"/>
            <trkpt lat="50.06977" lon="4.73696"/>
            <trkpt lat="50.06951" lon="4.73708"/>
            <trkpt lat="50.06916" lon="4.7373"/>
            <trkpt lat="50.06904" lon="4.73741"/>
            <trkpt lat="50.069" lon="4.73744"/>
            <trkpt lat="50.06877" lon="4.73768"/>
            <trkpt lat="50.06866" lon="4.73784"/>
            <trkpt lat="50.06792" lon="4.73888"/>
            <trkpt lat="50.06763" lon="4.73932"/>
            <trkpt lat="50.067" lon="4.74012"/>
            <trkpt lat="50.06624" lon="4.7408"/>
            <trkpt lat="50.06597" lon="4.7411"/>
            <trkpt lat="50.06556" lon="4.74176"/>
            <trkpt lat="50.0649" lon="4.74296"/>
            <trkpt lat="50.06466" lon="4.74337"/>
            <trkpt lat="50.06416" lon="4.74437"/>
            <trkpt lat="50.064" lon="4.74457"/>
            <trkpt lat="50.06367" lon="4.74492"/>
            <trkpt lat="50.06332" lon="4.74523"/>
            <trkpt lat="50.06305" lon="4.74547"/>
            <trkpt lat="50.06257" lon="4.74604"/>
            <trkpt lat="50.06254" lon="4.74609"/>
            <trkpt lat="50.06231" lon="4.74647"/>
            <trkpt lat="50.06218" lon="4.74677"/>
            <trkpt lat="50.06189" lon="4.74779"/>
            <trkpt lat="50.06155" lon="4.74912"/>
            <trkpt lat="50.06148" lon="4.74945"/>
            <trkpt lat="50.06142" lon="4.74994"/>
            <trkpt lat="50.06133" lon="4.75107"/>
            <trkpt lat="50.0613" lon="4.75153"/>
            <trkpt lat="50.0613" lon="4.75182"/>
            <trkpt lat="50.06136" lon="4.75261"/>
            <trkpt lat="50.06136" lon="4.75287"/>
            <trkpt lat="50.06135" lon="4.75313"/>
            <trkpt lat="50.06129" lon="4.75369"/>
            <trkpt lat="50.06091" lon="4.75674"/>
            <trkpt lat="50.0606" lon="4.75867"/>
            <trkpt lat="50.06041" lon="4.75958"/>
            <trkpt lat="50.06033" lon="4.75986"/>
            <trkpt lat="50.06026" lon="4.76007"/>
            <trkpt lat="50.06013" lon="4.7604"/>
            <trkpt lat="50.06004" lon="4.76057"/>
            <trkpt lat="50.05942" lon="4.76146"/>
            <trkpt lat="50.05937" lon="4.76157"/>
            <trkpt lat="50.0591" lon="4.76236"/>
            <trkpt lat="50.05896" lon="4.76262"/>
            <trkpt lat="50.05877" lon="4.76289"/>
            <trkpt lat="50.05801" lon="4.76377"/>
            <trkpt lat="50.05745" lon="4.76448"/>
            <trkpt lat="50.05715" lon="4.76493"/>
            <trkpt lat="50.05702" lon="4.76517"/>
            <trkpt lat="50.05683" lon="4.76553"/>
            <trkpt lat="50.05669" lon="4.76574"/>
            <trkpt lat="50.05647" lon="4.76597"/>
            <trkpt lat="50.05615" lon="4.7662"/>
            <trkpt lat="50.05566" lon="4.7667"/>
            <trkpt lat="50.05491" lon="4.76759"/>
            <trkpt lat="50.05455" lon="4.76797"/>
            <trkpt lat="50.05447" lon="4.76807"/>
            <trkpt lat="50.05371" lon="4.76899"/>
            <trkpt lat="50.0536" lon="4.76912"/>
            <trkpt lat="50.05343" lon="4.76934"/>
            <trkpt lat="50.05263" lon="4.77044"/>
            <trkpt lat="50.05223" lon="4.77103"/>
            <trkpt lat="50.05211" lon="4.77125"/>
            <trkpt lat="50.05206" lon="4.77138"/>
            <trkpt lat="50.05203" lon="4.77148"/>
            <trkpt lat="50.05199" lon="4.77162"/>
            <trkpt lat="50.05196" lon="4.77181"/>
            <trkpt lat="50.05194" lon="4.77207"/>
            <trkpt lat="50.05198" lon="4.77324"/>
            <trkpt lat="50.05198" lon="4.77344"/>
            <trkpt lat="50.05195" lon="4.77366"/>
            <trkpt lat="50.05192" lon="4.77381"/>
            <trkpt lat="50.05189" lon="4.77391"/>
            <trkpt lat="50.0518" lon="4.77414"/>
            <trkpt lat="50.05158" lon="4.77451"/>
            <trkpt lat="50.05097" lon="4.77546"/>
            <trkpt lat="50.05066" lon="4.77591"/>
            <trkpt lat="50.05037" lon="4.77628"/>
            <trkpt lat="50.04988" lon="4.77687"/>
            <trkpt lat="50.04975" lon="4.77712"/>
            <trkpt lat="50.04967" lon="4.77736"/>
            <trkpt lat="50.04962" lon="4.77758"/>
            <trkpt lat="50.04959" lon="4.7778"/>
            <trkpt lat="50.04957" lon="4.77809"/>
            <trkpt lat="50.04955" lon="4.77872"/>
            <trkpt lat="50.04955" lon="4.77901"/>
            <trkpt lat="50.04954" lon="4.77937"/>
            <trkpt lat="50.04949" lon="4.77981"/>
            <trkpt lat="50.04944" lon="4.78006"/>
            <trkpt lat="50.04934" lon="4.78048"/>
            <trkpt lat="50.04916" lon="4.78112"/>
            <trkpt lat="50.04893" lon="4.7818"/>
            <trkpt lat="50.04852" lon="4.78317"/>
            <trkpt lat="50.04806" lon="4.78463"/>
            <trkpt lat="50.04797" lon="4.78488"/>
            <trkpt lat="50.04785" lon="4.78512"/>
            <trkpt lat="50.04773" lon="4.78532"/>
            <trkpt lat="50.04748" lon="4.78558"/>
            <trkpt lat="50.04725" lon="4.78572"/>
            <trkpt lat="50.04704" lon="4.78583"/>
            <trkpt lat="50.04599" lon="4.78626"/>
            <trkpt lat="50.04534" lon="4.78671"/>
            <trkpt lat="50.04505" lon="4.78696"/>
            <trkpt lat="50.04481" lon="4.78718"/>
            <trkpt lat="50.04449" lon="4.78758"/>
            <trkpt lat="50.04434" lon="4.78782"/>
            <trkpt lat="50.04395" lon="4.78862"/>
            <trkpt lat="50.0433" lon="4.79004"/>
            <trkpt lat="50.0433" lon="4.79004"/>
            <trkpt lat="50.04271" lon="4.79124"/>
            <trkpt lat="50.04245" lon="4.7917"/>
            <trkpt lat="50.04224" lon="4.79203"/>
            <trkpt lat="50.04163" lon="4.79289"/>
            <trkpt lat="50.04122" lon="4.79339"/>
            <trkpt lat="50.04095" lon="4.79358"/>
            <trkpt lat="50.04089" lon="4.79361"/>
            <trkpt lat="50.04074" lon="4.79367"/>
            <trkpt lat="50.04037" lon="4.79368"/>
            <trkpt lat="50.04019" lon="4.79366"/>
            <trkpt lat="50.03991" lon="4.79361"/>
            <trkpt lat="50.03866" lon="4.79333"/>
            <trkpt lat="50.03785" lon="4.79326"/>
            <trkpt lat="50.03744" lon="4.79314"/>
            <trkpt lat="50.03684" lon="4.79308"/>
            <trkpt lat="50.03636" lon="4.79312"/>
            <trkpt lat="50.03521" lon="4.79331"/>
            <trkpt lat="50.03377" lon="4.79352"/>
            <trkpt lat="50.03302" lon="4.79366"/>
            <trkpt lat="50.03174" lon="4.79377"/>
            <trkpt lat="50.03139" lon="4.7938"/>
            <trkpt lat="50.03115" lon="4.79378"/>
            <trkpt lat="50.03096" lon="4.79375"/>
            <trkpt lat="50.03067" lon="4.79363"/>
            <trkpt lat="50.03038" lon="4.79349"/>
            <trkpt lat="50.03008" lon="4.79327"/>
            <trkpt lat="50.03003" lon="4.79322"/>
            <trkpt lat="50.02969" lon="4.7931"/>
            <trkpt lat="50.02955" lon="4.79308"/>
            <trkpt lat="50.02931" lon="4.79307"/>
            <trkpt lat="50.02912" lon="4.79311"/>
            <trkpt lat="50.0289" lon="4.79321"/>
            <trkpt lat="50.02792" lon="4.79396"/>
            <trkpt lat="50.02763" lon="4.7941"/>
            <trkpt lat="50.02739" lon="4.79414"/>
            <trkpt lat="50.02719" lon="4.79416"/>
            <trkpt lat="50.02672" lon="4.79412"/>
            <trkpt lat="50.02513" lon="4.79338"/>
            <trkpt lat="50.02488" lon="4.79333"/>
            <trkpt lat="50.02453" lon="4.7934"/>
            <trkpt lat="50.02401" lon="4.79363"/>
            <trkpt lat="50.02389" lon="4.79365"/>
            <trkpt lat="50.02368" lon="4.7936"/>
            <trkpt lat="50.02359" lon="4.79357"/>
            <trkpt lat="50.02322" lon="4.79342"/>
            <trkpt lat="50.02283" lon="4.79329"/>
            <trkpt lat="50.02248" lon="4.79325"/>
            <trkpt lat="50.02193" lon="4.79329"/>
            <trkpt lat="50.0218" lon="4.7933"/>
            <trkpt lat="50.02154" lon="4.79336"/>
            <trkpt lat="50.02132" lon="4.79336"/>
            <trkpt lat="50.02116" lon="4.79338"/>
            <trkpt lat="50.02081" lon="4.79334"/>
            <trkpt lat="50.02055" lon="4.79331"/>
            <trkpt lat="50.02003" lon="4.7933"/>
            <trkpt lat="50.01994" lon="4.79328"/>
            <trkpt lat="50.01989" lon="4.79324"/>
            <trkpt lat="50.01987" lon="4.7932"/>
            <trkpt lat="50.01986" lon="4.79313"/>
            <trkpt lat="50.01985" lon="4.79305"/>
            <trkpt lat="50.01985" lon="4.79253"/>
            <trkpt lat="50.01983" lon="4.79218"/>
            <trkpt lat="50.01972" lon="4.7915"/>
            <trkpt lat="50.01969" lon="4.79136"/>
            <trkpt lat="50.01962" lon="4.79117"/>
            <trkpt lat="50.01956" lon="4.79109"/>
            <trkpt lat="50.01927" lon="4.79073"/>
            <trkpt lat="50.01904" lon="4.79029"/>
            <trkpt lat="50.01896" lon="4.79004"/>
            <trkpt lat="50.01882" lon="4.78959"/>
            <trkpt lat="50.01863" lon="4.78894"/>
            <trkpt lat="50.01857" lon="4.78879"/>
            <trkpt lat="50.01851" lon="4.78867"/>
            <trkpt lat="50.01845" lon="4.78859"/>
            <trkpt lat="50.01839" lon="4.78855"/>
            <trkpt lat="50.01833" lon="4.78852"/>
            <trkpt lat="50.01826" lon="4.7885"/>
            <trkpt lat="50.01809" lon="4.7885"/>
            <trkpt lat="50.01802" lon="4.78854"/>
            <trkpt lat="50.01791" lon="4.7886"/>
            <trkpt lat="50.01773" lon="4.78873"/>
            <trkpt lat="50.01706" lon="4.78911"/>
            <trkpt lat="50.01611" lon="4.78962"/>
            <trkpt lat="50.01578" lon="4.78977"/>
            <trkpt lat="50.01548" lon="4.78981"/>
            <trkpt lat="50.01529" lon="4.78977"/>
            <trkpt lat="50.01508" lon="4.78971"/>
            <trkpt lat="50.01464" lon="4.78951"/>
            <trkpt lat="50.01452" lon="4.78947"/>
            <trkpt lat="50.01425" lon="4.7894"/>
            <trkpt lat="50.01409" lon="4.78936"/>
            <trkpt lat="50.01364" lon="4.78942"/>
            <trkpt lat="50.01354" lon="4.78949"/>
            <trkpt lat="50.01342" lon="4.78967"/>
            <trkpt lat="50.01339" lon="4.78972"/>
            <trkpt lat="50.01323" lon="4.79004"/>
            <trkpt lat="50.0131" lon="4.79029"/>
            <trkpt lat="50.01287" lon="4.79076"/>
            <trkpt lat="50.0127" lon="4.79099"/>
            <trkpt lat="50.01251" lon="4.79119"/>
            <trkpt lat="50.01222" lon="4.79146"/>
            <trkpt lat="50.0119" lon="4.79173"/>
            <trkpt lat="50.01174" lon="4.79189"/>
            <trkpt lat="50.0114" lon="4.79228"/>
            <trkpt lat="50.01098" lon="4.79284"/>
            <trkpt lat="50.01039" lon="4.79343"/>
            <trkpt lat="50.01003" lon="4.79389"/>
            <trkpt lat="50.00977" lon="4.7942"/>
            <trkpt lat="50.0097" lon="4.79427"/>
            <trkpt lat="50.00922" lon="4.79477"/>
            <trkpt lat="50.00895" lon="4.79497"/>
            <trkpt lat="50.00861" lon="4.79518"/>
            <trkpt lat="50.00756" lon="4.79565"/>
            <trkpt lat="50.00644" lon="4.79622"/>
            <trkpt lat="50.00606" lon="4.79634"/>
            <trkpt lat="50.0058" lon="4.79638"/>
            <trkpt lat="50.0055" lon="4.79633"/>
            <trkpt lat="50.0054" lon="4.7963"/>
            <trkpt lat="50.00522" lon="4.79617"/>
            <trkpt lat="50.0051" lon="4.79605"/>
            <trkpt lat="50.0049" lon="4.79584"/>
            <trkpt lat="50.00441" lon="4.79508"/>
            <trkpt lat="50.00415" lon="4.79461"/>
            <trkpt lat="50.00347" lon="4.79349"/>
            <trkpt lat="50.00315" lon="4.79308"/>
            <trkpt lat="50.00281" lon="4.79278"/>
            <trkpt lat="50.00234" lon="4.79253"/>
            <trkpt lat="50.00194" lon="4.7924"/>
            <trkpt lat="50.00029" lon="4.79212"/>
            <trkpt lat="49.99981" lon="4.79204"/>
            <trkpt lat="49.99838" lon="4.7918"/>
            <trkpt lat="49.99642" lon="4.79151"/>
            <trkpt lat="49.99438" lon="4.79115"/>
            <trkpt lat="49.99403" lon="4.79102"/>
            <trkpt lat="49.99386" lon="4.79093"/>
            <trkpt lat="49.99292" lon="4.79055"/>
            <trkpt lat="49.992" lon="4.79004"/>
            <trkpt lat="49.99193" lon="4.79"/>
            <trkpt lat="49.99154" lon="4.78974"/>
            <trkpt lat="49.9906" lon="4.78902"/>
            <trkpt lat="49.99005" lon="4.78858"/>
            <trkpt lat="49.98979" lon="4.78832"/>
            <trkpt lat="49.98956" lon="4.78802"/>
            <trkpt lat="49.98936" lon="4.78768"/>
            <trkpt lat="49.98934" lon="4.78763"/>
            <trkpt lat="49.98922" lon="4.7874"/>
            <trkpt lat="49.9887" lon="4.7863"/>
            <trkpt lat="49.98852" lon="4.786"/>
            <trkpt lat="49.9884" lon="4.78584"/>
            <trkpt lat="49.98828" lon="4.78572"/>
            <trkpt lat="49.98808" lon="4.78555"/>
            <trkpt lat="49.98781" lon="4.7854"/>
            <trkpt lat="49.98779" lon="4.7854"/>
            <trkpt lat="49.98679" lon="4.78499"/>
            <trkpt lat="49.98639" lon="4.78478"/>
            <trkpt lat="49.98596" lon="4.78448"/>
            <trkpt lat="49.98365" lon="4.7827"/>
            <trkpt lat="49.98347" lon="4.78258"/>
            <trkpt lat="49.98306" lon="4.78235"/>
            <trkpt lat="49.98253" lon="4.78212"/>
            <trkpt lat="49.98165" lon="4.78177"/>
            <trkpt lat="49.98141" lon="4.78165"/>
            <trkpt lat="49.98104" lon="4.78143"/>
            <trkpt lat="49.97952" lon="4.78034"/>
            <trkpt lat="49.97915" lon="4.78005"/>
            <trkpt lat="49.97891" lon="4.77981"/>
            <trkpt lat="49.9786" lon="4.77944"/>
            <trkpt lat="49.97584" lon="4.77597"/>
            <trkpt lat="49.97562" lon="4.77573"/>
            <trkpt lat="49.97541" lon="4.77557"/>
            <trkpt lat="49.97512" lon="4.77542"/>
            <trkpt lat="49.9709" lon="4.77373"/>
            <trkpt lat="49.97049" lon="4.77357"/>
            <trkpt lat="49.96979" lon="4.77332"/>
            <trkpt lat="49.96836" lon="4.77274"/>
            <trkpt lat="49.96732" lon="4.77229"/>
            <trkpt lat="49.96695" lon="4.77205"/>
            <trkpt lat="49.96586" lon="4.7711"/>
            <trkpt lat="49.96582" lon="4.77106"/>
            <trkpt lat="49.96524" lon="4.77048"/>
            <trkpt lat="49.96488" lon="4.77014"/>
            <trkpt lat="49.96452" lon="4.76989"/>
            <trkpt lat="49.96428" lon="4.76978"/>
            <trkpt lat="49.96406" lon="4.76972"/>
            <trkpt lat="49.96349" lon="4.76973"/>
            <trkpt lat="49.96331" lon="4.76978"/>
            <trkpt lat="49.96299" lon="4.76991"/>
            <trkpt lat="49.96245" lon="4.77026"/>
            <trkpt lat="49.96223" lon="4.77042"/>
            <trkpt lat="49.96172" lon="4.77075"/>
            <trkpt lat="49.96152" lon="4.77093"/>
            <trkpt lat="49.96076" lon="4.7714"/>
            <trkpt lat="49.96002" lon="4.77175"/>
            <trkpt lat="49.95853" lon="4.77272"/>
            <trkpt lat="49.95789" lon="4.77312"/>
            <trkpt lat="49.95691" lon="4.77377"/>
            <trkpt lat="49.95497" lon="4.77498"/>
            <trkpt lat="49.95485" lon="4.77506"/>
            <trkpt lat="49.95383" lon="4.7757"/>
            <trkpt lat="49.95246" lon="4.7766"/>
            <trkpt lat="49.95125" lon="4.77734"/>
            <trkpt lat="49.95119" lon="4.77738"/>
            <trkpt lat="49.95009" lon="4.7781"/>
            <trkpt lat="49.94937" lon="4.77859"/>
            <trkpt lat="49.94933" lon="4.77862"/>
            <trkpt lat="49.94899" lon="4.77886"/>
            <trkpt lat="49.94816" lon="4.77937"/>
            <trkpt lat="49.94695" lon="4.78015"/>
            <trkpt lat="49.94617" lon="4.78063"/>
            <trkpt lat="49.94586" lon="4.78079"/>
            <trkpt lat="49.94582" lon="4.7808"/>
            <trkpt lat="49.94548" lon="4.78089"/>
            <trkpt lat="49.94537" lon="4.78089"/>
            <trkpt lat="49.94503" lon="4.7809"/>
            <trkpt lat="49.94498" lon="4.78089"/>
            <trkpt lat="49.94427" lon="4.78081"/>
            <trkpt lat="49.94385" lon="4.78075"/>
            <trkpt lat="49.94282" lon="4.78059"/>
            <trkpt lat="49.94154" lon="4.78045"/>
            <trkpt lat="49.93934" lon="4.78016"/>
            <trkpt lat="49.93869" lon="4.78009"/>
            <trkpt lat="49.93786" lon="4.78003"/>
            <trkpt lat="49.93772" lon="4.78"/>
            <trkpt lat="49.93769" lon="4.77998"/>
            <trkpt lat="49.93751" lon="4.7799"/>
            <trkpt lat="49.93691" lon="4.77942"/>
            <trkpt lat="49.93594" lon="4.77885"/>
            <trkpt lat="49.93504" lon="4.77834"/>
            <trkpt lat="49.93481" lon="4.77824"/>
            <trkpt lat="49.93412" lon="4.7781"/>
            <trkpt lat="49.93326" lon="4.77797"/>
            <trkpt lat="49.93326" lon="4.77797"/>
            <trkpt lat="49.9332" lon="4.77797"/>
            <trkpt lat="49.93206" lon="4.77778"/>
            <trkpt lat="49.9318" lon="4.77775"/>
            <trkpt lat="49.9316" lon="4.77773"/>
            <trkpt lat="49.93078" lon="4.77756"/>
            <trkpt lat="49.93001" lon="4.7774"/>
            <trkpt lat="49.92909" lon="4.77725"/>
            <trkpt lat="49.92884" lon="4.77716"/>
            <trkpt lat="49.92855" lon="4.77704"/>
            <trkpt lat="49.92817" lon="4.77678"/>
            <trkpt lat="49.92654" lon="4.77568"/>
            <trkpt lat="49.92634" lon="4.77557"/>
            <trkpt lat="49.92543" lon="4.77523"/>
            <trkpt lat="49.92451" lon="4.77498"/>
            <trkpt lat="49.92384" lon="4.77473"/>
            <trkpt lat="49.92362" lon="4.7747"/>
            <trkpt lat="49.92272" lon="4.77437"/>
            <trkpt lat="49.92188" lon="4.77384"/>
            <trkpt lat="49.92111" lon="4.77337"/>
            <trkpt lat="49.9191" lon="4.77215"/>
            <trkpt lat="49.91839" lon="4.7717"/>
            <trkpt lat="49.9173" lon="4.77103"/>
            <trkpt lat="49.9164" lon="4.77044"/>
            <trkpt lat="49.91581" lon="4.77015"/>
            <trkpt lat="49.9157" lon="4.77011"/>
            <trkpt lat="49.91536" lon="4.77005"/>
            <trkpt lat="49.91458" lon="4.77005"/>
            <trkpt lat="49.91399" lon="4.77008"/>
            <trkpt lat="49.91304" lon="4.76996"/>
            <trkpt lat="49.91276" lon="4.76987"/>
            <trkpt lat="49.91063" lon="4.76913"/>
            <trkpt lat="49.9106" lon="4.76912"/>
            <trkpt lat="49.91004" lon="4.76893"/>
            <trkpt lat="49.90951" lon="4.76871"/>
            <trkpt lat="49.90924" lon="4.76859"/>
            <trkpt lat="49.9091" lon="4.76851"/>
            <trkpt lat="49.90886" lon="4.76827"/>
            <trkpt lat="49.90878" lon="4.76814"/>
            <trkpt lat="49.90875" lon="4.76807"/>
            <trkpt lat="49.90861" lon="4.76774"/>
            <trkpt lat="49.90832" lon="4.76685"/>
            <trkpt lat="49.9081" lon="4.76612"/>
            <trkpt lat="49.90781" lon="4.765"/>
            <trkpt lat="49.90777" lon="4.76483"/>
            <trkpt lat="49.90753" lon="4.76389"/>
            <trkpt lat="49.9075" lon="4.76356"/>
            <trkpt lat="49.90751" lon="4.76333"/>
            <trkpt lat="49.90753" lon="4.76321"/>
            <trkpt lat="49.9076" lon="4.76292"/>
            <trkpt lat="49.90776" lon="4.76223"/>
            <trkpt lat="49.9079" lon="4.76165"/>
            <trkpt lat="49.90809" lon="4.76095"/>
            <trkpt lat="49.90851" lon="4.7594"/>
            <trkpt lat="49.90866" lon="4.75877"/>
            <trkpt lat="49.90874" lon="4.75835"/>
            <trkpt lat="49.9088" lon="4.75799"/>
            <trkpt lat="49.90882" lon="4.75772"/>
            <trkpt lat="49.90882" lon="4.75743"/>
            <trkpt lat="49.90856" lon="4.75485"/>
            <trkpt lat="49.90847" lon="4.75252"/>
            <trkpt lat="49.90848" lon="4.75146"/>
            <trkpt lat="49.90845" lon="4.75063"/>
            <trkpt lat="49.90841" lon="4.75022"/>
            <trkpt lat="49.90833" lon="4.74984"/>
            <trkpt lat="49.90808" lon="4.74898"/>
            <trkpt lat="49.9079" lon="4.74854"/>
            <trkpt lat="49.90779" lon="4.7483"/>
            <trkpt lat="49.90761" lon="4.74808"/>
            <trkpt lat="49.90737" lon="4.74795"/>
            <trkpt lat="49.90719" lon="4.74791"/>
            <trkpt lat="49.9069" lon="4.74789"/>
            <trkpt lat="49.90665" lon="4.74791"/>
            <trkpt lat="49.90631" lon="4.74804"/>
            <trkpt lat="49.90548" lon="4.74859"/>
            <trkpt lat="49.90526" lon="4.74875"/>
            <trkpt lat="49.9051" lon="4.74892"/>
            <trkpt lat="49.90496" lon="4.74913"/>
            <trkpt lat="49.90477" lon="4.74945"/>
            <trkpt lat="49.90458" lon="4.74971"/>
            <trkpt lat="49.90443" lon="4.74984"/>
            <trkpt lat="49.90425" lon="4.74991"/>
            <trkpt lat="49.904" lon="4.74989"/>
            <trkpt lat="49.90371" lon="4.7498"/>
            <trkpt lat="49.90337" lon="4.74959"/>
            <trkpt lat="49.90304" lon="4.74927"/>
            <trkpt lat="49.90266" lon="4.74883"/>
            <trkpt lat="49.90245" lon="4.74856"/>
            <trkpt lat="49.90161" lon="4.7473"/>
            <trkpt lat="49.90137" lon="4.74703"/>
            <trkpt lat="49.90121" lon="4.74687"/>
            <trkpt lat="49.90095" lon="4.74673"/>
            <trkpt lat="49.8999" lon="4.74629"/>
            <trkpt lat="49.89964" lon="4.74618"/>
            <trkpt lat="49.89946" lon="4.74609"/>
            <trkpt lat="49.89899" lon="4.74586"/>
            <trkpt lat="49.89861" lon="4.74562"/>
            <trkpt lat="49.89835" lon="4.7454"/>
            <trkpt lat="49.89815" lon="4.74521"/>
            <trkpt lat="49.89797" lon="4.74502"/>
            <trkpt lat="49.89784" lon="4.7449"/>
            <trkpt lat="49.89765" lon="4.74474"/>
            <trkpt lat="49.89537" lon="4.74323"/>
            <trkpt lat="49.89445" lon="4.7426"/>
            <trkpt lat="49.89428" lon="4.74251"/>
            <trkpt lat="49.89404" lon="4.74244"/>
            <trkpt lat="49.89388" lon="4.74243"/>
            <trkpt lat="49.89329" lon="4.74252"/>
            <trkpt lat="49.89233" lon="4.74274"/>
            <trkpt lat="49.89141" lon="4.7429"/>
            <trkpt lat="49.89106" lon="4.74296"/>
            <trkpt lat="49.89073" lon="4.743"/>
            <trkpt lat="49.89067" lon="4.74301"/>
            <trkpt lat="49.89047" lon="4.74304"/>
            <trkpt lat="49.89039" lon="4.74307"/>
            <trkpt lat="49.89032" lon="4.7431"/>
            <trkpt lat="49.89022" lon="4.74317"/>
            <trkpt lat="49.89014" lon="4.74323"/>
            <trkpt lat="49.8901" lon="4.7433"/>
            <trkpt lat="49.89001" lon="4.74353"/>
            <trkpt lat="49.88959" lon="4.74481"/>
            <trkpt lat="49.88952" lon="4.74509"/>
            <trkpt lat="49.8895" lon="4.74532"/>
            <trkpt lat="49.88948" lon="4.74562"/>
            <trkpt lat="49.8895" lon="4.74577"/>
            <trkpt lat="49.88955" lon="4.746"/>
            <trkpt lat="49.8896" lon="4.74609"/>
            <trkpt lat="49.88963" lon="4.74615"/>
            <trkpt lat="49.88973" lon="4.74648"/>
            <trkpt lat="49.88977" lon="4.7466"/>
            <trkpt lat="49.88978" lon="4.74681"/>
            <trkpt lat="49.88976" lon="4.74695"/>
            <trkpt lat="49.8897" lon="4.74704"/>
            <trkpt lat="49.88965" lon="4.74709"/>
            <trkpt lat="49.88947" lon="4.74712"/>
            <trkpt lat="49.88927" lon="4.7471"/>
            <trkpt lat="49.88905" lon="4.74701"/>
            <trkpt lat="49.8887" lon="4.7468"/>
            <trkpt lat="49.88862" lon="4.74677"/>
            <trkpt lat="49.88818" lon="4.74677"/>
            <trkpt lat="49.88812" lon="4.74675"/>
            <trkpt lat="49.8879" lon="4.74657"/>
            <trkpt lat="49.88763" lon="4.74632"/>
            <trkpt lat="49.8875" lon="4.74623"/>
            <trkpt lat="49.88742" lon="4.7462"/>
            <trkpt lat="49.88731" lon="4.74623"/>
            <trkpt lat="49.88698" lon="4.74631"/>
            <trkpt lat="49.88675" lon="4.74633"/>
            <trkpt lat="49.8863" lon="4.74632"/>
            <trkpt lat="49.8861" lon="4.74628"/>
            <trkpt lat="49.886" lon="4.74621"/>
            <trkpt lat="49.88594" lon="4.74613"/>
            <trkpt lat="49.88593" lon="4.74609"/>
            <trkpt lat="49.88591" lon="4.74606"/>
            <trkpt lat="49.8859" lon="4.74594"/>
            <trkpt lat="49.8859" lon="4.74587"/>
            <trkpt lat="49.88591" lon="4.7458"/>
            <trkpt lat="49.88591" lon="4.74578"/>
            <trkpt lat="49.88597" lon="4.74564"/>
            <trkpt lat="49.88606" lon="4.74549"/>
            <trkpt lat="49.88637" lon="4.74507"/>
            <trkpt lat="49.88686" lon="4.74432"/>
            <trkpt lat="49.88707" lon="4.74403"/>
            <trkpt lat="49.88709" lon="4.74399"/>
            <trkpt lat="49.88713" lon="4.74392"/>
            <trkpt lat="49.8872" lon="4.7438"/>
            <trkpt lat="49.88729" lon="4.74359"/>
            <trkpt lat="49.88738" lon="4.74332"/>
            <trkpt lat="49.88752" lon="4.74265"/>
            <trkpt lat="49.88785" lon="4.74097"/>
            <trkpt lat="49.88804" lon="4.73994"/>
            <trkpt lat="49.88821" lon="4.73928"/>
            <trkpt lat="49.88836" lon="4.73845"/>
            <trkpt lat="49.88836" lon="4.73837"/>
            <trkpt lat="49.88835" lon="4.73823"/>
            <trkpt lat="49.8883" lon="4.73815"/>
            <trkpt lat="49.88825" lon="4.73808"/>
            <trkpt lat="49.88818" lon="4.73804"/>
            <trkpt lat="49.88812" lon="4.73803"/>
            <trkpt lat="49.88802" lon="4.73808"/>
            <trkpt lat="49.88778" lon="4.73832"/>
            <trkpt lat="49.88754" lon="4.73856"/>
            <trkpt lat="49.88693" lon="4.73922"/>
            <trkpt lat="49.88683" lon="4.73934"/>
            <trkpt lat="49.88573" lon="4.74034"/>
            <trkpt lat="49.88564" lon="4.74042"/>
            <trkpt lat="49.88557" lon="4.74045"/>
            <trkpt lat="49.8855" lon="4.74047"/>
            <trkpt lat="49.88545" lon="4.74049"/>
            <trkpt lat="49.8854" lon="4.74051"/>
            <trkpt lat="49.8851" lon="4.74073"/>
            <trkpt lat="49.8849" lon="4.74086"/>
            <trkpt lat="49.88475" lon="4.74092"/>
            <trkpt lat="49.88454" lon="4.74096"/>
            <trkpt lat="49.88445" lon="4.74095"/>
            <trkpt lat="49.8843" lon="4.74095"/>
            <trkpt lat="49.88413" lon="4.74092"/>
            <trkpt lat="49.88405" lon="4.74089"/>
            <trkpt lat="49.88399" lon="4.74084"/>
            <trkpt lat="49.88387" lon="4.74095"/>
            <trkpt lat="49.88385" lon="4.74092"/>
            <trkpt lat="49.88382" lon="4.7409"/>
            <trkpt lat="49.88379" lon="4.7409"/>
            <trkpt lat="49.88377" lon="4.7409"/>
            <trkpt lat="49.88373" lon="4.74092"/>
            <trkpt lat="49.88372" lon="4.74095"/>
            <trkpt lat="49.88371" lon="4.74099"/>
            <trkpt lat="49.88352" lon="4.74097"/>
            <trkpt lat="49.88273" lon="4.74098"/>
            <trkpt lat="49.88237" lon="4.74099"/>
            <trkpt lat="49.882" lon="4.74101"/>
            <trkpt lat="49.88186" lon="4.74104"/>
            <trkpt lat="49.88162" lon="4.74107"/>
            <trkpt lat="49.88093" lon="4.7413"/>
            <trkpt lat="49.88004" lon="4.7416"/>
            <trkpt lat="49.87943" lon="4.74179"/>
            <trkpt lat="49.87931" lon="4.74183"/>
            <trkpt lat="49.87841" lon="4.74212"/>
            <trkpt lat="49.87793" lon="4.74228"/>
            <trkpt lat="49.87789" lon="4.74229"/>
            <trkpt lat="49.87782" lon="4.74231"/>
            <trkpt lat="49.87684" lon="4.74264"/>
            <trkpt lat="49.87599" lon="4.74291"/>
            <trkpt lat="49.87582" lon="4.74293"/>
            <trkpt lat="49.87566" lon="4.74293"/>
            <trkpt lat="49.87545" lon="4.74293"/>
            <trkpt lat="49.87497" lon="4.74291"/>
            <trkpt lat="49.87481" lon="4.7429"/>
            <trkpt lat="49.87457" lon="4.74288"/>
            <trkpt lat="49.87418" lon="4.74285"/>
            <trkpt lat="49.87354" lon="4.74281"/>
            <trkpt lat="49.87252" lon="4.74271"/>
            <trkpt lat="49.87198" lon="4.74261"/>
            <trkpt lat="49.87158" lon="4.74254"/>
            <trkpt lat="49.87142" lon="4.74253"/>
            <trkpt lat="49.87093" lon="4.74244"/>
            <trkpt lat="49.87068" lon="4.74241"/>
            <trkpt lat="49.86978" lon="4.74218"/>
            <trkpt lat="49.8692" lon="4.74198"/>
            <trkpt lat="49.86889" lon="4.74181"/>
            <trkpt lat="49.86882" lon="4.74177"/>
            <trkpt lat="49.8688" lon="4.74175"/>
            <trkpt lat="49.86837" lon="4.74138"/>
            <trkpt lat="49.86805" lon="4.74114"/>
            <trkpt lat="49.86786" lon="4.74099"/>
            <trkpt lat="49.86735" lon="4.74066"/>
            <trkpt lat="49.86629" lon="4.74019"/>
            <trkpt lat="49.86617" lon="4.74013"/>
            <trkpt lat="49.8661" lon="4.7401"/>
            <trkpt lat="49.86591" lon="4.74007"/>
            <trkpt lat="49.86576" lon="4.74012"/>
            <trkpt lat="49.86522" lon="4.74038"/>
            <trkpt lat="49.86519" lon="4.74039"/>
            <trkpt lat="49.86508" lon="4.74041"/>
            <trkpt lat="49.86502" lon="4.74043"/>
            <trkpt lat="49.86493" lon="4.74041"/>
            <trkpt lat="49.86487" lon="4.74039"/>
            <trkpt lat="49.8646" lon="4.74024"/>
            <trkpt lat="49.86439" lon="4.74007"/>
            <trkpt lat="49.86386" lon="4.73959"/>
            <trkpt lat="49.8636" lon="4.73938"/>
            <trkpt lat="49.86311" lon="4.73901"/>
            <trkpt lat="49.86282" lon="4.73867"/>
            <trkpt lat="49.86242" lon="4.73811"/>
            <trkpt lat="49.86223" lon="4.73787"/>
            <trkpt lat="49.86211" lon="4.7377"/>
            <trkpt lat="49.862" lon="4.73759"/>
            <trkpt lat="49.86186" lon="4.73748"/>
            <trkpt lat="49.86169" lon="4.73736"/>
            <trkpt lat="49.86151" lon="4.73726"/>
            <trkpt lat="49.86101" lon="4.73707"/>
            <trkpt lat="49.8605" lon="4.73687"/>
            <trkpt lat="49.86011" lon="4.73675"/>
            <trkpt lat="49.85991" lon="4.73666"/>
            <trkpt lat="49.85971" lon="4.73656"/>
            <trkpt lat="49.85944" lon="4.73656"/>
            <trkpt lat="49.85927" lon="4.7366"/>
            <trkpt lat="49.85909" lon="4.73666"/>
            <trkpt lat="49.85862" lon="4.73682"/>
            <trkpt lat="49.85835" lon="4.73692"/>
            <trkpt lat="49.85797" lon="4.73703"/>
            <trkpt lat="49.85779" lon="4.7371"/>
            <trkpt lat="49.85763" lon="4.73717"/>
            <trkpt lat="49.85752" lon="4.73725"/>
            <trkpt lat="49.85743" lon="4.73737"/>
            <trkpt lat="49.85737" lon="4.73757"/>
            <trkpt lat="49.85733" lon="4.73779"/>
            <trkpt lat="49.85731" lon="4.73817"/>
            <trkpt lat="49.85731" lon="4.73833"/>
            <trkpt lat="49.85734" lon="4.73875"/>
            <trkpt lat="49.85739" lon="4.73907"/>
            <trkpt lat="49.85739" lon="4.73912"/>
            <trkpt lat="49.85763" lon="4.73989"/>
            <trkpt lat="49.85767" lon="4.74005"/>
            <trkpt lat="49.85786" lon="4.74057"/>
            <trkpt lat="49.85799" lon="4.7409"/>
            <trkpt lat="49.85835" lon="4.74167"/>
            <trkpt lat="49.85853" lon="4.74198"/>
            <trkpt lat="49.85869" lon="4.74226"/>
            <trkpt lat="49.8596" lon="4.74345"/>
            <trkpt lat="49.86003" lon="4.74401"/>
            <trkpt lat="49.86026" lon="4.74437"/>
            <trkpt lat="49.86066" lon="4.74507"/>
            <trkpt lat="49.8612" lon="4.74609"/>
            <trkpt lat="49.86154" lon="4.74672"/>
            <trkpt lat="49.86173" lon="4.7472"/>
            <trkpt lat="49.86181" lon="4.74746"/>
            <trkpt lat="49.86189" lon="4.74776"/>
            <trkpt lat="49.86201" lon="4.74825"/>
            <trkpt lat="49.86209" lon="4.74856"/>
            <trkpt lat="49.86221" lon="4.74906"/>
            <trkpt lat="49.86224" lon="4.74925"/>
            <trkpt lat="49.86224" lon="4.74943"/>
            <trkpt lat="49.86219" lon="4.75"/>
            <trkpt lat="49.86208" lon="4.7509"/>
            <trkpt lat="49.86205" lon="4.75106"/>
            <trkpt lat="49.86201" lon="4.75122"/>
            <trkpt lat="49.86177" lon="4.75183"/>
            <trkpt lat="49.8614" lon="4.75286"/>
            <trkpt lat="49.86107" lon="4.75386"/>
            <trkpt lat="49.86102" lon="4.75397"/>
            <trkpt lat="49.8609" lon="4.75424"/>
            <trkpt lat="49.86069" lon="4.75464"/>
            <trkpt lat="49.86032" lon="4.75539"/>
            <trkpt lat="49.85965" lon="4.75708"/>
            <trkpt lat="49.8593" lon="4.7581"/>
            <trkpt lat="49.85912" lon="4.7585"/>
            <trkpt lat="49.85921" lon="4.75873"/>
            <trkpt lat="49.85923" lon="4.7588"/>
            <trkpt lat="49.85929" lon="4.75916"/>
            <trkpt lat="49.85936" lon="4.75933"/>
            <trkpt lat="49.85942" lon="4.75947"/>
            <trkpt lat="49.85954" lon="4.75983"/>
            <trkpt lat="49.85966" lon="4.76024"/>
            <trkpt lat="49.85968" lon="4.76034"/>
            <trkpt lat="49.85981" lon="4.76071"/>
            <trkpt lat="49.85985" lon="4.76077"/>
            <trkpt lat="49.85987" lon="4.7609"/>
            <trkpt lat="49.85989" lon="4.76093"/>
            <trkpt lat="49.85995" lon="4.76102"/>
            <trkpt lat="49.85997" lon="4.76106"/>
            <trkpt lat="49.86009" lon="4.7612"/>
            <trkpt lat="49.86018" lon="4.76133"/>
            <trkpt lat="49.86024" lon="4.76146"/>
            <trkpt lat="49.86048" lon="4.76221"/>
            <trkpt lat="49.86053" lon="4.76238"/>
            <trkpt lat="49.86062" lon="4.76252"/>
            <trkpt lat="49.86072" lon="4.7628"/>
            <trkpt lat="49.86088" lon="4.76327"/>
            <trkpt lat="49.86099" lon="4.76361"/>
            <trkpt lat="49.86105" lon="4.76383"/>
            <trkpt lat="49.86112" lon="4.76415"/>
            <trkpt lat="49.86116" lon="4.76432"/>
            <trkpt lat="49.86118" lon="4.76444"/>
            <trkpt lat="49.8612" lon="4.76474"/>
            <trkpt lat="49.86124" lon="4.765"/>
            <trkpt lat="49.86128" lon="4.76534"/>
            <trkpt lat="49.8613" lon="4.76552"/>
            <trkpt lat="49.86133" lon="4.76572"/>
            <trkpt lat="49.86135" lon="4.76579"/>
            <trkpt lat="49.86148" lon="4.7662"/>
            <trkpt lat="49.86148" lon="4.76622"/>
            <trkpt lat="49.86151" lon="4.76631"/>
            <trkpt lat="49.8615" lon="4.76642"/>
            <trkpt lat="49.86148" lon="4.76651"/>
            <trkpt lat="49.86144" lon="4.76657"/>
            <trkpt lat="49.86136" lon="4.76664"/>
            <trkpt lat="49.86122" lon="4.76671"/>
            <trkpt lat="49.86113" lon="4.76673"/>
            <trkpt lat="49.86107" lon="4.76672"/>
            <trkpt lat="49.86099" lon="4.76671"/>
            <trkpt lat="49.86092" lon="4.7667"/>
            <trkpt lat="49.86087" lon="4.76668"/>
            <trkpt lat="49.86074" lon="4.76664"/>
            <trkpt lat="49.86036" lon="4.7666"/>
            <trkpt lat="49.86035" lon="4.7666"/>
            <trkpt lat="49.86015" lon="4.76663"/>
            <trkpt lat="49.86008" lon="4.76666"/>
            <trkpt lat="49.85984" lon="4.76668"/>
            <trkpt lat="49.85976" lon="4.76675"/>
            <trkpt lat="49.85973" lon="4.76681"/>
            <trkpt lat="49.85974" lon="4.76688"/>
            <trkpt lat="49.85977" lon="4.76691"/>
            <trkpt lat="49.8598" lon="4.76693"/>
            <trkpt lat="49.86006" lon="4.76696"/>
            <trkpt lat="49.8601" lon="4.76699"/>
            <trkpt lat="49.86012" lon="4.76707"/>
            <trkpt lat="49.86011" lon="4.76712"/>
            <trkpt lat="49.86009" lon="4.76716"/>
            <trkpt lat="49.85997" lon="4.76722"/>
            <trkpt lat="49.85917" lon="4.76759"/>
            <trkpt lat="49.85886" lon="4.76769"/>
            <trkpt lat="49.85875" lon="4.76777"/>
            <trkpt lat="49.85859" lon="4.76793"/>
            <trkpt lat="49.85841" lon="4.76807"/>
            <trkpt lat="49.85828" lon="4.76817"/>
            <trkpt lat="49.85799" lon="4.76836"/>
            <trkpt lat="49.85732" lon="4.76873"/>
            <trkpt lat="49.85726" lon="4.76879"/>
            <trkpt lat="49.85722" lon="4.76886"/>
            <trkpt lat="49.85722" lon="4.76897"/>
            <trkpt lat="49.85727" lon="4.76914"/>
            <trkpt lat="49.85737" lon="4.76937"/>
            <trkpt lat="49.85756" lon="4.76981"/>
            <trkpt lat="49.85766" lon="4.77014"/>
            <trkpt lat="49.85788" lon="4.77101"/>
            <trkpt lat="49.85794" lon="4.77137"/>
            <trkpt lat="49.858" lon="4.7718"/>
            <trkpt lat="49.85802" lon="4.77203"/>
            <trkpt lat="49.85804" lon="4.77234"/>
            <trkpt lat="49.85804" lon="4.77277"/>
            <trkpt lat="49.85807" lon="4.77326"/>
            <trkpt lat="49.85811" lon="4.77377"/>
            <trkpt lat="49.85816" lon="4.77406"/>
            <trkpt lat="49.85818" lon="4.77434"/>
            <trkpt lat="49.85816" lon="4.77454"/>
            <trkpt lat="49.85805" lon="4.77509"/>
            <trkpt lat="49.85803" lon="4.77526"/>
            <trkpt lat="49.858" lon="4.77652"/>
            <trkpt lat="49.85797" lon="4.77669"/>
            <trkpt lat="49.85792" lon="4.77686"/>
            <trkpt lat="49.85776" lon="4.77722"/>
            <trkpt lat="49.85776" lon="4.77743"/>
            <trkpt lat="49.85767" lon="4.7774"/>
            <trkpt lat="49.85757" lon="4.7774"/>
            <trkpt lat="49.8572" lon="4.77753"/>
            <trkpt lat="49.8569" lon="4.77767"/>
            <trkpt lat="49.85684" lon="4.77771"/>
            <trkpt lat="49.8568" lon="4.77775"/>
            <trkpt lat="49.8566" lon="4.77793"/>
            <trkpt lat="49.85638" lon="4.77817"/>
            <trkpt lat="49.85628" lon="4.77832"/>
            <trkpt lat="49.85609" lon="4.77862"/>
            <trkpt lat="49.85601" lon="4.77879"/>
            <trkpt lat="49.85596" lon="4.77893"/>
            <trkpt lat="49.85548" lon="4.7802"/>
            <trkpt lat="49.85493" lon="4.78193"/>
            <trkpt lat="49.85463" lon="4.78289"/>
            <trkpt lat="49.85451" lon="4.78326"/>
            <trkpt lat="49.85438" lon="4.78365"/>
            <trkpt lat="49.85429" lon="4.784"/>
            <trkpt lat="49.85422" lon="4.7844"/>
            <trkpt lat="49.85419" lon="4.78487"/>
            <trkpt lat="49.85418" lon="4.78566"/>
            <trkpt lat="49.85416" lon="4.78594"/>
            <trkpt lat="49.85413" lon="4.78619"/>
            <trkpt lat="49.85405" lon="4.78639"/>
            <trkpt lat="49.85396" lon="4.78655"/>
            <trkpt lat="49.85384" lon="4.78669"/>
            <trkpt lat="49.85363" lon="4.7868"/>
            <trkpt lat="49.85325" lon="4.78695"/>
            <trkpt lat="49.85307" lon="4.787"/>
            <trkpt lat="49.85285" lon="4.78709"/>
            <trkpt lat="49.85273" lon="4.78718"/>
            <trkpt lat="49.85069" lon="4.7892"/>
            <trkpt lat="49.85043" lon="4.78948"/>
            <trkpt lat="49.85029" lon="4.78973"/>
            <trkpt lat="49.85017" lon="4.79002"/>
            <trkpt lat="49.85017" lon="4.79004"/>
            <trkpt lat="49.85009" lon="4.7904"/>
            <trkpt lat="49.8498" lon="4.79269"/>
            <trkpt lat="49.84966" lon="4.79336"/>
            <trkpt lat="49.8495" lon="4.79373"/>
            <trkpt lat="49.84859" lon="4.79538"/>
            <trkpt lat="49.84854" lon="4.79557"/>
            <trkpt lat="49.84846" lon="4.796"/>
            <trkpt lat="49.84849" lon="4.79653"/>
            <trkpt lat="49.84859" lon="4.79764"/>
            <trkpt lat="49.84865" lon="4.79863"/>
            <trkpt lat="49.84868" lon="4.7988"/>
            <trkpt lat="49.84869" lon="4.79908"/>
            <trkpt lat="49.84872" lon="4.79961"/>
            <trkpt lat="49.8487" lon="4.79997"/>
            <trkpt lat="49.84823" lon="4.80293"/>
            <trkpt lat="49.84818" lon="4.80351"/>
            <trkpt lat="49.84817" lon="4.80392"/>
            <trkpt lat="49.84819" lon="4.80465"/>
            <trkpt lat="49.84831" lon="4.80605"/>
            <trkpt lat="49.8483" lon="4.80635"/>
            <trkpt lat="49.84829" lon="4.80645"/>
            <trkpt lat="49.84889" lon="4.80691"/>
            <trkpt lat="49.84943" lon="4.80735"/>
            <trkpt lat="49.84962" lon="4.80761"/>
            <trkpt lat="49.84973" lon="4.80781"/>
            <trkpt lat="49.8499" lon="4.80833"/>
            <trkpt lat="49.85001" lon="4.8088"/>
            <trkpt lat="49.85009" lon="4.80899"/>
            <trkpt lat="49.8502" lon="4.8092"/>
            <trkpt lat="49.85046" lon="4.80954"/>
            <trkpt lat="49.85073" lon="4.80979"/>
            <trkpt lat="49.85101" lon="4.81"/>
            <trkpt lat="49.85153" lon="4.81035"/>
            <trkpt lat="49.85167" lon="4.81046"/>
            <trkpt lat="49.85204" lon="4.81086"/>
            <trkpt lat="49.85222" lon="4.81101"/>
            <trkpt lat="49.85251" lon="4.8111"/>
            <trkpt lat="49.85271" lon="4.8111"/>
            <trkpt lat="49.85316" lon="4.81108"/>
            <trkpt lat="49.85348" lon="4.81111"/>
            <trkpt lat="49.85377" lon="4.8112"/>
            <trkpt lat="49.85423" lon="4.81137"/>
            <trkpt lat="49.85453" lon="4.81151"/>
            <trkpt lat="49.85473" lon="4.81164"/>
            <trkpt lat="49.85491" lon="4.8118"/>
            <trkpt lat="49.85498" lon="4.81196"/>
            <trkpt lat="49.85499" lon="4.81201"/>
            <trkpt lat="49.855" lon="4.81217"/>
            <trkpt lat="49.85495" lon="4.81242"/>
            <trkpt lat="49.85485" lon="4.81271"/>
            <trkpt lat="49.85475" lon="4.81313"/>
            <trkpt lat="49.85474" lon="4.81328"/>
            <trkpt lat="49.85476" lon="4.81336"/>
            <trkpt lat="49.85476" lon="4.81339"/>
            <trkpt lat="49.8548" lon="4.81345"/>
            <trkpt lat="49.85483" lon="4.81348"/>
            <trkpt lat="49.8549" lon="4.81352"/>
            <trkpt lat="49.85503" lon="4.81353"/>
            <trkpt lat="49.85526" lon="4.81347"/>
            <trkpt lat="49.85563" lon="4.81345"/>
            <trkpt lat="49.85596" lon="4.81349"/>
            <trkpt lat="49.85617" lon="4.81352"/>
            <trkpt lat="49.85648" lon="4.81351"/>
            <trkpt lat="49.85673" lon="4.81345"/>
            <trkpt lat="49.85693" lon="4.81334"/>
            <trkpt lat="49.85713" lon="4.81319"/>
            <trkpt lat="49.85724" lon="4.81307"/>
            <trkpt lat="49.85732" lon="4.81295"/>
            <trkpt lat="49.85744" lon="4.81271"/>
            <trkpt lat="49.85772" lon="4.81207"/>
            <trkpt lat="49.85775" lon="4.81201"/>
            <trkpt lat="49.85778" lon="4.81196"/>
            <trkpt lat="49.85786" lon="4.81187"/>
            <trkpt lat="49.85798" lon="4.81178"/>
            <trkpt lat="49.8581" lon="4.81172"/>
            <trkpt lat="49.85823" lon="4.81168"/>
            <trkpt lat="49.85849" lon="4.81164"/>
            <trkpt lat="49.85877" lon="4.81165"/>
            <trkpt lat="49.85923" lon="4.81175"/>
            <trkpt lat="49.85967" lon="4.81191"/>
            <trkpt lat="49.85998" lon="4.812"/>
            <trkpt lat="49.8601" lon="4.81201"/>
            <trkpt lat="49.86013" lon="4.81201"/>
            <trkpt lat="49.86071" lon="4.81202"/>
            <trkpt lat="49.86093" lon="4.81204"/>
            <trkpt lat="49.86132" lon="4.81203"/>
            <trkpt lat="49.86201" lon="4.81207"/>
            <trkpt lat="49.86216" lon="4.8121"/>
            <trkpt lat="49.86256" lon="4.81225"/>
            <trkpt lat="49.86283" lon="4.81232"/>
            <trkpt lat="49.86312" lon="4.81233"/>
            <trkpt lat="49.86363" lon="4.8123"/>
            <trkpt lat="49.865" lon="4.81216"/>
            <trkpt lat="49.86547" lon="4.81207"/>
            <trkpt lat="49.86569" lon="4.81201"/>
            <trkpt lat="49.86593" lon="4.81195"/>
            <trkpt lat="49.86612" lon="4.81187"/>
            <trkpt lat="49.86629" lon="4.81178"/>
            <trkpt lat="49.86643" lon="4.81168"/>
            <trkpt lat="49.86658" lon="4.81153"/>
            <trkpt lat="49.86679" lon="4.81127"/>
            <trkpt lat="49.8669" lon="4.81111"/>
            <trkpt lat="49.86698" lon="4.81093"/>
            <trkpt lat="49.8671" lon="4.81064"/>
            <trkpt lat="49.86727" lon="4.81026"/>
            <trkpt lat="49.86734" lon="4.81014"/>
            <trkpt lat="49.86741" lon="4.81005"/>
            <trkpt lat="49.86753" lon="4.80994"/>
            <trkpt lat="49.86768" lon="4.80989"/>
            <trkpt lat="49.86781" lon="4.8099"/>
            <trkpt lat="49.86797" lon="4.80998"/>
            <trkpt lat="49.86822" lon="4.81018"/>
            <trkpt lat="49.86841" lon="4.81036"/>
            <trkpt lat="49.86873" lon="4.81063"/>
            <trkpt lat="49.86915" lon="4.81089"/>
            <trkpt lat="49.86968" lon="4.81114"/>
            <trkpt lat="49.87025" lon="4.81147"/>
            <trkpt lat="49.87113" lon="4.81201"/>
            <trkpt lat="49.87135" lon="4.81215"/>
            <trkpt lat="49.87193" lon="4.81242"/>
            <trkpt lat="49.87229" lon="4.81256"/>
            <trkpt lat="49.87261" lon="4.81267"/>
            <trkpt lat="49.87285" lon="4.81273"/>
            <trkpt lat="49.87299" lon="4.81275"/>
            <trkpt lat="49.87307" lon="4.81275"/>
            <trkpt lat="49.87329" lon="4.81273"/>
            <trkpt lat="49.8737" lon="4.81262"/>
            <trkpt lat="49.87449" lon="4.81234"/>
            <trkpt lat="49.87459" lon="4.81229"/>
            <trkpt lat="49.87464" lon="4.81224"/>
            <trkpt lat="49.87469" lon="4.81217"/>
            <trkpt lat="49.87473" lon="4.81204"/>
            <trkpt lat="49.87473" lon="4.81201"/>
            <trkpt lat="49.87474" lon="4.81199"/>
            <trkpt lat="49.87473" lon="4.81191"/>
            <trkpt lat="49.87471" lon="4.81185"/>
            <trkpt lat="49.87469" lon="4.81179"/>
            <trkpt lat="49.87468" lon="4.81176"/>
            <trkpt lat="49.87464" lon="4.81172"/>
            <trkpt lat="49.87409" lon="4.81132"/>
            <trkpt lat="49.87393" lon="4.81115"/>
            <trkpt lat="49.87411" lon="4.8111"/>
            <trkpt lat="49.87456" lon="4.811"/>
            <trkpt lat="49.8751" lon="4.81096"/>
            <trkpt lat="49.87532" lon="4.81095"/>
            <trkpt lat="49.87574" lon="4.81099"/>
            <trkpt lat="49.87593" lon="4.81102"/>
            <trkpt lat="49.87675" lon="4.81117"/>
            <trkpt lat="49.8769" lon="4.81116"/>
            <trkpt lat="49.87696" lon="4.81115"/>
            <trkpt lat="49.87742" lon="4.81098"/>
            <trkpt lat="49.87773" lon="4.81087"/>
            <trkpt lat="49.87787" lon="4.81083"/>
            <trkpt lat="49.87793" lon="4.81081"/>
            <trkpt lat="49.87794" lon="4.8108"/>
            <trkpt lat="49.87813" lon="4.81074"/>
            <trkpt lat="49.87863" lon="4.81064"/>
            <trkpt lat="49.87925" lon="4.81047"/>
            <trkpt lat="49.87953" lon="4.81025"/>
            <trkpt lat="49.87963" lon="4.81016"/>
            <trkpt lat="49.87973" lon="4.81004"/>
            <trkpt lat="49.88035" lon="4.8094"/>
            <trkpt lat="49.88086" lon="4.80889"/>
            <trkpt lat="49.8814" lon="4.8085"/>
            <trkpt lat="49.88221" lon="4.80794"/>
            <trkpt lat="49.88312" lon="4.80777"/>
            <trkpt lat="49.8846" lon="4.80746"/>
            <trkpt lat="49.88492" lon="4.80734"/>
            <trkpt lat="49.8853" lon="4.8072"/>
            <trkpt lat="49.88548" lon="4.80714"/>
            <trkpt lat="49.88565" lon="4.80707"/>
            <trkpt lat="49.88623" lon="4.80685"/>
            <trkpt lat="49.88678" lon="4.80672"/>
            <trkpt lat="49.88729" lon="4.80668"/>
            <trkpt lat="49.88813" lon="4.80668"/>
            <trkpt lat="49.88908" lon="4.80668"/>
            <trkpt lat="49.88926" lon="4.8067"/>
            <trkpt lat="49.88958" lon="4.80668"/>
            <trkpt lat="49.88977" lon="4.8067"/>
            <trkpt lat="49.88991" lon="4.80671"/>
            <trkpt lat="49.89057" lon="4.80684"/>
            <trkpt lat="49.89087" lon="4.80689"/>
            <trkpt lat="49.89151" lon="4.80704"/>
            <trkpt lat="49.8916" lon="4.8071"/>
            <trkpt lat="49.89179" lon="4.80727"/>
            <trkpt lat="49.89192" lon="4.80746"/>
            <trkpt lat="49.89202" lon="4.80767"/>
            <trkpt lat="49.89216" lon="4.80795"/>
            <trkpt lat="49.89264" lon="4.80919"/>
            <trkpt lat="49.89279" lon="4.80972"/>
            <trkpt lat="49.89286" lon="4.81019"/>
            <trkpt lat="49.89284" lon="4.8107"/>
            <trkpt lat="49.89279" lon="4.81103"/>
            <trkpt lat="49.89259" lon="4.81201"/>
            <trkpt lat="49.89255" lon="4.81219"/>
            <trkpt lat="49.89242" lon="4.81281"/>
            <trkpt lat="49.8922" lon="4.81367"/>
            <trkpt lat="49.89206" lon="4.81399"/>
            <trkpt lat="49.8916" lon="4.81481"/>
            <trkpt lat="49.89158" lon="4.81498"/>
            <trkpt lat="49.89157" lon="4.81513"/>
            <trkpt lat="49.89158" lon="4.8153"/>
            <trkpt lat="49.89168" lon="4.81586"/>
            <trkpt lat="49.8917" lon="4.81596"/>
            <trkpt lat="49.89177" lon="4.8163"/>
            <trkpt lat="49.89178" lon="4.81649"/>
            <trkpt lat="49.89172" lon="4.81672"/>
            <trkpt lat="49.89164" lon="4.81683"/>
            <trkpt lat="49.89148" lon="4.81702"/>
            <trkpt lat="49.89129" lon="4.81723"/>
            <trkpt lat="49.89092" lon="4.81758"/>
            <trkpt lat="49.89067" lon="4.81777"/>
            <trkpt lat="49.89012" lon="4.81801"/>
            <trkpt lat="49.88954" lon="4.81825"/>
            <trkpt lat="49.88863" lon="4.81862"/>
            <trkpt lat="49.88848" lon="4.81871"/>
            <trkpt lat="49.88793" lon="4.81896"/>
            <trkpt lat="49.88743" lon="4.81918"/>
            <trkpt lat="49.88712" lon="4.8193"/>
            <trkpt lat="49.88674" lon="4.81941"/>
            <trkpt lat="49.88546" lon="4.81992"/>
            <trkpt lat="49.88532" lon="4.81997"/>
            <trkpt lat="49.88321" lon="4.82107"/>
            <trkpt lat="49.88266" lon="4.82137"/>
            <trkpt lat="49.88256" lon="4.82149"/>
            <trkpt lat="49.88247" lon="4.82165"/>
            <trkpt lat="49.88241" lon="4.82183"/>
            <trkpt lat="49.88229" lon="4.82231"/>
            <trkpt lat="49.88225" lon="4.82249"/>
            <trkpt lat="49.88206" lon="4.82311"/>
            <trkpt lat="49.88194" lon="4.82347"/>
            <trkpt lat="49.88166" lon="4.82398"/>
            <trkpt lat="49.88152" lon="4.82427"/>
            <trkpt lat="49.88132" lon="4.82464"/>
            <trkpt lat="49.88061" lon="4.82572"/>
            <trkpt lat="49.88042" lon="4.82595"/>
            <trkpt lat="49.88012" lon="4.82633"/>
            <trkpt lat="49.88001" lon="4.82649"/>
            <trkpt lat="49.87975" lon="4.827"/>
            <trkpt lat="49.87958" lon="4.82749"/>
            <trkpt lat="49.87951" lon="4.82771"/>
            <trkpt lat="49.87941" lon="4.82821"/>
            <trkpt lat="49.87939" lon="4.82833"/>
            <trkpt lat="49.87933" lon="4.82872"/>
            <trkpt lat="49.87929" lon="4.82908"/>
            <trkpt lat="49.87929" lon="4.82943"/>
            <trkpt lat="49.87932" lon="4.82974"/>
            <trkpt lat="49.87936" lon="4.83005"/>
            <trkpt lat="49.87944" lon="4.8303"/>
            <trkpt lat="49.8796" lon="4.83075"/>
            <trkpt lat="49.87969" lon="4.83092"/>
            <trkpt lat="49.87987" lon="4.83119"/>
            <trkpt lat="49.87996" lon="4.83128"/>
            <trkpt lat="49.88006" lon="4.83136"/>
            <trkpt lat="49.88016" lon="4.83139"/>
            <trkpt lat="49.88024" lon="4.8314"/>
            <trkpt lat="49.88035" lon="4.83137"/>
            <trkpt lat="49.88042" lon="4.83134"/>
            <trkpt lat="49.8806" lon="4.83122"/>
            <trkpt lat="49.88119" lon="4.83074"/>
            <trkpt lat="49.88193" lon="4.83023"/>
            <trkpt lat="49.88253" lon="4.82989"/>
            <trkpt lat="49.88319" lon="4.82963"/>
            <trkpt lat="49.88376" lon="4.82946"/>
            <trkpt lat="49.88424" lon="4.82939"/>
            <trkpt lat="49.88468" lon="4.82936"/>
            <trkpt lat="49.88519" lon="4.82943"/>
            <trkpt lat="49.88572" lon="4.82967"/>
            <trkpt lat="49.88652" lon="4.83011"/>
            <trkpt lat="49.88677" lon="4.83027"/>
            <trkpt lat="49.88696" lon="4.83041"/>
            <trkpt lat="49.88742" lon="4.83078"/>
            <trkpt lat="49.8876" lon="4.83096"/>
            <trkpt lat="49.88791" lon="4.83137"/>
            <trkpt lat="49.88818" lon="4.83178"/>
            <trkpt lat="49.88834" lon="4.83207"/>
            <trkpt lat="49.88854" lon="4.8325"/>
            <trkpt lat="49.88867" lon="4.83286"/>
            <trkpt lat="49.88886" lon="4.83364"/>
            <trkpt lat="49.88892" lon="4.83398"/>
            <trkpt lat="49.88896" lon="4.83422"/>
            <trkpt lat="49.88897" lon="4.83442"/>
            <trkpt lat="49.88897" lon="4.8345"/>
            <trkpt lat="49.88896" lon="4.83456"/>
            <trkpt lat="49.88896" lon="4.83485"/>
            <trkpt lat="49.88891" lon="4.83531"/>
            <trkpt lat="49.88877" lon="4.83611"/>
            <trkpt lat="49.88857" lon="4.83685"/>
            <trkpt lat="49.88855" lon="4.83691"/>
            <trkpt lat="49.88796" lon="4.83876"/>
            <trkpt lat="49.88789" lon="4.83896"/>
            <trkpt lat="49.88766" lon="4.83949"/>
            <trkpt lat="49.88732" lon="4.8403"/>
            <trkpt lat="49.88695" lon="4.84106"/>
            <trkpt lat="49.88684" lon="4.84125"/>
            <trkpt lat="49.88679" lon="4.84133"/>
            <trkpt lat="49.88671" lon="4.84143"/>
            <trkpt lat="49.88668" lon="4.84146"/>
            <trkpt lat="49.88666" lon="4.84148"/>
            <trkpt lat="49.88662" lon="4.8415"/>
            <trkpt lat="49.88655" lon="4.84149"/>
            <trkpt lat="49.88652" lon="4.84149"/>
            <trkpt lat="49.88642" lon="4.84143"/>
            <trkpt lat="49.88622" lon="4.84127"/>
            <trkpt lat="49.88619" lon="4.84125"/>
            <trkpt lat="49.8861" lon="4.84122"/>
            <trkpt lat="49.88605" lon="4.84121"/>
            <trkpt lat="49.88594" lon="4.84122"/>
            <trkpt lat="49.88565" lon="4.84131"/>
            <trkpt lat="49.88532" lon="4.84148"/>
            <trkpt lat="49.88513" lon="4.84149"/>
            <trkpt lat="49.88482" lon="4.84141"/>
            <trkpt lat="49.88471" lon="4.84141"/>
            <trkpt lat="49.8843" lon="4.84148"/>
            <trkpt lat="49.88399" lon="4.84153"/>
            <trkpt lat="49.88358" lon="4.84163"/>
            <trkpt lat="49.8832" lon="4.84171"/>
            <trkpt lat="49.8827" lon="4.8419"/>
            <trkpt lat="49.88225" lon="4.84213"/>
            <trkpt lat="49.88199" lon="4.8423"/>
            <trkpt lat="49.88129" lon="4.84286"/>
            <trkpt lat="49.88119" lon="4.84293"/>
            <trkpt lat="49.881" lon="4.84307"/>
            <trkpt lat="49.88088" lon="4.84317"/>
            <trkpt lat="49.88084" lon="4.84322"/>
            <trkpt lat="49.88049" lon="4.84388"/>
            <trkpt lat="49.8794" lon="4.84555"/>
            <trkpt lat="49.87924" lon="4.84582"/>
            <trkpt lat="49.87901" lon="4.84621"/>
            <trkpt lat="49.87881" lon="4.84646"/>
            <trkpt lat="49.87862" lon="4.84664"/>
            <trkpt lat="49.87809" lon="4.847"/>
            <trkpt lat="49.87793" lon="4.84712"/>
            <trkpt lat="49.87786" lon="4.84717"/>
            <trkpt lat="49.87718" lon="4.84777"/>
            <trkpt lat="49.87689" lon="4.84801"/>
            <trkpt lat="49.87623" lon="4.84853"/>
            <trkpt lat="49.87607" lon="4.8486"/>
            <trkpt lat="49.87602" lon="4.84861"/>
            <trkpt lat="49.87589" lon="4.84862"/>
            <trkpt lat="49.87565" lon="4.84861"/>
            <trkpt lat="49.87543" lon="4.84862"/>
            <trkpt lat="49.87468" lon="4.84879"/>
            <trkpt lat="49.87443" lon="4.84886"/>
            <trkpt lat="49.87418" lon="4.84899"/>
            <trkpt lat="49.87401" lon="4.84911"/>
            <trkpt lat="49.87376" lon="4.84929"/>
            <trkpt lat="49.87338" lon="4.84953"/>
            <trkpt lat="49.87326" lon="4.84961"/>
            <trkpt lat="49.87312" lon="4.84971"/>
            <trkpt lat="49.87307" lon="4.84976"/>
            <trkpt lat="49.87301" lon="4.84983"/>
            <trkpt lat="49.87292" lon="4.85003"/>
            <trkpt lat="49.8729" lon="4.8501"/>
            <trkpt lat="49.87287" lon="4.85014"/>
            <trkpt lat="49.87282" lon="4.85018"/>
            <trkpt lat="49.87279" lon="4.8502"/>
            <trkpt lat="49.87276" lon="4.85022"/>
            <trkpt lat="49.87272" lon="4.85023"/>
            <trkpt lat="49.87182" lon="4.85006"/>
            <trkpt lat="49.87173" lon="4.85004"/>
            <trkpt lat="49.87145" lon="4.84994"/>
            <trkpt lat="49.87136" lon="4.84992"/>
            <trkpt lat="49.87119" lon="4.84992"/>
            <trkpt lat="49.87102" lon="4.84995"/>
            <trkpt lat="49.87091" lon="4.84997"/>
            <trkpt lat="49.87067" lon="4.85011"/>
            <trkpt lat="49.8704" lon="4.85026"/>
            <trkpt lat="49.87017" lon="4.85041"/>
            <trkpt lat="49.87017" lon="4.85042"/>
            <trkpt lat="49.87004" lon="4.85054"/>
            <trkpt lat="49.86986" lon="4.85077"/>
            <trkpt lat="49.86982" lon="4.85084"/>
            <trkpt lat="49.86958" lon="4.85119"/>
            <trkpt lat="49.86907" lon="4.85204"/>
            <trkpt lat="49.86887" lon="4.85237"/>
            <trkpt lat="49.86852" lon="4.85295"/>
            <trkpt lat="49.86807" lon="4.85364"/>
            <trkpt lat="49.86744" lon="4.85467"/>
            <trkpt lat="49.86723" lon="4.85508"/>
            <trkpt lat="49.86702" lon="4.85553"/>
            <trkpt lat="49.86694" lon="4.85577"/>
            <trkpt lat="49.8669" lon="4.85596"/>
            <trkpt lat="49.8669" lon="4.85597"/>
            <trkpt lat="49.86688" lon="4.85604"/>
            <trkpt lat="49.86684" lon="4.85642"/>
            <trkpt lat="49.86687" lon="4.85686"/>
            <trkpt lat="49.86692" lon="4.8572"/>
            <trkpt lat="49.86697" lon="4.8575"/>
            <trkpt lat="49.8671" lon="4.85817"/>
            <trkpt lat="49.86734" lon="4.85863"/>
            <trkpt lat="49.86777" lon="4.85922"/>
            <trkpt lat="49.8683" lon="4.85976"/>
            <trkpt lat="49.86879" lon="4.86011"/>
            <trkpt lat="49.86979" lon="4.8606"/>
            <trkpt lat="49.87041" lon="4.86082"/>
            <trkpt lat="49.87087" lon="4.86091"/>
            <trkpt lat="49.87133" lon="4.86103"/>
            <trkpt lat="49.87237" lon="4.8615"/>
            <trkpt lat="49.87426" lon="4.86258"/>
            <trkpt lat="49.87465" lon="4.8628"/>
            <trkpt lat="49.87493" lon="4.86296"/>
            <trkpt lat="49.87558" lon="4.86343"/>
            <trkpt lat="49.87752" lon="4.86502"/>
            <trkpt lat="49.87793" lon="4.86533"/>
            <trkpt lat="49.87807" lon="4.86544"/>
            <trkpt lat="49.87859" lon="4.8659"/>
            <trkpt lat="49.87882" lon="4.86619"/>
            <trkpt lat="49.87898" lon="4.86645"/>
            <trkpt lat="49.8791" lon="4.86667"/>
            <trkpt lat="49.87931" lon="4.8672"/>
            <trkpt lat="49.87941" lon="4.86759"/>
            <trkpt lat="49.8795" lon="4.86798"/>
            <trkpt lat="49.87954" lon="4.8683"/>
            <trkpt lat="49.87957" lon="4.86873"/>
            <trkpt lat="49.87955" lon="4.86937"/>
            <trkpt lat="49.87948" lon="4.87012"/>
            <trkpt lat="49.87941" lon="4.87047"/>
            <trkpt lat="49.87926" lon="4.87115"/>
            <trkpt lat="49.87923" lon="4.87125"/>
            <trkpt lat="49.87919" lon="4.87137"/>
            <trkpt lat="49.87912" lon="4.87158"/>
            <trkpt lat="49.87906" lon="4.87173"/>
            <trkpt lat="49.87888" lon="4.87203"/>
            <trkpt lat="49.87866" lon="4.87234"/>
            <trkpt lat="49.87848" lon="4.87255"/>
            <trkpt lat="49.87805" lon="4.87313"/>
            <trkpt lat="49.87793" lon="4.87326"/>
            <trkpt lat="49.87744" lon="4.87381"/>
            <trkpt lat="49.87739" lon="4.87386"/>
            <trkpt lat="49.87732" lon="4.8739"/>
            <trkpt lat="49.87725" lon="4.87394"/>
            <trkpt lat="49.87637" lon="4.87402"/>
            <trkpt lat="49.87556" lon="4.87416"/>
            <trkpt lat="49.875" lon="4.87425"/>
            <trkpt lat="49.87395" lon="4.87436"/>
            <trkpt lat="49.8738" lon="4.87439"/>
            <trkpt lat="49.87367" lon="4.87443"/>
            <trkpt lat="49.87358" lon="4.87448"/>
            <trkpt lat="49.87347" lon="4.87454"/>
            <trkpt lat="49.8729" lon="4.87502"/>
            <trkpt lat="49.87275" lon="4.87516"/>
            <trkpt lat="49.87226" lon="4.87559"/>
            <trkpt lat="49.87195" lon="4.87582"/>
            <trkpt lat="49.87173" lon="4.87592"/>
            <trkpt lat="49.87086" lon="4.87622"/>
            <trkpt lat="49.87002" lon="4.87655"/>
            <trkpt lat="49.86963" lon="4.87674"/>
            <trkpt lat="49.8691" lon="4.87706"/>
            <trkpt lat="49.86846" lon="4.87745"/>
            <trkpt lat="49.86808" lon="4.87761"/>
            <trkpt lat="49.86689" lon="4.87793"/>
            <trkpt lat="49.86688" lon="4.87793"/>
            <trkpt lat="49.86661" lon="4.87804"/>
            <trkpt lat="49.86648" lon="4.87811"/>
            <trkpt lat="49.86622" lon="4.87835"/>
            <trkpt lat="49.86603" lon="4.87859"/>
            <trkpt lat="49.86584" lon="4.87886"/>
            <trkpt lat="49.86543" lon="4.87952"/>
            <trkpt lat="49.86512" lon="4.88004"/>
            <trkpt lat="49.86475" lon="4.88076"/>
            <trkpt lat="49.86474" lon="4.88079"/>
            <trkpt lat="49.86465" lon="4.88105"/>
            <trkpt lat="49.86461" lon="4.88123"/>
            <trkpt lat="49.86459" lon="4.8814"/>
            <trkpt lat="49.86458" lon="4.88147"/>
            <trkpt lat="49.86457" lon="4.88171"/>
            <trkpt lat="49.86459" lon="4.88215"/>
            <trkpt lat="49.86464" lon="4.88282"/>
            <trkpt lat="49.86467" lon="4.88306"/>
            <trkpt lat="49.86469" lon="4.88322"/>
            <trkpt lat="49.86473" lon="4.88335"/>
            <trkpt lat="49.8648" lon="4.88352"/>
            <trkpt lat="49.86496" lon="4.8833"/>
            <trkpt lat="49.86507" lon="4.88306"/>
            <trkpt lat="49.86527" lon="4.8826"/>
            <trkpt lat="49.86539" lon="4.88241"/>
            <trkpt lat="49.8656" lon="4.88218"/>
            <trkpt lat="49.86606" lon="4.88168"/>
            <trkpt lat="49.86632" lon="4.88139"/>
            <trkpt lat="49.8665" lon="4.88124"/>
            <trkpt lat="49.8669" lon="4.88104"/>
            <trkpt lat="49.86695" lon="4.88101"/>
            <trkpt lat="49.86706" lon="4.88097"/>
            <trkpt lat="49.8674" lon="4.88081"/>
            <trkpt lat="49.86868" lon="4.88021"/>
            <trkpt lat="49.86926" lon="4.87993"/>
            <trkpt lat="49.8695" lon="4.87986"/>
            <trkpt lat="49.86974" lon="4.87983"/>
            <trkpt lat="49.86993" lon="4.87984"/>
            <trkpt lat="49.87011" lon="4.87988"/>
            <trkpt lat="49.87028" lon="4.87994"/>
            <trkpt lat="49.8706" lon="4.88003"/>
            <trkpt lat="49.87104" lon="4.88009"/>
            <trkpt lat="49.87215" lon="4.88004"/>
            <trkpt lat="49.87258" lon="4.88"/>
            <trkpt lat="49.87293" lon="4.87994"/>
            <trkpt lat="49.8731" lon="4.87989"/>
            <trkpt lat="49.87342" lon="4.87978"/>
            <trkpt lat="49.87404" lon="4.87966"/>
            <trkpt lat="49.87421" lon="4.8796"/>
            <trkpt lat="49.87439" lon="4.8795"/>
            <trkpt lat="49.8747" lon="4.87929"/>
            <trkpt lat="49.87586" lon="4.8788"/>
            <trkpt lat="49.87622" lon="4.8787"/>
            <trkpt lat="49.87644" lon="4.8787"/>
            <trkpt lat="49.87659" lon="4.87872"/>
            <trkpt lat="49.877" lon="4.87885"/>
            <trkpt lat="49.87726" lon="4.87895"/>
            <trkpt lat="49.87742" lon="4.87898"/>
            <trkpt lat="49.87759" lon="4.87896"/>
            <trkpt lat="49.87775" lon="4.8789"/>
            <trkpt lat="49.87793" lon="4.87881"/>
            <trkpt lat="49.87809" lon="4.87873"/>
            <trkpt lat="49.87844" lon="4.87846"/>
            <trkpt lat="49.87886" lon="4.87793"/>
            <trkpt lat="49.87887" lon="4.87792"/>
            <trkpt lat="49.87936" lon="4.87745"/>
            <trkpt lat="49.87955" lon="4.87732"/>
            <trkpt lat="49.87971" lon="4.87723"/>
            <trkpt lat="49.87978" lon="4.8772"/>
            <trkpt lat="49.87998" lon="4.8772"/>
            <trkpt lat="49.8802" lon="4.87726"/>
            <trkpt lat="49.88043" lon="4.87742"/>
            <trkpt lat="49.88059" lon="4.87759"/>
            <trkpt lat="49.88075" lon="4.87786"/>
            <trkpt lat="49.88079" lon="4.87793"/>
            <trkpt lat="49.88101" lon="4.87833"/>
            <trkpt lat="49.88122" lon="4.87857"/>
            <trkpt lat="49.88133" lon="4.87865"/>
            <trkpt lat="49.88147" lon="4.87869"/>
            <trkpt lat="49.8824" lon="4.87886"/>
            <trkpt lat="49.8826" lon="4.87887"/>
            <trkpt lat="49.8828" lon="4.87885"/>
            <trkpt lat="49.88302" lon="4.87879"/>
            <trkpt lat="49.88311" lon="4.87875"/>
            <trkpt lat="49.8833" lon="4.87859"/>
            <trkpt lat="49.88374" lon="4.87815"/>
            <trkpt lat="49.88394" lon="4.87802"/>
            <trkpt lat="49.88405" lon="4.87802"/>
            <trkpt lat="49.88413" lon="4.87802"/>
            <trkpt lat="49.88425" lon="4.87806"/>
            <trkpt lat="49.8844" lon="4.87816"/>
            <trkpt lat="49.88527" lon="4.87883"/>
            <trkpt lat="49.88673" lon="4.87998"/>
            <trkpt lat="49.88705" lon="4.88019"/>
            <trkpt lat="49.88733" lon="4.88022"/>
            <trkpt lat="49.88735" lon="4.88022"/>
            <trkpt lat="49.88786" lon="4.88013"/>
            <trkpt lat="49.8882" lon="4.88012"/>
            <trkpt lat="49.88834" lon="4.88015"/>
            <trkpt lat="49.8884" lon="4.88019"/>
            <trkpt lat="49.88853" lon="4.88023"/>
            <trkpt lat="49.8886" lon="4.88028"/>
            <trkpt lat="49.88896" lon="4.88061"/>
            <trkpt lat="49.88939" lon="4.88106"/>
            <trkpt lat="49.89009" lon="4.88188"/>
            <trkpt lat="49.89019" lon="4.88201"/>
            <trkpt lat="49.89036" lon="4.8823"/>
            <trkpt lat="49.89046" lon="4.88259"/>
            <trkpt lat="49.89055" lon="4.88291"/>
            <trkpt lat="49.89095" lon="4.88411"/>
            <trkpt lat="49.89109" lon="4.88452"/>
            <trkpt lat="49.89132" lon="4.88516"/>
            <trkpt lat="49.89193" lon="4.88662"/>
            <trkpt lat="49.89208" lon="4.8869"/>
            <trkpt lat="49.89219" lon="4.88704"/>
            <trkpt lat="49.8923" lon="4.88713"/>
            <trkpt lat="49.89234" lon="4.88715"/>
            <trkpt lat="49.89365" lon="4.88773"/>
            <trkpt lat="49.89442" lon="4.88805"/>
            <trkpt lat="49.8999" lon="4.89086"/>
            <trkpt lat="49.90148" lon="4.89167"/>
            <trkpt lat="49.90059" lon="4.89388"/>
            <trkpt lat="49.90049" lon="4.8941"/>
            <trkpt lat="49.90011" lon="4.8947"/>
            <trkpt lat="49.8999" lon="4.89502"/>
            <trkpt lat="49.89661" lon="4.8999"/>
            <trkpt lat="49.89532" lon="4.9018"/>
            <trkpt lat="49.89226" lon="4.90648"/>
            <trkpt lat="49.89209" lon="4.90669"/>
            <trkpt lat="49.89193" lon="4.90684"/>
            <trkpt lat="49.89189" lon="4.90687"/>
            <trkpt lat="49.89185" lon="4.90689"/>
            <trkpt lat="49.89165" lon="4.90694"/>
            <trkpt lat="49.89151" lon="4.90695"/>
            <trkpt lat="49.89139" lon="4.90699"/>
            <trkpt lat="49.89106" lon="4.90696"/>
            <trkpt lat="49.89085" lon="4.90693"/>
            <trkpt lat="49.89058" lon="4.90684"/>
            <trkpt lat="49.89005" lon="4.90652"/>
            <trkpt lat="49.88971" lon="4.90618"/>
            <trkpt lat="49.88932" lon="4.90571"/>
            <trkpt lat="49.88906" lon="4.90535"/>
            <trkpt lat="49.88891" lon="4.90509"/>
            <trkpt lat="49.88882" lon="4.90491"/>
            <trkpt lat="49.88869" lon="4.90455"/>
            <trkpt lat="49.88843" lon="4.90362"/>
            <trkpt lat="49.88832" lon="4.90335"/>
            <trkpt lat="49.8882" lon="4.90317"/>
            <trkpt lat="49.88814" lon="4.9031"/>
            <trkpt lat="49.88806" lon="4.90302"/>
            <trkpt lat="49.88798" lon="4.90297"/>
            <trkpt lat="49.8876" lon="4.9028"/>
            <trkpt lat="49.88703" lon="4.90258"/>
            <trkpt lat="49.88676" lon="4.90251"/>
            <trkpt lat="49.88655" lon="4.90248"/>
            <trkpt lat="49.88654" lon="4.90247"/>
            <trkpt lat="49.88627" lon="4.90239"/>
            <trkpt lat="49.8861" lon="4.90232"/>
            <trkpt lat="49.88585" lon="4.90216"/>
            <trkpt lat="49.88556" lon="4.9019"/>
            <trkpt lat="49.88537" lon="4.90169"/>
            <trkpt lat="49.88527" lon="4.90154"/>
            <trkpt lat="49.88516" lon="4.90133"/>
            <trkpt lat="49.88509" lon="4.90117"/>
            <trkpt lat="49.88495" lon="4.90067"/>
            <trkpt lat="49.88486" lon="4.90028"/>
            <trkpt lat="49.88483" lon="4.90018"/>
            <trkpt lat="49.8848" lon="4.90011"/>
            <trkpt lat="49.8847" lon="4.90003"/>
            <trkpt lat="49.8845" lon="4.89998"/>
            <trkpt lat="49.88441" lon="4.89999"/>
            <trkpt lat="49.88433" lon="4.90002"/>
            <trkpt lat="49.88425" lon="4.90008"/>
            <trkpt lat="49.88379" lon="4.90055"/>
            <trkpt lat="49.88315" lon="4.90125"/>
            <trkpt lat="49.88312" lon="4.90129"/>
            <trkpt lat="49.88302" lon="4.90137"/>
            <trkpt lat="49.88294" lon="4.9014"/>
            <trkpt lat="49.88275" lon="4.90141"/>
            <trkpt lat="49.88233" lon="4.90136"/>
            <trkpt lat="49.8822" lon="4.90142"/>
            <trkpt lat="49.88205" lon="4.90154"/>
            <trkpt lat="49.88199" lon="4.90164"/>
            <trkpt lat="49.88188" lon="4.90185"/>
            <trkpt lat="49.88183" lon="4.90202"/>
            <trkpt lat="49.88161" lon="4.90295"/>
            <trkpt lat="49.88156" lon="4.90307"/>
            <trkpt lat="49.88152" lon="4.90315"/>
            <trkpt lat="49.88145" lon="4.90324"/>
            <trkpt lat="49.88123" lon="4.90341"/>
            <trkpt lat="49.88114" lon="4.90344"/>
            <trkpt lat="49.88094" lon="4.90344"/>
            <trkpt lat="49.88076" lon="4.90342"/>
            <trkpt lat="49.88054" lon="4.90333"/>
            <trkpt lat="49.88038" lon="4.90324"/>
            <trkpt lat="49.88029" lon="4.90321"/>
            <trkpt lat="49.88024" lon="4.90321"/>
            <trkpt lat="49.88019" lon="4.90324"/>
            <trkpt lat="49.88016" lon="4.90326"/>
            <trkpt lat="49.88012" lon="4.90332"/>
            <trkpt lat="49.8801" lon="4.90335"/>
            <trkpt lat="49.88005" lon="4.90348"/>
            <trkpt lat="49.88003" lon="4.90355"/>
            <trkpt lat="49.87992" lon="4.904"/>
            <trkpt lat="49.87989" lon="4.9041"/>
            <trkpt lat="49.87986" lon="4.90415"/>
            <trkpt lat="49.87983" lon="4.90418"/>
            <trkpt lat="49.87976" lon="4.90419"/>
            <trkpt lat="49.87974" lon="4.90418"/>
            <trkpt lat="49.87967" lon="4.90414"/>
            <trkpt lat="49.87964" lon="4.9041"/>
            <trkpt lat="49.87959" lon="4.90402"/>
            <trkpt lat="49.87953" lon="4.90382"/>
            <trkpt lat="49.87901" lon="4.90164"/>
            <trkpt lat="49.8788" lon="4.90088"/>
            <trkpt lat="49.87864" lon="4.9005"/>
            <trkpt lat="49.8783" lon="4.8999"/>
            <trkpt lat="49.87793" lon="4.89924"/>
            <trkpt lat="49.87775" lon="4.89893"/>
            <trkpt lat="49.87747" lon="4.89836"/>
            <trkpt lat="49.87703" lon="4.89718"/>
            <trkpt lat="49.87695" lon="4.89693"/>
            <trkpt lat="49.87687" lon="4.89653"/>
            <trkpt lat="49.87682" lon="4.89641"/>
            <trkpt lat="49.87677" lon="4.89634"/>
            <trkpt lat="49.87676" lon="4.89632"/>
            <trkpt lat="49.87673" lon="4.89632"/>
            <trkpt lat="49.8766" lon="4.8965"/>
            <trkpt lat="49.8753" lon="4.89811"/>
            <trkpt lat="49.87513" lon="4.89841"/>
            <trkpt lat="49.87491" lon="4.89885"/>
            <trkpt lat="49.87486" lon="4.89901"/>
            <trkpt lat="49.87484" lon="4.89916"/>
            <trkpt lat="49.87477" lon="4.89943"/>
            <trkpt lat="49.87472" lon="4.89955"/>
            <trkpt lat="49.8746" lon="4.89975"/>
            <trkpt lat="49.87447" lon="4.8999"/>
            <trkpt lat="49.87446" lon="4.89991"/>
            <trkpt lat="49.87422" lon="4.90014"/>
            <trkpt lat="49.87386" lon="4.90041"/>
            <trkpt lat="49.87363" lon="4.90054"/>
            <trkpt lat="49.87349" lon="4.90059"/>
            <trkpt lat="49.87316" lon="4.90065"/>
            <trkpt lat="49.87296" lon="4.90066"/>
            <trkpt lat="49.87224" lon="4.90059"/>
            <trkpt lat="49.87112" lon="4.90031"/>
            <trkpt lat="49.87065" lon="4.90015"/>
            <trkpt lat="49.87024" lon="4.90004"/>
            <trkpt lat="49.86979" lon="4.89996"/>
            <trkpt lat="49.86924" lon="4.89992"/>
            <trkpt lat="49.86751" lon="4.89997"/>
            <trkpt lat="49.86718" lon="4.90004"/>
            <trkpt lat="49.86713" lon="4.90005"/>
            <trkpt lat="49.86709" lon="4.90007"/>
            <trkpt lat="49.86697" lon="4.9001"/>
            <trkpt lat="49.86684" lon="4.90017"/>
            <trkpt lat="49.86676" lon="4.90025"/>
            <trkpt lat="49.86665" lon="4.90039"/>
            <trkpt lat="49.86616" lon="4.90147"/>
            <trkpt lat="49.86613" lon="4.90154"/>
            <trkpt lat="49.86607" lon="4.90164"/>
            <trkpt lat="49.866" lon="4.90174"/>
            <trkpt lat="49.86597" lon="4.90177"/>
            <trkpt lat="49.86595" lon="4.90179"/>
            <trkpt lat="49.86591" lon="4.90182"/>
            <trkpt lat="49.86577" lon="4.90188"/>
            <trkpt lat="49.86569" lon="4.90189"/>
            <trkpt lat="49.86566" lon="4.90208"/>
            <trkpt lat="49.86565" lon="4.90215"/>
            <trkpt lat="49.86563" lon="4.90242"/>
            <trkpt lat="49.86563" lon="4.90335"/>
            <trkpt lat="49.86565" lon="4.90364"/>
            <trkpt lat="49.8657" lon="4.90391"/>
            <trkpt lat="49.86574" lon="4.90412"/>
            <trkpt lat="49.8658" lon="4.90434"/>
            <trkpt lat="49.86595" lon="4.90472"/>
            <trkpt lat="49.8661" lon="4.90502"/>
            <trkpt lat="49.86625" lon="4.90525"/>
            <trkpt lat="49.86639" lon="4.90539"/>
            <trkpt lat="49.8667" lon="4.90563"/>
            <trkpt lat="49.86688" lon="4.90576"/>
            <trkpt lat="49.86729" lon="4.90599"/>
            <trkpt lat="49.86759" lon="4.90608"/>
            <trkpt lat="49.86776" lon="4.90608"/>
            <trkpt lat="49.86797" lon="4.90606"/>
            <trkpt lat="49.8685" lon="4.90604"/>
            <trkpt lat="49.86867" lon="4.90604"/>
            <trkpt lat="49.86868" lon="4.90605"/>
            <trkpt lat="49.86883" lon="4.90608"/>
            <trkpt lat="49.86995" lon="4.90656"/>
            <trkpt lat="49.87013" lon="4.90662"/>
            <trkpt lat="49.87052" lon="4.90665"/>
            <trkpt lat="49.87068" lon="4.90664"/>
            <trkpt lat="49.87114" lon="4.9065"/>
            <trkpt lat="49.87141" lon="4.90645"/>
            <trkpt lat="49.87156" lon="4.90644"/>
            <trkpt lat="49.87199" lon="4.90651"/>
            <trkpt lat="49.87217" lon="4.90657"/>
            <trkpt lat="49.8726" lon="4.90677"/>
            <trkpt lat="49.87323" lon="4.90709"/>
            <trkpt lat="49.8742" lon="4.90763"/>
            <trkpt lat="49.87506" lon="4.90821"/>
            <trkpt lat="49.87569" lon="4.90868"/>
            <trkpt lat="49.87588" lon="4.9088"/>
            <trkpt lat="49.87613" lon="4.90891"/>
            <trkpt lat="49.87686" lon="4.90916"/>
            <trkpt lat="49.87742" lon="4.90945"/>
            <trkpt lat="49.8777" lon="4.90963"/>
            <trkpt lat="49.87793" lon="4.90984"/>
            <trkpt lat="49.87818" lon="4.91008"/>
            <trkpt lat="49.87838" lon="4.91032"/>
            <trkpt lat="49.87861" lon="4.91071"/>
            <trkpt lat="49.87885" lon="4.91126"/>
            <trkpt lat="49.87895" lon="4.91163"/>
            <trkpt lat="49.87903" lon="4.91199"/>
            <trkpt lat="49.8791" lon="4.91252"/>
            <trkpt lat="49.87911" lon="4.91277"/>
            <trkpt lat="49.87913" lon="4.91308"/>
            <trkpt lat="49.87905" lon="4.9138"/>
            <trkpt lat="49.87898" lon="4.91424"/>
            <trkpt lat="49.87885" lon="4.91487"/>
            <trkpt lat="49.87873" lon="4.91531"/>
            <trkpt lat="49.87836" lon="4.91636"/>
            <trkpt lat="49.87801" lon="4.91718"/>
            <trkpt lat="49.87793" lon="4.91735"/>
            <trkpt lat="49.8779" lon="4.9174"/>
            <trkpt lat="49.87781" lon="4.91765"/>
            <trkpt lat="49.87683" lon="4.91979"/>
            <trkpt lat="49.87672" lon="4.92"/>
            <trkpt lat="49.87645" lon="4.92043"/>
            <trkpt lat="49.87571" lon="4.92154"/>
            <trkpt lat="49.8755" lon="4.92188"/>
            <trkpt lat="49.87521" lon="4.92236"/>
            <trkpt lat="49.87463" lon="4.92345"/>
            <trkpt lat="49.87428" lon="4.92418"/>
            <trkpt lat="49.87398" lon="4.92499"/>
            <trkpt lat="49.87387" lon="4.92534"/>
            <trkpt lat="49.87376" lon="4.92558"/>
            <trkpt lat="49.87366" lon="4.92584"/>
            <trkpt lat="49.87349" lon="4.92626"/>
            <trkpt lat="49.87341" lon="4.92642"/>
            <trkpt lat="49.87255" lon="4.92875"/>
            <trkpt lat="49.87247" lon="4.92904"/>
            <trkpt lat="49.87246" lon="4.92934"/>
            <trkpt lat="49.87243" lon="4.93038"/>
            <trkpt lat="49.87244" lon="4.9305"/>
            <trkpt lat="49.87241" lon="4.9307"/>
            <trkpt lat="49.87238" lon="4.93081"/>
            <trkpt lat="49.87222" lon="4.93121"/>
            <trkpt lat="49.87207" lon="4.9315"/>
            <trkpt lat="49.8724" lon="4.93212"/>
            <trkpt lat="49.87261" lon="4.93258"/>
            <trkpt lat="49.87284" lon="4.93323"/>
            <trkpt lat="49.87301" lon="4.93381"/>
            <trkpt lat="49.87311" lon="4.93421"/>
            <trkpt lat="49.87297" lon="4.93446"/>
            <trkpt lat="49.87271" lon="4.93499"/>
            <trkpt lat="49.87267" lon="4.93508"/>
            <trkpt lat="49.87259" lon="4.93522"/>
            <trkpt lat="49.87256" lon="4.93527"/>
            <trkpt lat="49.87238" lon="4.93565"/>
            <trkpt lat="49.87232" lon="4.93583"/>
            <trkpt lat="49.87223" lon="4.9364"/>
            <trkpt lat="49.87215" lon="4.93745"/>
            <trkpt lat="49.87219" lon="4.93808"/>
            <trkpt lat="49.87229" lon="4.93876"/>
            <trkpt lat="49.87237" lon="4.93908"/>
            <trkpt lat="49.87248" lon="4.93939"/>
            <trkpt lat="49.87261" lon="4.93965"/>
            <trkpt lat="49.87279" lon="4.9399"/>
            <trkpt lat="49.87326" lon="4.94044"/>
            <trkpt lat="49.87331" lon="4.94051"/>
            <trkpt lat="49.87334" lon="4.94063"/>
            <trkpt lat="49.87335" lon="4.94077"/>
            <trkpt lat="49.87332" lon="4.94104"/>
            <trkpt lat="49.87334" lon="4.94123"/>
            <trkpt lat="49.87335" lon="4.94127"/>
            <trkpt lat="49.87336" lon="4.9413"/>
            <trkpt lat="49.87339" lon="4.94136"/>
            <trkpt lat="49.87343" lon="4.94141"/>
            <trkpt lat="49.87346" lon="4.94144"/>
            <trkpt lat="49.87347" lon="4.94145"/>
            <trkpt lat="49.87367" lon="4.94155"/>
            <trkpt lat="49.87423" lon="4.94177"/>
            <trkpt lat="49.87466" lon="4.94198"/>
            <trkpt lat="49.87471" lon="4.94202"/>
            <trkpt lat="49.87476" lon="4.94207"/>
            <trkpt lat="49.87485" lon="4.94221"/>
            <trkpt lat="49.87487" lon="4.94225"/>
            <trkpt lat="49.87502" lon="4.94268"/>
            <trkpt lat="49.8753" lon="4.94385"/>
            <trkpt lat="49.87537" lon="4.94415"/>
            <trkpt lat="49.87539" lon="4.94424"/>
            <trkpt lat="49.87541" lon="4.94433"/>
            <trkpt lat="49.87542" lon="4.94444"/>
            <trkpt lat="49.87541" lon="4.94459"/>
            <trkpt lat="49.87539" lon="4.94469"/>
            <trkpt lat="49.87535" lon="4.94483"/>
            <trkpt lat="49.87534" lon="4.94488"/>
            <trkpt lat="49.8753" lon="4.94497"/>
            <trkpt lat="49.87522" lon="4.94513"/>
            <trkpt lat="49.87516" lon="4.94523"/>
            <trkpt lat="49.8751" lon="4.94529"/>
            <trkpt lat="49.87507" lon="4.94531"/>
            <trkpt lat="49.87504" lon="4.94532"/>
            <trkpt lat="49.875" lon="4.94532"/>
            <trkpt lat="49.87496" lon="4.94531"/>
            <trkpt lat="49.87491" lon="4.94527"/>
            <trkpt lat="49.87486" lon="4.9452"/>
            <trkpt lat="49.87483" lon="4.94511"/>
            <trkpt lat="49.87481" lon="4.94498"/>
            <trkpt lat="49.87481" lon="4.94488"/>
            <trkpt lat="49.87482" lon="4.94483"/>
            <trkpt lat="49.87486" lon="4.94464"/>
            <trkpt lat="49.87496" lon="4.94438"/>
            <trkpt lat="49.87499" lon="4.9441"/>
            <trkpt lat="49.87498" lon="4.94397"/>
            <trkpt lat="49.87496" lon="4.94385"/>
            <trkpt lat="49.87494" lon="4.94375"/>
            <trkpt lat="49.87482" lon="4.94326"/>
            <trkpt lat="49.87474" lon="4.94308"/>
            <trkpt lat="49.87466" lon="4.94294"/>
            <trkpt lat="49.87458" lon="4.94282"/>
            <trkpt lat="49.87448" lon="4.94274"/>
            <trkpt lat="49.87443" lon="4.94272"/>
            <trkpt lat="49.8743" lon="4.94271"/>
            <trkpt lat="49.87416" lon="4.94276"/>
            <trkpt lat="49.87406" lon="4.94283"/>
            <trkpt lat="49.87383" lon="4.94303"/>
            <trkpt lat="49.87313" lon="4.94378"/>
            <trkpt lat="49.87308" lon="4.94385"/>
            <trkpt lat="49.87269" lon="4.94439"/>
            <trkpt lat="49.87238" lon="4.94471"/>
            <trkpt lat="49.87202" lon="4.9449"/>
            <trkpt lat="49.87187" lon="4.94495"/>
            <trkpt lat="49.87165" lon="4.94498"/>
            <trkpt lat="49.8715" lon="4.94499"/>
            <trkpt lat="49.87127" lon="4.94495"/>
            <trkpt lat="49.87109" lon="4.94489"/>
            <trkpt lat="49.87095" lon="4.94481"/>
            <trkpt lat="49.87063" lon="4.9446"/>
            <trkpt lat="49.8705" lon="4.94447"/>
            <trkpt lat="49.8704" lon="4.94434"/>
            <trkpt lat="49.87027" lon="4.94422"/>
            <trkpt lat="49.87017" lon="4.94417"/>
            <trkpt lat="49.87006" lon="4.94389"/>
            <trkpt lat="49.87003" lon="4.94385"/>
            <trkpt lat="49.87003" lon="4.94384"/>
            <trkpt lat="49.86999" lon="4.94381"/>
            <trkpt lat="49.86993" lon="4.94378"/>
            <trkpt lat="49.86985" lon="4.94377"/>
            <trkpt lat="49.86978" lon="4.94378"/>
            <trkpt lat="49.86972" lon="4.94381"/>
            <trkpt lat="49.86968" lon="4.94385"/>
            <trkpt lat="49.86965" lon="4.94387"/>
            <trkpt lat="49.86959" lon="4.94395"/>
            <trkpt lat="49.86952" lon="4.94405"/>
            <trkpt lat="49.86945" lon="4.94417"/>
            <trkpt lat="49.86936" lon="4.94438"/>
            <trkpt lat="49.86934" lon="4.94447"/>
            <trkpt lat="49.86931" lon="4.94455"/>
            <trkpt lat="49.86912" lon="4.94541"/>
            <trkpt lat="49.86894" lon="4.94623"/>
            <trkpt lat="49.86878" lon="4.94671"/>
            <trkpt lat="49.86863" lon="4.94703"/>
            <trkpt lat="49.86851" lon="4.94724"/>
            <trkpt lat="49.86724" lon="4.94909"/>
            <trkpt lat="49.86673" lon="4.94969"/>
            <trkpt lat="49.86653" lon="4.94986"/>
            <trkpt lat="49.86521" lon="4.95067"/>
            <trkpt lat="49.8651" lon="4.95073"/>
            <trkpt lat="49.86467" lon="4.9509"/>
            <trkpt lat="49.8645" lon="4.95094"/>
            <trkpt lat="49.86433" lon="4.95099"/>
            <trkpt lat="49.86398" lon="4.95103"/>
            <trkpt lat="49.86326" lon="4.95103"/>
            <trkpt lat="49.86308" lon="4.95107"/>
            <trkpt lat="49.86301" lon="4.9511"/>
            <trkpt lat="49.86297" lon="4.95114"/>
            <trkpt lat="49.86282" lon="4.95128"/>
            <trkpt lat="49.86263" lon="4.95154"/>
            <trkpt lat="49.86252" lon="4.95166"/>
            <trkpt lat="49.86238" lon="4.9518"/>
            <trkpt lat="49.86174" lon="4.95225"/>
            <trkpt lat="49.86139" lon="4.95251"/>
            <trkpt lat="49.86104" lon="4.95276"/>
            <trkpt lat="49.86088" lon="4.95299"/>
            <trkpt lat="49.86075" lon="4.9533"/>
            <trkpt lat="49.86068" lon="4.95348"/>
            <trkpt lat="49.86063" lon="4.95355"/>
            <trkpt lat="49.86058" lon="4.95362"/>
            <trkpt lat="49.86052" lon="4.95366"/>
            <trkpt lat="49.86044" lon="4.95371"/>
            <trkpt lat="49.86033" lon="4.95375"/>
            <trkpt lat="49.86005" lon="4.9538"/>
            <trkpt lat="49.85959" lon="4.95377"/>
            <trkpt lat="49.85933" lon="4.9537"/>
            <trkpt lat="49.85929" lon="4.95369"/>
            <trkpt lat="49.85911" lon="4.9536"/>
            <trkpt lat="49.85888" lon="4.95347"/>
            <trkpt lat="49.85872" lon="4.95338"/>
            <trkpt lat="49.85834" lon="4.95312"/>
            <trkpt lat="49.85818" lon="4.95304"/>
            <trkpt lat="49.85788" lon="4.95297"/>
            <trkpt lat="49.85771" lon="4.95297"/>
            <trkpt lat="49.8576" lon="4.95302"/>
            <trkpt lat="49.85754" lon="4.95305"/>
            <trkpt lat="49.85745" lon="4.95312"/>
            <trkpt lat="49.85738" lon="4.95322"/>
            <trkpt lat="49.8573" lon="4.95333"/>
            <trkpt lat="49.85727" lon="4.95342"/>
            <trkpt lat="49.85725" lon="4.95353"/>
            <trkpt lat="49.85726" lon="4.95365"/>
            <trkpt lat="49.85735" lon="4.95405"/>
            <trkpt lat="49.85744" lon="4.95429"/>
            <trkpt lat="49.85759" lon="4.95472"/>
            <trkpt lat="49.85761" lon="4.95485"/>
            <trkpt lat="49.85769" lon="4.95552"/>
            <trkpt lat="49.85768" lon="4.95611"/>
            <trkpt lat="49.85764" lon="4.95699"/>
            <trkpt lat="49.85763" lon="4.95732"/>
            <trkpt lat="49.85758" lon="4.95759"/>
            <trkpt lat="49.85757" lon="4.95783"/>
            <trkpt lat="49.85746" lon="4.95844"/>
            <trkpt lat="49.85739" lon="4.95879"/>
            <trkpt lat="49.85721" lon="4.95948"/>
            <trkpt lat="49.85691" lon="4.96041"/>
            <trkpt lat="49.85661" lon="4.96151"/>
            <trkpt lat="49.85647" lon="4.96209"/>
            <trkpt lat="49.85596" lon="4.96403"/>
            <trkpt lat="49.85596" lon="4.96405"/>
            <trkpt lat="49.85573" lon="4.96476"/>
            <trkpt lat="49.85556" lon="4.96519"/>
            <trkpt lat="49.85529" lon="4.96582"/>
            <trkpt lat="49.85508" lon="4.96631"/>
            <trkpt lat="49.85488" lon="4.96672"/>
            <trkpt lat="49.85469" lon="4.96708"/>
            <trkpt lat="49.85459" lon="4.96722"/>
            <trkpt lat="49.85407" lon="4.96786"/>
            <trkpt lat="49.85397" lon="4.96801"/>
            <trkpt lat="49.85369" lon="4.96841"/>
            <trkpt lat="49.85348" lon="4.96867"/>
            <trkpt lat="49.85308" lon="4.96898"/>
            <trkpt lat="49.8529" lon="4.9691"/>
            <trkpt lat="49.85272" lon="4.96919"/>
            <trkpt lat="49.85227" lon="4.96933"/>
            <trkpt lat="49.85175" lon="4.96948"/>
            <trkpt lat="49.85119" lon="4.96961"/>
            <trkpt lat="49.85077" lon="4.96966"/>
            <trkpt lat="49.84996" lon="4.96964"/>
            <trkpt lat="49.84976" lon="4.96961"/>
            <trkpt lat="49.84921" lon="4.96948"/>
            <trkpt lat="49.84901" lon="4.96942"/>
            <trkpt lat="49.84891" lon="4.96938"/>
            <trkpt lat="49.84843" lon="4.96932"/>
            <trkpt lat="49.84759" lon="4.96934"/>
            <trkpt lat="49.84724" lon="4.96935"/>
            <trkpt lat="49.84688" lon="4.96937"/>
            <trkpt lat="49.84679" lon="4.96956"/>
            <trkpt lat="49.84667" lon="4.96978"/>
            <trkpt lat="49.84624" lon="4.97057"/>
            <trkpt lat="49.84621" lon="4.97062"/>
            <trkpt lat="49.84615" lon="4.97074"/>
            <trkpt lat="49.8461" lon="4.97093"/>
            <trkpt lat="49.84609" lon="4.97119"/>
            <trkpt lat="49.84612" lon="4.97135"/>
            <trkpt lat="49.84628" lon="4.97184"/>
            <trkpt lat="49.84633" lon="4.97196"/>
            <trkpt lat="49.84641" lon="4.9722"/>
            <trkpt lat="49.84655" lon="4.97248"/>
            <trkpt lat="49.84659" lon="4.97259"/>
            <trkpt lat="49.84719" lon="4.97392"/>
            <trkpt lat="49.8477" lon="4.97501"/>
            <trkpt lat="49.84783" lon="4.97539"/>
            <trkpt lat="49.84791" lon="4.97565"/>
            <trkpt lat="49.84795" lon="4.97583"/>
            <trkpt lat="49.848" lon="4.97607"/>
            <trkpt lat="49.84807" lon="4.9765"/>
            <trkpt lat="49.84808" lon="4.97672"/>
            <trkpt lat="49.84808" lon="4.97703"/>
            <trkpt lat="49.84804" lon="4.97751"/>
            <trkpt lat="49.84787" lon="4.97844"/>
            <trkpt lat="49.84783" lon="4.9786"/>
            <trkpt lat="49.84773" lon="4.9789"/>
            <trkpt lat="49.84764" lon="4.97908"/>
            <trkpt lat="49.8474" lon="4.97951"/>
            <trkpt lat="49.84706" lon="4.98007"/>
            <trkpt lat="49.84647" lon="4.98072"/>
            <trkpt lat="49.84613" lon="4.98102"/>
            <trkpt lat="49.84602" lon="4.98109"/>
            <trkpt lat="49.8459" lon="4.98115"/>
            <trkpt lat="49.84505" lon="4.98147"/>
            <trkpt lat="49.84417" lon="4.98171"/>
            <trkpt lat="49.84369" lon="4.98189"/>
            <trkpt lat="49.84342" lon="4.98196"/>
            <trkpt lat="49.84317" lon="4.98199"/>
            <trkpt lat="49.84313" lon="4.982"/>
            <trkpt lat="49.84304" lon="4.98202"/>
            <trkpt lat="49.84283" lon="4.98212"/>
            <trkpt lat="49.84236" lon="4.98258"/>
            <trkpt lat="49.8418" lon="4.98316"/>
            <trkpt lat="49.84133" lon="4.98365"/>
            <trkpt lat="49.84083" lon="4.9841"/>
            <trkpt lat="49.84076" lon="4.98417"/>
            <trkpt lat="49.84064" lon="4.98434"/>
            <trkpt lat="49.8406" lon="4.98445"/>
            <trkpt lat="49.84057" lon="4.9846"/>
            <trkpt lat="49.84056" lon="4.98469"/>
            <trkpt lat="49.84057" lon="4.98485"/>
            <trkpt lat="49.84061" lon="4.985"/>
            <trkpt lat="49.84066" lon="4.98513"/>
            <trkpt lat="49.84102" lon="4.98576"/>
            <trkpt lat="49.84113" lon="4.98599"/>
            <trkpt lat="49.84134" lon="4.98656"/>
            <trkpt lat="49.84141" lon="4.98681"/>
            <trkpt lat="49.84149" lon="4.98728"/>
            <trkpt lat="49.84151" lon="4.98746"/>
            <trkpt lat="49.84152" lon="4.98779"/>
            <trkpt lat="49.84152" lon="4.98789"/>
            <trkpt lat="49.84152" lon="4.9882"/>
            <trkpt lat="49.8415" lon="4.98847"/>
            <trkpt lat="49.84142" lon="4.98909"/>
            <trkpt lat="49.84127" lon="4.98983"/>
            <trkpt lat="49.84117" lon="4.99018"/>
            <trkpt lat="49.84096" lon="4.99085"/>
            <trkpt lat="49.84059" lon="4.99172"/>
            <trkpt lat="49.84059" lon="4.99173"/>
            <trkpt lat="49.84055" lon="4.99185"/>
            <trkpt lat="49.84053" lon="4.99198"/>
            <trkpt lat="49.84054" lon="4.99213"/>
            <trkpt lat="49.84059" lon="4.99236"/>
            <trkpt lat="49.84078" lon="4.99298"/>
            <trkpt lat="49.84101" lon="4.99372"/>
            <trkpt lat="49.84125" lon="4.99461"/>
            <trkpt lat="49.84132" lon="4.99496"/>
            <trkpt lat="49.8414" lon="4.99522"/>
            <trkpt lat="49.84181" lon="4.99634"/>
            <trkpt lat="49.84186" lon="4.99645"/>
            <trkpt lat="49.84197" lon="4.99658"/>
            <trkpt lat="49.84227" lon="4.99684"/>
            <trkpt lat="49.84271" lon="4.99716"/>
            <trkpt lat="49.8428" lon="4.99722"/>
            <trkpt lat="49.84284" lon="4.99723"/>
            <trkpt lat="49.84292" lon="4.99725"/>
            <trkpt lat="49.84355" lon="4.9972"/>
            <trkpt lat="49.84373" lon="4.99719"/>
            <trkpt lat="49.84407" lon="4.99723"/>
            <trkpt lat="49.84418" lon="4.99727"/>
            <trkpt lat="49.84425" lon="4.99734"/>
            <trkpt lat="49.84432" lon="4.99745"/>
            <trkpt lat="49.84437" lon="4.9976"/>
            <trkpt lat="49.84439" lon="4.99771"/>
            <trkpt lat="49.8444" lon="4.99792"/>
            <trkpt lat="49.8444" lon="4.99814"/>
            <trkpt lat="49.84436" lon="4.99845"/>
            <trkpt lat="49.84431" lon="4.99866"/>
            <trkpt lat="49.84422" lon="4.99884"/>
            <trkpt lat="49.84403" lon="4.99904"/>
            <trkpt lat="49.84385" lon="4.99921"/>
            <trkpt lat="49.84377" lon="4.99932"/>
            <trkpt lat="49.84371" lon="4.99946"/>
            <trkpt lat="49.84364" lon="4.99969"/>
            <trkpt lat="49.84354" lon="5.00016"/>
            <trkpt lat="49.8435" lon="5.00048"/>
            <trkpt lat="49.8435" lon="5.00077"/>
            <trkpt lat="49.84351" lon="5.00109"/>
            <trkpt lat="49.84359" lon="5.00188"/>
            <trkpt lat="49.84368" lon="5.0026"/>
            <trkpt lat="49.84369" lon="5.0032"/>
            <trkpt lat="49.84367" lon="5.00346"/>
            <trkpt lat="49.84363" lon="5.0037"/>
            <trkpt lat="49.84355" lon="5.00394"/>
            <trkpt lat="49.84351" lon="5.00405"/>
            <trkpt lat="49.84342" lon="5.00417"/>
            <trkpt lat="49.84332" lon="5.00427"/>
            <trkpt lat="49.84323" lon="5.00432"/>
            <trkpt lat="49.84303" lon="5.00436"/>
            <trkpt lat="49.84289" lon="5.00434"/>
            <trkpt lat="49.84278" lon="5.00429"/>
            <trkpt lat="49.8427" lon="5.00419"/>
            <trkpt lat="49.84259" lon="5.00396"/>
            <trkpt lat="49.8425" lon="5.00372"/>
            <trkpt lat="49.84238" lon="5.00328"/>
            <trkpt lat="49.84221" lon="5.00238"/>
            <trkpt lat="49.84198" lon="5.00131"/>
            <trkpt lat="49.84195" lon="5.0012"/>
            <trkpt lat="49.84179" lon="5.00086"/>
            <trkpt lat="49.84159" lon="5.00061"/>
            <trkpt lat="49.84133" lon="5.00041"/>
            <trkpt lat="49.84099" lon="5.00019"/>
            <trkpt lat="49.84075" lon="5.00009"/>
            <trkpt lat="49.84067" lon="5.00004"/>
            <trkpt lat="49.84053" lon="4.99999"/>
            <trkpt lat="49.84031" lon="4.99997"/>
            <trkpt lat="49.84024" lon="4.99999"/>
            <trkpt lat="49.84016" lon="5.00003"/>
            <trkpt lat="49.84006" lon="5.00011"/>
            <trkpt lat="49.83995" lon="5.00023"/>
            <trkpt lat="49.83983" lon="5.00043"/>
            <trkpt lat="49.8398" lon="5.00052"/>
            <trkpt lat="49.83976" lon="5.00063"/>
            <trkpt lat="49.83973" lon="5.00077"/>
            <trkpt lat="49.83971" lon="5.00088"/>
            <trkpt lat="49.83967" lon="5.00149"/>
            <trkpt lat="49.83963" lon="5.00294"/>
            <trkpt lat="49.83965" lon="5.00317"/>
            <trkpt lat="49.83967" lon="5.00329"/>
            <trkpt lat="49.83969" lon="5.00338"/>
            <trkpt lat="49.83981" lon="5.00388"/>
            <trkpt lat="49.83991" lon="5.00431"/>
            <trkpt lat="49.83996" lon="5.00443"/>
            <trkpt lat="49.84004" lon="5.00458"/>
            <trkpt lat="49.84014" lon="5.00471"/>
            <trkpt lat="49.84021" lon="5.00483"/>
            <trkpt lat="49.84024" lon="5.00489"/>
            <trkpt lat="49.84028" lon="5.00497"/>
            <trkpt lat="49.84029" lon="5.00504"/>
            <trkpt lat="49.84035" lon="5.00534"/>
            <trkpt lat="49.84031" lon="5.00536"/>
            <trkpt lat="49.84028" lon="5.0054"/>
            <trkpt lat="49.84019" lon="5.0056"/>
            <trkpt lat="49.84" lon="5.00632"/>
            <trkpt lat="49.83998" lon="5.00639"/>
            <trkpt lat="49.83993" lon="5.00646"/>
            <trkpt lat="49.83977" lon="5.00717"/>
            <trkpt lat="49.83978" lon="5.00727"/>
            <trkpt lat="49.83977" lon="5.00734"/>
            <trkpt lat="49.83916" lon="5.00712"/>
            <trkpt lat="49.83899" lon="5.0071"/>
            <trkpt lat="49.8389" lon="5.00711"/>
            <trkpt lat="49.83883" lon="5.00713"/>
            <trkpt lat="49.83875" lon="5.00716"/>
            <trkpt lat="49.83842" lon="5.00727"/>
            <trkpt lat="49.83809" lon="5.00739"/>
            <trkpt lat="49.83795" lon="5.00741"/>
            <trkpt lat="49.83749" lon="5.00729"/>
            <trkpt lat="49.83728" lon="5.00726"/>
            <trkpt lat="49.83704" lon="5.00727"/>
            <trkpt lat="49.83695" lon="5.00729"/>
            <trkpt lat="49.83676" lon="5.00741"/>
            <trkpt lat="49.83665" lon="5.00751"/>
            <trkpt lat="49.83656" lon="5.00763"/>
            <trkpt lat="49.83646" lon="5.0078"/>
            <trkpt lat="49.83555" lon="5.00977"/>
            <trkpt lat="49.83553" lon="5.00981"/>
            <trkpt lat="49.83528" lon="5.0101"/>
            <trkpt lat="49.83514" lon="5.0102"/>
            <trkpt lat="49.83503" lon="5.01024"/>
            <trkpt lat="49.83487" lon="5.01026"/>
            <trkpt lat="49.83474" lon="5.01025"/>
            <trkpt lat="49.83424" lon="5.01007"/>
            <trkpt lat="49.83398" lon="5.01004"/>
            <trkpt lat="49.83397" lon="5.01004"/>
            <trkpt lat="49.83382" lon="5.00994"/>
            <trkpt lat="49.83367" lon="5.00977"/>
            <trkpt lat="49.83359" lon="5.00968"/>
            <trkpt lat="49.83352" lon="5.00964"/>
            <trkpt lat="49.83347" lon="5.00963"/>
            <trkpt lat="49.83337" lon="5.00963"/>
            <trkpt lat="49.83325" lon="5.00967"/>
            <trkpt lat="49.83316" lon="5.00973"/>
            <trkpt lat="49.83313" lon="5.00977"/>
            <trkpt lat="49.83309" lon="5.00981"/>
            <trkpt lat="49.833" lon="5.00993"/>
            <trkpt lat="49.83283" lon="5.01025"/>
            <trkpt lat="49.83232" lon="5.0112"/>
            <trkpt lat="49.83215" lon="5.01147"/>
            <trkpt lat="49.83208" lon="5.01155"/>
            <trkpt lat="49.83202" lon="5.0116"/>
            <trkpt lat="49.83194" lon="5.01164"/>
            <trkpt lat="49.83173" lon="5.01164"/>
            <trkpt lat="49.83158" lon="5.01158"/>
            <trkpt lat="49.82923" lon="5.00977"/>
            <trkpt lat="49.82892" lon="5.00952"/>
            <trkpt lat="49.82877" lon="5.00936"/>
            <trkpt lat="49.82865" lon="5.00916"/>
            <trkpt lat="49.8284" lon="5.00858"/>
            <trkpt lat="49.82829" lon="5.00834"/>
            <trkpt lat="49.82786" lon="5.00753"/>
            <trkpt lat="49.82753" lon="5.00704"/>
            <trkpt lat="49.82733" lon="5.00678"/>
            <trkpt lat="49.82718" lon="5.00666"/>
            <trkpt lat="49.82709" lon="5.0066"/>
            <trkpt lat="49.82687" lon="5.00651"/>
            <trkpt lat="49.82677" lon="5.0065"/>
            <trkpt lat="49.82664" lon="5.00653"/>
            <trkpt lat="49.82654" lon="5.0066"/>
            <trkpt lat="49.82643" lon="5.00674"/>
            <trkpt lat="49.82586" lon="5.00748"/>
            <trkpt lat="49.82578" lon="5.00757"/>
            <trkpt lat="49.82572" lon="5.00761"/>
            <trkpt lat="49.82566" lon="5.00762"/>
            <trkpt lat="49.82559" lon="5.0076"/>
            <trkpt lat="49.82551" lon="5.00754"/>
            <trkpt lat="49.82549" lon="5.00751"/>
            <trkpt lat="49.82545" lon="5.00742"/>
            <trkpt lat="49.82508" lon="5.00602"/>
            <trkpt lat="49.82494" lon="5.0054"/>
            <trkpt lat="49.82491" lon="5.00531"/>
            <trkpt lat="49.82486" lon="5.00522"/>
            <trkpt lat="49.82479" lon="5.00518"/>
            <trkpt lat="49.82473" lon="5.0052"/>
            <trkpt lat="49.82466" lon="5.00525"/>
            <trkpt lat="49.82458" lon="5.00536"/>
            <trkpt lat="49.8245" lon="5.00551"/>
            <trkpt lat="49.82387" lon="5.00699"/>
            <trkpt lat="49.82375" lon="5.00719"/>
            <trkpt lat="49.82369" lon="5.00724"/>
            <trkpt lat="49.82365" lon="5.00726"/>
            <trkpt lat="49.82359" lon="5.00725"/>
            <trkpt lat="49.82355" lon="5.00721"/>
            <trkpt lat="49.82351" lon="5.00715"/>
            <trkpt lat="49.82289" lon="5.0055"/>
            <trkpt lat="49.8228" lon="5.00525"/>
            <trkpt lat="49.82276" lon="5.00506"/>
            <trkpt lat="49.82274" lon="5.00489"/>
            <trkpt lat="49.82274" lon="5.00363"/>
            <trkpt lat="49.82272" lon="5.00303"/>
            <trkpt lat="49.82267" lon="5.00252"/>
            <trkpt lat="49.8226" lon="5.00223"/>
            <trkpt lat="49.82256" lon="5.00213"/>
            <trkpt lat="49.82248" lon="5.00196"/>
            <trkpt lat="49.82206" lon="5.00139"/>
            <trkpt lat="49.82128" lon="5.00039"/>
            <trkpt lat="49.82123" lon="5.00035"/>
            <trkpt lat="49.82074" lon="4.99999"/>
            <trkpt lat="49.82051" lon="4.99974"/>
            <trkpt lat="49.82035" lon="4.99954"/>
            <trkpt lat="49.81955" lon="4.99837"/>
            <trkpt lat="49.81947" lon="4.99827"/>
            <trkpt lat="49.81935" lon="4.99818"/>
            <trkpt lat="49.81919" lon="4.9981"/>
            <trkpt lat="49.81884" lon="4.99803"/>
            <trkpt lat="49.81871" lon="4.99804"/>
            <trkpt lat="49.81863" lon="4.99807"/>
            <trkpt lat="49.81856" lon="4.99812"/>
            <trkpt lat="49.81849" lon="4.99819"/>
            <trkpt lat="49.81814" lon="4.99895"/>
            <trkpt lat="49.8181" lon="4.99906"/>
            <trkpt lat="49.81806" lon="4.99914"/>
            <trkpt lat="49.81802" lon="4.99922"/>
            <trkpt lat="49.81797" lon="4.99926"/>
            <trkpt lat="49.81792" lon="4.99927"/>
            <trkpt lat="49.81789" lon="4.99927"/>
            <trkpt lat="49.81784" lon="4.99926"/>
            <trkpt lat="49.81774" lon="4.99918"/>
            <trkpt lat="49.81766" lon="4.99902"/>
            <trkpt lat="49.81745" lon="4.99835"/>
            <trkpt lat="49.81724" lon="4.99737"/>
            <trkpt lat="49.81711" lon="4.99661"/>
            <trkpt lat="49.81709" lon="4.99651"/>
            <trkpt lat="49.81697" lon="4.99625"/>
            <trkpt lat="49.8169" lon="4.99615"/>
            <trkpt lat="49.81681" lon="4.99605"/>
            <trkpt lat="49.81664" lon="4.99593"/>
            <trkpt lat="49.81642" lon="4.99579"/>
            <trkpt lat="49.8163" lon="4.99576"/>
            <trkpt lat="49.81611" lon="4.99573"/>
            <trkpt lat="49.81597" lon="4.99575"/>
            <trkpt lat="49.81583" lon="4.99578"/>
            <trkpt lat="49.81567" lon="4.99586"/>
            <trkpt lat="49.81544" lon="4.99605"/>
            <trkpt lat="49.81529" lon="4.99621"/>
            <trkpt lat="49.81463" lon="4.99703"/>
            <trkpt lat="49.81364" lon="4.99813"/>
            <trkpt lat="49.81336" lon="4.9985"/>
            <trkpt lat="49.81324" lon="4.99863"/>
            <trkpt lat="49.81288" lon="4.9991"/>
            <trkpt lat="49.81274" lon="4.99933"/>
            <trkpt lat="49.81241" lon="4.99993"/>
            <trkpt lat="49.81227" lon="5.00031"/>
            <trkpt lat="49.81226" lon="5.00038"/>
            <trkpt lat="49.81224" lon="5.00053"/>
            <trkpt lat="49.81224" lon="5.00083"/>
            <trkpt lat="49.81225" lon="5.00103"/>
            <trkpt lat="49.81223" lon="5.00133"/>
            <trkpt lat="49.81223" lon="5.0014"/>
            <trkpt lat="49.81222" lon="5.00146"/>
            <trkpt lat="49.81219" lon="5.00156"/>
            <trkpt lat="49.81213" lon="5.00174"/>
            <trkpt lat="49.81204" lon="5.0019"/>
            <trkpt lat="49.81201" lon="5.00196"/>
            <trkpt lat="49.81155" lon="5.00271"/>
            <trkpt lat="49.81138" lon="5.00305"/>
            <trkpt lat="49.81133" lon="5.00314"/>
            <trkpt lat="49.81118" lon="5.00343"/>
            <trkpt lat="49.81099" lon="5.00425"/>
            <trkpt lat="49.81096" lon="5.00445"/>
            <trkpt lat="49.81092" lon="5.00468"/>
            <trkpt lat="49.81089" lon="5.00491"/>
            <trkpt lat="49.81083" lon="5.0051"/>
            <trkpt lat="49.81078" lon="5.0052"/>
            <trkpt lat="49.81074" lon="5.00524"/>
            <trkpt lat="49.8107" lon="5.00526"/>
            <trkpt lat="49.81067" lon="5.00528"/>
            <trkpt lat="49.8098" lon="5.00546"/>
            <trkpt lat="49.80965" lon="5.00548"/>
            <trkpt lat="49.8096" lon="5.00549"/>
            <trkpt lat="49.80889" lon="5.00568"/>
            <trkpt lat="49.80885" lon="5.00569"/>
            <trkpt lat="49.80868" lon="5.00572"/>
            <trkpt lat="49.80829" lon="5.0058"/>
            <trkpt lat="49.80818" lon="5.00582"/>
            <trkpt lat="49.80806" lon="5.00585"/>
            <trkpt lat="49.80791" lon="5.00587"/>
            <trkpt lat="49.80785" lon="5.00584"/>
            <trkpt lat="49.8078" lon="5.0058"/>
            <trkpt lat="49.8077" lon="5.00563"/>
            <trkpt lat="49.80766" lon="5.00537"/>
            <trkpt lat="49.80766" lon="5.00536"/>
            <trkpt lat="49.80771" lon="5.0022"/>
            <trkpt lat="49.80775" lon="5.00194"/>
            <trkpt lat="49.80781" lon="5.00157"/>
            <trkpt lat="49.80789" lon="5.00129"/>
            <trkpt lat="49.80799" lon="5.00097"/>
            <trkpt lat="49.80812" lon="5.00065"/>
            <trkpt lat="49.80843" lon="4.9999"/>
            <trkpt lat="49.80918" lon="4.99831"/>
            <trkpt lat="49.80953" lon="4.99764"/>
            <trkpt lat="49.80986" lon="4.99704"/>
            <trkpt lat="49.81044" lon="4.99583"/>
            <trkpt lat="49.81118" lon="4.99447"/>
            <trkpt lat="49.81158" lon="4.99379"/>
            <trkpt lat="49.81178" lon="4.99338"/>
            <trkpt lat="49.81194" lon="4.9931"/>
            <trkpt lat="49.81201" lon="4.993"/>
            <trkpt lat="49.81207" lon="4.99292"/>
            <trkpt lat="49.81253" lon="4.99234"/>
            <trkpt lat="49.81278" lon="4.99211"/>
            <trkpt lat="49.81304" lon="4.99192"/>
            <trkpt lat="49.81309" lon="4.99189"/>
            <trkpt lat="49.8132" lon="4.99183"/>
            <trkpt lat="49.81325" lon="4.99179"/>
            <trkpt lat="49.81328" lon="4.99175"/>
            <trkpt lat="49.81329" lon="4.99172"/>
            <trkpt lat="49.81329" lon="4.99168"/>
            <trkpt lat="49.81328" lon="4.99162"/>
            <trkpt lat="49.81326" lon="4.99159"/>
            <trkpt lat="49.81323" lon="4.99155"/>
            <trkpt lat="49.81312" lon="4.99148"/>
            <trkpt lat="49.81308" lon="4.99146"/>
            <trkpt lat="49.81265" lon="4.99129"/>
            <trkpt lat="49.8125" lon="4.99124"/>
            <trkpt lat="49.81239" lon="4.99124"/>
            <trkpt lat="49.81216" lon="4.99129"/>
            <trkpt lat="49.81205" lon="4.99135"/>
            <trkpt lat="49.81201" lon="4.99139"/>
            <trkpt lat="49.81133" lon="4.99201"/>
            <trkpt lat="49.81115" lon="4.99214"/>
            <trkpt lat="49.81102" lon="4.99219"/>
            <trkpt lat="49.81061" lon="4.99223"/>
            <trkpt lat="49.81045" lon="4.99228"/>
            <trkpt lat="49.8089" lon="4.9932"/>
            <trkpt lat="49.80861" lon="4.99341"/>
            <trkpt lat="49.80851" lon="4.99351"/>
            <trkpt lat="49.80809" lon="4.99404"/>
            <trkpt lat="49.80791" lon="4.99431"/>
            <trkpt lat="49.80778" lon="4.99454"/>
            <trkpt lat="49.80719" lon="4.99602"/>
            <trkpt lat="49.80692" lon="4.99672"/>
            <trkpt lat="49.80663" lon="4.99723"/>
            <trkpt lat="49.80647" lon="4.99748"/>
            <trkpt lat="49.8063" lon="4.9977"/>
            <trkpt lat="49.80603" lon="4.99798"/>
            <trkpt lat="49.80578" lon="4.99815"/>
            <trkpt lat="49.80563" lon="4.99821"/>
            <trkpt lat="49.80539" lon="4.99828"/>
            <trkpt lat="49.80512" lon="4.99832"/>
            <trkpt lat="49.80476" lon="4.99835"/>
            <trkpt lat="49.8042" lon="4.99825"/>
            <trkpt lat="49.80399" lon="4.99815"/>
            <trkpt lat="49.8038" lon="4.99804"/>
            <trkpt lat="49.80177" lon="4.99664"/>
            <trkpt lat="49.80166" lon="4.99658"/>
            <trkpt lat="49.8016" lon="4.99656"/>
            <trkpt lat="49.80151" lon="4.99659"/>
            <trkpt lat="49.80146" lon="4.99664"/>
            <trkpt lat="49.80141" lon="4.9967"/>
            <trkpt lat="49.80137" lon="4.99679"/>
            <trkpt lat="49.80133" lon="4.99691"/>
            <trkpt lat="49.80098" lon="4.99799"/>
            <trkpt lat="49.80056" lon="4.99904"/>
            <trkpt lat="49.80045" lon="4.99922"/>
            <trkpt lat="49.80037" lon="4.99941"/>
            <trkpt lat="49.80025" lon="4.99981"/>
            <trkpt lat="49.80021" lon="4.99999"/>
            <trkpt lat="49.79997" lon="5.00196"/>
            <trkpt lat="49.79995" lon="5.00239"/>
            <trkpt lat="49.79996" lon="5.00294"/>
            <trkpt lat="49.80004" lon="5.00356"/>
            <trkpt lat="49.80018" lon="5.00426"/>
            <trkpt lat="49.80022" lon="5.00447"/>
            <trkpt lat="49.80036" lon="5.00507"/>
            <trkpt lat="49.80044" lon="5.00553"/>
            <trkpt lat="49.80046" lon="5.00593"/>
            <trkpt lat="49.80047" lon="5.00612"/>
            <trkpt lat="49.80045" lon="5.00643"/>
            <trkpt lat="49.80045" lon="5.00645"/>
            <trkpt lat="49.80043" lon="5.00655"/>
            <trkpt lat="49.80039" lon="5.00665"/>
            <trkpt lat="49.80015" lon="5.0071"/>
            <trkpt lat="49.80003" lon="5.00728"/>
            <trkpt lat="49.79988" lon="5.00746"/>
            <trkpt lat="49.79969" lon="5.00766"/>
            <trkpt lat="49.79957" lon="5.00778"/>
            <trkpt lat="49.79891" lon="5.00841"/>
            <trkpt lat="49.79859" lon="5.00867"/>
            <trkpt lat="49.79849" lon="5.00873"/>
            <trkpt lat="49.79836" lon="5.00876"/>
            <trkpt lat="49.79829" lon="5.00878"/>
            <trkpt lat="49.79823" lon="5.00876"/>
            <trkpt lat="49.79815" lon="5.0087"/>
            <trkpt lat="49.79797" lon="5.00847"/>
            <trkpt lat="49.79794" lon="5.00843"/>
            <trkpt lat="49.79791" lon="5.00836"/>
            <trkpt lat="49.79791" lon="5.00826"/>
            <trkpt lat="49.79796" lon="5.00774"/>
            <trkpt lat="49.798" lon="5.00739"/>
            <trkpt lat="49.79801" lon="5.00721"/>
            <trkpt lat="49.79802" lon="5.00714"/>
            <trkpt lat="49.798" lon="5.00696"/>
            <trkpt lat="49.79794" lon="5.00665"/>
            <trkpt lat="49.7979" lon="5.00655"/>
            <trkpt lat="49.79785" lon="5.00647"/>
            <trkpt lat="49.79781" lon="5.00642"/>
            <trkpt lat="49.79774" lon="5.00642"/>
            <trkpt lat="49.79768" lon="5.00644"/>
            <trkpt lat="49.79762" lon="5.00651"/>
            <trkpt lat="49.7976" lon="5.00655"/>
            <trkpt lat="49.79753" lon="5.00671"/>
            <trkpt lat="49.79746" lon="5.00688"/>
            <trkpt lat="49.79725" lon="5.00738"/>
            <trkpt lat="49.79721" lon="5.00748"/>
            <trkpt lat="49.79709" lon="5.00779"/>
            <trkpt lat="49.79699" lon="5.00805"/>
            <trkpt lat="49.79696" lon="5.00817"/>
            <trkpt lat="49.79659" lon="5.0095"/>
            <trkpt lat="49.79652" lon="5.00977"/>
            <trkpt lat="49.79651" lon="5.00983"/>
            <trkpt lat="49.79635" lon="5.01062"/>
            <trkpt lat="49.79632" lon="5.0108"/>
            <trkpt lat="49.79625" lon="5.01118"/>
            <trkpt lat="49.79619" lon="5.01151"/>
            <trkpt lat="49.79604" lon="5.01237"/>
            <trkpt lat="49.79596" lon="5.01267"/>
            <trkpt lat="49.79594" lon="5.01275"/>
            <trkpt lat="49.79584" lon="5.01303"/>
            <trkpt lat="49.79578" lon="5.01315"/>
            <trkpt lat="49.79571" lon="5.01324"/>
            <trkpt lat="49.79563" lon="5.01332"/>
            <trkpt lat="49.79391" lon="5.01382"/>
            <trkpt lat="49.79378" lon="5.01387"/>
            <trkpt lat="49.79368" lon="5.01394"/>
            <trkpt lat="49.79359" lon="5.01407"/>
            <trkpt lat="49.79348" lon="5.01426"/>
            <trkpt lat="49.79333" lon="5.01452"/>
            <trkpt lat="49.7931" lon="5.01494"/>
            <trkpt lat="49.79296" lon="5.01518"/>
            <trkpt lat="49.79282" lon="5.01539"/>
            <trkpt lat="49.79249" lon="5.01571"/>
            <trkpt lat="49.79225" lon="5.01589"/>
            <trkpt lat="49.79196" lon="5.01602"/>
            <trkpt lat="49.79128" lon="5.01617"/>
            <trkpt lat="49.79033" lon="5.01624"/>
            <trkpt lat="49.79004" lon="5.01628"/>
            <trkpt lat="49.78996" lon="5.01629"/>
            <trkpt lat="49.78978" lon="5.01634"/>
            <trkpt lat="49.78945" lon="5.0165"/>
            <trkpt lat="49.78937" lon="5.01657"/>
            <trkpt lat="49.78927" lon="5.01668"/>
            <trkpt lat="49.78915" lon="5.01689"/>
            <trkpt lat="49.78906" lon="5.01709"/>
            <trkpt lat="49.78899" lon="5.01732"/>
            <trkpt lat="49.78894" lon="5.01755"/>
            <trkpt lat="49.78891" lon="5.01787"/>
            <trkpt lat="49.78891" lon="5.01806"/>
            <trkpt lat="49.78893" lon="5.01858"/>
            <trkpt lat="49.78905" lon="5.01936"/>
            <trkpt lat="49.78909" lon="5.01957"/>
            <trkpt lat="49.78915" lon="5.01978"/>
            <trkpt lat="49.78923" lon="5.01994"/>
            <trkpt lat="49.78934" lon="5.02011"/>
            <trkpt lat="49.78952" lon="5.02032"/>
            <trkpt lat="49.78974" lon="5.02055"/>
            <trkpt lat="49.78995" lon="5.02081"/>
            <trkpt lat="49.79002" lon="5.02092"/>
            <trkpt lat="49.79004" lon="5.02095"/>
            <trkpt lat="49.79015" lon="5.02114"/>
            <trkpt lat="49.79025" lon="5.02139"/>
            <trkpt lat="49.79049" lon="5.02207"/>
            <trkpt lat="49.79058" lon="5.02241"/>
            <trkpt lat="49.79073" lon="5.02296"/>
            <trkpt lat="49.79079" lon="5.02322"/>
            <trkpt lat="49.79083" lon="5.02351"/>
            <trkpt lat="49.79085" lon="5.0238"/>
            <trkpt lat="49.79085" lon="5.02455"/>
            <trkpt lat="49.79084" lon="5.02486"/>
            <trkpt lat="49.79074" lon="5.0253"/>
            <trkpt lat="49.79065" lon="5.02555"/>
            <trkpt lat="49.79028" lon="5.02629"/>
            <trkpt lat="49.79022" lon="5.02639"/>
            <trkpt lat="49.79011" lon="5.02667"/>
            <trkpt lat="49.79004" lon="5.02693"/>
            <trkpt lat="49.79004" lon="5.02693"/>
            <trkpt lat="49.78994" lon="5.02764"/>
            <trkpt lat="49.78986" lon="5.02808"/>
            <trkpt lat="49.78978" lon="5.02843"/>
            <trkpt lat="49.7897" lon="5.02868"/>
            <trkpt lat="49.78956" lon="5.02897"/>
            <trkpt lat="49.78948" lon="5.02908"/>
            <trkpt lat="49.7894" lon="5.02915"/>
            <trkpt lat="49.7893" lon="5.02918"/>
            <trkpt lat="49.78913" lon="5.02919"/>
            <trkpt lat="49.78902" lon="5.02916"/>
            <trkpt lat="49.78888" lon="5.02903"/>
            <trkpt lat="49.78856" lon="5.02878"/>
            <trkpt lat="49.78835" lon="5.02868"/>
            <trkpt lat="49.78819" lon="5.02868"/>
            <trkpt lat="49.78807" lon="5.02877"/>
            <trkpt lat="49.78797" lon="5.02888"/>
            <trkpt lat="49.78786" lon="5.02904"/>
            <trkpt lat="49.78777" lon="5.02925"/>
            <trkpt lat="49.7877" lon="5.02948"/>
            <trkpt lat="49.78762" lon="5.02982"/>
            <trkpt lat="49.78753" lon="5.03029"/>
            <trkpt lat="49.78747" lon="5.03075"/>
            <trkpt lat="49.78744" lon="5.03124"/>
            <trkpt lat="49.78746" lon="5.03148"/>
            <trkpt lat="49.78749" lon="5.03174"/>
            <trkpt lat="49.7875" lon="5.03184"/>
            <trkpt lat="49.78765" lon="5.03264"/>
            <trkpt lat="49.78793" lon="5.03355"/>
            <trkpt lat="49.78799" lon="5.03378"/>
            <trkpt lat="49.78802" lon="5.03419"/>
            <trkpt lat="49.78801" lon="5.03441"/>
            <trkpt lat="49.78789" lon="5.03634"/>
            <trkpt lat="49.78782" lon="5.03663"/>
            <trkpt lat="49.78777" lon="5.03674"/>
            <trkpt lat="49.78769" lon="5.03685"/>
            <trkpt lat="49.78745" lon="5.03712"/>
            <trkpt lat="49.78714" lon="5.03752"/>
            <trkpt lat="49.78708" lon="5.03765"/>
            <trkpt lat="49.787" lon="5.0379"/>
            <trkpt lat="49.78679" lon="5.03914"/>
            <trkpt lat="49.78677" lon="5.03935"/>
            <trkpt lat="49.78678" lon="5.03951"/>
            <trkpt lat="49.78684" lon="5.03986"/>
            <trkpt lat="49.78714" lon="5.04109"/>
            <trkpt lat="49.78717" lon="5.04135"/>
            <trkpt lat="49.78717" lon="5.04167"/>
            <trkpt lat="49.78715" lon="5.0418"/>
            <trkpt lat="49.78712" lon="5.04193"/>
            <trkpt lat="49.78709" lon="5.04202"/>
            <trkpt lat="49.78698" lon="5.04217"/>
            <trkpt lat="49.78687" lon="5.04226"/>
            <trkpt lat="49.78657" lon="5.04244"/>
            <trkpt lat="49.7863" lon="5.04256"/>
            <trkpt lat="49.78604" lon="5.04261"/>
            <trkpt lat="49.78476" lon="5.04267"/>
            <trkpt lat="49.78426" lon="5.04258"/>
            <trkpt lat="49.78373" lon="5.04246"/>
            <trkpt lat="49.78351" lon="5.04245"/>
            <trkpt lat="49.78338" lon="5.04248"/>
            <trkpt lat="49.78307" lon="5.04261"/>
            <trkpt lat="49.78289" lon="5.04262"/>
            <trkpt lat="49.78278" lon="5.04258"/>
            <trkpt lat="49.78268" lon="5.04251"/>
            <trkpt lat="49.78248" lon="5.04235"/>
            <trkpt lat="49.7822" lon="5.04205"/>
            <trkpt lat="49.7821" lon="5.04202"/>
            <trkpt lat="49.78194" lon="5.042"/>
            <trkpt lat="49.7818" lon="5.04202"/>
            <trkpt lat="49.7817" lon="5.04205"/>
            <trkpt lat="49.78157" lon="5.04219"/>
            <trkpt lat="49.7815" lon="5.04233"/>
            <trkpt lat="49.78145" lon="5.04244"/>
            <trkpt lat="49.78143" lon="5.04256"/>
            <trkpt lat="49.78143" lon="5.04271"/>
            <trkpt lat="49.78145" lon="5.04286"/>
            <trkpt lat="49.78147" lon="5.04299"/>
            <trkpt lat="49.7817" lon="5.04353"/>
            <trkpt lat="49.78227" lon="5.04458"/>
            <trkpt lat="49.78236" lon="5.04471"/>
            <trkpt lat="49.78251" lon="5.04484"/>
            <trkpt lat="49.78267" lon="5.04494"/>
            <trkpt lat="49.78281" lon="5.045"/>
            <trkpt lat="49.78309" lon="5.04508"/>
            <trkpt lat="49.78336" lon="5.04507"/>
            <trkpt lat="49.78385" lon="5.04497"/>
            <trkpt lat="49.78403" lon="5.04496"/>
            <trkpt lat="49.78417" lon="5.04497"/>
            <trkpt lat="49.78462" lon="5.04511"/>
            <trkpt lat="49.78487" lon="5.04526"/>
            <trkpt lat="49.7852" lon="5.0455"/>
            <trkpt lat="49.78593" lon="5.04605"/>
            <trkpt lat="49.78693" lon="5.04679"/>
            <trkpt lat="49.78716" lon="5.04688"/>
            <trkpt lat="49.78738" lon="5.04694"/>
            <trkpt lat="49.78779" lon="5.047"/>
            <trkpt lat="49.78789" lon="5.04703"/>
            <trkpt lat="49.78811" lon="5.04714"/>
            <trkpt lat="49.78837" lon="5.04721"/>
            <trkpt lat="49.78845" lon="5.0472"/>
            <trkpt lat="49.7885" lon="5.04716"/>
            <trkpt lat="49.78857" lon="5.0471"/>
            <trkpt lat="49.78864" lon="5.04699"/>
            <trkpt lat="49.78915" lon="5.0464"/>
            <trkpt lat="49.78927" lon="5.04633"/>
            <trkpt lat="49.78938" lon="5.0463"/>
            <trkpt lat="49.7896" lon="5.04629"/>
            <trkpt lat="49.78967" lon="5.04632"/>
            <trkpt lat="49.78977" lon="5.04638"/>
            <trkpt lat="49.78983" lon="5.04647"/>
            <trkpt lat="49.78988" lon="5.04657"/>
            <trkpt lat="49.78995" lon="5.04677"/>
            <trkpt lat="49.78998" lon="5.04688"/>
            <trkpt lat="49.79001" lon="5.04721"/>
            <trkpt lat="49.79004" lon="5.04782"/>
            <trkpt lat="49.79007" lon="5.04868"/>
            <trkpt lat="49.79008" lon="5.04916"/>
            <trkpt lat="49.79008" lon="5.04921"/>
            <trkpt lat="49.79007" lon="5.04933"/>
            <trkpt lat="49.79006" lon="5.0494"/>
            <trkpt lat="49.79004" lon="5.0495"/>
            <trkpt lat="49.79003" lon="5.04956"/>
            <trkpt lat="49.78997" lon="5.04976"/>
            <trkpt lat="49.78992" lon="5.04988"/>
            <trkpt lat="49.78982" lon="5.05008"/>
            <trkpt lat="49.78975" lon="5.0502"/>
            <trkpt lat="49.78965" lon="5.05036"/>
            <trkpt lat="49.78937" lon="5.05071"/>
            <trkpt lat="49.78932" lon="5.0508"/>
            <trkpt lat="49.78929" lon="5.05086"/>
            <trkpt lat="49.78923" lon="5.051"/>
            <trkpt lat="49.78917" lon="5.05117"/>
            <trkpt lat="49.78904" lon="5.05172"/>
            <trkpt lat="49.78896" lon="5.05205"/>
            <trkpt lat="49.78892" lon="5.05214"/>
            <trkpt lat="49.78887" lon="5.05224"/>
            <trkpt lat="49.7888" lon="5.05236"/>
            <trkpt lat="49.7886" lon="5.05259"/>
            <trkpt lat="49.78854" lon="5.05267"/>
            <trkpt lat="49.78849" lon="5.05275"/>
            <trkpt lat="49.78847" lon="5.05282"/>
            <trkpt lat="49.78844" lon="5.05289"/>
            <trkpt lat="49.78842" lon="5.05297"/>
            <trkpt lat="49.7884" lon="5.05315"/>
            <trkpt lat="49.78837" lon="5.0536"/>
            <trkpt lat="49.78837" lon="5.05371"/>
            <trkpt lat="49.78835" lon="5.05397"/>
            <trkpt lat="49.78833" lon="5.05405"/>
            <trkpt lat="49.78831" lon="5.05412"/>
            <trkpt lat="49.78828" lon="5.05419"/>
            <trkpt lat="49.78825" lon="5.05426"/>
            <trkpt lat="49.78823" lon="5.0543"/>
            <trkpt lat="49.78818" lon="5.05435"/>
            <trkpt lat="49.78811" lon="5.05442"/>
            <trkpt lat="49.78805" lon="5.05445"/>
            <trkpt lat="49.78797" lon="5.05447"/>
            <trkpt lat="49.78791" lon="5.05448"/>
            <trkpt lat="49.78784" lon="5.05447"/>
            <trkpt lat="49.78777" lon="5.05445"/>
            <trkpt lat="49.78752" lon="5.05433"/>
            <trkpt lat="49.78741" lon="5.05428"/>
            <trkpt lat="49.78732" lon="5.05426"/>
            <trkpt lat="49.7873" lon="5.05426"/>
            <trkpt lat="49.78725" lon="5.05426"/>
            <trkpt lat="49.78719" lon="5.05426"/>
            <trkpt lat="49.78714" lon="5.05428"/>
            <trkpt lat="49.7871" lon="5.05431"/>
            <trkpt lat="49.78708" lon="5.05433"/>
            <trkpt lat="49.78701" lon="5.05438"/>
            <trkpt lat="49.78696" lon="5.05446"/>
            <trkpt lat="49.78694" lon="5.0545"/>
            <trkpt lat="49.78693" lon="5.05453"/>
            <trkpt lat="49.7869" lon="5.05463"/>
            <trkpt lat="49.78688" lon="5.05467"/>
            <trkpt lat="49.78687" lon="5.05473"/>
            <trkpt lat="49.78686" lon="5.05482"/>
            <trkpt lat="49.78686" lon="5.05484"/>
            <trkpt lat="49.78686" lon="5.05495"/>
            <trkpt lat="49.78687" lon="5.055"/>
            <trkpt lat="49.78687" lon="5.05503"/>
            <trkpt lat="49.7869" lon="5.05516"/>
            <trkpt lat="49.78692" lon="5.05522"/>
            <trkpt lat="49.78692" lon="5.05524"/>
            <trkpt lat="49.78695" lon="5.0553"/>
            <trkpt lat="49.78699" lon="5.05536"/>
            <trkpt lat="49.78704" lon="5.05542"/>
            <trkpt lat="49.78708" lon="5.05547"/>
            <trkpt lat="49.78713" lon="5.0555"/>
            <trkpt lat="49.78721" lon="5.05554"/>
            <trkpt lat="49.78734" lon="5.05555"/>
            <trkpt lat="49.78738" lon="5.05555"/>
            <trkpt lat="49.78743" lon="5.05554"/>
            <trkpt lat="49.78762" lon="5.05546"/>
            <trkpt lat="49.78771" lon="5.05542"/>
            <trkpt lat="49.78781" lon="5.05539"/>
            <trkpt lat="49.78787" lon="5.05539"/>
            <trkpt lat="49.78793" lon="5.0554"/>
            <trkpt lat="49.78796" lon="5.05541"/>
            <trkpt lat="49.78802" lon="5.05544"/>
            <trkpt lat="49.78809" lon="5.05549"/>
            <trkpt lat="49.78812" lon="5.05553"/>
            <trkpt lat="49.78815" lon="5.05558"/>
            <trkpt lat="49.78821" lon="5.0557"/>
            <trkpt lat="49.78825" lon="5.05579"/>
            <trkpt lat="49.78827" lon="5.05586"/>
            <trkpt lat="49.78829" lon="5.05601"/>
            <trkpt lat="49.78831" lon="5.0571"/>
            <trkpt lat="49.78834" lon="5.05747"/>
            <trkpt lat="49.78836" lon="5.05759"/>
            <trkpt lat="49.78846" lon="5.05809"/>
            <trkpt lat="49.78856" lon="5.05844"/>
            <trkpt lat="49.78866" lon="5.0587"/>
            <trkpt lat="49.78885" lon="5.05909"/>
            <trkpt lat="49.78903" lon="5.05939"/>
            <trkpt lat="49.78924" lon="5.05965"/>
            <trkpt lat="49.78975" lon="5.06017"/>
            <trkpt lat="49.79" lon="5.06043"/>
            <trkpt lat="49.79004" lon="5.06048"/>
            <trkpt lat="49.79027" lon="5.06078"/>
            <trkpt lat="49.7906" lon="5.06132"/>
            <trkpt lat="49.79126" lon="5.06238"/>
            <trkpt lat="49.79142" lon="5.06257"/>
            <trkpt lat="49.79178" lon="5.06299"/>
            <trkpt lat="49.79183" lon="5.06306"/>
            <trkpt lat="49.7919" lon="5.06317"/>
            <trkpt lat="49.79192" lon="5.06321"/>
            <trkpt lat="49.79193" lon="5.06325"/>
            <trkpt lat="49.79194" lon="5.06328"/>
            <trkpt lat="49.79194" lon="5.06333"/>
            <trkpt lat="49.79193" lon="5.06338"/>
            <trkpt lat="49.79192" lon="5.06343"/>
            <trkpt lat="49.79191" lon="5.06347"/>
            <trkpt lat="49.79186" lon="5.06358"/>
            <trkpt lat="49.79145" lon="5.06449"/>
            <trkpt lat="49.7914" lon="5.0646"/>
            <trkpt lat="49.79127" lon="5.0648"/>
            <trkpt lat="49.79129" lon="5.06484"/>
            <trkpt lat="49.7913" lon="5.06487"/>
            <trkpt lat="49.79133" lon="5.06499"/>
            <trkpt lat="49.79134" lon="5.06508"/>
            <trkpt lat="49.79133" lon="5.06522"/>
            <trkpt lat="49.79131" lon="5.06532"/>
            <trkpt lat="49.79125" lon="5.06559"/>
            <trkpt lat="49.7912" lon="5.06591"/>
            <trkpt lat="49.79118" lon="5.06604"/>
            <trkpt lat="49.79117" lon="5.06617"/>
            <trkpt lat="49.79116" lon="5.06633"/>
            <trkpt lat="49.79117" lon="5.0664"/>
            <trkpt lat="49.79121" lon="5.06653"/>
            <trkpt lat="49.79132" lon="5.06682"/>
            <trkpt lat="49.79144" lon="5.067"/>
            <trkpt lat="49.79157" lon="5.06719"/>
            <trkpt lat="49.79161" lon="5.06725"/>
            <trkpt lat="49.79217" lon="5.06795"/>
            <trkpt lat="49.79244" lon="5.06828"/>
            <trkpt lat="49.79281" lon="5.06876"/>
            <trkpt lat="49.79308" lon="5.06922"/>
            <trkpt lat="49.79336" lon="5.06972"/>
            <trkpt lat="49.79359" lon="5.07008"/>
            <trkpt lat="49.79372" lon="5.0702"/>
            <trkpt lat="49.79393" lon="5.0703"/>
            <trkpt lat="49.7942" lon="5.07047"/>
            <trkpt lat="49.79444" lon="5.07064"/>
            <trkpt lat="49.79446" lon="5.07067"/>
            <trkpt lat="49.79449" lon="5.07069"/>
            <trkpt lat="49.79449" lon="5.07069"/>
            <trkpt lat="49.79455" lon="5.07068"/>
            <trkpt lat="49.79457" lon="5.07073"/>
            <trkpt lat="49.7946" lon="5.07077"/>
            <trkpt lat="49.79462" lon="5.07079"/>
            <trkpt lat="49.79464" lon="5.07079"/>
            <trkpt lat="49.79467" lon="5.07078"/>
            <trkpt lat="49.79469" lon="5.07077"/>
            <trkpt lat="49.79474" lon="5.07087"/>
            <trkpt lat="49.7948" lon="5.07094"/>
            <trkpt lat="49.79485" lon="5.07096"/>
            <trkpt lat="49.79521" lon="5.0711"/>
            <trkpt lat="49.79559" lon="5.07127"/>
            <trkpt lat="49.79566" lon="5.07129"/>
            <trkpt lat="49.79571" lon="5.0713"/>
            <trkpt lat="49.79573" lon="5.07142"/>
            <trkpt lat="49.79578" lon="5.07158"/>
            <trkpt lat="49.79588" lon="5.07177"/>
            <trkpt lat="49.79596" lon="5.07191"/>
            <trkpt lat="49.79634" lon="5.07254"/>
            <trkpt lat="49.79703" lon="5.07355"/>
            <trkpt lat="49.79714" lon="5.07371"/>
            <trkpt lat="49.79723" lon="5.07384"/>
            <trkpt lat="49.79758" lon="5.07435"/>
            <trkpt lat="49.79786" lon="5.07474"/>
            <trkpt lat="49.79836" lon="5.07547"/>
            <trkpt lat="49.79853" lon="5.07565"/>
            <trkpt lat="49.79857" lon="5.07568"/>
            <trkpt lat="49.79859" lon="5.0757"/>
            <trkpt lat="49.79993" lon="5.07648"/>
            <trkpt lat="49.80067" lon="5.07695"/>
            <trkpt lat="49.80082" lon="5.07705"/>
            <trkpt lat="49.80094" lon="5.0771"/>
            <trkpt lat="49.80104" lon="5.07711"/>
            <trkpt lat="49.80121" lon="5.07707"/>
            <trkpt lat="49.80137" lon="5.07699"/>
            <trkpt lat="49.80142" lon="5.07695"/>
            <trkpt lat="49.80147" lon="5.07691"/>
            <trkpt lat="49.8017" lon="5.07669"/>
            <trkpt lat="49.80179" lon="5.07658"/>
            <trkpt lat="49.80182" lon="5.07653"/>
            <trkpt lat="49.80203" lon="5.07612"/>
            <trkpt lat="49.80212" lon="5.07584"/>
            <trkpt lat="49.80217" lon="5.07568"/>
            <trkpt lat="49.8022" lon="5.07555"/>
            <trkpt lat="49.80235" lon="5.07503"/>
            <trkpt lat="49.8024" lon="5.07492"/>
            <trkpt lat="49.80249" lon="5.07474"/>
            <trkpt lat="49.80258" lon="5.07462"/>
            <trkpt lat="49.80287" lon="5.07436"/>
            <trkpt lat="49.80306" lon="5.07425"/>
            <trkpt lat="49.80328" lon="5.07417"/>
            <trkpt lat="49.80346" lon="5.07415"/>
            <trkpt lat="49.80377" lon="5.07425"/>
            <trkpt lat="49.80397" lon="5.07436"/>
            <trkpt lat="49.80406" lon="5.07442"/>
            <trkpt lat="49.80432" lon="5.0745"/>
            <trkpt lat="49.80442" lon="5.07451"/>
            <trkpt lat="49.8053" lon="5.07441"/>
            <trkpt lat="49.80549" lon="5.07441"/>
            <trkpt lat="49.80577" lon="5.07444"/>
            <trkpt lat="49.80636" lon="5.07462"/>
            <trkpt lat="49.80655" lon="5.07464"/>
            <trkpt lat="49.80682" lon="5.0746"/>
            <trkpt lat="49.80699" lon="5.0745"/>
            <trkpt lat="49.80705" lon="5.07444"/>
            <trkpt lat="49.80714" lon="5.07435"/>
            <trkpt lat="49.80725" lon="5.0742"/>
            <trkpt lat="49.80768" lon="5.07348"/>
            <trkpt lat="49.8078" lon="5.07337"/>
            <trkpt lat="49.8079" lon="5.07329"/>
            <trkpt lat="49.80811" lon="5.07321"/>
            <trkpt lat="49.80837" lon="5.07319"/>
            <trkpt lat="49.80853" lon="5.07322"/>
            <trkpt lat="49.80958" lon="5.07345"/>
            <trkpt lat="49.80969" lon="5.07349"/>
            <trkpt lat="49.80977" lon="5.07355"/>
            <trkpt lat="49.80987" lon="5.07366"/>
            <trkpt lat="49.80997" lon="5.07383"/>
            <trkpt lat="49.81005" lon="5.074"/>
            <trkpt lat="49.81018" lon="5.07439"/>
            <trkpt lat="49.81025" lon="5.07475"/>
            <trkpt lat="49.8103" lon="5.07494"/>
            <trkpt lat="49.81046" lon="5.07537"/>
            <trkpt lat="49.81063" lon="5.07568"/>
            <trkpt lat="49.81068" lon="5.07576"/>
            <trkpt lat="49.8109" lon="5.07606"/>
            <trkpt lat="49.8113" lon="5.07651"/>
            <trkpt lat="49.81162" lon="5.07694"/>
            <trkpt lat="49.81173" lon="5.07714"/>
            <trkpt lat="49.8118" lon="5.07732"/>
            <trkpt lat="49.81189" lon="5.07761"/>
            <trkpt lat="49.8119" lon="5.07772"/>
            <trkpt lat="49.81192" lon="5.07786"/>
            <trkpt lat="49.81192" lon="5.07811"/>
            <trkpt lat="49.81188" lon="5.07867"/>
            <trkpt lat="49.81186" lon="5.07883"/>
            <trkpt lat="49.81182" lon="5.07899"/>
            <trkpt lat="49.81143" lon="5.08026"/>
            <trkpt lat="49.8113" lon="5.08069"/>
            <trkpt lat="49.8109" lon="5.08195"/>
            <trkpt lat="49.80979" lon="5.08565"/>
            <trkpt lat="49.80976" lon="5.08577"/>
            <trkpt lat="49.80973" lon="5.08596"/>
            <trkpt lat="49.8097" lon="5.08623"/>
            <trkpt lat="49.8097" lon="5.08657"/>
            <trkpt lat="49.80974" lon="5.08691"/>
            <trkpt lat="49.80972" lon="5.08699"/>
            <trkpt lat="49.80978" lon="5.08734"/>
            <trkpt lat="49.8098" lon="5.08742"/>
            <trkpt lat="49.80984" lon="5.08757"/>
            <trkpt lat="49.80988" lon="5.08772"/>
            <trkpt lat="49.8099" lon="5.08782"/>
            <trkpt lat="49.80998" lon="5.08776"/>
            <trkpt lat="49.8102" lon="5.0876"/>
            <trkpt lat="49.81068" lon="5.08727"/>
            <trkpt lat="49.81102" lon="5.08704"/>
            <trkpt lat="49.81125" lon="5.08687"/>
            <trkpt lat="49.81145" lon="5.08673"/>
            <trkpt lat="49.81201" lon="5.08636"/>
            <trkpt lat="49.81201" lon="5.08635"/>
            <trkpt lat="49.81233" lon="5.08616"/>
            <trkpt lat="49.8124" lon="5.08658"/>
            <trkpt lat="49.81241" lon="5.08686"/>
            <trkpt lat="49.81238" lon="5.08703"/>
            <trkpt lat="49.81213" lon="5.08752"/>
            <trkpt lat="49.81201" lon="5.08794"/>
            <trkpt lat="49.81201" lon="5.08795"/>
            <trkpt lat="49.81201" lon="5.08795"/>
            <trkpt lat="49.81238" lon="5.08857"/>
            <trkpt lat="49.81266" lon="5.08893"/>
            <trkpt lat="49.813" lon="5.08928"/>
            <trkpt lat="49.81324" lon="5.08949"/>
            <trkpt lat="49.81352" lon="5.08964"/>
            <trkpt lat="49.81365" lon="5.08968"/>
            <trkpt lat="49.81397" lon="5.08972"/>
            <trkpt lat="49.81518" lon="5.0898"/>
            <trkpt lat="49.81594" lon="5.08986"/>
            <trkpt lat="49.81639" lon="5.08984"/>
            <trkpt lat="49.81658" lon="5.08986"/>
            <trkpt lat="49.81667" lon="5.08988"/>
            <trkpt lat="49.81675" lon="5.08992"/>
            <trkpt lat="49.81687" lon="5.09003"/>
            <trkpt lat="49.81745" lon="5.09077"/>
            <trkpt lat="49.81761" lon="5.09099"/>
            <trkpt lat="49.81771" lon="5.09111"/>
            <trkpt lat="49.81801" lon="5.09129"/>
            <trkpt lat="49.81819" lon="5.09137"/>
            <trkpt lat="49.81845" lon="5.09145"/>
            <trkpt lat="49.81888" lon="5.09159"/>
            <trkpt lat="49.81915" lon="5.09173"/>
            <trkpt lat="49.81926" lon="5.09184"/>
            <trkpt lat="49.81928" lon="5.09189"/>
            <trkpt lat="49.81931" lon="5.09194"/>
            <trkpt lat="49.81934" lon="5.09203"/>
            <trkpt lat="49.81937" lon="5.09221"/>
            <trkpt lat="49.81944" lon="5.09291"/>
            <trkpt lat="49.81921" lon="5.09312"/>
            <trkpt lat="49.81914" lon="5.09319"/>
            <trkpt lat="49.81912" lon="5.09321"/>
            <trkpt lat="49.8191" lon="5.09326"/>
            <trkpt lat="49.81903" lon="5.09343"/>
            <trkpt lat="49.81891" lon="5.09382"/>
            <trkpt lat="49.81887" lon="5.09407"/>
            <trkpt lat="49.81886" lon="5.09434"/>
            <trkpt lat="49.81893" lon="5.09481"/>
            <trkpt lat="49.81896" lon="5.09516"/>
            <trkpt lat="49.81904" lon="5.09629"/>
            <trkpt lat="49.81906" lon="5.09658"/>
            <trkpt lat="49.81907" lon="5.09663"/>
            <trkpt lat="49.81908" lon="5.09665"/>
            <trkpt lat="49.81909" lon="5.09666"/>
            <trkpt lat="49.81911" lon="5.09669"/>
            <trkpt lat="49.81911" lon="5.09675"/>
            <trkpt lat="49.81911" lon="5.09689"/>
            <trkpt lat="49.81914" lon="5.09721"/>
            <trkpt lat="49.8192" lon="5.09766"/>
            <trkpt lat="49.81928" lon="5.09816"/>
            <trkpt lat="49.81928" lon="5.09844"/>
            <trkpt lat="49.81926" lon="5.09869"/>
            <trkpt lat="49.81922" lon="5.09891"/>
            <trkpt lat="49.81913" lon="5.09916"/>
            <trkpt lat="49.81895" lon="5.09953"/>
            <trkpt lat="49.81869" lon="5.1001"/>
            <trkpt lat="49.81849" lon="5.10051"/>
            <trkpt lat="49.8182" lon="5.10118"/>
            <trkpt lat="49.81814" lon="5.10146"/>
            <trkpt lat="49.8181" lon="5.10167"/>
            <trkpt lat="49.81806" lon="5.10187"/>
            <trkpt lat="49.81801" lon="5.10237"/>
            <trkpt lat="49.81801" lon="5.1025"/>
            <trkpt lat="49.81801" lon="5.10262"/>
            <trkpt lat="49.818" lon="5.10271"/>
            <trkpt lat="49.81799" lon="5.10278"/>
            <trkpt lat="49.81796" lon="5.10289"/>
            <trkpt lat="49.81794" lon="5.10293"/>
            <trkpt lat="49.8179" lon="5.10302"/>
            <trkpt lat="49.81789" lon="5.10305"/>
            <trkpt lat="49.81783" lon="5.10314"/>
            <trkpt lat="49.81681" lon="5.10462"/>
            <trkpt lat="49.81667" lon="5.10488"/>
            <trkpt lat="49.81664" lon="5.10497"/>
            <trkpt lat="49.8166" lon="5.10509"/>
            <trkpt lat="49.81658" lon="5.10514"/>
            <trkpt lat="49.81654" lon="5.10529"/>
            <trkpt lat="49.81652" lon="5.10546"/>
            <trkpt lat="49.8165" lon="5.10561"/>
            <trkpt lat="49.8165" lon="5.10588"/>
            <trkpt lat="49.81657" lon="5.10703"/>
            <trkpt lat="49.81657" lon="5.10725"/>
            <trkpt lat="49.81656" lon="5.10742"/>
            <trkpt lat="49.81654" lon="5.10764"/>
            <trkpt lat="49.81651" lon="5.10785"/>
            <trkpt lat="49.81648" lon="5.10801"/>
            <trkpt lat="49.81638" lon="5.10837"/>
            <trkpt lat="49.81611" lon="5.10898"/>
            <trkpt lat="49.81595" lon="5.10934"/>
            <trkpt lat="49.81544" lon="5.11073"/>
            <trkpt lat="49.8154" lon="5.11083"/>
            <trkpt lat="49.81528" lon="5.1111"/>
            <trkpt lat="49.81523" lon="5.11119"/>
            <trkpt lat="49.81512" lon="5.11133"/>
            <trkpt lat="49.81469" lon="5.11177"/>
            <trkpt lat="49.8145" lon="5.112"/>
            <trkpt lat="49.81442" lon="5.11212"/>
            <trkpt lat="49.81436" lon="5.11225"/>
            <trkpt lat="49.81434" lon="5.11229"/>
            <trkpt lat="49.81426" lon="5.11249"/>
            <trkpt lat="49.81403" lon="5.11329"/>
            <trkpt lat="49.81397" lon="5.11356"/>
            <trkpt lat="49.81397" lon="5.1136"/>
            <trkpt lat="49.81395" lon="5.11381"/>
            <trkpt lat="49.81392" lon="5.1141"/>
            <trkpt lat="49.81393" lon="5.11433"/>
            <trkpt lat="49.81393" lon="5.11436"/>
            <trkpt lat="49.81396" lon="5.11472"/>
            <trkpt lat="49.81402" lon="5.11521"/>
            <trkpt lat="49.81405" lon="5.11541"/>
            <trkpt lat="49.81408" lon="5.11572"/>
            <trkpt lat="49.81409" lon="5.11597"/>
            <trkpt lat="49.81408" lon="5.11609"/>
            <trkpt lat="49.81406" lon="5.11645"/>
            <trkpt lat="49.81406" lon="5.1165"/>
            <trkpt lat="49.81402" lon="5.11677"/>
            <trkpt lat="49.81386" lon="5.11744"/>
            <trkpt lat="49.81378" lon="5.11766"/>
            <trkpt lat="49.81374" lon="5.11774"/>
            <trkpt lat="49.81372" lon="5.11779"/>
            <trkpt lat="49.8136" lon="5.11801"/>
            <trkpt lat="49.81295" lon="5.11899"/>
            <trkpt lat="49.81278" lon="5.11926"/>
            <trkpt lat="49.8127" lon="5.11944"/>
            <trkpt lat="49.81266" lon="5.11954"/>
            <trkpt lat="49.81264" lon="5.1196"/>
            <trkpt lat="49.81263" lon="5.11963"/>
            <trkpt lat="49.81248" lon="5.12014"/>
            <trkpt lat="49.81246" lon="5.12022"/>
            <trkpt lat="49.81241" lon="5.12033"/>
            <trkpt lat="49.81239" lon="5.12038"/>
            <trkpt lat="49.81236" lon="5.12044"/>
            <trkpt lat="49.81231" lon="5.1205"/>
            <trkpt lat="49.81225" lon="5.12058"/>
            <trkpt lat="49.81217" lon="5.12065"/>
            <trkpt lat="49.81201" lon="5.12076"/>
            <trkpt lat="49.81199" lon="5.12077"/>
            <trkpt lat="49.81157" lon="5.12095"/>
            <trkpt lat="49.81135" lon="5.12104"/>
            <trkpt lat="49.81109" lon="5.1212"/>
            <trkpt lat="49.81091" lon="5.12137"/>
            <trkpt lat="49.8109" lon="5.12139"/>
            <trkpt lat="49.81084" lon="5.12146"/>
            <trkpt lat="49.81081" lon="5.12152"/>
            <trkpt lat="49.81078" lon="5.12158"/>
            <trkpt lat="49.81073" lon="5.12174"/>
            <trkpt lat="49.81057" lon="5.12259"/>
            <trkpt lat="49.81047" lon="5.12295"/>
            <trkpt lat="49.81045" lon="5.123"/>
            <trkpt lat="49.81036" lon="5.12322"/>
            <trkpt lat="49.81022" lon="5.1235"/>
            <trkpt lat="49.80995" lon="5.12394"/>
            <trkpt lat="49.80979" lon="5.12425"/>
            <trkpt lat="49.8095" lon="5.1248"/>
            <trkpt lat="49.80932" lon="5.12506"/>
            <trkpt lat="49.80913" lon="5.12528"/>
            <trkpt lat="49.80901" lon="5.12542"/>
            <trkpt lat="49.80898" lon="5.12547"/>
            <trkpt lat="49.80894" lon="5.12556"/>
            <trkpt lat="49.80892" lon="5.12563"/>
            <trkpt lat="49.8089" lon="5.1257"/>
            <trkpt lat="49.80889" lon="5.12576"/>
            <trkpt lat="49.80889" lon="5.12587"/>
            <trkpt lat="49.80891" lon="5.12599"/>
            <trkpt lat="49.80893" lon="5.12608"/>
            <trkpt lat="49.80895" lon="5.12612"/>
            <trkpt lat="49.80899" lon="5.12622"/>
            <trkpt lat="49.80916" lon="5.12655"/>
            <trkpt lat="49.80921" lon="5.12668"/>
            <trkpt lat="49.80922" lon="5.1267"/>
            <trkpt lat="49.80924" lon="5.12679"/>
            <trkpt lat="49.80926" lon="5.12692"/>
            <trkpt lat="49.80927" lon="5.12695"/>
            <trkpt lat="49.80932" lon="5.12755"/>
            <trkpt lat="49.8094" lon="5.12802"/>
            <trkpt lat="49.80956" lon="5.12874"/>
            <trkpt lat="49.80958" lon="5.12882"/>
            <trkpt lat="49.80965" lon="5.12905"/>
            <trkpt lat="49.8097" lon="5.12914"/>
            <trkpt lat="49.80982" lon="5.12931"/>
            <trkpt lat="49.81009" lon="5.12958"/>
            <trkpt lat="49.81013" lon="5.12961"/>
            <trkpt lat="49.81083" lon="5.13022"/>
            <trkpt lat="49.81136" lon="5.13063"/>
            <trkpt lat="49.81157" lon="5.13082"/>
            <trkpt lat="49.81171" lon="5.13102"/>
            <trkpt lat="49.81178" lon="5.13117"/>
            <trkpt lat="49.8118" lon="5.13126"/>
            <trkpt lat="49.81181" lon="5.13135"/>
            <trkpt lat="49.81178" lon="5.13145"/>
            <trkpt lat="49.81174" lon="5.13151"/>
            <trkpt lat="49.81169" lon="5.13156"/>
            <trkpt lat="49.81161" lon="5.13158"/>
            <trkpt lat="49.81095" lon="5.13146"/>
            <trkpt lat="49.81024" lon="5.13126"/>
            <trkpt lat="49.81008" lon="5.1312"/>
            <trkpt lat="49.80996" lon="5.13114"/>
            <trkpt lat="49.80981" lon="5.13103"/>
            <trkpt lat="49.8094" lon="5.13059"/>
            <trkpt lat="49.80932" lon="5.13052"/>
            <trkpt lat="49.80927" lon="5.13049"/>
            <trkpt lat="49.80918" lon="5.13047"/>
            <trkpt lat="49.80906" lon="5.13047"/>
            <trkpt lat="49.80898" lon="5.13051"/>
            <trkpt lat="49.80844" lon="5.13084"/>
            <trkpt lat="49.80841" lon="5.13085"/>
            <trkpt lat="49.80827" lon="5.13089"/>
            <trkpt lat="49.80822" lon="5.13089"/>
            <trkpt lat="49.80806" lon="5.13088"/>
            <trkpt lat="49.80793" lon="5.13081"/>
            <trkpt lat="49.80677" lon="5.1301"/>
            <trkpt lat="49.80651" lon="5.12997"/>
            <trkpt lat="49.80623" lon="5.1299"/>
            <trkpt lat="49.80612" lon="5.12989"/>
            <trkpt lat="49.80598" lon="5.12991"/>
            <trkpt lat="49.8059" lon="5.12993"/>
            <trkpt lat="49.80583" lon="5.12996"/>
            <trkpt lat="49.80563" lon="5.13009"/>
            <trkpt lat="49.80541" lon="5.13031"/>
            <trkpt lat="49.80518" lon="5.1306"/>
            <trkpt lat="49.80508" lon="5.13081"/>
            <trkpt lat="49.80499" lon="5.13103"/>
            <trkpt lat="49.80483" lon="5.13153"/>
            <trkpt lat="49.80475" lon="5.13184"/>
            <trkpt lat="49.80457" lon="5.13258"/>
            <trkpt lat="49.80446" lon="5.13324"/>
            <trkpt lat="49.80411" lon="5.13579"/>
            <trkpt lat="49.80407" lon="5.13602"/>
            <trkpt lat="49.80397" lon="5.13657"/>
            <trkpt lat="49.80362" lon="5.13779"/>
            <trkpt lat="49.80342" lon="5.13842"/>
            <trkpt lat="49.80332" lon="5.13868"/>
            <trkpt lat="49.80322" lon="5.13886"/>
            <trkpt lat="49.80301" lon="5.13921"/>
            <trkpt lat="49.80255" lon="5.13998"/>
            <trkpt lat="49.8021" lon="5.14065"/>
            <trkpt lat="49.80187" lon="5.14097"/>
            <trkpt lat="49.80156" lon="5.14137"/>
            <trkpt lat="49.80133" lon="5.1416"/>
            <trkpt lat="49.80111" lon="5.14183"/>
            <trkpt lat="49.80069" lon="5.14218"/>
            <trkpt lat="49.80047" lon="5.14233"/>
            <trkpt lat="49.7999" lon="5.14254"/>
            <trkpt lat="49.79967" lon="5.14258"/>
            <trkpt lat="49.79943" lon="5.14258"/>
            <trkpt lat="49.79924" lon="5.14255"/>
            <trkpt lat="49.79894" lon="5.14247"/>
            <trkpt lat="49.79861" lon="5.14233"/>
            <trkpt lat="49.79825" lon="5.1421"/>
            <trkpt lat="49.7982" lon="5.14206"/>
            <trkpt lat="49.79803" lon="5.14195"/>
            <trkpt lat="49.79775" lon="5.14175"/>
            <trkpt lat="49.79754" lon="5.14166"/>
            <trkpt lat="49.79736" lon="5.1416"/>
            <trkpt lat="49.79735" lon="5.1416"/>
            <trkpt lat="49.79713" lon="5.14157"/>
            <trkpt lat="49.79711" lon="5.1416"/>
            <trkpt lat="49.79686" lon="5.14191"/>
            <trkpt lat="49.79651" lon="5.14236"/>
            <trkpt lat="49.79634" lon="5.14258"/>
            <trkpt lat="49.79619" lon="5.1427"/>
            <trkpt lat="49.79613" lon="5.14273"/>
            <trkpt lat="49.79603" lon="5.14277"/>
            <trkpt lat="49.79593" lon="5.14277"/>
            <trkpt lat="49.79587" lon="5.14275"/>
            <trkpt lat="49.79578" lon="5.1427"/>
            <trkpt lat="49.79564" lon="5.14255"/>
            <trkpt lat="49.79558" lon="5.14243"/>
            <trkpt lat="49.79551" lon="5.14226"/>
            <trkpt lat="49.79549" lon="5.14211"/>
            <trkpt lat="49.79545" lon="5.14166"/>
            <trkpt lat="49.79536" lon="5.1416"/>
            <trkpt lat="49.79512" lon="5.14143"/>
            <trkpt lat="49.79499" lon="5.14139"/>
            <trkpt lat="49.79495" lon="5.14139"/>
            <trkpt lat="49.79483" lon="5.14141"/>
            <trkpt lat="49.79471" lon="5.14148"/>
            <trkpt lat="49.79461" lon="5.14158"/>
            <trkpt lat="49.79459" lon="5.1416"/>
            <trkpt lat="49.79456" lon="5.14164"/>
            <trkpt lat="49.7945" lon="5.14172"/>
            <trkpt lat="49.79441" lon="5.14192"/>
            <trkpt lat="49.79423" lon="5.14234"/>
            <trkpt lat="49.7939" lon="5.14315"/>
            <trkpt lat="49.79338" lon="5.14447"/>
            <trkpt lat="49.79298" lon="5.14547"/>
            <trkpt lat="49.79282" lon="5.14582"/>
            <trkpt lat="49.79278" lon="5.14588"/>
            <trkpt lat="49.79269" lon="5.14604"/>
            <trkpt lat="49.79254" lon="5.14629"/>
            <trkpt lat="49.79209" lon="5.14687"/>
            <trkpt lat="49.79004" lon="5.14917"/>
            <trkpt lat="49.78953" lon="5.14974"/>
            <trkpt lat="49.78932" lon="5.15013"/>
            <trkpt lat="49.78926" lon="5.15027"/>
            <trkpt lat="49.78919" lon="5.15049"/>
            <trkpt lat="49.78914" lon="5.15087"/>
            <trkpt lat="49.78914" lon="5.15116"/>
            <trkpt lat="49.7892" lon="5.15155"/>
            <trkpt lat="49.78934" lon="5.15226"/>
            <trkpt lat="49.78935" lon="5.15256"/>
            <trkpt lat="49.78935" lon="5.15265"/>
            <trkpt lat="49.78934" lon="5.15273"/>
            <trkpt lat="49.78931" lon="5.15282"/>
            <trkpt lat="49.78921" lon="5.15309"/>
            <trkpt lat="49.78908" lon="5.15333"/>
            <trkpt lat="49.78902" lon="5.15341"/>
            <trkpt lat="49.78895" lon="5.15346"/>
            <trkpt lat="49.78875" lon="5.15349"/>
            <trkpt lat="49.78812" lon="5.15342"/>
            <trkpt lat="49.788" lon="5.15342"/>
            <trkpt lat="49.78786" lon="5.15345"/>
            <trkpt lat="49.78771" lon="5.15351"/>
            <trkpt lat="49.78758" lon="5.15363"/>
            <trkpt lat="49.78745" lon="5.1538"/>
            <trkpt lat="49.78726" lon="5.15421"/>
            <trkpt lat="49.78719" lon="5.15443"/>
            <trkpt lat="49.78714" lon="5.15473"/>
            <trkpt lat="49.78709" lon="5.15534"/>
            <trkpt lat="49.78697" lon="5.1576"/>
            <trkpt lat="49.78654" lon="5.16357"/>
            <trkpt lat="49.78627" lon="5.16737"/>
            <trkpt lat="49.78622" lon="5.16765"/>
            <trkpt lat="49.78607" lon="5.16803"/>
            <trkpt lat="49.78587" lon="5.16844"/>
            <trkpt lat="49.78563" lon="5.16897"/>
            <trkpt lat="49.78557" lon="5.1692"/>
            <trkpt lat="49.78555" lon="5.16932"/>
            <trkpt lat="49.78553" lon="5.1697"/>
            <trkpt lat="49.78554" lon="5.16987"/>
            <trkpt lat="49.78557" lon="5.17008"/>
            <trkpt lat="49.7856" lon="5.17023"/>
            <trkpt lat="49.78572" lon="5.17053"/>
            <trkpt lat="49.78577" lon="5.17063"/>
            <trkpt lat="49.78596" lon="5.17084"/>
            <trkpt lat="49.7863" lon="5.17121"/>
            <trkpt lat="49.78661" lon="5.1716"/>
            <trkpt lat="49.78706" lon="5.17224"/>
            <trkpt lat="49.78718" lon="5.17248"/>
            <trkpt lat="49.78723" lon="5.17263"/>
            <trkpt lat="49.78749" lon="5.17449"/>
            <trkpt lat="49.78753" lon="5.17493"/>
            <trkpt lat="49.78753" lon="5.17524"/>
            <trkpt lat="49.78747" lon="5.17645"/>
            <trkpt lat="49.78749" lon="5.17666"/>
            <trkpt lat="49.78753" lon="5.17682"/>
            <trkpt lat="49.78807" lon="5.1808"/>
            <trkpt lat="49.78806" lon="5.18118"/>
            <trkpt lat="49.78803" lon="5.18146"/>
            <trkpt lat="49.788" lon="5.18159"/>
            <trkpt lat="49.78786" lon="5.18188"/>
            <trkpt lat="49.78782" lon="5.18196"/>
            <trkpt lat="49.78777" lon="5.18204"/>
            <trkpt lat="49.78765" lon="5.18217"/>
            <trkpt lat="49.78752" lon="5.18226"/>
            <trkpt lat="49.78739" lon="5.18231"/>
            <trkpt lat="49.78726" lon="5.18232"/>
            <trkpt lat="49.78713" lon="5.1823"/>
            <trkpt lat="49.78681" lon="5.18219"/>
            <trkpt lat="49.78661" lon="5.18209"/>
            <trkpt lat="49.78643" lon="5.18196"/>
            <trkpt lat="49.78573" lon="5.18138"/>
            <trkpt lat="49.78519" lon="5.18091"/>
            <trkpt lat="49.78464" lon="5.18048"/>
            <trkpt lat="49.7844" lon="5.18041"/>
            <trkpt lat="49.78424" lon="5.1804"/>
            <trkpt lat="49.78407" lon="5.18042"/>
            <trkpt lat="49.78398" lon="5.18046"/>
            <trkpt lat="49.78393" lon="5.18052"/>
            <trkpt lat="49.78379" lon="5.18076"/>
            <trkpt lat="49.78366" lon="5.18116"/>
            <trkpt lat="49.7836" lon="5.18137"/>
            <trkpt lat="49.78359" lon="5.18145"/>
            <trkpt lat="49.78358" lon="5.18154"/>
            <trkpt lat="49.78359" lon="5.18165"/>
            <trkpt lat="49.7836" lon="5.18172"/>
            <trkpt lat="49.78362" lon="5.18179"/>
            <trkpt lat="49.78367" lon="5.18197"/>
            <trkpt lat="49.78375" lon="5.18212"/>
            <trkpt lat="49.78395" lon="5.18236"/>
            <trkpt lat="49.78432" lon="5.18272"/>
            <trkpt lat="49.78502" lon="5.18348"/>
            <trkpt lat="49.78697" lon="5.18555"/>
            <trkpt lat="49.78723" lon="5.18581"/>
            <trkpt lat="49.78733" lon="5.18596"/>
            <trkpt lat="49.78739" lon="5.18605"/>
            <trkpt lat="49.7879" lon="5.18817"/>
            <trkpt lat="49.78797" lon="5.18843"/>
            <trkpt lat="49.78915" lon="5.19053"/>
            <trkpt lat="49.78939" lon="5.19096"/>
            <trkpt lat="49.78964" lon="5.19135"/>
            <trkpt lat="49.78981" lon="5.19157"/>
            <trkpt lat="49.78992" lon="5.19167"/>
            <trkpt lat="49.79004" lon="5.19176"/>
            <trkpt lat="49.79047" lon="5.19208"/>
            <trkpt lat="49.7907" lon="5.19221"/>
            <trkpt lat="49.7911" lon="5.19239"/>
            <trkpt lat="49.79127" lon="5.19244"/>
            <trkpt lat="49.79184" lon="5.19252"/>
            <trkpt lat="49.79212" lon="5.19249"/>
            <trkpt lat="49.79239" lon="5.19243"/>
            <trkpt lat="49.79367" lon="5.1922"/>
            <trkpt lat="49.79428" lon="5.19219"/>
            <trkpt lat="49.79453" lon="5.1922"/>
            <trkpt lat="49.79492" lon="5.19226"/>
            <trkpt lat="49.79561" lon="5.19239"/>
            <trkpt lat="49.79577" lon="5.19244"/>
            <trkpt lat="49.79609" lon="5.19256"/>
            <trkpt lat="49.79657" lon="5.19292"/>
            <trkpt lat="49.7968" lon="5.19314"/>
            <trkpt lat="49.79706" lon="5.19345"/>
            <trkpt lat="49.79735" lon="5.19388"/>
            <trkpt lat="49.79755" lon="5.19415"/>
            <trkpt lat="49.79764" lon="5.19432"/>
            <trkpt lat="49.7977" lon="5.19447"/>
            <trkpt lat="49.79786" lon="5.19503"/>
            <trkpt lat="49.79792" lon="5.19529"/>
            <trkpt lat="49.79797" lon="5.19559"/>
            <trkpt lat="49.79799" lon="5.19594"/>
            <trkpt lat="49.79801" lon="5.19622"/>
            <trkpt lat="49.79797" lon="5.19661"/>
            <trkpt lat="49.79793" lon="5.1968"/>
            <trkpt lat="49.79788" lon="5.19695"/>
            <trkpt lat="49.7978" lon="5.19712"/>
            <trkpt lat="49.79767" lon="5.19735"/>
            <trkpt lat="49.79759" lon="5.19743"/>
            <trkpt lat="49.79745" lon="5.19754"/>
            <trkpt lat="49.79731" lon="5.19762"/>
            <trkpt lat="49.79706" lon="5.1977"/>
            <trkpt lat="49.79628" lon="5.19767"/>
            <trkpt lat="49.7941" lon="5.19751"/>
            <trkpt lat="49.79256" lon="5.19747"/>
            <trkpt lat="49.79242" lon="5.19748"/>
            <trkpt lat="49.79231" lon="5.19755"/>
            <trkpt lat="49.79223" lon="5.19763"/>
            <trkpt lat="49.79208" lon="5.19783"/>
            <trkpt lat="49.79202" lon="5.19795"/>
            <trkpt lat="49.79197" lon="5.19815"/>
            <trkpt lat="49.79193" lon="5.19848"/>
            <trkpt lat="49.79194" lon="5.19875"/>
            <trkpt lat="49.79199" lon="5.19901"/>
            <trkpt lat="49.79205" lon="5.19916"/>
            <trkpt lat="49.79213" lon="5.19927"/>
            <trkpt lat="49.79223" lon="5.1994"/>
            <trkpt lat="49.79234" lon="5.19949"/>
            <trkpt lat="49.79243" lon="5.19955"/>
            <trkpt lat="49.79265" lon="5.19963"/>
            <trkpt lat="49.79419" lon="5.19991"/>
            <trkpt lat="49.79428" lon="5.19994"/>
            <trkpt lat="49.79433" lon="5.19998"/>
            <trkpt lat="49.79456" lon="5.20025"/>
            <trkpt lat="49.79578" lon="5.20232"/>
            <trkpt lat="49.79653" lon="5.20369"/>
            <trkpt lat="49.79683" lon="5.20405"/>
            <trkpt lat="49.79754" lon="5.20472"/>
            <trkpt lat="49.79798" lon="5.2052"/>
            <trkpt lat="49.79805" lon="5.20531"/>
            <trkpt lat="49.79812" lon="5.20542"/>
            <trkpt lat="49.79815" lon="5.20549"/>
            <trkpt lat="49.79829" lon="5.20578"/>
            <trkpt lat="49.79839" lon="5.20602"/>
            <trkpt lat="49.79844" lon="5.20622"/>
            <trkpt lat="49.79858" lon="5.20674"/>
            <trkpt lat="49.79875" lon="5.20749"/>
            <trkpt lat="49.79876" lon="5.20752"/>
            <trkpt lat="49.79884" lon="5.20786"/>
            <trkpt lat="49.7989" lon="5.20807"/>
            <trkpt lat="49.79894" lon="5.20817"/>
            <trkpt lat="49.79916" lon="5.2086"/>
            <trkpt lat="49.79945" lon="5.20902"/>
            <trkpt lat="49.79985" lon="5.20977"/>
            <trkpt lat="49.79993" lon="5.20994"/>
            <trkpt lat="49.80012" lon="5.21037"/>
            <trkpt lat="49.80022" lon="5.21055"/>
            <trkpt lat="49.80087" lon="5.21137"/>
            <trkpt lat="49.80134" lon="5.21199"/>
            <trkpt lat="49.80149" lon="5.21216"/>
            <trkpt lat="49.80167" lon="5.2123"/>
            <trkpt lat="49.8021" lon="5.21255"/>
            <trkpt lat="49.80308" lon="5.21293"/>
            <trkpt lat="49.8032" lon="5.21303"/>
            <trkpt lat="49.80323" lon="5.21308"/>
            <trkpt lat="49.80325" lon="5.21313"/>
            <trkpt lat="49.80332" lon="5.21334"/>
            <trkpt lat="49.80339" lon="5.21355"/>
            <trkpt lat="49.80351" lon="5.21394"/>
            <trkpt lat="49.80372" lon="5.21478"/>
            <trkpt lat="49.80374" lon="5.21488"/>
            <trkpt lat="49.80375" lon="5.21494"/>
            <trkpt lat="49.80382" lon="5.2154"/>
            <trkpt lat="49.80386" lon="5.21568"/>
            <trkpt lat="49.80387" lon="5.2159"/>
            <trkpt lat="49.80387" lon="5.21602"/>
            <trkpt lat="49.80384" lon="5.21623"/>
            <trkpt lat="49.80392" lon="5.21624"/>
            <trkpt lat="49.80407" lon="5.21621"/>
            <trkpt lat="49.80418" lon="5.21615"/>
            <trkpt lat="49.80435" lon="5.21612"/>
            <trkpt lat="49.80473" lon="5.21615"/>
            <trkpt lat="49.80478" lon="5.21617"/>
            <trkpt lat="49.80483" lon="5.21618"/>
            <trkpt lat="49.80497" lon="5.21618"/>
            <trkpt lat="49.80559" lon="5.21623"/>
            <trkpt lat="49.80641" lon="5.21631"/>
            <trkpt lat="49.80681" lon="5.21636"/>
            <trkpt lat="49.807" lon="5.21642"/>
            <trkpt lat="49.8071" lon="5.21649"/>
            <trkpt lat="49.8073" lon="5.21673"/>
            <trkpt lat="49.80755" lon="5.21713"/>
            <trkpt lat="49.80773" lon="5.21741"/>
            <trkpt lat="49.80873" lon="5.21918"/>
            <trkpt lat="49.80887" lon="5.21946"/>
            <trkpt lat="49.80918" lon="5.22012"/>
            <trkpt lat="49.80933" lon="5.2204"/>
            <trkpt lat="49.80943" lon="5.22065"/>
            <trkpt lat="49.81015" lon="5.22273"/>
            <trkpt lat="49.81023" lon="5.2229"/>
            <trkpt lat="49.81038" lon="5.22315"/>
            <trkpt lat="49.81056" lon="5.22331"/>
            <trkpt lat="49.8107" lon="5.2234"/>
            <trkpt lat="49.81088" lon="5.22348"/>
            <trkpt lat="49.81108" lon="5.22352"/>
            <trkpt lat="49.81201" lon="5.22351"/>
            <trkpt lat="49.813" lon="5.22351"/>
            <trkpt lat="49.81328" lon="5.22356"/>
            <trkpt lat="49.81341" lon="5.22362"/>
            <trkpt lat="49.81364" lon="5.22377"/>
            <trkpt lat="49.81381" lon="5.22392"/>
            <trkpt lat="49.81396" lon="5.22413"/>
            <trkpt lat="49.81421" lon="5.22458"/>
            <trkpt lat="49.81431" lon="5.22481"/>
            <trkpt lat="49.81483" lon="5.22636"/>
            <trkpt lat="49.81532" lon="5.22791"/>
            <trkpt lat="49.81539" lon="5.22807"/>
            <trkpt lat="49.81548" lon="5.2282"/>
            <trkpt lat="49.81577" lon="5.22852"/>
            <trkpt lat="49.81599" lon="5.22868"/>
            <trkpt lat="49.8161" lon="5.22872"/>
            <trkpt lat="49.81619" lon="5.22873"/>
            <trkpt lat="49.81672" lon="5.22866"/>
            <trkpt lat="49.81788" lon="5.22849"/>
            <trkpt lat="49.81801" lon="5.2285"/>
            <trkpt lat="49.8181" lon="5.22853"/>
            <trkpt lat="49.81828" lon="5.22864"/>
            <trkpt lat="49.81845" lon="5.22885"/>
            <trkpt lat="49.81885" lon="5.22949"/>
            <trkpt lat="49.81926" lon="5.23014"/>
            <trkpt lat="49.81934" lon="5.23031"/>
            <trkpt lat="49.81941" lon="5.23046"/>
            <trkpt lat="49.81952" lon="5.23083"/>
            <trkpt lat="49.81965" lon="5.23141"/>
            <trkpt lat="49.81969" lon="5.23157"/>
            <trkpt lat="49.81983" lon="5.23186"/>
            <trkpt lat="49.81995" lon="5.23202"/>
            <trkpt lat="49.82013" lon="5.23219"/>
            <trkpt lat="49.82019" lon="5.23223"/>
            <trkpt lat="49.82033" lon="5.23229"/>
            <trkpt lat="49.82039" lon="5.23231"/>
            <trkpt lat="49.82054" lon="5.23233"/>
            <trkpt lat="49.82081" lon="5.23231"/>
            <trkpt lat="49.82094" lon="5.23227"/>
            <trkpt lat="49.82099" lon="5.23223"/>
            <trkpt lat="49.82115" lon="5.23208"/>
            <trkpt lat="49.82154" lon="5.23169"/>
            <trkpt lat="49.82173" lon="5.23157"/>
            <trkpt lat="49.82206" lon="5.2315"/>
            <trkpt lat="49.82226" lon="5.23154"/>
            <trkpt lat="49.8227" lon="5.23164"/>
            <trkpt lat="49.8229" lon="5.23172"/>
            <trkpt lat="49.82349" lon="5.23201"/>
            <trkpt lat="49.824" lon="5.23253"/>
            <trkpt lat="49.82466" lon="5.23317"/>
            <trkpt lat="49.82517" lon="5.23361"/>
            <trkpt lat="49.82539" lon="5.23372"/>
            <trkpt lat="49.8265" lon="5.23421"/>
            <trkpt lat="49.82664" lon="5.23429"/>
            <trkpt lat="49.82676" lon="5.2344"/>
            <trkpt lat="49.8271" lon="5.23475"/>
            <trkpt lat="49.82754" lon="5.23535"/>
            <trkpt lat="49.82812" lon="5.23609"/>
            <trkpt lat="49.82859" lon="5.23658"/>
            <trkpt lat="49.82967" lon="5.2374"/>
            <trkpt lat="49.83023" lon="5.23779"/>
            <trkpt lat="49.83034" lon="5.23783"/>
            <trkpt lat="49.83046" lon="5.23785"/>
            <trkpt lat="49.83084" lon="5.23782"/>
            <trkpt lat="49.83116" lon="5.23776"/>
            <trkpt lat="49.83144" lon="5.23769"/>
            <trkpt lat="49.83152" lon="5.23769"/>
            <trkpt lat="49.83159" lon="5.23771"/>
            <trkpt lat="49.83179" lon="5.23778"/>
            <trkpt lat="49.83205" lon="5.23798"/>
            <trkpt lat="49.83261" lon="5.2385"/>
            <trkpt lat="49.83315" lon="5.2389"/>
            <trkpt lat="49.83341" lon="5.23913"/>
            <trkpt lat="49.83358" lon="5.23934"/>
            <trkpt lat="49.83364" lon="5.23944"/>
            <trkpt lat="49.83398" lon="5.2402"/>
            <trkpt lat="49.83407" lon="5.24039"/>
            <trkpt lat="49.83415" lon="5.24052"/>
            <trkpt lat="49.83436" lon="5.24076"/>
            <trkpt lat="49.83505" lon="5.24129"/>
            <trkpt lat="49.83535" lon="5.24155"/>
            <trkpt lat="49.83552" lon="5.24168"/>
            <trkpt lat="49.83585" lon="5.24189"/>
            <trkpt lat="49.83603" lon="5.24198"/>
            <trkpt lat="49.8361" lon="5.24199"/>
            <trkpt lat="49.83618" lon="5.24198"/>
            <trkpt lat="49.83627" lon="5.24196"/>
            <trkpt lat="49.83633" lon="5.24191"/>
            <trkpt lat="49.83641" lon="5.24181"/>
            <trkpt lat="49.83658" lon="5.24151"/>
            <trkpt lat="49.83671" lon="5.24136"/>
            <trkpt lat="49.83678" lon="5.2413"/>
            <trkpt lat="49.8368" lon="5.24129"/>
            <trkpt lat="49.83689" lon="5.24124"/>
            <trkpt lat="49.83713" lon="5.24121"/>
            <trkpt lat="49.83731" lon="5.24128"/>
            <trkpt lat="49.8374" lon="5.24135"/>
            <trkpt lat="49.83746" lon="5.24145"/>
            <trkpt lat="49.83753" lon="5.24159"/>
            <trkpt lat="49.83814" lon="5.24294"/>
            <trkpt lat="49.8384" lon="5.24366"/>
            <trkpt lat="49.83858" lon="5.24404"/>
            <trkpt lat="49.83869" lon="5.24424"/>
            <trkpt lat="49.83887" lon="5.24449"/>
            <trkpt lat="49.83921" lon="5.2448"/>
            <trkpt lat="49.83929" lon="5.2449"/>
            <trkpt lat="49.83948" lon="5.2452"/>
            <trkpt lat="49.83976" lon="5.24572"/>
            <trkpt lat="49.84027" lon="5.24673"/>
            <trkpt lat="49.84067" lon="5.24766"/>
            <trkpt lat="49.84074" lon="5.24788"/>
            <trkpt lat="49.84111" lon="5.24919"/>
            <trkpt lat="49.84126" lon="5.24987"/>
            <trkpt lat="49.84156" lon="5.25099"/>
            <trkpt lat="49.84173" lon="5.25146"/>
            <trkpt lat="49.84201" lon="5.25223"/>
            <trkpt lat="49.84203" lon="5.2523"/>
            <trkpt lat="49.84211" lon="5.25245"/>
            <trkpt lat="49.8422" lon="5.25258"/>
            <trkpt lat="49.84226" lon="5.25264"/>
            <trkpt lat="49.84227" lon="5.25265"/>
            <trkpt lat="49.84233" lon="5.25268"/>
            <trkpt lat="49.8424" lon="5.25268"/>
            <trkpt lat="49.84257" lon="5.25257"/>
            <trkpt lat="49.84294" lon="5.25203"/>
            <trkpt lat="49.84332" lon="5.25155"/>
            <trkpt lat="49.84339" lon="5.25146"/>
            <trkpt lat="49.84364" lon="5.25118"/>
            <trkpt lat="49.84373" lon="5.25113"/>
            <trkpt lat="49.84383" lon="5.25109"/>
            <trkpt lat="49.84405" lon="5.25108"/>
            <trkpt lat="49.84449" lon="5.25109"/>
            <trkpt lat="49.8451" lon="5.25111"/>
            <trkpt lat="49.8468" lon="5.25118"/>
            <trkpt lat="49.84804" lon="5.25122"/>
            <trkpt lat="49.84849" lon="5.25123"/>
            <trkpt lat="49.84869" lon="5.25128"/>
            <trkpt lat="49.84876" lon="5.25131"/>
            <trkpt lat="49.84884" lon="5.25135"/>
            <trkpt lat="49.84894" lon="5.25146"/>
            <trkpt lat="49.84909" lon="5.25162"/>
            <trkpt lat="49.84917" lon="5.25175"/>
            <trkpt lat="49.84925" lon="5.25193"/>
            <trkpt lat="49.84936" lon="5.25214"/>
            <trkpt lat="49.84955" lon="5.25244"/>
            <trkpt lat="49.84959" lon="5.25248"/>
            <trkpt lat="49.84958" lon="5.25251"/>
            <trkpt lat="49.84957" lon="5.25255"/>
            <trkpt lat="49.84958" lon="5.2526"/>
            <trkpt lat="49.84959" lon="5.25263"/>
            <trkpt lat="49.84961" lon="5.25266"/>
            <trkpt lat="49.84964" lon="5.25267"/>
            <trkpt lat="49.84967" lon="5.25266"/>
            <trkpt lat="49.84968" lon="5.25266"/>
            <trkpt lat="49.84969" lon="5.25264"/>
            <trkpt lat="49.8497" lon="5.25262"/>
            <trkpt lat="49.84971" lon="5.2526"/>
            <trkpt lat="49.84972" lon="5.25258"/>
            <trkpt lat="49.84985" lon="5.25259"/>
            <trkpt lat="49.84989" lon="5.2526"/>
            <trkpt lat="49.84998" lon="5.2526"/>
            <trkpt lat="49.84999" lon="5.25262"/>
            <trkpt lat="49.84999" lon="5.25264"/>
            <trkpt lat="49.85001" lon="5.25268"/>
            <trkpt lat="49.85005" lon="5.25269"/>
            <trkpt lat="49.85007" lon="5.25268"/>
            <trkpt lat="49.85009" lon="5.25267"/>
            <trkpt lat="49.85011" lon="5.25264"/>
            <trkpt lat="49.85012" lon="5.25258"/>
            <trkpt lat="49.85012" lon="5.25254"/>
            <trkpt lat="49.85012" lon="5.25253"/>
            <trkpt lat="49.85011" lon="5.25252"/>
            <trkpt lat="49.8501" lon="5.2525"/>
            <trkpt lat="49.85021" lon="5.25243"/>
            <trkpt lat="49.85033" lon="5.25239"/>
            <trkpt lat="49.85046" lon="5.25237"/>
            <trkpt lat="49.85065" lon="5.25237"/>
            <trkpt lat="49.85148" lon="5.25244"/>
            <trkpt lat="49.85248" lon="5.25272"/>
            <trkpt lat="49.85311" lon="5.25273"/>
            <trkpt lat="49.85317" lon="5.25273"/>
            <trkpt lat="49.85319" lon="5.25274"/>
            <trkpt lat="49.85325" lon="5.25276"/>
            <trkpt lat="49.85327" lon="5.25277"/>
            <trkpt lat="49.8533" lon="5.2528"/>
            <trkpt lat="49.85333" lon="5.25282"/>
            <trkpt lat="49.85371" lon="5.2533"/>
            <trkpt lat="49.85383" lon="5.25345"/>
            <trkpt lat="49.8539" lon="5.25355"/>
            <trkpt lat="49.85421" lon="5.254"/>
            <trkpt lat="49.85418" lon="5.25406"/>
            <trkpt lat="49.8541" lon="5.25418"/>
            <trkpt lat="49.85377" lon="5.25473"/>
            <trkpt lat="49.8536" lon="5.25503"/>
            <trkpt lat="49.85353" lon="5.25521"/>
            <trkpt lat="49.85355" lon="5.25524"/>
            <trkpt lat="49.85358" lon="5.25529"/>
            <trkpt lat="49.85359" lon="5.25534"/>
            <trkpt lat="49.85363" lon="5.25553"/>
            <trkpt lat="49.85367" lon="5.2558"/>
            <trkpt lat="49.85368" lon="5.25587"/>
            <trkpt lat="49.85374" lon="5.25615"/>
            <trkpt lat="49.85379" lon="5.25631"/>
            <trkpt lat="49.85393" lon="5.25654"/>
            <trkpt lat="49.8543" lon="5.25706"/>
            <trkpt lat="49.85467" lon="5.25781"/>
            <trkpt lat="49.8547" lon="5.25785"/>
            <trkpt lat="49.85472" lon="5.25787"/>
            <trkpt lat="49.85474" lon="5.25789"/>
            <trkpt lat="49.85472" lon="5.25843"/>
            <trkpt lat="49.8547" lon="5.25886"/>
            <trkpt lat="49.85463" lon="5.26088"/>
            <trkpt lat="49.85467" lon="5.2609"/>
            <trkpt lat="49.85472" lon="5.26097"/>
            <trkpt lat="49.85474" lon="5.26099"/>
            <trkpt lat="49.85481" lon="5.26112"/>
            <trkpt lat="49.85539" lon="5.26238"/>
            <trkpt lat="49.85549" lon="5.26255"/>
            <trkpt lat="49.85592" lon="5.26314"/>
            <trkpt lat="49.85596" lon="5.26321"/>
            <trkpt lat="49.85598" lon="5.26325"/>
            <trkpt lat="49.85602" lon="5.26339"/>
            <trkpt lat="49.85607" lon="5.26366"/>
            <trkpt lat="49.8561" lon="5.26387"/>
            <trkpt lat="49.85616" lon="5.26418"/>
            <trkpt lat="49.85619" lon="5.2643"/>
            <trkpt lat="49.85623" lon="5.26444"/>
            <trkpt lat="49.85627" lon="5.26456"/>
            <trkpt lat="49.85643" lon="5.26484"/>
            <trkpt lat="49.85653" lon="5.26498"/>
            <trkpt lat="49.85675" lon="5.26529"/>
            <trkpt lat="49.85699" lon="5.26559"/>
            <trkpt lat="49.85709" lon="5.26576"/>
            <trkpt lat="49.85737" lon="5.26614"/>
            <trkpt lat="49.8578" lon="5.26678"/>
            <trkpt lat="49.85847" lon="5.26775"/>
            <trkpt lat="49.85908" lon="5.26883"/>
            <trkpt lat="49.85937" lon="5.26951"/>
            <trkpt lat="49.85956" lon="5.27004"/>
            <trkpt lat="49.85986" lon="5.27142"/>
            <trkpt lat="49.85987" lon="5.27145"/>
            <trkpt lat="49.86011" lon="5.2722"/>
            <trkpt lat="49.86024" lon="5.27267"/>
            <trkpt lat="49.86039" lon="5.27314"/>
            <trkpt lat="49.86046" lon="5.27339"/>
            <trkpt lat="49.86048" lon="5.27344"/>
            <trkpt lat="49.86053" lon="5.27359"/>
            <trkpt lat="49.86082" lon="5.27474"/>
            <trkpt lat="49.86087" lon="5.27499"/>
            <trkpt lat="49.86094" lon="5.2756"/>
            <trkpt lat="49.86099" lon="5.27597"/>
            <trkpt lat="49.861" lon="5.27602"/>
            <trkpt lat="49.86108" lon="5.27632"/>
            <trkpt lat="49.86116" lon="5.27651"/>
            <trkpt lat="49.86119" lon="5.27659"/>
            <trkpt lat="49.86207" lon="5.27586"/>
            <trkpt lat="49.8623" lon="5.27568"/>
            <trkpt lat="49.86291" lon="5.27523"/>
            <trkpt lat="49.86299" lon="5.27516"/>
            <trkpt lat="49.86354" lon="5.27486"/>
            <trkpt lat="49.8638" lon="5.27472"/>
            <trkpt lat="49.86417" lon="5.27455"/>
            <trkpt lat="49.86447" lon="5.27444"/>
            <trkpt lat="49.86526" lon="5.27428"/>
            <trkpt lat="49.86613" lon="5.27417"/>
            <trkpt lat="49.8672" lon="5.27407"/>
            <trkpt lat="49.86944" lon="5.27376"/>
            <trkpt lat="49.87061" lon="5.27349"/>
            <trkpt lat="49.87074" lon="5.27344"/>
            <trkpt lat="49.87187" lon="5.27292"/>
            <trkpt lat="49.87226" lon="5.27269"/>
            <trkpt lat="49.87289" lon="5.27221"/>
            <trkpt lat="49.87338" lon="5.27181"/>
            <trkpt lat="49.87568" lon="5.26998"/>
            <trkpt lat="49.87793" lon="5.26794"/>
            <trkpt lat="49.87952" lon="5.2665"/>
            <trkpt lat="49.87963" lon="5.26647"/>
            <trkpt lat="49.87987" lon="5.26629"/>
            <trkpt lat="49.87993" lon="5.26636"/>
            <trkpt lat="49.87996" lon="5.26637"/>
            <trkpt lat="49.88001" lon="5.26638"/>
            <trkpt lat="49.88005" lon="5.26637"/>
            <trkpt lat="49.8801" lon="5.26634"/>
            <trkpt lat="49.88012" lon="5.26632"/>
            <trkpt lat="49.88015" lon="5.26627"/>
            <trkpt lat="49.88017" lon="5.26624"/>
            <trkpt lat="49.88018" lon="5.26619"/>
            <trkpt lat="49.88019" lon="5.26615"/>
            <trkpt lat="49.88019" lon="5.2661"/>
            <trkpt lat="49.8803" lon="5.26593"/>
            <trkpt lat="49.88035" lon="5.26586"/>
            <trkpt lat="49.8806" lon="5.26559"/>
            <trkpt lat="49.88061" lon="5.26553"/>
            <trkpt lat="49.88164" lon="5.26461"/>
            <trkpt lat="49.88227" lon="5.26401"/>
            <trkpt lat="49.88269" lon="5.26367"/>
            <trkpt lat="49.88288" lon="5.26357"/>
            <trkpt lat="49.88308" lon="5.26351"/>
            <trkpt lat="49.88326" lon="5.2635"/>
            <trkpt lat="49.88339" lon="5.26351"/>
            <trkpt lat="49.884" lon="5.26365"/>
            <trkpt lat="49.88405" lon="5.26368"/>
            <trkpt lat="49.88411" lon="5.26374"/>
            <trkpt lat="49.88562" lon="5.26549"/>
            <trkpt lat="49.88707" lon="5.26706"/>
            <trkpt lat="49.88716" lon="5.26715"/>
            <trkpt lat="49.88858" lon="5.26851"/>
            <trkpt lat="49.88896" lon="5.26883"/>
            <trkpt lat="49.89084" lon="5.27029"/>
            <trkpt lat="49.89119" lon="5.27052"/>
            <trkpt lat="49.89204" lon="5.27087"/>
            <trkpt lat="49.89353" lon="5.27143"/>
            <trkpt lat="49.89384" lon="5.27153"/>
            <trkpt lat="49.89416" lon="5.27166"/>
            <trkpt lat="49.89601" lon="5.27252"/>
            <trkpt lat="49.89616" lon="5.2726"/>
            <trkpt lat="49.89633" lon="5.27264"/>
            <trkpt lat="49.89649" lon="5.27266"/>
            <trkpt lat="49.89817" lon="5.27243"/>
            <trkpt lat="49.89835" lon="5.27243"/>
            <trkpt lat="49.8999" lon="5.27284"/>
            <trkpt lat="49.89991" lon="5.27285"/>
            <trkpt lat="49.90178" lon="5.27344"/>
            <trkpt lat="49.90896" lon="5.2757"/>
            <trkpt lat="49.91051" lon="5.27617"/>
            <trkpt lat="49.91078" lon="5.27623"/>
            <trkpt lat="49.91092" lon="5.27627"/>
            <trkpt lat="49.91261" lon="5.2767"/>
            <trkpt lat="49.91331" lon="5.27684"/>
            <trkpt lat="49.91347" lon="5.27688"/>
            <trkpt lat="49.91418" lon="5.27697"/>
            <trkpt lat="49.91539" lon="5.27703"/>
            <trkpt lat="49.91636" lon="5.27711"/>
            <trkpt lat="49.91842" lon="5.27724"/>
            <trkpt lat="49.91956" lon="5.27717"/>
            <trkpt lat="49.91959" lon="5.27717"/>
            <trkpt lat="49.92004" lon="5.27707"/>
            <trkpt lat="49.92054" lon="5.27688"/>
            <trkpt lat="49.9214" lon="5.27649"/>
            <trkpt lat="49.92188" lon="5.27627"/>
            <trkpt lat="49.92209" lon="5.27616"/>
            <trkpt lat="49.92233" lon="5.27607"/>
            <trkpt lat="49.92246" lon="5.27605"/>
            <trkpt lat="49.92264" lon="5.2761"/>
            <trkpt lat="49.92281" lon="5.27626"/>
            <trkpt lat="49.92351" lon="5.27677"/>
            <trkpt lat="49.92378" lon="5.277"/>
            <trkpt lat="49.92392" lon="5.27713"/>
            <trkpt lat="49.92413" lon="5.27727"/>
            <trkpt lat="49.92421" lon="5.27731"/>
            <trkpt lat="49.92481" lon="5.27753"/>
            <trkpt lat="49.92482" lon="5.27757"/>
            <trkpt lat="49.92483" lon="5.2776"/>
            <trkpt lat="49.92485" lon="5.27762"/>
            <trkpt lat="49.92488" lon="5.27764"/>
            <trkpt lat="49.9249" lon="5.27764"/>
            <trkpt lat="49.92492" lon="5.27775"/>
            <trkpt lat="49.92494" lon="5.27786"/>
            <trkpt lat="49.92494" lon="5.27805"/>
            <trkpt lat="49.92492" lon="5.27818"/>
            <trkpt lat="49.92477" lon="5.27889"/>
            <trkpt lat="49.9247" lon="5.27916"/>
            <trkpt lat="49.92463" lon="5.27952"/>
            <trkpt lat="49.9246" lon="5.27976"/>
            <trkpt lat="49.92459" lon="5.27981"/>
            <trkpt lat="49.92459" lon="5.27986"/>
            <trkpt lat="49.92458" lon="5.27992"/>
            <trkpt lat="49.92458" lon="5.28009"/>
            <trkpt lat="49.9246" lon="5.28034"/>
            <trkpt lat="49.92463" lon="5.28067"/>
            <trkpt lat="49.92462" lon="5.28068"/>
            <trkpt lat="49.92461" lon="5.2807"/>
            <trkpt lat="49.92459" lon="5.28072"/>
            <trkpt lat="49.92459" lon="5.28075"/>
            <trkpt lat="49.92458" lon="5.28079"/>
            <trkpt lat="49.92459" lon="5.28082"/>
            <trkpt lat="49.92459" lon="5.28083"/>
            <trkpt lat="49.92461" lon="5.28085"/>
            <trkpt lat="49.92462" lon="5.28086"/>
            <trkpt lat="49.92464" lon="5.28087"/>
            <trkpt lat="49.92466" lon="5.28087"/>
            <trkpt lat="49.92467" lon="5.28086"/>
            <trkpt lat="49.92468" lon="5.28085"/>
            <trkpt lat="49.92469" lon="5.28084"/>
            <trkpt lat="49.9247" lon="5.28081"/>
            <trkpt lat="49.92471" lon="5.28078"/>
            <trkpt lat="49.92624" lon="5.28106"/>
            <trkpt lat="49.92689" lon="5.28125"/>
            <trkpt lat="49.92701" lon="5.28131"/>
            <trkpt lat="49.92756" lon="5.28167"/>
            <trkpt lat="49.92808" lon="5.28197"/>
            <trkpt lat="49.92843" lon="5.28214"/>
            <trkpt lat="49.92928" lon="5.28254"/>
            <trkpt lat="49.9294" lon="5.28258"/>
            <trkpt lat="49.92949" lon="5.2826"/>
            <trkpt lat="49.93127" lon="5.28276"/>
            <trkpt lat="49.9314" lon="5.28278"/>
            <trkpt lat="49.93177" lon="5.28297"/>
            <trkpt lat="49.93192" lon="5.28306"/>
            <trkpt lat="49.93265" lon="5.28361"/>
            <trkpt lat="49.93297" lon="5.28383"/>
            <trkpt lat="49.93317" lon="5.28395"/>
            <trkpt lat="49.93339" lon="5.28405"/>
            <trkpt lat="49.93366" lon="5.28408"/>
            <trkpt lat="49.93393" lon="5.28408"/>
            <trkpt lat="49.93672" lon="5.28359"/>
            <trkpt lat="49.93721" lon="5.28356"/>
            <trkpt lat="49.9373" lon="5.28357"/>
            <trkpt lat="49.93759" lon="5.28365"/>
            <trkpt lat="49.93807" lon="5.28382"/>
            <trkpt lat="49.93842" lon="5.28398"/>
            <trkpt lat="49.93881" lon="5.28419"/>
            <trkpt lat="49.94163" lon="5.28582"/>
            <trkpt lat="49.94385" lon="5.28707"/>
            <trkpt lat="49.9488" lon="5.28987"/>
            <trkpt lat="49.94952" lon="5.28929"/>
            <trkpt lat="49.95131" lon="5.28789"/>
            <trkpt lat="49.95152" lon="5.28772"/>
            <trkpt lat="49.95333" lon="5.2863"/>
            <trkpt lat="49.95706" lon="5.28338"/>
            <trkpt lat="49.95801" lon="5.28264"/>
            <trkpt lat="49.96545" lon="5.27677"/>
            <trkpt lat="49.96582" lon="5.27647"/>
            <trkpt lat="49.96684" lon="5.27566"/>
            <trkpt lat="49.96967" lon="5.27344"/>
            <trkpt lat="49.97083" lon="5.27252"/>
            <trkpt lat="49.97522" lon="5.26903"/>
            <trkpt lat="49.97539" lon="5.26886"/>
            <trkpt lat="49.97556" lon="5.26865"/>
            <trkpt lat="49.97569" lon="5.26844"/>
            <trkpt lat="49.97574" lon="5.26835"/>
            <trkpt lat="49.97584" lon="5.26816"/>
            <trkpt lat="49.97597" lon="5.26783"/>
            <trkpt lat="49.97604" lon="5.26758"/>
            <trkpt lat="49.9761" lon="5.26729"/>
            <trkpt lat="49.97611" lon="5.26722"/>
            <trkpt lat="49.97616" lon="5.26666"/>
            <trkpt lat="49.97617" lon="5.26624"/>
            <trkpt lat="49.9762" lon="5.26544"/>
            <trkpt lat="49.97623" lon="5.264"/>
            <trkpt lat="49.97628" lon="5.26214"/>
            <trkpt lat="49.97631" lon="5.2618"/>
            <trkpt lat="49.97633" lon="5.26163"/>
            <trkpt lat="49.97639" lon="5.26118"/>
            <trkpt lat="49.97642" lon="5.26095"/>
            <trkpt lat="49.9765" lon="5.2605"/>
            <trkpt lat="49.97652" lon="5.26041"/>
            <trkpt lat="49.97659" lon="5.26012"/>
            <trkpt lat="49.97673" lon="5.2599"/>
            <trkpt lat="49.97681" lon="5.2598"/>
            <trkpt lat="49.97688" lon="5.25973"/>
            <trkpt lat="49.97695" lon="5.25968"/>
            <trkpt lat="49.97716" lon="5.25958"/>
            <trkpt lat="49.97722" lon="5.25958"/>
            <trkpt lat="49.97728" lon="5.25959"/>
            <trkpt lat="49.97757" lon="5.25969"/>
            <trkpt lat="49.9779" lon="5.2598"/>
            <trkpt lat="49.9781" lon="5.25985"/>
            <trkpt lat="49.97817" lon="5.25984"/>
            <trkpt lat="49.97823" lon="5.25981"/>
            <trkpt lat="49.97828" lon="5.25975"/>
            <trkpt lat="49.97834" lon="5.25967"/>
            <trkpt lat="49.97837" lon="5.25959"/>
            <trkpt lat="49.97839" lon="5.25952"/>
            <trkpt lat="49.97846" lon="5.25891"/>
            <trkpt lat="49.97851" lon="5.25843"/>
            <trkpt lat="49.97857" lon="5.25803"/>
            <trkpt lat="49.9786" lon="5.25774"/>
            <trkpt lat="49.97863" lon="5.2576"/>
            <trkpt lat="49.97869" lon="5.25731"/>
            <trkpt lat="49.97875" lon="5.25716"/>
            <trkpt lat="49.97881" lon="5.25704"/>
            <trkpt lat="49.97883" lon="5.257"/>
            <trkpt lat="49.97891" lon="5.25687"/>
            <trkpt lat="49.97908" lon="5.25669"/>
            <trkpt lat="49.9792" lon="5.25661"/>
            <trkpt lat="49.97964" lon="5.25636"/>
            <trkpt lat="49.97977" lon="5.25629"/>
            <trkpt lat="49.97982" lon="5.25626"/>
            <trkpt lat="49.98005" lon="5.25615"/>
            <trkpt lat="49.98022" lon="5.25612"/>
            <trkpt lat="49.98038" lon="5.2561"/>
            <trkpt lat="49.98055" lon="5.25611"/>
            <trkpt lat="49.98077" lon="5.25612"/>
            <trkpt lat="49.98099" lon="5.25614"/>
            <trkpt lat="49.9815" lon="5.25618"/>
            <trkpt lat="49.9827" lon="5.25628"/>
            <trkpt lat="49.98291" lon="5.25626"/>
            <trkpt lat="49.98313" lon="5.25614"/>
            <trkpt lat="49.98327" lon="5.25603"/>
            <trkpt lat="49.98342" lon="5.25586"/>
            <trkpt lat="49.98358" lon="5.25561"/>
            <trkpt lat="49.98365" lon="5.25545"/>
            <trkpt lat="49.98383" lon="5.25497"/>
            <trkpt lat="49.98396" lon="5.25468"/>
            <trkpt lat="49.98403" lon="5.25457"/>
            <trkpt lat="49.98419" lon="5.25439"/>
            <trkpt lat="49.98429" lon="5.2543"/>
            <trkpt lat="49.98483" lon="5.25391"/>
            <trkpt lat="49.98495" lon="5.2538"/>
            <trkpt lat="49.98508" lon="5.25365"/>
            <trkpt lat="49.98523" lon="5.25341"/>
            <trkpt lat="49.9854" lon="5.25317"/>
            <trkpt lat="49.98567" lon="5.25294"/>
            <trkpt lat="49.98582" lon="5.25286"/>
            <trkpt lat="49.98698" lon="5.25252"/>
            <trkpt lat="49.98716" lon="5.25249"/>
            <trkpt lat="49.98731" lon="5.25249"/>
            <trkpt lat="49.98751" lon="5.25252"/>
            <trkpt lat="49.98779" lon="5.2526"/>
            <trkpt lat="49.98791" lon="5.25263"/>
            <trkpt lat="49.98817" lon="5.25268"/>
            <trkpt lat="49.98827" lon="5.25266"/>
            <trkpt lat="49.98839" lon="5.25263"/>
            <trkpt lat="49.98846" lon="5.2526"/>
            <trkpt lat="49.98865" lon="5.25247"/>
            <trkpt lat="49.98882" lon="5.25229"/>
            <trkpt lat="49.98937" lon="5.25164"/>
            <trkpt lat="49.98947" lon="5.25167"/>
            <trkpt lat="49.98971" lon="5.25166"/>
            <trkpt lat="49.99137" lon="5.25146"/>
            <trkpt lat="49.9914" lon="5.25146"/>
            <trkpt lat="49.99174" lon="5.2514"/>
            <trkpt lat="49.99184" lon="5.25141"/>
            <trkpt lat="49.99215" lon="5.25145"/>
            <trkpt lat="49.99218" lon="5.25146"/>
            <trkpt lat="49.99244" lon="5.25156"/>
            <trkpt lat="49.99288" lon="5.25175"/>
            <trkpt lat="49.99338" lon="5.25201"/>
            <trkpt lat="49.99389" lon="5.2524"/>
            <trkpt lat="49.99435" lon="5.2526"/>
            <trkpt lat="49.99598" lon="5.25325"/>
            <trkpt lat="49.99652" lon="5.25351"/>
            <trkpt lat="49.99686" lon="5.25371"/>
            <trkpt lat="49.99844" lon="5.25465"/>
            <trkpt lat="49.99913" lon="5.25505"/>
            <trkpt lat="49.99981" lon="5.25551"/>
            <trkpt lat="50.00029" lon="5.25583"/>
            <trkpt lat="50.00091" lon="5.25619"/>
            <trkpt lat="50.00596" lon="5.25886"/>
            <trkpt lat="50.00673" lon="5.25926"/>
            <trkpt lat="50.00711" lon="5.25944"/>
            <trkpt lat="50.00746" lon="5.25964"/>
            <trkpt lat="50.00801" lon="5.26002"/>
            <trkpt lat="50.0086" lon="5.26047"/>
            <trkpt lat="50.00886" lon="5.26072"/>
            <trkpt lat="50.00903" lon="5.26092"/>
            <trkpt lat="50.0095" lon="5.26161"/>
            <trkpt lat="50.00977" lon="5.26193"/>
            <trkpt lat="50.00984" lon="5.26202"/>
            <trkpt lat="50.0109" lon="5.26316"/>
            <trkpt lat="50.01121" lon="5.26354"/>
            <trkpt lat="50.01148" lon="5.26385"/>
            <trkpt lat="50.01161" lon="5.26399"/>
            <trkpt lat="50.01178" lon="5.26422"/>
            <trkpt lat="50.01296" lon="5.2656"/>
            <trkpt lat="50.01319" lon="5.26587"/>
            <trkpt lat="50.0135" lon="5.26618"/>
            <trkpt lat="50.01367" lon="5.26633"/>
            <trkpt lat="50.01384" lon="5.26644"/>
            <trkpt lat="50.01396" lon="5.26652"/>
            <trkpt lat="50.01565" lon="5.26725"/>
            <trkpt lat="50.01615" lon="5.26746"/>
            <trkpt lat="50.01633" lon="5.26756"/>
            <trkpt lat="50.01699" lon="5.2679"/>
            <trkpt lat="50.01725" lon="5.26798"/>
            <trkpt lat="50.01738" lon="5.26799"/>
            <trkpt lat="50.01752" lon="5.26798"/>
            <trkpt lat="50.01767" lon="5.26791"/>
            <trkpt lat="50.01791" lon="5.2677"/>
            <trkpt lat="50.01817" lon="5.26742"/>
            <trkpt lat="50.01841" lon="5.26713"/>
            <trkpt lat="50.01846" lon="5.26703"/>
            <trkpt lat="50.0185" lon="5.26694"/>
            <trkpt lat="50.01853" lon="5.26684"/>
            <trkpt lat="50.01855" lon="5.26669"/>
            <trkpt lat="50.01858" lon="5.26631"/>
            <trkpt lat="50.0186" lon="5.26616"/>
            <trkpt lat="50.01857" lon="5.26584"/>
            <trkpt lat="50.01868" lon="5.26585"/>
            <trkpt lat="50.01871" lon="5.26583"/>
            <trkpt lat="50.0188" lon="5.26578"/>
            <trkpt lat="50.01903" lon="5.26571"/>
            <trkpt lat="50.01945" lon="5.26565"/>
            <trkpt lat="50.01986" lon="5.26552"/>
            <trkpt lat="50.02017" lon="5.26545"/>
            <trkpt lat="50.02055" lon="5.26534"/>
            <trkpt lat="50.02094" lon="5.26529"/>
            <trkpt lat="50.02116" lon="5.26527"/>
            <trkpt lat="50.02125" lon="5.26522"/>
            <trkpt lat="50.02139" lon="5.26511"/>
            <trkpt lat="50.02178" lon="5.26465"/>
            <trkpt lat="50.02219" lon="5.26404"/>
            <trkpt lat="50.02274" lon="5.26321"/>
            <trkpt lat="50.0228" lon="5.26316"/>
            <trkpt lat="50.02288" lon="5.26312"/>
            <trkpt lat="50.02328" lon="5.26303"/>
            <trkpt lat="50.02361" lon="5.263"/>
            <trkpt lat="50.02381" lon="5.26296"/>
            <trkpt lat="50.02392" lon="5.26291"/>
            <trkpt lat="50.02587" lon="5.2622"/>
            <trkpt lat="50.02599" lon="5.26213"/>
            <trkpt lat="50.02609" lon="5.26204"/>
            <trkpt lat="50.0262" lon="5.26193"/>
            <trkpt lat="50.02693" lon="5.26097"/>
            <trkpt lat="50.02694" lon="5.26072"/>
            <trkpt lat="50.02695" lon="5.26061"/>
            <trkpt lat="50.02696" lon="5.26049"/>
            <trkpt lat="50.02696" lon="5.25976"/>
            <trkpt lat="50.02697" lon="5.25964"/>
            <trkpt lat="50.027" lon="5.2595"/>
            <trkpt lat="50.02709" lon="5.25895"/>
            <trkpt lat="50.02712" lon="5.2587"/>
            <trkpt lat="50.02723" lon="5.25805"/>
            <trkpt lat="50.02727" lon="5.25792"/>
            <trkpt lat="50.02758" lon="5.25718"/>
            <trkpt lat="50.02782" lon="5.25667"/>
            <trkpt lat="50.02846" lon="5.25558"/>
            <trkpt lat="50.02854" lon="5.2553"/>
            <trkpt lat="50.02877" lon="5.25449"/>
            <trkpt lat="50.02897" lon="5.25399"/>
            <trkpt lat="50.02904" lon="5.25386"/>
            <trkpt lat="50.02947" lon="5.25327"/>
            <trkpt lat="50.02962" lon="5.253"/>
            <trkpt lat="50.02993" lon="5.2523"/>
            <trkpt lat="50.03011" lon="5.25203"/>
            <trkpt lat="50.03021" lon="5.25191"/>
            <trkpt lat="50.03043" lon="5.25173"/>
            <trkpt lat="50.03063" lon="5.25162"/>
            <trkpt lat="50.03087" lon="5.25157"/>
            <trkpt lat="50.03107" lon="5.25158"/>
            <trkpt lat="50.03142" lon="5.25166"/>
            <trkpt lat="50.03174" lon="5.2518"/>
            <trkpt lat="50.03238" lon="5.25208"/>
            <trkpt lat="50.03255" lon="5.25213"/>
            <trkpt lat="50.03285" lon="5.25215"/>
            <trkpt lat="50.03295" lon="5.25214"/>
            <trkpt lat="50.03321" lon="5.25204"/>
            <trkpt lat="50.034" lon="5.25163"/>
            <trkpt lat="50.03412" lon="5.25159"/>
            <trkpt lat="50.03424" lon="5.25157"/>
            <trkpt lat="50.03437" lon="5.25158"/>
            <trkpt lat="50.03482" lon="5.25171"/>
            <trkpt lat="50.03504" lon="5.25182"/>
            <trkpt lat="50.03514" lon="5.25191"/>
            <trkpt lat="50.03548" lon="5.25225"/>
            <trkpt lat="50.03558" lon="5.25233"/>
            <trkpt lat="50.03572" lon="5.25241"/>
            <trkpt lat="50.03604" lon="5.2525"/>
            <trkpt lat="50.03627" lon="5.25254"/>
            <trkpt lat="50.03665" lon="5.25253"/>
            <trkpt lat="50.03696" lon="5.25246"/>
            <trkpt lat="50.03729" lon="5.2523"/>
            <trkpt lat="50.0374" lon="5.2523"/>
            <trkpt lat="50.03754" lon="5.25235"/>
            <trkpt lat="50.03777" lon="5.25249"/>
            <trkpt lat="50.03783" lon="5.25252"/>
            <trkpt lat="50.03798" lon="5.25255"/>
            <trkpt lat="50.03851" lon="5.25247"/>
            <trkpt lat="50.03875" lon="5.25246"/>
            <trkpt lat="50.03902" lon="5.25253"/>
            <trkpt lat="50.03949" lon="5.25271"/>
            <trkpt lat="50.03969" lon="5.25284"/>
            <trkpt lat="50.03978" lon="5.25292"/>
            <trkpt lat="50.04045" lon="5.25366"/>
            <trkpt lat="50.04078" lon="5.25403"/>
            <trkpt lat="50.04087" lon="5.25412"/>
            <trkpt lat="50.04113" lon="5.2543"/>
            <trkpt lat="50.04138" lon="5.2544"/>
            <trkpt lat="50.04159" lon="5.25442"/>
            <trkpt lat="50.04173" lon="5.25439"/>
            <trkpt lat="50.04193" lon="5.25428"/>
            <trkpt lat="50.04203" lon="5.2542"/>
            <trkpt lat="50.04242" lon="5.25395"/>
            <trkpt lat="50.04252" lon="5.25392"/>
            <trkpt lat="50.04262" lon="5.25392"/>
            <trkpt lat="50.04273" lon="5.25392"/>
            <trkpt lat="50.04289" lon="5.25399"/>
            <trkpt lat="50.04298" lon="5.25405"/>
            <trkpt lat="50.04304" lon="5.25409"/>
            <trkpt lat="50.04314" lon="5.25418"/>
            <trkpt lat="50.04324" lon="5.25431"/>
            <trkpt lat="50.0434" lon="5.2546"/>
            <trkpt lat="50.04356" lon="5.25497"/>
            <trkpt lat="50.04363" lon="5.25518"/>
            <trkpt lat="50.04363" lon="5.25521"/>
            <trkpt lat="50.04367" lon="5.25539"/>
            <trkpt lat="50.04373" lon="5.25585"/>
            <trkpt lat="50.04374" lon="5.25708"/>
            <trkpt lat="50.04378" lon="5.25772"/>
            <trkpt lat="50.0439" lon="5.25912"/>
            <trkpt lat="50.04392" lon="5.25923"/>
            <trkpt lat="50.04399" lon="5.25942"/>
            <trkpt lat="50.04407" lon="5.25954"/>
            <trkpt lat="50.0442" lon="5.2597"/>
            <trkpt lat="50.04447" lon="5.25996"/>
            <trkpt lat="50.04461" lon="5.26006"/>
            <trkpt lat="50.04475" lon="5.26013"/>
            <trkpt lat="50.04477" lon="5.26014"/>
            <trkpt lat="50.04494" lon="5.26017"/>
            <trkpt lat="50.04512" lon="5.26017"/>
            <trkpt lat="50.04517" lon="5.26017"/>
            <trkpt lat="50.0454" lon="5.26014"/>
            <trkpt lat="50.04576" lon="5.26008"/>
            <trkpt lat="50.04611" lon="5.26006"/>
            <trkpt lat="50.04639" lon="5.2601"/>
            <trkpt lat="50.0467" lon="5.26019"/>
            <trkpt lat="50.04697" lon="5.26029"/>
            <trkpt lat="50.04727" lon="5.26042"/>
            <trkpt lat="50.04745" lon="5.26053"/>
            <trkpt lat="50.0477" lon="5.26075"/>
            <trkpt lat="50.04786" lon="5.2609"/>
            <trkpt lat="50.04811" lon="5.2612"/>
            <trkpt lat="50.04823" lon="5.26128"/>
            <trkpt lat="50.04832" lon="5.26131"/>
            <trkpt lat="50.04841" lon="5.26131"/>
            <trkpt lat="50.04854" lon="5.26125"/>
            <trkpt lat="50.04856" lon="5.26124"/>
            <trkpt lat="50.04863" lon="5.26117"/>
            <trkpt lat="50.04868" lon="5.26108"/>
            <trkpt lat="50.04872" lon="5.26101"/>
            <trkpt lat="50.04878" lon="5.26084"/>
            <trkpt lat="50.04886" lon="5.26042"/>
            <trkpt lat="50.0489" lon="5.2601"/>
            <trkpt lat="50.04903" lon="5.25836"/>
            <trkpt lat="50.04904" lon="5.25791"/>
            <trkpt lat="50.04897" lon="5.25611"/>
            <trkpt lat="50.04898" lon="5.25586"/>
            <trkpt lat="50.04911" lon="5.255"/>
            <trkpt lat="50.04931" lon="5.25381"/>
            <trkpt lat="50.04962" lon="5.2525"/>
            <trkpt lat="50.04991" lon="5.25171"/>
            <trkpt lat="50.05004" lon="5.25151"/>
            <trkpt lat="50.05008" lon="5.25146"/>
            <trkpt lat="50.05015" lon="5.2514"/>
            <trkpt lat="50.05022" lon="5.25135"/>
            <trkpt lat="50.05029" lon="5.25134"/>
            <trkpt lat="50.05037" lon="5.25133"/>
            <trkpt lat="50.05102" lon="5.25138"/>
            <trkpt lat="50.05163" lon="5.25137"/>
            <trkpt lat="50.05194" lon="5.25142"/>
            <trkpt lat="50.05205" lon="5.25146"/>
            <trkpt lat="50.05209" lon="5.25148"/>
            <trkpt lat="50.05237" lon="5.25163"/>
            <trkpt lat="50.05255" lon="5.2517"/>
            <trkpt lat="50.05339" lon="5.25183"/>
            <trkpt lat="50.05349" lon="5.25187"/>
            <trkpt lat="50.05354" lon="5.2519"/>
            <trkpt lat="50.05358" lon="5.252"/>
            <trkpt lat="50.05368" lon="5.25245"/>
            <trkpt lat="50.05371" lon="5.25249"/>
            <trkpt lat="50.05379" lon="5.25263"/>
            <trkpt lat="50.0538" lon="5.25265"/>
            <trkpt lat="50.05382" lon="5.25269"/>
            <trkpt lat="50.05396" lon="5.25298"/>
            <trkpt lat="50.05409" lon="5.2533"/>
            <trkpt lat="50.05414" lon="5.25348"/>
            <trkpt lat="50.05416" lon="5.25373"/>
            <trkpt lat="50.05415" lon="5.25399"/>
            <trkpt lat="50.05415" lon="5.25411"/>
            <trkpt lat="50.05417" lon="5.25422"/>
            <trkpt lat="50.05427" lon="5.25455"/>
            <trkpt lat="50.05434" lon="5.25475"/>
            <trkpt lat="50.05442" lon="5.25492"/>
            <trkpt lat="50.05452" lon="5.25507"/>
            <trkpt lat="50.05494" lon="5.25564"/>
            <trkpt lat="50.05521" lon="5.25595"/>
            <trkpt lat="50.0555" lon="5.25641"/>
            <trkpt lat="50.05586" lon="5.25703"/>
            <trkpt lat="50.05615" lon="5.25745"/>
            <trkpt lat="50.05641" lon="5.25768"/>
            <trkpt lat="50.05693" lon="5.25821"/>
            <trkpt lat="50.05697" lon="5.25827"/>
            <trkpt lat="50.057" lon="5.25832"/>
            <trkpt lat="50.05705" lon="5.25843"/>
            <trkpt lat="50.05706" lon="5.25849"/>
            <trkpt lat="50.05706" lon="5.25858"/>
            <trkpt lat="50.05706" lon="5.25859"/>
            <trkpt lat="50.05705" lon="5.25866"/>
            <trkpt lat="50.05702" lon="5.25879"/>
            <trkpt lat="50.05687" lon="5.25906"/>
            <trkpt lat="50.05681" lon="5.25921"/>
            <trkpt lat="50.05676" lon="5.25936"/>
            <trkpt lat="50.05672" lon="5.25968"/>
            <trkpt lat="50.05667" lon="5.26012"/>
            <trkpt lat="50.05659" lon="5.26047"/>
            <trkpt lat="50.05649" lon="5.2608"/>
            <trkpt lat="50.05643" lon="5.26098"/>
            <trkpt lat="50.0563" lon="5.26121"/>
            <trkpt lat="50.05623" lon="5.26134"/>
            <trkpt lat="50.0561" lon="5.26146"/>
            <trkpt lat="50.05589" lon="5.26163"/>
            <trkpt lat="50.05587" lon="5.26164"/>
            <trkpt lat="50.05585" lon="5.26169"/>
            <trkpt lat="50.05584" lon="5.26171"/>
            <trkpt lat="50.05584" lon="5.26179"/>
            <trkpt lat="50.05587" lon="5.26199"/>
            <trkpt lat="50.05614" lon="5.26331"/>
            <trkpt lat="50.05617" lon="5.26338"/>
            <trkpt lat="50.0562" lon="5.26345"/>
            <trkpt lat="50.05632" lon="5.2636"/>
            <trkpt lat="50.05659" lon="5.26389"/>
            <trkpt lat="50.05675" lon="5.26406"/>
            <trkpt lat="50.05703" lon="5.26433"/>
            <trkpt lat="50.05805" lon="5.26534"/>
            <trkpt lat="50.05828" lon="5.26559"/>
            <trkpt lat="50.05853" lon="5.26593"/>
            <trkpt lat="50.05962" lon="5.26743"/>
            <trkpt lat="50.06012" lon="5.26817"/>
            <trkpt lat="50.06034" lon="5.26853"/>
            <trkpt lat="50.06062" lon="5.26906"/>
            <trkpt lat="50.06091" lon="5.26966"/>
            <trkpt lat="50.061" lon="5.26987"/>
            <trkpt lat="50.06118" lon="5.27032"/>
            <trkpt lat="50.06144" lon="5.27114"/>
            <trkpt lat="50.06161" lon="5.27178"/>
            <trkpt lat="50.06181" lon="5.27269"/>
            <trkpt lat="50.06187" lon="5.27305"/>
            <trkpt lat="50.06189" lon="5.27322"/>
            <trkpt lat="50.06189" lon="5.27344"/>
            <trkpt lat="50.06189" lon="5.27357"/>
            <trkpt lat="50.06189" lon="5.27377"/>
            <trkpt lat="50.06185" lon="5.2743"/>
            <trkpt lat="50.06186" lon="5.27471"/>
            <trkpt lat="50.06188" lon="5.27493"/>
            <trkpt lat="50.06196" lon="5.27544"/>
            <trkpt lat="50.06261" lon="5.27938"/>
            <trkpt lat="50.06267" lon="5.27961"/>
            <trkpt lat="50.0628" lon="5.28001"/>
            <trkpt lat="50.06298" lon="5.28043"/>
            <trkpt lat="50.06353" lon="5.28156"/>
            <trkpt lat="50.06377" lon="5.28203"/>
            <trkpt lat="50.06396" lon="5.28232"/>
            <trkpt lat="50.06409" lon="5.28246"/>
            <trkpt lat="50.06435" lon="5.28269"/>
            <trkpt lat="50.06463" lon="5.28288"/>
            <trkpt lat="50.06495" lon="5.28306"/>
            <trkpt lat="50.06523" lon="5.28318"/>
            <trkpt lat="50.06555" lon="5.28325"/>
            <trkpt lat="50.06629" lon="5.28328"/>
            <trkpt lat="50.06656" lon="5.28337"/>
            <trkpt lat="50.06664" lon="5.28343"/>
            <trkpt lat="50.06682" lon="5.2836"/>
            <trkpt lat="50.06733" lon="5.28418"/>
            <trkpt lat="50.0679" lon="5.28495"/>
            <trkpt lat="50.06794" lon="5.28501"/>
            <trkpt lat="50.06797" lon="5.28509"/>
            <trkpt lat="50.06816" lon="5.28582"/>
            <trkpt lat="50.06826" lon="5.28608"/>
            <trkpt lat="50.06838" lon="5.28635"/>
            <trkpt lat="50.06882" lon="5.28708"/>
            <trkpt lat="50.06921" lon="5.2878"/>
            <trkpt lat="50.06942" lon="5.28825"/>
            <trkpt lat="50.06964" lon="5.28881"/>
            <trkpt lat="50.06968" lon="5.28898"/>
            <trkpt lat="50.06976" lon="5.28941"/>
            <trkpt lat="50.06989" lon="5.29032"/>
            <trkpt lat="50.06998" lon="5.29086"/>
            <trkpt lat="50.07016" lon="5.29167"/>
            <trkpt lat="50.07026" lon="5.2922"/>
            <trkpt lat="50.07037" lon="5.29289"/>
            <trkpt lat="50.0704" lon="5.29303"/>
            <trkpt lat="50.07056" lon="5.29302"/>
            <trkpt lat="50.07066" lon="5.29303"/>
            <trkpt lat="50.07073" lon="5.29306"/>
            <trkpt lat="50.07122" lon="5.29329"/>
            <trkpt lat="50.0715" lon="5.29348"/>
            <trkpt lat="50.07178" lon="5.29374"/>
            <trkpt lat="50.07246" lon="5.29459"/>
            <trkpt lat="50.07258" lon="5.29472"/>
            <trkpt lat="50.0729" lon="5.29499"/>
            <trkpt lat="50.07308" lon="5.29513"/>
            <trkpt lat="50.07336" lon="5.2953"/>
            <trkpt lat="50.07359" lon="5.29541"/>
            <trkpt lat="50.07359" lon="5.29541"/>
            <trkpt lat="50.07402" lon="5.29558"/>
            <trkpt lat="50.07481" lon="5.29578"/>
            <trkpt lat="50.07568" lon="5.29593"/>
            <trkpt lat="50.07643" lon="5.29606"/>
            <trkpt lat="50.07692" lon="5.29616"/>
            <trkpt lat="50.07705" lon="5.29622"/>
            <trkpt lat="50.07868" lon="5.29751"/>
            <trkpt lat="50.07933" lon="5.29801"/>
            <trkpt lat="50.07975" lon="5.29825"/>
            <trkpt lat="50.07989" lon="5.29831"/>
            <trkpt lat="50.08019" lon="5.29838"/>
            <trkpt lat="50.08048" lon="5.2984"/>
            <trkpt lat="50.08082" lon="5.29833"/>
            <trkpt lat="50.0811" lon="5.29824"/>
            <trkpt lat="50.08144" lon="5.29808"/>
            <trkpt lat="50.0817" lon="5.29791"/>
            <trkpt lat="50.08332" lon="5.29656"/>
            <trkpt lat="50.08357" lon="5.29642"/>
            <trkpt lat="50.08396" lon="5.29634"/>
            <trkpt lat="50.08408" lon="5.29635"/>
            <trkpt lat="50.08477" lon="5.29653"/>
            <trkpt lat="50.08491" lon="5.29654"/>
            <trkpt lat="50.0858" lon="5.29638"/>
            <trkpt lat="50.0859" lon="5.29633"/>
            <trkpt lat="50.08608" lon="5.2962"/>
            <trkpt lat="50.08621" lon="5.29608"/>
            <trkpt lat="50.08666" lon="5.29561"/>
            <trkpt lat="50.08679" lon="5.29541"/>
            <trkpt lat="50.08695" lon="5.29515"/>
            <trkpt lat="50.08707" lon="5.29493"/>
            <trkpt lat="50.08717" lon="5.2947"/>
            <trkpt lat="50.08734" lon="5.29421"/>
            <trkpt lat="50.08741" lon="5.29392"/>
            <trkpt lat="50.0875" lon="5.29354"/>
            <trkpt lat="50.08755" lon="5.2932"/>
            <trkpt lat="50.08758" lon="5.29288"/>
            <trkpt lat="50.08759" lon="5.29263"/>
            <trkpt lat="50.08758" lon="5.2924"/>
            <trkpt lat="50.08757" lon="5.29225"/>
            <trkpt lat="50.08754" lon="5.29208"/>
            <trkpt lat="50.08744" lon="5.29166"/>
            <trkpt lat="50.08724" lon="5.29106"/>
            <trkpt lat="50.08722" lon="5.29094"/>
            <trkpt lat="50.08721" lon="5.29072"/>
            <trkpt lat="50.08722" lon="5.29055"/>
            <trkpt lat="50.08732" lon="5.29015"/>
            <trkpt lat="50.08742" lon="5.28995"/>
            <trkpt lat="50.08754" lon="5.28971"/>
            <trkpt lat="50.08783" lon="5.28927"/>
            <trkpt lat="50.08798" lon="5.28908"/>
            <trkpt lat="50.08812" lon="5.28894"/>
            <trkpt lat="50.08829" lon="5.28872"/>
            <trkpt lat="50.0883" lon="5.28871"/>
            <trkpt lat="50.08842" lon="5.28852"/>
            <trkpt lat="50.08859" lon="5.28821"/>
            <trkpt lat="50.08863" lon="5.2881"/>
            <trkpt lat="50.08868" lon="5.2879"/>
            <trkpt lat="50.08872" lon="5.28754"/>
            <trkpt lat="50.08886" lon="5.28634"/>
            <trkpt lat="50.0889" lon="5.28608"/>
            <trkpt lat="50.08896" lon="5.28589"/>
            <trkpt lat="50.08901" lon="5.28571"/>
            <trkpt lat="50.08913" lon="5.28539"/>
            <trkpt lat="50.08921" lon="5.28528"/>
            <trkpt lat="50.08963" lon="5.28473"/>
            <trkpt lat="50.08987" lon="5.2844"/>
            <trkpt lat="50.09001" lon="5.28421"/>
            <trkpt lat="50.09043" lon="5.28365"/>
            <trkpt lat="50.09057" lon="5.2834"/>
            <trkpt lat="50.0907" lon="5.2831"/>
            <trkpt lat="50.09125" lon="5.2814"/>
            <trkpt lat="50.09129" lon="5.28129"/>
            <trkpt lat="50.09135" lon="5.28112"/>
            <trkpt lat="50.09161" lon="5.28033"/>
            <trkpt lat="50.09168" lon="5.28013"/>
            <trkpt lat="50.09195" lon="5.27959"/>
            <trkpt lat="50.09199" lon="5.27949"/>
            <trkpt lat="50.09201" lon="5.27942"/>
            <trkpt lat="50.09202" lon="5.27935"/>
            <trkpt lat="50.09202" lon="5.27885"/>
            <trkpt lat="50.09203" lon="5.27862"/>
            <trkpt lat="50.09203" lon="5.27853"/>
            <trkpt lat="50.09205" lon="5.27843"/>
            <trkpt lat="50.09211" lon="5.27827"/>
            <trkpt lat="50.09217" lon="5.27815"/>
            <trkpt lat="50.09228" lon="5.27796"/>
            <trkpt lat="50.09233" lon="5.2779"/>
            <trkpt lat="50.0924" lon="5.27782"/>
            <trkpt lat="50.09245" lon="5.27776"/>
            <trkpt lat="50.09264" lon="5.27754"/>
            <trkpt lat="50.0933" lon="5.27674"/>
            <trkpt lat="50.09386" lon="5.27614"/>
            <trkpt lat="50.09389" lon="5.27612"/>
            <trkpt lat="50.09392" lon="5.27618"/>
            <trkpt lat="50.09394" lon="5.27619"/>
            <trkpt lat="50.09395" lon="5.2762"/>
            <trkpt lat="50.09397" lon="5.27621"/>
            <trkpt lat="50.09398" lon="5.27621"/>
            <trkpt lat="50.094" lon="5.27621"/>
            <trkpt lat="50.09401" lon="5.27621"/>
            <trkpt lat="50.09404" lon="5.2762"/>
            <trkpt lat="50.09407" lon="5.27618"/>
            <trkpt lat="50.09409" lon="5.27615"/>
            <trkpt lat="50.09411" lon="5.27612"/>
            <trkpt lat="50.09412" lon="5.27607"/>
            <trkpt lat="50.09413" lon="5.27603"/>
            <trkpt lat="50.09413" lon="5.276"/>
            <trkpt lat="50.09412" lon="5.27596"/>
            <trkpt lat="50.09411" lon="5.27593"/>
            <trkpt lat="50.0941" lon="5.27591"/>
            <trkpt lat="50.09409" lon="5.27589"/>
            <trkpt lat="50.09413" lon="5.27582"/>
            <trkpt lat="50.0942" lon="5.27574"/>
            <trkpt lat="50.09448" lon="5.27535"/>
            <trkpt lat="50.09456" lon="5.27522"/>
            <trkpt lat="50.09461" lon="5.2751"/>
            <trkpt lat="50.09479" lon="5.27432"/>
            <trkpt lat="50.09487" lon="5.27384"/>
            <trkpt lat="50.09496" lon="5.27344"/>
            <trkpt lat="50.09526" lon="5.2721"/>
            <trkpt lat="50.09569" lon="5.27006"/>
            <trkpt lat="50.09593" lon="5.26899"/>
            <trkpt lat="50.0961" lon="5.26811"/>
            <trkpt lat="50.09615" lon="5.26795"/>
            <trkpt lat="50.09621" lon="5.2678"/>
            <trkpt lat="50.09628" lon="5.2677"/>
            <trkpt lat="50.09633" lon="5.26763"/>
            <trkpt lat="50.09638" lon="5.26758"/>
            <trkpt lat="50.09648" lon="5.26748"/>
            <trkpt lat="50.09651" lon="5.26747"/>
            <trkpt lat="50.09674" lon="5.26734"/>
            <trkpt lat="50.09742" lon="5.2671"/>
            <trkpt lat="50.09766" lon="5.26703"/>
            <trkpt lat="50.09783" lon="5.26698"/>
            <trkpt lat="50.09795" lon="5.26766"/>
            <trkpt lat="50.09801" lon="5.26793"/>
            <trkpt lat="50.09811" lon="5.26827"/>
            <trkpt lat="50.09834" lon="5.26873"/>
            <trkpt lat="50.0985" lon="5.26897"/>
            <trkpt lat="50.09875" lon="5.26931"/>
            <trkpt lat="50.09887" lon="5.26941"/>
            <trkpt lat="50.09906" lon="5.26952"/>
            <trkpt lat="50.0995" lon="5.26968"/>
            <trkpt lat="50.09978" lon="5.26974"/>
            <trkpt lat="50.10013" lon="5.26976"/>
            <trkpt lat="50.10033" lon="5.26978"/>
            <trkpt lat="50.10054" lon="5.26977"/>
            <trkpt lat="50.1016" lon="5.26962"/>
            <trkpt lat="50.10416" lon="5.26958"/>
            <trkpt lat="50.10449" lon="5.26953"/>
            <trkpt lat="50.1047" lon="5.26949"/>
            <trkpt lat="50.10484" lon="5.26945"/>
            <trkpt lat="50.10512" lon="5.26948"/>
            <trkpt lat="50.10539" lon="5.26957"/>
            <trkpt lat="50.10545" lon="5.26961"/>
            <trkpt lat="50.10552" lon="5.26966"/>
            <trkpt lat="50.10557" lon="5.26973"/>
            <trkpt lat="50.10602" lon="5.27049"/>
            <trkpt lat="50.10608" lon="5.2706"/>
            <trkpt lat="50.10616" lon="5.27082"/>
            <trkpt lat="50.10738" lon="5.27344"/>
            <trkpt lat="50.10796" lon="5.27468"/>
            <trkpt lat="50.1092" lon="5.27734"/>
            <trkpt lat="50.10932" lon="5.27753"/>
            <trkpt lat="50.10944" lon="5.27771"/>
            <trkpt lat="50.10964" lon="5.2779"/>
            <trkpt lat="50.10978" lon="5.27798"/>
            <trkpt lat="50.10989" lon="5.27802"/>
            <trkpt lat="50.11015" lon="5.27802"/>
            <trkpt lat="50.11142" lon="5.27805"/>
            <trkpt lat="50.1116" lon="5.27812"/>
            <trkpt lat="50.11165" lon="5.27815"/>
            <trkpt lat="50.11173" lon="5.27823"/>
            <trkpt lat="50.11182" lon="5.27836"/>
            <trkpt lat="50.1119" lon="5.27848"/>
            <trkpt lat="50.11195" lon="5.27862"/>
            <trkpt lat="50.11197" lon="5.27869"/>
            <trkpt lat="50.11199" lon="5.27879"/>
            <trkpt lat="50.112" lon="5.27886"/>
            <trkpt lat="50.1122" lon="5.27896"/>
            <trkpt lat="50.11267" lon="5.27911"/>
            <trkpt lat="50.11306" lon="5.27927"/>
            <trkpt lat="50.11359" lon="5.27953"/>
            <trkpt lat="50.11374" lon="5.27962"/>
            <trkpt lat="50.1141" lon="5.27995"/>
            <trkpt lat="50.11425" lon="5.28005"/>
            <trkpt lat="50.11465" lon="5.28029"/>
            <trkpt lat="50.11568" lon="5.28082"/>
            <trkpt lat="50.11572" lon="5.28084"/>
            <trkpt lat="50.11605" lon="5.28097"/>
            <trkpt lat="50.11627" lon="5.28104"/>
            <trkpt lat="50.11685" lon="5.28119"/>
            <trkpt lat="50.11747" lon="5.28135"/>
            <trkpt lat="50.11777" lon="5.28138"/>
            <trkpt lat="50.1179" lon="5.28136"/>
            <trkpt lat="50.11807" lon="5.28129"/>
            <trkpt lat="50.11834" lon="5.28108"/>
            <trkpt lat="50.11844" lon="5.28095"/>
            <trkpt lat="50.11869" lon="5.28049"/>
            <trkpt lat="50.11885" lon="5.28023"/>
            <trkpt lat="50.11894" lon="5.28013"/>
            <trkpt lat="50.11907" lon="5.28001"/>
            <trkpt lat="50.11914" lon="5.27997"/>
            <trkpt lat="50.11928" lon="5.27996"/>
            <trkpt lat="50.11952" lon="5.27997"/>
            <trkpt lat="50.11963" lon="5.27998"/>
            <trkpt lat="50.11985" lon="5.28001"/>
            <trkpt lat="50.11989" lon="5.28001"/>
            <trkpt lat="50.12016" lon="5.28009"/>
            <trkpt lat="50.12056" lon="5.28032"/>
            <trkpt lat="50.12073" lon="5.28045"/>
            <trkpt lat="50.12122" lon="5.2809"/>
            <trkpt lat="50.12147" lon="5.28109"/>
            <trkpt lat="50.12244" lon="5.28165"/>
            <trkpt lat="50.12267" lon="5.28179"/>
            <trkpt lat="50.1228" lon="5.28189"/>
            <trkpt lat="50.12314" lon="5.28221"/>
            <trkpt lat="50.12348" lon="5.28256"/>
            <trkpt lat="50.12372" lon="5.28284"/>
            <trkpt lat="50.12383" lon="5.28294"/>
            <trkpt lat="50.12396" lon="5.28303"/>
            <trkpt lat="50.12436" lon="5.2832"/>
            <trkpt lat="50.1246" lon="5.28327"/>
            <trkpt lat="50.12469" lon="5.28328"/>
            <trkpt lat="50.12477" lon="5.28328"/>
            <trkpt lat="50.12484" lon="5.28325"/>
            <trkpt lat="50.12508" lon="5.28314"/>
            <trkpt lat="50.12516" lon="5.28309"/>
            <trkpt lat="50.1253" lon="5.28303"/>
            <trkpt lat="50.12538" lon="5.28299"/>
            <trkpt lat="50.12562" lon="5.28292"/>
            <trkpt lat="50.12576" lon="5.28285"/>
            <trkpt lat="50.12587" lon="5.28272"/>
            <trkpt lat="50.12616" lon="5.28229"/>
            <trkpt lat="50.12628" lon="5.28209"/>
            <trkpt lat="50.12639" lon="5.28194"/>
            <trkpt lat="50.12786" lon="5.27976"/>
            <trkpt lat="50.12834" lon="5.279"/>
            <trkpt lat="50.12844" lon="5.27879"/>
            <trkpt lat="50.12879" lon="5.27817"/>
            <trkpt lat="50.12906" lon="5.27777"/>
            <trkpt lat="50.12939" lon="5.27735"/>
            <trkpt lat="50.13002" lon="5.27655"/>
            <trkpt lat="50.13022" lon="5.27636"/>
            <trkpt lat="50.13051" lon="5.27617"/>
            <trkpt lat="50.13067" lon="5.27607"/>
            <trkpt lat="50.13086" lon="5.27598"/>
            <trkpt lat="50.13099" lon="5.27599"/>
            <trkpt lat="50.13115" lon="5.27609"/>
            <trkpt lat="50.13107" lon="5.27629"/>
            <trkpt lat="50.13102" lon="5.27645"/>
            <trkpt lat="50.13099" lon="5.27664"/>
            <trkpt lat="50.13098" lon="5.27706"/>
            <trkpt lat="50.13098" lon="5.27714"/>
            <trkpt lat="50.131" lon="5.27726"/>
            <trkpt lat="50.13104" lon="5.27739"/>
            <trkpt lat="50.1311" lon="5.27751"/>
            <trkpt lat="50.13118" lon="5.27759"/>
            <trkpt lat="50.13127" lon="5.27764"/>
            <trkpt lat="50.13134" lon="5.27764"/>
            <trkpt lat="50.13143" lon="5.27762"/>
            <trkpt lat="50.13154" lon="5.27755"/>
            <trkpt lat="50.13177" lon="5.27728"/>
            <trkpt lat="50.13194" lon="5.27713"/>
            <trkpt lat="50.13216" lon="5.27704"/>
            <trkpt lat="50.13228" lon="5.27702"/>
            <trkpt lat="50.1324" lon="5.27701"/>
            <trkpt lat="50.13259" lon="5.27706"/>
            <trkpt lat="50.13265" lon="5.27709"/>
            <trkpt lat="50.13281" lon="5.27721"/>
            <trkpt lat="50.13288" lon="5.27736"/>
            <trkpt lat="50.13294" lon="5.27751"/>
            <trkpt lat="50.13301" lon="5.27776"/>
            <trkpt lat="50.13337" lon="5.27901"/>
            <trkpt lat="50.1334" lon="5.2791"/>
            <trkpt lat="50.13341" lon="5.27914"/>
            <trkpt lat="50.1335" lon="5.27939"/>
            <trkpt lat="50.13369" lon="5.28021"/>
            <trkpt lat="50.1337" lon="5.28025"/>
            <trkpt lat="50.1338" lon="5.28087"/>
            <trkpt lat="50.13382" lon="5.28128"/>
            <trkpt lat="50.13381" lon="5.28165"/>
            <trkpt lat="50.13377" lon="5.28205"/>
            <trkpt lat="50.13374" lon="5.28223"/>
            <trkpt lat="50.13369" lon="5.28244"/>
            <trkpt lat="50.13368" lon="5.2825"/>
            <trkpt lat="50.13362" lon="5.28271"/>
            <trkpt lat="50.1336" lon="5.28284"/>
            <trkpt lat="50.13357" lon="5.28304"/>
            <trkpt lat="50.13355" lon="5.28322"/>
            <trkpt lat="50.13355" lon="5.28332"/>
            <trkpt lat="50.13358" lon="5.28366"/>
            <trkpt lat="50.1336" lon="5.28378"/>
            <trkpt lat="50.13371" lon="5.28427"/>
            <trkpt lat="50.13375" lon="5.28465"/>
            <trkpt lat="50.13374" lon="5.28477"/>
            <trkpt lat="50.13369" lon="5.285"/>
            <trkpt lat="50.13361" lon="5.28578"/>
            <trkpt lat="50.13361" lon="5.28599"/>
            <trkpt lat="50.13362" lon="5.2862"/>
            <trkpt lat="50.13364" lon="5.2863"/>
            <trkpt lat="50.13366" lon="5.28648"/>
            <trkpt lat="50.13368" lon="5.28657"/>
            <trkpt lat="50.13393" lon="5.28737"/>
            <trkpt lat="50.13397" lon="5.2876"/>
            <trkpt lat="50.13407" lon="5.28832"/>
            <trkpt lat="50.13412" lon="5.28853"/>
            <trkpt lat="50.13475" lon="5.29042"/>
            <trkpt lat="50.13486" lon="5.29073"/>
            <trkpt lat="50.13504" lon="5.2913"/>
            <trkpt lat="50.13586" lon="5.29359"/>
            <trkpt lat="50.1363" lon="5.29487"/>
            <trkpt lat="50.13651" lon="5.29541"/>
            <trkpt lat="50.13652" lon="5.29543"/>
            <trkpt lat="50.13654" lon="5.2956"/>
            <trkpt lat="50.13666" lon="5.29591"/>
            <trkpt lat="50.13666" lon="5.29596"/>
            <trkpt lat="50.13671" lon="5.29608"/>
            <trkpt lat="50.1368" lon="5.29633"/>
            <trkpt lat="50.13685" lon="5.29645"/>
            <trkpt lat="50.13714" lon="5.29734"/>
            <trkpt lat="50.13725" lon="5.2977"/>
            <trkpt lat="50.13737" lon="5.29822"/>
            <trkpt lat="50.1374" lon="5.29825"/>
            <trkpt lat="50.13755" lon="5.29896"/>
            <trkpt lat="50.13853" lon="5.30354"/>
            <trkpt lat="50.13881" lon="5.30495"/>
            <trkpt lat="50.13889" lon="5.30549"/>
            <trkpt lat="50.13895" lon="5.30589"/>
            <trkpt lat="50.13899" lon="5.30643"/>
            <trkpt lat="50.139" lon="5.30771"/>
            <trkpt lat="50.13903" lon="5.30853"/>
            <trkpt lat="50.13905" lon="5.31023"/>
            <trkpt lat="50.13905" lon="5.31065"/>
            <trkpt lat="50.13903" lon="5.31093"/>
            <trkpt lat="50.13898" lon="5.31134"/>
            <trkpt lat="50.13864" lon="5.31325"/>
            <trkpt lat="50.13852" lon="5.31372"/>
            <trkpt lat="50.13845" lon="5.31391"/>
            <trkpt lat="50.1384" lon="5.31401"/>
            <trkpt lat="50.13823" lon="5.31434"/>
            <trkpt lat="50.13822" lon="5.31434"/>
            <trkpt lat="50.13805" lon="5.31447"/>
            <trkpt lat="50.13775" lon="5.31469"/>
            <trkpt lat="50.13749" lon="5.31484"/>
            <trkpt lat="50.13732" lon="5.31491"/>
            <trkpt lat="50.13691" lon="5.31505"/>
            <trkpt lat="50.13657" lon="5.31525"/>
            <trkpt lat="50.13627" lon="5.31548"/>
            <trkpt lat="50.13588" lon="5.3157"/>
            <trkpt lat="50.13563" lon="5.3159"/>
            <trkpt lat="50.13551" lon="5.31602"/>
            <trkpt lat="50.13544" lon="5.31612"/>
            <trkpt lat="50.13539" lon="5.31622"/>
            <trkpt lat="50.13503" lon="5.31706"/>
            <trkpt lat="50.13486" lon="5.31738"/>
            <trkpt lat="50.13483" lon="5.31744"/>
            <trkpt lat="50.13379" lon="5.31907"/>
            <trkpt lat="50.13361" lon="5.31941"/>
            <trkpt lat="50.13357" lon="5.31953"/>
            <trkpt lat="50.13354" lon="5.31966"/>
            <trkpt lat="50.1335" lon="5.31992"/>
            <trkpt lat="50.13347" lon="5.3201"/>
            <trkpt lat="50.13349" lon="5.32023"/>
            <trkpt lat="50.13354" lon="5.32049"/>
            <trkpt lat="50.13372" lon="5.32127"/>
            <trkpt lat="50.13378" lon="5.32168"/>
            <trkpt lat="50.13379" lon="5.32188"/>
            <trkpt lat="50.13379" lon="5.32232"/>
            <trkpt lat="50.1338" lon="5.32286"/>
            <trkpt lat="50.13382" lon="5.32329"/>
            <trkpt lat="50.13386" lon="5.32357"/>
            <trkpt lat="50.13391" lon="5.3238"/>
            <trkpt lat="50.13434" lon="5.32515"/>
            <trkpt lat="50.13451" lon="5.32565"/>
            <trkpt lat="50.13546" lon="5.32818"/>
            <trkpt lat="50.13609" lon="5.32964"/>
            <trkpt lat="50.13615" lon="5.32978"/>
            <trkpt lat="50.13623" lon="5.33007"/>
            <trkpt lat="50.1364" lon="5.3308"/>
            <trkpt lat="50.13647" lon="5.33117"/>
            <trkpt lat="50.13648" lon="5.33135"/>
            <trkpt lat="50.13652" lon="5.33179"/>
            <trkpt lat="50.13653" lon="5.33251"/>
            <trkpt lat="50.1365" lon="5.33308"/>
            <trkpt lat="50.13645" lon="5.33345"/>
            <trkpt lat="50.13636" lon="5.33391"/>
            <trkpt lat="50.13625" lon="5.33426"/>
            <trkpt lat="50.13612" lon="5.33462"/>
            <trkpt lat="50.13577" lon="5.33534"/>
            <trkpt lat="50.13555" lon="5.3356"/>
            <trkpt lat="50.1347" lon="5.3364"/>
            <trkpt lat="50.13416" lon="5.337"/>
            <trkpt lat="50.13297" lon="5.33824"/>
            <trkpt lat="50.13259" lon="5.3386"/>
            <trkpt lat="50.13235" lon="5.33881"/>
            <trkpt lat="50.13228" lon="5.33886"/>
            <trkpt lat="50.13191" lon="5.33908"/>
            <trkpt lat="50.13149" lon="5.3392"/>
            <trkpt lat="50.13105" lon="5.33928"/>
            <trkpt lat="50.13097" lon="5.33931"/>
            <trkpt lat="50.13086" lon="5.33933"/>
            <trkpt lat="50.1308" lon="5.33936"/>
            <trkpt lat="50.13078" lon="5.33936"/>
            <trkpt lat="50.13067" lon="5.33945"/>
            <trkpt lat="50.13023" lon="5.33987"/>
            <trkpt lat="50.12962" lon="5.34025"/>
            <trkpt lat="50.12956" lon="5.34029"/>
            <trkpt lat="50.1292" lon="5.34054"/>
            <trkpt lat="50.12913" lon="5.3406"/>
            <trkpt lat="50.12905" lon="5.3407"/>
            <trkpt lat="50.12901" lon="5.34078"/>
            <trkpt lat="50.12897" lon="5.34086"/>
            <trkpt lat="50.12895" lon="5.34092"/>
            <trkpt lat="50.12893" lon="5.34102"/>
            <trkpt lat="50.12892" lon="5.34123"/>
            <trkpt lat="50.12893" lon="5.34143"/>
            <trkpt lat="50.12893" lon="5.34161"/>
            <trkpt lat="50.12892" lon="5.34167"/>
            <trkpt lat="50.12891" lon="5.34171"/>
            <trkpt lat="50.12874" lon="5.34218"/>
            <trkpt lat="50.12864" lon="5.34244"/>
            <trkpt lat="50.12858" lon="5.34262"/>
            <trkpt lat="50.12856" lon="5.34274"/>
            <trkpt lat="50.12852" lon="5.34295"/>
            <trkpt lat="50.12847" lon="5.34313"/>
            <trkpt lat="50.1284" lon="5.34342"/>
            <trkpt lat="50.12834" lon="5.34367"/>
            <trkpt lat="50.12828" lon="5.34394"/>
            <trkpt lat="50.12825" lon="5.34409"/>
            <trkpt lat="50.12825" lon="5.34416"/>
            <trkpt lat="50.12827" lon="5.34461"/>
            <trkpt lat="50.12832" lon="5.34514"/>
            <trkpt lat="50.1283" lon="5.34531"/>
            <trkpt lat="50.12827" lon="5.34545"/>
            <trkpt lat="50.12821" lon="5.34561"/>
            <trkpt lat="50.12793" lon="5.34619"/>
            <trkpt lat="50.12773" lon="5.34667"/>
            <trkpt lat="50.12757" lon="5.34712"/>
            <trkpt lat="50.12729" lon="5.348"/>
            <trkpt lat="50.12711" lon="5.34856"/>
            <trkpt lat="50.12673" lon="5.34957"/>
            <trkpt lat="50.12663" lon="5.34978"/>
            <trkpt lat="50.12646" lon="5.35003"/>
            <trkpt lat="50.12629" lon="5.35031"/>
            <trkpt lat="50.12604" lon="5.35079"/>
            <trkpt lat="50.12598" lon="5.35093"/>
            <trkpt lat="50.12592" lon="5.35118"/>
            <trkpt lat="50.12562" lon="5.3519"/>
            <trkpt lat="50.12531" lon="5.35255"/>
            <trkpt lat="50.12486" lon="5.35359"/>
            <trkpt lat="50.12482" lon="5.35373"/>
            <trkpt lat="50.1248" lon="5.35383"/>
            <trkpt lat="50.12479" lon="5.35399"/>
            <trkpt lat="50.12479" lon="5.35425"/>
            <trkpt lat="50.12482" lon="5.35451"/>
            <trkpt lat="50.12487" lon="5.35482"/>
            <trkpt lat="50.12679" lon="5.36133"/>
            <trkpt lat="50.12706" lon="5.36225"/>
            <trkpt lat="50.12722" lon="5.36283"/>
            <trkpt lat="50.12732" lon="5.36326"/>
            <trkpt lat="50.12761" lon="5.36462"/>
            <trkpt lat="50.12775" lon="5.36538"/>
            <trkpt lat="50.1278" lon="5.36593"/>
            <trkpt lat="50.12785" lon="5.36676"/>
            <trkpt lat="50.12784" lon="5.36713"/>
            <trkpt lat="50.12769" lon="5.36913"/>
            <trkpt lat="50.12762" lon="5.36974"/>
            <trkpt lat="50.1276" lon="5.37021"/>
            <trkpt lat="50.12754" lon="5.37107"/>
            <trkpt lat="50.12746" lon="5.37215"/>
            <trkpt lat="50.1273" lon="5.37414"/>
            <trkpt lat="50.12728" lon="5.37474"/>
            <trkpt lat="50.12722" lon="5.3755"/>
            <trkpt lat="50.1272" lon="5.37568"/>
            <trkpt lat="50.12712" lon="5.37596"/>
            <trkpt lat="50.12704" lon="5.37615"/>
            <trkpt lat="50.1267" lon="5.37675"/>
            <trkpt lat="50.1265" lon="5.37704"/>
            <trkpt lat="50.12625" lon="5.37725"/>
            <trkpt lat="50.12613" lon="5.37738"/>
            <trkpt lat="50.12598" lon="5.3776"/>
            <trkpt lat="50.12573" lon="5.37808"/>
            <trkpt lat="50.1255" lon="5.37857"/>
            <trkpt lat="50.12545" lon="5.37864"/>
            <trkpt lat="50.12518" lon="5.37891"/>
            <trkpt lat="50.12493" lon="5.3792"/>
            <trkpt lat="50.1248" lon="5.37934"/>
            <trkpt lat="50.1246" lon="5.37952"/>
            <trkpt lat="50.12433" lon="5.37969"/>
            <trkpt lat="50.12426" lon="5.37975"/>
            <trkpt lat="50.12405" lon="5.37989"/>
            <trkpt lat="50.12335" lon="5.38022"/>
            <trkpt lat="50.12284" lon="5.3804"/>
            <trkpt lat="50.12212" lon="5.3806"/>
            <trkpt lat="50.12196" lon="5.38059"/>
            <trkpt lat="50.12182" lon="5.38057"/>
            <trkpt lat="50.12133" lon="5.38031"/>
            <trkpt lat="50.12044" lon="5.37982"/>
            <trkpt lat="50.12025" lon="5.37975"/>
            <trkpt lat="50.11963" lon="5.37963"/>
            <trkpt lat="50.1195" lon="5.3796"/>
            <trkpt lat="50.11943" lon="5.3796"/>
            <trkpt lat="50.11922" lon="5.37963"/>
            <trkpt lat="50.11871" lon="5.37978"/>
            <trkpt lat="50.11862" lon="5.37984"/>
            <trkpt lat="50.11856" lon="5.37989"/>
            <trkpt lat="50.11852" lon="5.37996"/>
            <trkpt lat="50.11848" lon="5.38002"/>
            <trkpt lat="50.11845" lon="5.38008"/>
            <trkpt lat="50.11841" lon="5.38021"/>
            <trkpt lat="50.11839" lon="5.38032"/>
            <trkpt lat="50.1184" lon="5.38088"/>
            <trkpt lat="50.1184" lon="5.38092"/>
            <trkpt lat="50.1184" lon="5.38102"/>
            <trkpt lat="50.11836" lon="5.38118"/>
            <trkpt lat="50.11828" lon="5.38146"/>
            <trkpt lat="50.11813" lon="5.38183"/>
            <trkpt lat="50.11801" lon="5.38201"/>
            <trkpt lat="50.11793" lon="5.3821"/>
            <trkpt lat="50.1178" lon="5.38221"/>
            <trkpt lat="50.11766" lon="5.38228"/>
            <trkpt lat="50.11758" lon="5.38231"/>
            <trkpt lat="50.11744" lon="5.38233"/>
            <trkpt lat="50.11727" lon="5.38234"/>
            <trkpt lat="50.11684" lon="5.38239"/>
            <trkpt lat="50.11567" lon="5.38243"/>
            <trkpt lat="50.11487" lon="5.38256"/>
            <trkpt lat="50.11478" lon="5.38256"/>
            <trkpt lat="50.11469" lon="5.38257"/>
            <trkpt lat="50.11461" lon="5.38259"/>
            <trkpt lat="50.11453" lon="5.38265"/>
            <trkpt lat="50.11443" lon="5.38275"/>
            <trkpt lat="50.1142" lon="5.38307"/>
            <trkpt lat="50.11407" lon="5.38329"/>
            <trkpt lat="50.11406" lon="5.3833"/>
            <trkpt lat="50.11371" lon="5.3838"/>
            <trkpt lat="50.11362" lon="5.3839"/>
            <trkpt lat="50.11338" lon="5.38407"/>
            <trkpt lat="50.11316" lon="5.38418"/>
            <trkpt lat="50.11303" lon="5.38422"/>
            <trkpt lat="50.11283" lon="5.3843"/>
            <trkpt lat="50.11254" lon="5.38451"/>
            <trkpt lat="50.1123" lon="5.38475"/>
            <trkpt lat="50.11221" lon="5.3849"/>
            <trkpt lat="50.11198" lon="5.38537"/>
            <trkpt lat="50.11177" lon="5.38589"/>
            <trkpt lat="50.11166" lon="5.38625"/>
            <trkpt lat="50.11161" lon="5.38662"/>
            <trkpt lat="50.11158" lon="5.3876"/>
            <trkpt lat="50.11158" lon="5.38794"/>
            <trkpt lat="50.1116" lon="5.3882"/>
            <trkpt lat="50.11165" lon="5.3885"/>
            <trkpt lat="50.11191" lon="5.38958"/>
            <trkpt lat="50.11202" lon="5.3899"/>
            <trkpt lat="50.11224" lon="5.39042"/>
            <trkpt lat="50.11234" lon="5.39075"/>
            <trkpt lat="50.11241" lon="5.39114"/>
            <trkpt lat="50.11247" lon="5.39155"/>
            <trkpt lat="50.11252" lon="5.39198"/>
            <trkpt lat="50.11255" lon="5.39252"/>
            <trkpt lat="50.11255" lon="5.39314"/>
            <trkpt lat="50.11251" lon="5.39473"/>
            <trkpt lat="50.11243" lon="5.39614"/>
            <trkpt lat="50.11238" lon="5.39787"/>
            <trkpt lat="50.11232" lon="5.39913"/>
            <trkpt lat="50.11229" lon="5.40027"/>
            <trkpt lat="50.11227" lon="5.40146"/>
            <trkpt lat="50.11222" lon="5.40222"/>
            <trkpt lat="50.11216" lon="5.40251"/>
            <trkpt lat="50.11197" lon="5.40289"/>
            <trkpt lat="50.1118" lon="5.4031"/>
            <trkpt lat="50.11167" lon="5.40323"/>
            <trkpt lat="50.11159" lon="5.40329"/>
            <trkpt lat="50.11127" lon="5.40341"/>
            <trkpt lat="50.11057" lon="5.40379"/>
            <trkpt lat="50.11046" lon="5.40381"/>
            <trkpt lat="50.11026" lon="5.40376"/>
            <trkpt lat="50.10978" lon="5.40347"/>
            <trkpt lat="50.1096" lon="5.40342"/>
            <trkpt lat="50.10949" lon="5.40344"/>
            <trkpt lat="50.10942" lon="5.40347"/>
            <trkpt lat="50.10936" lon="5.4035"/>
            <trkpt lat="50.10927" lon="5.40357"/>
            <trkpt lat="50.10893" lon="5.40409"/>
            <trkpt lat="50.10874" lon="5.40435"/>
            <trkpt lat="50.10841" lon="5.40468"/>
            <trkpt lat="50.10822" lon="5.40483"/>
            <trkpt lat="50.10771" lon="5.40512"/>
            <trkpt lat="50.10768" lon="5.40513"/>
            <trkpt lat="50.10726" lon="5.40527"/>
            <trkpt lat="50.10723" lon="5.40528"/>
            <trkpt lat="50.10709" lon="5.40531"/>
            <trkpt lat="50.10652" lon="5.40538"/>
            <trkpt lat="50.1064" lon="5.4054"/>
            <trkpt lat="50.10633" lon="5.40543"/>
            <trkpt lat="50.1063" lon="5.40545"/>
            <trkpt lat="50.10621" lon="5.40552"/>
            <trkpt lat="50.10615" lon="5.40559"/>
            <trkpt lat="50.10607" lon="5.40571"/>
            <trkpt lat="50.10601" lon="5.40586"/>
            <trkpt lat="50.10597" lon="5.40601"/>
            <trkpt lat="50.10596" lon="5.40621"/>
            <trkpt lat="50.10598" lon="5.40647"/>
            <trkpt lat="50.10607" lon="5.40679"/>
            <trkpt lat="50.10622" lon="5.40732"/>
            <trkpt lat="50.10641" lon="5.40799"/>
            <trkpt lat="50.1065" lon="5.40848"/>
            <trkpt lat="50.10653" lon="5.40884"/>
            <trkpt lat="50.10664" lon="5.41092"/>
            <trkpt lat="50.10673" lon="5.41179"/>
            <trkpt lat="50.10675" lon="5.41225"/>
            <trkpt lat="50.1068" lon="5.41453"/>
            <trkpt lat="50.10684" lon="5.41492"/>
            <trkpt lat="50.10697" lon="5.41552"/>
            <trkpt lat="50.10704" lon="5.41574"/>
            <trkpt lat="50.10712" lon="5.41599"/>
            <trkpt lat="50.10726" lon="5.41627"/>
            <trkpt lat="50.10744" lon="5.41658"/>
            <trkpt lat="50.10771" lon="5.4171"/>
            <trkpt lat="50.10786" lon="5.41747"/>
            <trkpt lat="50.10796" lon="5.41791"/>
            <trkpt lat="50.10801" lon="5.41817"/>
            <trkpt lat="50.10803" lon="5.41837"/>
            <trkpt lat="50.10805" lon="5.41868"/>
            <trkpt lat="50.10805" lon="5.41901"/>
            <trkpt lat="50.10804" lon="5.41916"/>
            <trkpt lat="50.10793" lon="5.42001"/>
            <trkpt lat="50.10777" lon="5.42083"/>
            <trkpt lat="50.1076" lon="5.42158"/>
            <trkpt lat="50.10733" lon="5.42288"/>
            <trkpt lat="50.10716" lon="5.42364"/>
            <trkpt lat="50.10712" lon="5.42383"/>
            <trkpt lat="50.10709" lon="5.42406"/>
            <trkpt lat="50.10709" lon="5.42429"/>
            <trkpt lat="50.10713" lon="5.42452"/>
            <trkpt lat="50.10725" lon="5.42484"/>
            <trkpt lat="50.10773" lon="5.42597"/>
            <trkpt lat="50.10786" lon="5.42636"/>
            <trkpt lat="50.1079" lon="5.42659"/>
            <trkpt lat="50.108" lon="5.42725"/>
            <trkpt lat="50.10808" lon="5.42776"/>
            <trkpt lat="50.10814" lon="5.42808"/>
            <trkpt lat="50.10828" lon="5.42868"/>
            <trkpt lat="50.10839" lon="5.42901"/>
            <trkpt lat="50.10867" lon="5.42965"/>
            <trkpt lat="50.10878" lon="5.42985"/>
            <trkpt lat="50.10892" lon="5.43003"/>
            <trkpt lat="50.10915" lon="5.43025"/>
            <trkpt lat="50.10944" lon="5.43061"/>
            <trkpt lat="50.10954" lon="5.43076"/>
            <trkpt lat="50.10963" lon="5.43094"/>
            <trkpt lat="50.10972" lon="5.43116"/>
            <trkpt lat="50.1098" lon="5.4314"/>
            <trkpt lat="50.10996" lon="5.43196"/>
            <trkpt lat="50.11017" lon="5.43284"/>
            <trkpt lat="50.1106" lon="5.43508"/>
            <trkpt lat="50.11062" lon="5.43516"/>
            <trkpt lat="50.11117" lon="5.43789"/>
            <trkpt lat="50.11126" lon="5.43822"/>
            <trkpt lat="50.11135" lon="5.43848"/>
            <trkpt lat="50.11173" lon="5.43932"/>
            <trkpt lat="50.11178" lon="5.43942"/>
            <trkpt lat="50.11187" lon="5.43983"/>
            <trkpt lat="50.11189" lon="5.44016"/>
            <trkpt lat="50.11187" lon="5.44038"/>
            <trkpt lat="50.11183" lon="5.44057"/>
            <trkpt lat="50.11171" lon="5.44081"/>
            <trkpt lat="50.11154" lon="5.44103"/>
            <trkpt lat="50.11013" lon="5.44221"/>
            <trkpt lat="50.10921" lon="5.44295"/>
            <trkpt lat="50.10898" lon="5.44318"/>
            <trkpt lat="50.10877" lon="5.44345"/>
            <trkpt lat="50.10867" lon="5.44367"/>
            <trkpt lat="50.10861" lon="5.44394"/>
            <trkpt lat="50.10859" lon="5.4442"/>
            <trkpt lat="50.10861" lon="5.44446"/>
            <trkpt lat="50.10867" lon="5.44474"/>
            <trkpt lat="50.10872" lon="5.44485"/>
            <trkpt lat="50.10885" lon="5.44508"/>
            <trkpt lat="50.10899" lon="5.44525"/>
            <trkpt lat="50.10919" lon="5.44543"/>
            <trkpt lat="50.10933" lon="5.44552"/>
            <trkpt lat="50.10991" lon="5.44598"/>
            <trkpt lat="50.11043" lon="5.44653"/>
            <trkpt lat="50.11061" lon="5.44679"/>
            <trkpt lat="50.1108" lon="5.44728"/>
            <trkpt lat="50.11084" lon="5.44743"/>
            <trkpt lat="50.11116" lon="5.44922"/>
            <trkpt lat="50.1123" lon="5.4557"/>
            <trkpt lat="50.1124" lon="5.45635"/>
            <trkpt lat="50.11248" lon="5.45674"/>
            <trkpt lat="50.1125" lon="5.457"/>
            <trkpt lat="50.11248" lon="5.45723"/>
            <trkpt lat="50.11244" lon="5.45746"/>
            <trkpt lat="50.11236" lon="5.45766"/>
            <trkpt lat="50.10987" lon="5.46298"/>
            <trkpt lat="50.1097" lon="5.46326"/>
            <trkpt lat="50.10957" lon="5.46342"/>
            <trkpt lat="50.10935" lon="5.46364"/>
            <trkpt lat="50.10904" lon="5.46401"/>
            <trkpt lat="50.10892" lon="5.46418"/>
            <trkpt lat="50.1088" lon="5.46443"/>
            <trkpt lat="50.10872" lon="5.46479"/>
            <trkpt lat="50.10846" lon="5.46564"/>
            <trkpt lat="50.1076" lon="5.46929"/>
            <trkpt lat="50.10716" lon="5.47119"/>
            <trkpt lat="50.10712" lon="5.47137"/>
            <trkpt lat="50.10705" lon="5.47158"/>
            <trkpt lat="50.10699" lon="5.47166"/>
            <trkpt lat="50.10693" lon="5.47173"/>
            <trkpt lat="50.10681" lon="5.4718"/>
            <trkpt lat="50.10643" lon="5.47197"/>
            <trkpt lat="50.10638" lon="5.47202"/>
            <trkpt lat="50.10633" lon="5.47207"/>
            <trkpt lat="50.10627" lon="5.47215"/>
            <trkpt lat="50.10614" lon="5.47241"/>
            <trkpt lat="50.10609" lon="5.47248"/>
            <trkpt lat="50.10604" lon="5.47258"/>
            <trkpt lat="50.10639" lon="5.47288"/>
            <trkpt lat="50.10667" lon="5.4731"/>
            <trkpt lat="50.10717" lon="5.47347"/>
            <trkpt lat="50.10729" lon="5.47354"/>
            <trkpt lat="50.10754" lon="5.47368"/>
            <trkpt lat="50.10764" lon="5.47376"/>
            <trkpt lat="50.10781" lon="5.47396"/>
            <trkpt lat="50.10799" lon="5.4741"/>
            <trkpt lat="50.10862" lon="5.4746"/>
            <trkpt lat="50.10852" lon="5.47484"/>
            <trkpt lat="50.10846" lon="5.47499"/>
            <trkpt lat="50.10841" lon="5.47508"/>
            <trkpt lat="50.10835" lon="5.47513"/>
            <trkpt lat="50.10829" lon="5.47517"/>
            <trkpt lat="50.1075" lon="5.4751"/>
            <trkpt lat="50.10729" lon="5.47504"/>
            <trkpt lat="50.10716" lon="5.47498"/>
            <trkpt lat="50.10714" lon="5.47513"/>
            <trkpt lat="50.10711" lon="5.47535"/>
            <trkpt lat="50.10705" lon="5.47568"/>
            <trkpt lat="50.10697" lon="5.47622"/>
            <trkpt lat="50.1069" lon="5.47686"/>
            <trkpt lat="50.10688" lon="5.47713"/>
            <trkpt lat="50.10687" lon="5.47771"/>
            <trkpt lat="50.10689" lon="5.4781"/>
            <trkpt lat="50.10753" lon="5.48341"/>
            <trkpt lat="50.10761" lon="5.48401"/>
            <trkpt lat="50.10781" lon="5.48629"/>
            <trkpt lat="50.10785" lon="5.48673"/>
            <trkpt lat="50.10803" lon="5.48936"/>
            <trkpt lat="50.1081" lon="5.48996"/>
            <trkpt lat="50.10824" lon="5.49113"/>
            <trkpt lat="50.10851" lon="5.49316"/>
            <trkpt lat="50.10855" lon="5.49351"/>
            <trkpt lat="50.10863" lon="5.4936"/>
            <trkpt lat="50.10877" lon="5.49383"/>
            <trkpt lat="50.1091" lon="5.49425"/>
            <trkpt lat="50.10913" lon="5.49431"/>
            <trkpt lat="50.10951" lon="5.49492"/>
            <trkpt lat="50.10969" lon="5.49527"/>
            <trkpt lat="50.11003" lon="5.49591"/>
            <trkpt lat="50.11021" lon="5.49636"/>
            <trkpt lat="50.11025" lon="5.49649"/>
            <trkpt lat="50.11035" lon="5.49694"/>
            <trkpt lat="50.11039" lon="5.49725"/>
            <trkpt lat="50.11051" lon="5.49796"/>
            <trkpt lat="50.11085" lon="5.50031"/>
            <trkpt lat="50.11088" lon="5.50093"/>
            <trkpt lat="50.11087" lon="5.50123"/>
            <trkpt lat="50.11087" lon="5.50171"/>
            <trkpt lat="50.11088" lon="5.502"/>
            <trkpt lat="50.11106" lon="5.50199"/>
            <trkpt lat="50.1115" lon="5.50206"/>
            <trkpt lat="50.11181" lon="5.50211"/>
            <trkpt lat="50.11198" lon="5.50216"/>
            <trkpt lat="50.1123" lon="5.50233"/>
            <trkpt lat="50.11265" lon="5.50256"/>
            <trkpt lat="50.11278" lon="5.50266"/>
            <trkpt lat="50.11328" lon="5.50298"/>
            <trkpt lat="50.11341" lon="5.50303"/>
            <trkpt lat="50.11372" lon="5.50308"/>
            <trkpt lat="50.11402" lon="5.50309"/>
            <trkpt lat="50.11431" lon="5.50307"/>
            <trkpt lat="50.11499" lon="5.503"/>
            <trkpt lat="50.11599" lon="5.50306"/>
            <trkpt lat="50.11689" lon="5.50317"/>
            <trkpt lat="50.11714" lon="5.50322"/>
            <trkpt lat="50.11743" lon="5.50334"/>
            <trkpt lat="50.11756" lon="5.50341"/>
            <trkpt lat="50.11777" lon="5.50352"/>
            <trkpt lat="50.1185" lon="5.50395"/>
            <trkpt lat="50.11861" lon="5.50404"/>
            <trkpt lat="50.119" lon="5.50435"/>
            <trkpt lat="50.11923" lon="5.50454"/>
            <trkpt lat="50.11936" lon="5.50467"/>
            <trkpt lat="50.11947" lon="5.50482"/>
            <trkpt lat="50.11963" lon="5.5051"/>
            <trkpt lat="50.11964" lon="5.50512"/>
            <trkpt lat="50.11971" lon="5.50531"/>
            <trkpt lat="50.11963" lon="5.50538"/>
            <trkpt lat="50.1196" lon="5.50541"/>
            <trkpt lat="50.11948" lon="5.50552"/>
            <trkpt lat="50.11943" lon="5.50557"/>
            <trkpt lat="50.11939" lon="5.5056"/>
            <trkpt lat="50.11933" lon="5.50563"/>
            <trkpt lat="50.11911" lon="5.5058"/>
            <trkpt lat="50.11882" lon="5.50603"/>
            <trkpt lat="50.11877" lon="5.50605"/>
            <trkpt lat="50.11871" lon="5.50611"/>
            <trkpt lat="50.11868" lon="5.50615"/>
            <trkpt lat="50.11867" lon="5.5062"/>
            <trkpt lat="50.11866" lon="5.50627"/>
            <trkpt lat="50.11866" lon="5.50633"/>
            <trkpt lat="50.11866" lon="5.5064"/>
            <trkpt lat="50.11871" lon="5.5066"/>
            <trkpt lat="50.11877" lon="5.50676"/>
            <trkpt lat="50.11887" lon="5.50692"/>
            <trkpt lat="50.11911" lon="5.50723"/>
            <trkpt lat="50.11954" lon="5.50776"/>
            <trkpt lat="50.11963" lon="5.50788"/>
            <trkpt lat="50.12159" lon="5.51045"/>
            <trkpt lat="50.12234" lon="5.51124"/>
            <trkpt lat="50.12256" lon="5.51149"/>
            <trkpt lat="50.12264" lon="5.5116"/>
            <trkpt lat="50.12296" lon="5.51204"/>
            <trkpt lat="50.12324" lon="5.51256"/>
            <trkpt lat="50.12341" lon="5.51297"/>
            <trkpt lat="50.1236" lon="5.51353"/>
            <trkpt lat="50.12368" lon="5.51381"/>
            <trkpt lat="50.12381" lon="5.51436"/>
            <trkpt lat="50.12388" lon="5.51483"/>
            <trkpt lat="50.1239" lon="5.51499"/>
            <trkpt lat="50.1239" lon="5.51514"/>
            <trkpt lat="50.1239" lon="5.51543"/>
            <trkpt lat="50.12389" lon="5.51561"/>
            <trkpt lat="50.12382" lon="5.516"/>
            <trkpt lat="50.12376" lon="5.5162"/>
            <trkpt lat="50.12367" lon="5.51641"/>
            <trkpt lat="50.12324" lon="5.51731"/>
            <trkpt lat="50.12314" lon="5.51748"/>
            <trkpt lat="50.12303" lon="5.51775"/>
            <trkpt lat="50.12298" lon="5.51799"/>
            <trkpt lat="50.12296" lon="5.51821"/>
            <trkpt lat="50.12296" lon="5.51829"/>
            <trkpt lat="50.12296" lon="5.51832"/>
            <trkpt lat="50.12298" lon="5.51844"/>
            <trkpt lat="50.12301" lon="5.51857"/>
            <trkpt lat="50.12307" lon="5.51871"/>
            <trkpt lat="50.12338" lon="5.51929"/>
            <trkpt lat="50.12494" lon="5.52186"/>
            <trkpt lat="50.12515" lon="5.52212"/>
            <trkpt lat="50.12522" lon="5.52219"/>
            <trkpt lat="50.12545" lon="5.52235"/>
            <trkpt lat="50.12592" lon="5.52257"/>
            <trkpt lat="50.1261" lon="5.52266"/>
            <trkpt lat="50.12612" lon="5.52268"/>
            <trkpt lat="50.12614" lon="5.52272"/>
            <trkpt lat="50.12614" lon="5.52275"/>
            <trkpt lat="50.12615" lon="5.52279"/>
            <trkpt lat="50.12615" lon="5.52283"/>
            <trkpt lat="50.12717" lon="5.52333"/>
            <trkpt lat="50.1276" lon="5.52362"/>
            <trkpt lat="50.1279" lon="5.52385"/>
            <trkpt lat="50.12838" lon="5.52423"/>
            <trkpt lat="50.1287" lon="5.52458"/>
            <trkpt lat="50.12881" lon="5.52477"/>
            <trkpt lat="50.12895" lon="5.52503"/>
            <trkpt lat="50.12943" lon="5.52594"/>
            <trkpt lat="50.12983" lon="5.52661"/>
            <trkpt lat="50.13001" lon="5.52707"/>
            <trkpt lat="50.13018" lon="5.52758"/>
            <trkpt lat="50.13044" lon="5.52824"/>
            <trkpt lat="50.13059" lon="5.52858"/>
            <trkpt lat="50.13085" lon="5.52899"/>
            <trkpt lat="50.13156" lon="5.53009"/>
            <trkpt lat="50.13171" lon="5.53033"/>
            <trkpt lat="50.13173" lon="5.53075"/>
            <trkpt lat="50.13176" lon="5.53118"/>
            <trkpt lat="50.13197" lon="5.53147"/>
            <trkpt lat="50.13222" lon="5.5319"/>
            <trkpt lat="50.13242" lon="5.53229"/>
            <trkpt lat="50.13258" lon="5.53265"/>
            <trkpt lat="50.13259" lon="5.53271"/>
            <trkpt lat="50.13267" lon="5.53289"/>
            <trkpt lat="50.13327" lon="5.53473"/>
            <trkpt lat="50.13347" lon="5.53525"/>
            <trkpt lat="50.13375" lon="5.53609"/>
            <trkpt lat="50.13395" lon="5.53684"/>
            <trkpt lat="50.134" lon="5.53711"/>
            <trkpt lat="50.13441" lon="5.53906"/>
            <trkpt lat="50.13465" lon="5.54035"/>
            <trkpt lat="50.13475" lon="5.54068"/>
            <trkpt lat="50.1346" lon="5.5409"/>
            <trkpt lat="50.13443" lon="5.54108"/>
            <trkpt lat="50.13372" lon="5.5417"/>
            <trkpt lat="50.13223" lon="5.54284"/>
            <trkpt lat="50.13099" lon="5.54384"/>
            <trkpt lat="50.13059" lon="5.54411"/>
            <trkpt lat="50.13048" lon="5.5442"/>
            <trkpt lat="50.13042" lon="5.5443"/>
            <trkpt lat="50.13005" lon="5.54535"/>
            <trkpt lat="50.1299" lon="5.54566"/>
            <trkpt lat="50.12972" lon="5.5459"/>
            <trkpt lat="50.12949" lon="5.54607"/>
            <trkpt lat="50.12905" lon="5.54624"/>
            <trkpt lat="50.12888" lon="5.54625"/>
            <trkpt lat="50.1288" lon="5.54624"/>
            <trkpt lat="50.1287" lon="5.5462"/>
            <trkpt lat="50.12825" lon="5.54603"/>
            <trkpt lat="50.12794" lon="5.54597"/>
            <trkpt lat="50.12778" lon="5.54597"/>
            <trkpt lat="50.12766" lon="5.546"/>
            <trkpt lat="50.12751" lon="5.54608"/>
            <trkpt lat="50.12727" lon="5.54626"/>
            <trkpt lat="50.12625" lon="5.54691"/>
            <trkpt lat="50.12597" lon="5.54704"/>
            <trkpt lat="50.12565" lon="5.54709"/>
            <trkpt lat="50.12547" lon="5.54707"/>
            <trkpt lat="50.12504" lon="5.54696"/>
            <trkpt lat="50.12466" lon="5.54679"/>
            <trkpt lat="50.1242" lon="5.54652"/>
            <trkpt lat="50.12359" lon="5.54604"/>
            <trkpt lat="50.12342" lon="5.54593"/>
            <trkpt lat="50.12328" lon="5.5459"/>
            <trkpt lat="50.12318" lon="5.54591"/>
            <trkpt lat="50.12289" lon="5.54605"/>
            <trkpt lat="50.12116" lon="5.54733"/>
            <trkpt lat="50.12093" lon="5.54742"/>
            <trkpt lat="50.12076" lon="5.54747"/>
            <trkpt lat="50.12058" lon="5.5475"/>
            <trkpt lat="50.12043" lon="5.54749"/>
            <trkpt lat="50.11963" lon="5.5472"/>
            <trkpt lat="50.11757" lon="5.54646"/>
            <trkpt lat="50.11746" lon="5.54642"/>
            <trkpt lat="50.11665" lon="5.54619"/>
            <trkpt lat="50.11656" lon="5.54618"/>
            <trkpt lat="50.11648" lon="5.54622"/>
            <trkpt lat="50.11641" lon="5.54629"/>
            <trkpt lat="50.11638" lon="5.54634"/>
            <trkpt lat="50.11621" lon="5.54656"/>
            <trkpt lat="50.11597" lon="5.54685"/>
            <trkpt lat="50.11566" lon="5.54726"/>
            <trkpt lat="50.11544" lon="5.54746"/>
            <trkpt lat="50.11472" lon="5.54794"/>
            <trkpt lat="50.11311" lon="5.5491"/>
            <trkpt lat="50.11283" lon="5.5493"/>
            <trkpt lat="50.1127" lon="5.54938"/>
            <trkpt lat="50.1126" lon="5.54947"/>
            <trkpt lat="50.11207" lon="5.55021"/>
            <trkpt lat="50.11185" lon="5.55053"/>
            <trkpt lat="50.11153" lon="5.55086"/>
            <trkpt lat="50.1114" lon="5.55098"/>
            <trkpt lat="50.11133" lon="5.55103"/>
            <trkpt lat="50.11119" lon="5.55112"/>
            <trkpt lat="50.11115" lon="5.55114"/>
            <trkpt lat="50.11106" lon="5.55117"/>
            <trkpt lat="50.11105" lon="5.5512"/>
            <trkpt lat="50.11105" lon="5.55124"/>
            <trkpt lat="50.11104" lon="5.55126"/>
            <trkpt lat="50.1107" lon="5.55168"/>
            <trkpt lat="50.11048" lon="5.55193"/>
            <trkpt lat="50.11015" lon="5.55246"/>
            <trkpt lat="50.11002" lon="5.55271"/>
            <trkpt lat="50.10985" lon="5.55317"/>
            <trkpt lat="50.10979" lon="5.5534"/>
            <trkpt lat="50.10975" lon="5.5537"/>
            <trkpt lat="50.10972" lon="5.5541"/>
            <trkpt lat="50.10972" lon="5.55516"/>
            <trkpt lat="50.10973" lon="5.55601"/>
            <trkpt lat="50.10972" lon="5.5563"/>
            <trkpt lat="50.10969" lon="5.55656"/>
            <trkpt lat="50.10965" lon="5.55673"/>
            <trkpt lat="50.1096" lon="5.55688"/>
            <trkpt lat="50.10953" lon="5.55702"/>
            <trkpt lat="50.10922" lon="5.55735"/>
            <trkpt lat="50.10756" lon="5.55852"/>
            <trkpt lat="50.10702" lon="5.55891"/>
            <trkpt lat="50.10689" lon="5.55908"/>
            <trkpt lat="50.10676" lon="5.55925"/>
            <trkpt lat="50.10667" lon="5.55941"/>
            <trkpt lat="50.10659" lon="5.55961"/>
            <trkpt lat="50.10651" lon="5.5599"/>
            <trkpt lat="50.10637" lon="5.56065"/>
            <trkpt lat="50.10611" lon="5.56317"/>
            <trkpt lat="50.10576" lon="5.56629"/>
            <trkpt lat="50.10561" lon="5.56779"/>
            <trkpt lat="50.10559" lon="5.56802"/>
            <trkpt lat="50.10559" lon="5.56806"/>
            <trkpt lat="50.1056" lon="5.56812"/>
            <trkpt lat="50.10407" lon="5.56915"/>
            <trkpt lat="50.10366" lon="5.56946"/>
            <trkpt lat="50.10285" lon="5.57018"/>
            <trkpt lat="50.10258" lon="5.57046"/>
            <trkpt lat="50.1024" lon="5.57064"/>
            <trkpt lat="50.10228" lon="5.5705"/>
            <trkpt lat="50.10003" lon="5.56846"/>
            <trkpt lat="50.09995" lon="5.56838"/>
            <trkpt lat="50.09991" lon="5.56831"/>
            <trkpt lat="50.09954" lon="5.56772"/>
            <trkpt lat="50.0989" lon="5.56661"/>
            <trkpt lat="50.09876" lon="5.5664"/>
            <trkpt lat="50.09859" lon="5.56621"/>
            <trkpt lat="50.09829" lon="5.56594"/>
            <trkpt lat="50.09816" lon="5.56583"/>
            <trkpt lat="50.098" lon="5.5657"/>
            <trkpt lat="50.09799" lon="5.5657"/>
            <trkpt lat="50.09798" lon="5.56571"/>
            <trkpt lat="50.09797" lon="5.56572"/>
            <trkpt lat="50.09766" lon="5.56616"/>
            <trkpt lat="50.09748" lon="5.56642"/>
            <trkpt lat="50.09726" lon="5.56673"/>
            <trkpt lat="50.09708" lon="5.56694"/>
            <trkpt lat="50.09695" lon="5.567"/>
            <trkpt lat="50.09678" lon="5.56702"/>
            <trkpt lat="50.0966" lon="5.56697"/>
            <trkpt lat="50.09634" lon="5.56674"/>
            <trkpt lat="50.09616" lon="5.56653"/>
            <trkpt lat="50.09537" lon="5.56542"/>
            <trkpt lat="50.09509" lon="5.56507"/>
            <trkpt lat="50.09493" lon="5.56496"/>
            <trkpt lat="50.09476" lon="5.56488"/>
            <trkpt lat="50.0946" lon="5.56488"/>
            <trkpt lat="50.09444" lon="5.5649"/>
            <trkpt lat="50.09432" lon="5.56496"/>
            <trkpt lat="50.0942" lon="5.565"/>
            <trkpt lat="50.09405" lon="5.56501"/>
            <trkpt lat="50.09335" lon="5.56494"/>
            <trkpt lat="50.09261" lon="5.5648"/>
            <trkpt lat="50.09247" lon="5.56481"/>
            <trkpt lat="50.09233" lon="5.56484"/>
            <trkpt lat="50.09218" lon="5.56491"/>
            <trkpt lat="50.09205" lon="5.56505"/>
            <trkpt lat="50.09176" lon="5.56551"/>
            <trkpt lat="50.0914" lon="5.56607"/>
            <trkpt lat="50.09115" lon="5.56639"/>
            <trkpt lat="50.09086" lon="5.56674"/>
            <trkpt lat="50.09065" lon="5.56699"/>
            <trkpt lat="50.09055" lon="5.56716"/>
            <trkpt lat="50.09045" lon="5.56735"/>
            <trkpt lat="50.09037" lon="5.56763"/>
            <trkpt lat="50.09015" lon="5.56837"/>
            <trkpt lat="50.08997" lon="5.56871"/>
            <trkpt lat="50.08951" lon="5.56938"/>
            <trkpt lat="50.08945" lon="5.56948"/>
            <trkpt lat="50.08939" lon="5.56971"/>
            <trkpt lat="50.0893" lon="5.57017"/>
            <trkpt lat="50.08922" lon="5.57036"/>
            <trkpt lat="50.08909" lon="5.5706"/>
            <trkpt lat="50.08863" lon="5.5711"/>
            <trkpt lat="50.08852" lon="5.57119"/>
            <trkpt lat="50.08825" lon="5.57129"/>
            <trkpt lat="50.08805" lon="5.5713"/>
            <trkpt lat="50.08709" lon="5.57106"/>
            <trkpt lat="50.0869" lon="5.57104"/>
            <trkpt lat="50.08678" lon="5.57105"/>
            <trkpt lat="50.08664" lon="5.57109"/>
            <trkpt lat="50.08634" lon="5.57127"/>
            <trkpt lat="50.0862" lon="5.57137"/>
            <trkpt lat="50.08588" lon="5.57157"/>
            <trkpt lat="50.08561" lon="5.57173"/>
            <trkpt lat="50.08554" lon="5.57177"/>
            <trkpt lat="50.0855" lon="5.5718"/>
            <trkpt lat="50.08543" lon="5.57183"/>
            <trkpt lat="50.08522" lon="5.57195"/>
            <trkpt lat="50.08495" lon="5.57209"/>
            <trkpt lat="50.08466" lon="5.57227"/>
            <trkpt lat="50.08457" lon="5.57234"/>
            <trkpt lat="50.08452" lon="5.5724"/>
            <trkpt lat="50.08448" lon="5.57246"/>
            <trkpt lat="50.08442" lon="5.57261"/>
            <trkpt lat="50.08432" lon="5.57291"/>
            <trkpt lat="50.08422" lon="5.57414"/>
            <trkpt lat="50.08414" lon="5.5747"/>
            <trkpt lat="50.08408" lon="5.57499"/>
            <trkpt lat="50.084" lon="5.57522"/>
            <trkpt lat="50.08389" lon="5.57544"/>
            <trkpt lat="50.08378" lon="5.5756"/>
            <trkpt lat="50.08359" lon="5.5758"/>
            <trkpt lat="50.08298" lon="5.57624"/>
            <trkpt lat="50.08282" lon="5.57643"/>
            <trkpt lat="50.08271" lon="5.57662"/>
            <trkpt lat="50.0826" lon="5.57688"/>
            <trkpt lat="50.08254" lon="5.57714"/>
            <trkpt lat="50.0825" lon="5.57741"/>
            <trkpt lat="50.08247" lon="5.57765"/>
            <trkpt lat="50.08246" lon="5.57818"/>
            <trkpt lat="50.08243" lon="5.57871"/>
            <trkpt lat="50.0824" lon="5.57905"/>
            <trkpt lat="50.08235" lon="5.57923"/>
            <trkpt lat="50.08228" lon="5.57938"/>
            <trkpt lat="50.08221" lon="5.57947"/>
            <trkpt lat="50.08215" lon="5.5795"/>
            <trkpt lat="50.08208" lon="5.57951"/>
            <trkpt lat="50.08183" lon="5.57951"/>
            <trkpt lat="50.08079" lon="5.57974"/>
            <trkpt lat="50.08035" lon="5.57974"/>
            <trkpt lat="50.08005" lon="5.57979"/>
            <trkpt lat="50.07961" lon="5.57997"/>
            <trkpt lat="50.07941" lon="5.57999"/>
            <trkpt lat="50.07922" lon="5.57996"/>
            <trkpt lat="50.07901" lon="5.57988"/>
            <trkpt lat="50.07848" lon="5.57964"/>
            <trkpt lat="50.07838" lon="5.57961"/>
            <trkpt lat="50.07831" lon="5.57963"/>
            <trkpt lat="50.07825" lon="5.57967"/>
            <trkpt lat="50.07816" lon="5.57975"/>
            <trkpt lat="50.07805" lon="5.57993"/>
            <trkpt lat="50.07793" lon="5.58015"/>
            <trkpt lat="50.07786" lon="5.58044"/>
            <trkpt lat="50.07781" lon="5.58071"/>
            <trkpt lat="50.0778" lon="5.58097"/>
            <trkpt lat="50.07782" lon="5.58105"/>
            <trkpt lat="50.07785" lon="5.58129"/>
            <trkpt lat="50.07796" lon="5.58168"/>
            <trkpt lat="50.07952" lon="5.58599"/>
            <trkpt lat="50.07962" lon="5.58629"/>
            <trkpt lat="50.07969" lon="5.58652"/>
            <trkpt lat="50.07972" lon="5.58674"/>
            <trkpt lat="50.07976" lon="5.58703"/>
            <trkpt lat="50.08032" lon="5.59304"/>
            <trkpt lat="50.08032" lon="5.59351"/>
            <trkpt lat="50.08029" lon="5.5941"/>
            <trkpt lat="50.08026" lon="5.59435"/>
            <trkpt lat="50.08022" lon="5.59459"/>
            <trkpt lat="50.08015" lon="5.59487"/>
            <trkpt lat="50.07886" lon="5.59942"/>
            <trkpt lat="50.07879" lon="5.59971"/>
            <trkpt lat="50.07876" lon="5.59988"/>
            <trkpt lat="50.07871" lon="5.60017"/>
            <trkpt lat="50.07866" lon="5.60067"/>
            <trkpt lat="50.07858" lon="5.60209"/>
            <trkpt lat="50.07853" lon="5.60239"/>
            <trkpt lat="50.07845" lon="5.60271"/>
            <trkpt lat="50.07834" lon="5.60303"/>
            <trkpt lat="50.07833" lon="5.60305"/>
            <trkpt lat="50.07819" lon="5.60334"/>
            <trkpt lat="50.07807" lon="5.60354"/>
            <trkpt lat="50.07795" lon="5.60369"/>
            <trkpt lat="50.07773" lon="5.60388"/>
            <trkpt lat="50.07753" lon="5.604"/>
            <trkpt lat="50.07732" lon="5.60409"/>
            <trkpt lat="50.07715" lon="5.6041"/>
            <trkpt lat="50.07691" lon="5.60405"/>
            <trkpt lat="50.07671" lon="5.60393"/>
            <trkpt lat="50.07635" lon="5.60369"/>
            <trkpt lat="50.0761" lon="5.60356"/>
            <trkpt lat="50.07586" lon="5.60348"/>
            <trkpt lat="50.07568" lon="5.60346"/>
            <trkpt lat="50.07558" lon="5.60344"/>
            <trkpt lat="50.0753" lon="5.60347"/>
            <trkpt lat="50.07494" lon="5.60353"/>
            <trkpt lat="50.07455" lon="5.60368"/>
            <trkpt lat="50.07425" lon="5.60385"/>
            <trkpt lat="50.07408" lon="5.60399"/>
            <trkpt lat="50.07382" lon="5.6043"/>
            <trkpt lat="50.07376" lon="5.60434"/>
            <trkpt lat="50.07365" lon="5.60433"/>
            <trkpt lat="50.07289" lon="5.604"/>
            <trkpt lat="50.07251" lon="5.60381"/>
            <trkpt lat="50.07172" lon="5.60331"/>
            <trkpt lat="50.07154" lon="5.60317"/>
            <trkpt lat="50.07138" lon="5.60303"/>
            <trkpt lat="50.07134" lon="5.60299"/>
            <trkpt lat="50.071" lon="5.60264"/>
            <trkpt lat="50.07091" lon="5.60258"/>
            <trkpt lat="50.07038" lon="5.60232"/>
            <trkpt lat="50.07011" lon="5.60216"/>
            <trkpt lat="50.06988" lon="5.60197"/>
            <trkpt lat="50.06965" lon="5.60175"/>
            <trkpt lat="50.06948" lon="5.60157"/>
            <trkpt lat="50.06932" lon="5.60143"/>
            <trkpt lat="50.06915" lon="5.60134"/>
            <trkpt lat="50.069" lon="5.6013"/>
            <trkpt lat="50.06878" lon="5.60128"/>
            <trkpt lat="50.06853" lon="5.60128"/>
            <trkpt lat="50.06782" lon="5.60135"/>
            <trkpt lat="50.06733" lon="5.60158"/>
            <trkpt lat="50.06682" lon="5.6018"/>
            <trkpt lat="50.06668" lon="5.60185"/>
            <trkpt lat="50.06555" lon="5.60243"/>
            <trkpt lat="50.06534" lon="5.60257"/>
            <trkpt lat="50.06519" lon="5.60272"/>
            <trkpt lat="50.06495" lon="5.60303"/>
            <trkpt lat="50.06392" lon="5.60438"/>
            <trkpt lat="50.06382" lon="5.6045"/>
            <trkpt lat="50.06358" lon="5.60474"/>
            <trkpt lat="50.06344" lon="5.60484"/>
            <trkpt lat="50.06296" lon="5.60514"/>
            <trkpt lat="50.06287" lon="5.60521"/>
            <trkpt lat="50.06279" lon="5.60531"/>
            <trkpt lat="50.06269" lon="5.60547"/>
            <trkpt lat="50.06258" lon="5.60575"/>
            <trkpt lat="50.06237" lon="5.60621"/>
            <trkpt lat="50.06214" lon="5.60656"/>
            <trkpt lat="50.06189" lon="5.60686"/>
            <trkpt lat="50.06167" lon="5.60715"/>
            <trkpt lat="50.06162" lon="5.60726"/>
            <trkpt lat="50.06153" lon="5.60751"/>
            <trkpt lat="50.06133" lon="5.60848"/>
            <trkpt lat="50.06121" lon="5.60895"/>
            <trkpt lat="50.06099" lon="5.60955"/>
            <trkpt lat="50.06093" lon="5.60968"/>
            <trkpt lat="50.06066" lon="5.61022"/>
            <trkpt lat="50.06055" lon="5.61036"/>
            <trkpt lat="50.06048" lon="5.61044"/>
            <trkpt lat="50.06038" lon="5.61056"/>
            <trkpt lat="50.06022" lon="5.61071"/>
            <trkpt lat="50.05992" lon="5.6109"/>
            <trkpt lat="50.05994" lon="5.61125"/>
            <trkpt lat="50.05996" lon="5.6113"/>
            <trkpt lat="50.06001" lon="5.61134"/>
            <trkpt lat="50.06023" lon="5.61145"/>
            <trkpt lat="50.06077" lon="5.61169"/>
            <trkpt lat="50.06076" lon="5.61185"/>
            <trkpt lat="50.06077" lon="5.61196"/>
            <trkpt lat="50.06079" lon="5.61204"/>
            <trkpt lat="50.06084" lon="5.61215"/>
            <trkpt lat="50.06123" lon="5.61275"/>
            <trkpt lat="50.06131" lon="5.61289"/>
            <trkpt lat="50.06135" lon="5.61305"/>
            <trkpt lat="50.06135" lon="5.61321"/>
            <trkpt lat="50.06134" lon="5.61334"/>
            <trkpt lat="50.06129" lon="5.61343"/>
            <trkpt lat="50.06118" lon="5.6136"/>
            <trkpt lat="50.06084" lon="5.6139"/>
            <trkpt lat="50.0607" lon="5.61411"/>
            <trkpt lat="50.06044" lon="5.61465"/>
            <trkpt lat="50.06039" lon="5.6147"/>
            <trkpt lat="50.06018" lon="5.61496"/>
            <trkpt lat="50.06011" lon="5.61542"/>
            <trkpt lat="50.06007" lon="5.61554"/>
            <trkpt lat="50.06015" lon="5.61578"/>
            <trkpt lat="50.0604" lon="5.6165"/>
            <trkpt lat="50.0606" lon="5.61688"/>
            <trkpt lat="50.06103" lon="5.61759"/>
            <trkpt lat="50.06161" lon="5.61859"/>
            <trkpt lat="50.06196" lon="5.61921"/>
            <trkpt lat="50.06207" lon="5.61945"/>
            <trkpt lat="50.06234" lon="5.62035"/>
            <trkpt lat="50.06258" lon="5.62118"/>
            <trkpt lat="50.06261" lon="5.62127"/>
            <trkpt lat="50.06262" lon="5.62137"/>
            <trkpt lat="50.06262" lon="5.62152"/>
            <trkpt lat="50.06261" lon="5.6216"/>
            <trkpt lat="50.06259" lon="5.6217"/>
            <trkpt lat="50.06256" lon="5.6218"/>
            <trkpt lat="50.06198" lon="5.62332"/>
            <trkpt lat="50.06195" lon="5.62346"/>
            <trkpt lat="50.06194" lon="5.6236"/>
            <trkpt lat="50.06196" lon="5.62375"/>
            <trkpt lat="50.06222" lon="5.62489"/>
            <trkpt lat="50.06225" lon="5.625"/>
            <trkpt lat="50.06256" lon="5.62608"/>
            <trkpt lat="50.06261" lon="5.62628"/>
            <trkpt lat="50.06265" lon="5.62657"/>
            <trkpt lat="50.06265" lon="5.6267"/>
            <trkpt lat="50.06264" lon="5.62689"/>
            <trkpt lat="50.06258" lon="5.6272"/>
            <trkpt lat="50.06244" lon="5.62792"/>
            <trkpt lat="50.06242" lon="5.62823"/>
            <trkpt lat="50.06244" lon="5.62841"/>
            <trkpt lat="50.06249" lon="5.62857"/>
            <trkpt lat="50.06255" lon="5.62873"/>
            <trkpt lat="50.0627" lon="5.62895"/>
            <trkpt lat="50.06278" lon="5.62902"/>
            <trkpt lat="50.06291" lon="5.62909"/>
            <trkpt lat="50.063" lon="5.62911"/>
            <trkpt lat="50.06317" lon="5.6291"/>
            <trkpt lat="50.06408" lon="5.62896"/>
            <trkpt lat="50.06427" lon="5.62896"/>
            <trkpt lat="50.06442" lon="5.62901"/>
            <trkpt lat="50.06462" lon="5.62907"/>
            <trkpt lat="50.06482" lon="5.62918"/>
            <trkpt lat="50.06515" lon="5.62942"/>
            <trkpt lat="50.06804" lon="5.6319"/>
            <trkpt lat="50.06839" lon="5.63228"/>
            <trkpt lat="50.0685" lon="5.63244"/>
            <trkpt lat="50.06859" lon="5.6326"/>
            <trkpt lat="50.0688" lon="5.63312"/>
            <trkpt lat="50.06891" lon="5.63352"/>
            <trkpt lat="50.06944" lon="5.63564"/>
            <trkpt lat="50.06954" lon="5.63599"/>
            <trkpt lat="50.06988" lon="5.63728"/>
            <trkpt lat="50.06993" lon="5.63755"/>
            <trkpt lat="50.06994" lon="5.63775"/>
            <trkpt lat="50.06994" lon="5.6379"/>
            <trkpt lat="50.06995" lon="5.63804"/>
            <trkpt lat="50.06996" lon="5.63827"/>
            <trkpt lat="50.07003" lon="5.63869"/>
            <trkpt lat="50.07009" lon="5.63891"/>
            <trkpt lat="50.07012" lon="5.63904"/>
            <trkpt lat="50.07022" lon="5.63933"/>
            <trkpt lat="50.07116" lon="5.6414"/>
            <trkpt lat="50.07137" lon="5.64183"/>
            <trkpt lat="50.07152" lon="5.64218"/>
            <trkpt lat="50.07172" lon="5.64274"/>
            <trkpt lat="50.07174" lon="5.64279"/>
            <trkpt lat="50.07221" lon="5.64408"/>
            <trkpt lat="50.07234" lon="5.64443"/>
            <trkpt lat="50.07237" lon="5.64453"/>
            <trkpt lat="50.07265" lon="5.64533"/>
            <trkpt lat="50.07277" lon="5.64562"/>
            <trkpt lat="50.07293" lon="5.64595"/>
            <trkpt lat="50.07338" lon="5.64697"/>
            <trkpt lat="50.07361" lon="5.6475"/>
            <trkpt lat="50.07371" lon="5.64778"/>
            <trkpt lat="50.07388" lon="5.64839"/>
            <trkpt lat="50.074" lon="5.64902"/>
            <trkpt lat="50.07417" lon="5.65022"/>
            <trkpt lat="50.07419" lon="5.65036"/>
            <trkpt lat="50.07473" lon="5.65384"/>
            <trkpt lat="50.07485" lon="5.65452"/>
            <trkpt lat="50.07499" lon="5.65496"/>
            <trkpt lat="50.07511" lon="5.65528"/>
            <trkpt lat="50.07527" lon="5.65559"/>
            <trkpt lat="50.07547" lon="5.65594"/>
            <trkpt lat="50.07556" lon="5.65609"/>
            <trkpt lat="50.07568" lon="5.65624"/>
            <trkpt lat="50.07744" lon="5.65847"/>
            <trkpt lat="50.07805" lon="5.65928"/>
            <trkpt lat="50.07891" lon="5.66038"/>
            <trkpt lat="50.07937" lon="5.66098"/>
            <trkpt lat="50.07972" lon="5.66146"/>
            <trkpt lat="50.07996" lon="5.66183"/>
            <trkpt lat="50.08007" lon="5.66203"/>
            <trkpt lat="50.08022" lon="5.6624"/>
            <trkpt lat="50.08026" lon="5.66253"/>
            <trkpt lat="50.08031" lon="5.66266"/>
            <trkpt lat="50.08037" lon="5.66292"/>
            <trkpt lat="50.08043" lon="5.66324"/>
            <trkpt lat="50.08045" lon="5.66351"/>
            <trkpt lat="50.08047" lon="5.66372"/>
            <trkpt lat="50.08049" lon="5.664"/>
            <trkpt lat="50.08048" lon="5.66437"/>
            <trkpt lat="50.08046" lon="5.66469"/>
            <trkpt lat="50.08043" lon="5.6647"/>
            <trkpt lat="50.08041" lon="5.66473"/>
            <trkpt lat="50.08039" lon="5.66476"/>
            <trkpt lat="50.08037" lon="5.66483"/>
            <trkpt lat="50.08037" lon="5.66489"/>
            <trkpt lat="50.08038" lon="5.66497"/>
            <trkpt lat="50.08041" lon="5.66503"/>
            <trkpt lat="50.08045" lon="5.66507"/>
            <trkpt lat="50.08048" lon="5.66508"/>
            <trkpt lat="50.08051" lon="5.66508"/>
            <trkpt lat="50.08053" lon="5.66507"/>
            <trkpt lat="50.08055" lon="5.66506"/>
            <trkpt lat="50.08058" lon="5.66503"/>
            <trkpt lat="50.0806" lon="5.66499"/>
            <trkpt lat="50.08062" lon="5.66494"/>
            <trkpt lat="50.08062" lon="5.6649"/>
            <trkpt lat="50.08062" lon="5.66487"/>
            <trkpt lat="50.08076" lon="5.66488"/>
            <trkpt lat="50.08094" lon="5.66494"/>
            <trkpt lat="50.08103" lon="5.66501"/>
            <trkpt lat="50.08135" lon="5.66525"/>
            <trkpt lat="50.0826" lon="5.66655"/>
            <trkpt lat="50.0828" lon="5.66678"/>
            <trkpt lat="50.08311" lon="5.66708"/>
            <trkpt lat="50.08339" lon="5.66728"/>
            <trkpt lat="50.0837" lon="5.66747"/>
            <trkpt lat="50.0844" lon="5.66781"/>
            <trkpt lat="50.08467" lon="5.668"/>
            <trkpt lat="50.08471" lon="5.66803"/>
            <trkpt lat="50.08479" lon="5.66812"/>
            <trkpt lat="50.08487" lon="5.66824"/>
            <trkpt lat="50.08474" lon="5.66852"/>
            <trkpt lat="50.08469" lon="5.66871"/>
            <trkpt lat="50.08465" lon="5.66895"/>
            <trkpt lat="50.08463" lon="5.6691"/>
            <trkpt lat="50.08483" lon="5.66919"/>
            <trkpt lat="50.08488" lon="5.66924"/>
            <trkpt lat="50.08509" lon="5.6695"/>
            <trkpt lat="50.08517" lon="5.66955"/>
            <trkpt lat="50.0852" lon="5.66957"/>
            <trkpt lat="50.08523" lon="5.66958"/>
            <trkpt lat="50.08526" lon="5.66958"/>
            <trkpt lat="50.08529" lon="5.66958"/>
            <trkpt lat="50.08531" lon="5.66956"/>
            <trkpt lat="50.08539" lon="5.66998"/>
            <trkpt lat="50.08546" lon="5.67014"/>
            <trkpt lat="50.08552" lon="5.67025"/>
            <trkpt lat="50.08562" lon="5.67035"/>
            <trkpt lat="50.08565" lon="5.67038"/>
            <trkpt lat="50.08571" lon="5.67041"/>
            <trkpt lat="50.08578" lon="5.67042"/>
            <trkpt lat="50.08586" lon="5.67039"/>
            <trkpt lat="50.08591" lon="5.67033"/>
            <trkpt lat="50.08627" lon="5.66976"/>
            <trkpt lat="50.08639" lon="5.66967"/>
            <trkpt lat="50.08654" lon="5.66957"/>
            <trkpt lat="50.08685" lon="5.6695"/>
            <trkpt lat="50.08701" lon="5.66949"/>
            <trkpt lat="50.08712" lon="5.66948"/>
            <trkpt lat="50.08723" lon="5.6695"/>
            <trkpt lat="50.08729" lon="5.66951"/>
            <trkpt lat="50.08753" lon="5.66957"/>
            <trkpt lat="50.08769" lon="5.66966"/>
            <trkpt lat="50.08788" lon="5.66977"/>
            <trkpt lat="50.08826" lon="5.67006"/>
            <trkpt lat="50.08838" lon="5.6702"/>
            <trkpt lat="50.08908" lon="5.67113"/>
            <trkpt lat="50.08946" lon="5.67159"/>
            <trkpt lat="50.08982" lon="5.672"/>
            <trkpt lat="50.0901" lon="5.67249"/>
            <trkpt lat="50.09053" lon="5.67345"/>
            <trkpt lat="50.09083" lon="5.674"/>
            <trkpt lat="50.09099" lon="5.67429"/>
            <trkpt lat="50.09127" lon="5.67465"/>
            <trkpt lat="50.09139" lon="5.67476"/>
            <trkpt lat="50.09151" lon="5.67485"/>
            <trkpt lat="50.09177" lon="5.67499"/>
            <trkpt lat="50.09209" lon="5.67509"/>
            <trkpt lat="50.09225" lon="5.6751"/>
            <trkpt lat="50.09235" lon="5.6751"/>
            <trkpt lat="50.09244" lon="5.67505"/>
            <trkpt lat="50.09268" lon="5.6749"/>
            <trkpt lat="50.09298" lon="5.67461"/>
            <trkpt lat="50.09333" lon="5.67438"/>
            <trkpt lat="50.09351" lon="5.67433"/>
            <trkpt lat="50.09376" lon="5.67428"/>
            <trkpt lat="50.09405" lon="5.67435"/>
            <trkpt lat="50.0946" lon="5.67459"/>
            <trkpt lat="50.09519" lon="5.67481"/>
            <trkpt lat="50.09577" lon="5.67497"/>
            <trkpt lat="50.09593" lon="5.67503"/>
            <trkpt lat="50.09649" lon="5.67526"/>
            <trkpt lat="50.09677" lon="5.67545"/>
            <trkpt lat="50.09726" lon="5.67593"/>
            <trkpt lat="50.0975" lon="5.6761"/>
            <trkpt lat="50.09755" lon="5.67612"/>
            <trkpt lat="50.09761" lon="5.67612"/>
            <trkpt lat="50.09766" lon="5.6761"/>
            <trkpt lat="50.09769" lon="5.67609"/>
            <trkpt lat="50.09776" lon="5.67605"/>
            <trkpt lat="50.09782" lon="5.67596"/>
            <trkpt lat="50.09785" lon="5.67589"/>
            <trkpt lat="50.09789" lon="5.67576"/>
            <trkpt lat="50.09792" lon="5.67526"/>
            <trkpt lat="50.09795" lon="5.67503"/>
            <trkpt lat="50.09799" lon="5.67481"/>
            <trkpt lat="50.09809" lon="5.67454"/>
            <trkpt lat="50.09825" lon="5.67418"/>
            <trkpt lat="50.09847" lon="5.67383"/>
            <trkpt lat="50.09868" lon="5.67357"/>
            <trkpt lat="50.09883" lon="5.67345"/>
            <trkpt lat="50.09899" lon="5.67335"/>
            <trkpt lat="50.09925" lon="5.67326"/>
            <trkpt lat="50.09941" lon="5.67322"/>
            <trkpt lat="50.0996" lon="5.67319"/>
            <trkpt lat="50.09997" lon="5.67324"/>
            <trkpt lat="50.10018" lon="5.67331"/>
            <trkpt lat="50.10086" lon="5.67365"/>
            <trkpt lat="50.10111" lon="5.67365"/>
            <trkpt lat="50.1012" lon="5.67361"/>
            <trkpt lat="50.10127" lon="5.67355"/>
            <trkpt lat="50.10138" lon="5.67342"/>
            <trkpt lat="50.10182" lon="5.67281"/>
            <trkpt lat="50.10207" lon="5.6725"/>
            <trkpt lat="50.10219" lon="5.67238"/>
            <trkpt lat="50.10287" lon="5.6719"/>
            <trkpt lat="50.1031" lon="5.67165"/>
            <trkpt lat="50.10325" lon="5.67142"/>
            <trkpt lat="50.10338" lon="5.6711"/>
            <trkpt lat="50.10364" lon="5.67025"/>
            <trkpt lat="50.10375" lon="5.66984"/>
            <trkpt lat="50.10385" lon="5.6692"/>
            <trkpt lat="50.10387" lon="5.66895"/>
            <trkpt lat="50.10388" lon="5.66868"/>
            <trkpt lat="50.10387" lon="5.66841"/>
            <trkpt lat="50.10386" lon="5.66759"/>
            <trkpt lat="50.10391" lon="5.66651"/>
            <trkpt lat="50.10398" lon="5.66596"/>
            <trkpt lat="50.10404" lon="5.66565"/>
            <trkpt lat="50.10416" lon="5.66522"/>
            <trkpt lat="50.10428" lon="5.66491"/>
            <trkpt lat="50.10451" lon="5.66437"/>
            <trkpt lat="50.10464" lon="5.66411"/>
            <trkpt lat="50.10483" lon="5.66378"/>
            <trkpt lat="50.105" lon="5.66342"/>
            <trkpt lat="50.10518" lon="5.66293"/>
            <trkpt lat="50.10531" lon="5.66244"/>
            <trkpt lat="50.10572" lon="5.66058"/>
            <trkpt lat="50.10576" lon="5.66027"/>
            <trkpt lat="50.10572" lon="5.65991"/>
            <trkpt lat="50.10567" lon="5.65965"/>
            <trkpt lat="50.10555" lon="5.65932"/>
            <trkpt lat="50.10547" lon="5.65921"/>
            <trkpt lat="50.10535" lon="5.65913"/>
            <trkpt lat="50.105" lon="5.65896"/>
            <trkpt lat="50.10463" lon="5.65871"/>
            <trkpt lat="50.10436" lon="5.6585"/>
            <trkpt lat="50.10414" lon="5.65828"/>
            <trkpt lat="50.10392" lon="5.658"/>
            <trkpt lat="50.10371" lon="5.65768"/>
            <trkpt lat="50.10355" lon="5.6574"/>
            <trkpt lat="50.10318" lon="5.65669"/>
            <trkpt lat="50.10296" lon="5.65607"/>
            <trkpt lat="50.10278" lon="5.65498"/>
            <trkpt lat="50.10276" lon="5.65431"/>
            <trkpt lat="50.10277" lon="5.65403"/>
            <trkpt lat="50.10283" lon="5.65378"/>
            <trkpt lat="50.1029" lon="5.65353"/>
            <trkpt lat="50.10313" lon="5.65303"/>
            <trkpt lat="50.10326" lon="5.65281"/>
            <trkpt lat="50.10331" lon="5.65271"/>
            <trkpt lat="50.10348" lon="5.65248"/>
            <trkpt lat="50.10392" lon="5.65211"/>
            <trkpt lat="50.10411" lon="5.652"/>
            <trkpt lat="50.10432" lon="5.65193"/>
            <trkpt lat="50.10452" lon="5.65192"/>
            <trkpt lat="50.10482" lon="5.65191"/>
            <trkpt lat="50.10554" lon="5.65205"/>
            <trkpt lat="50.10639" lon="5.65226"/>
            <trkpt lat="50.10663" lon="5.65229"/>
            <trkpt lat="50.10686" lon="5.6523"/>
            <trkpt lat="50.10712" lon="5.65227"/>
            <trkpt lat="50.10727" lon="5.65221"/>
            <trkpt lat="50.1075" lon="5.65205"/>
            <trkpt lat="50.10774" lon="5.65177"/>
            <trkpt lat="50.10807" lon="5.65123"/>
            <trkpt lat="50.10824" lon="5.65074"/>
            <trkpt lat="50.1083" lon="5.65048"/>
            <trkpt lat="50.10836" lon="5.65017"/>
            <trkpt lat="50.10837" lon="5.64998"/>
            <trkpt lat="50.10837" lon="5.64952"/>
            <trkpt lat="50.10835" lon="5.64922"/>
            <trkpt lat="50.10829" lon="5.64891"/>
            <trkpt lat="50.10812" lon="5.64847"/>
            <trkpt lat="50.10726" lon="5.64697"/>
            <trkpt lat="50.10696" lon="5.64645"/>
            <trkpt lat="50.10686" lon="5.64628"/>
            <trkpt lat="50.10674" lon="5.64607"/>
            <trkpt lat="50.1063" lon="5.64539"/>
            <trkpt lat="50.10613" lon="5.64523"/>
            <trkpt lat="50.10598" lon="5.64514"/>
            <trkpt lat="50.10585" lon="5.64507"/>
            <trkpt lat="50.10556" lon="5.64501"/>
            <trkpt lat="50.10527" lon="5.64501"/>
            <trkpt lat="50.10485" lon="5.64498"/>
            <trkpt lat="50.10418" lon="5.64489"/>
            <trkpt lat="50.10394" lon="5.64487"/>
            <trkpt lat="50.10364" lon="5.64489"/>
            <trkpt lat="50.1035" lon="5.64485"/>
            <trkpt lat="50.1032" lon="5.64468"/>
            <trkpt lat="50.10302" lon="5.64451"/>
            <trkpt lat="50.10283" lon="5.64415"/>
            <trkpt lat="50.10276" lon="5.6439"/>
            <trkpt lat="50.1027" lon="5.64351"/>
            <trkpt lat="50.10271" lon="5.64294"/>
            <trkpt lat="50.10273" lon="5.64266"/>
            <trkpt lat="50.10275" lon="5.64245"/>
            <trkpt lat="50.1028" lon="5.64225"/>
            <trkpt lat="50.10288" lon="5.64203"/>
            <trkpt lat="50.10304" lon="5.64177"/>
            <trkpt lat="50.10316" lon="5.64164"/>
            <trkpt lat="50.10356" lon="5.6414"/>
            <trkpt lat="50.10388" lon="5.64125"/>
            <trkpt lat="50.10482" lon="5.64061"/>
            <trkpt lat="50.10489" lon="5.64069"/>
            <trkpt lat="50.10491" lon="5.6407"/>
            <trkpt lat="50.10497" lon="5.64071"/>
            <trkpt lat="50.10501" lon="5.64071"/>
            <trkpt lat="50.10524" lon="5.64064"/>
            <trkpt lat="50.10543" lon="5.64057"/>
            <trkpt lat="50.10581" lon="5.64032"/>
            <trkpt lat="50.10598" lon="5.64018"/>
            <trkpt lat="50.10615" lon="5.64006"/>
            <trkpt lat="50.10628" lon="5.64001"/>
            <trkpt lat="50.10652" lon="5.63998"/>
            <trkpt lat="50.10672" lon="5.64002"/>
            <trkpt lat="50.10687" lon="5.64008"/>
            <trkpt lat="50.10709" lon="5.64022"/>
            <trkpt lat="50.10755" lon="5.6407"/>
            <trkpt lat="50.10786" lon="5.64097"/>
            <trkpt lat="50.10802" lon="5.64109"/>
            <trkpt lat="50.1082" lon="5.64115"/>
            <trkpt lat="50.10841" lon="5.64116"/>
            <trkpt lat="50.10876" lon="5.64113"/>
            <trkpt lat="50.10897" lon="5.64107"/>
            <trkpt lat="50.10916" lon="5.64105"/>
            <trkpt lat="50.10951" lon="5.64106"/>
            <trkpt lat="50.1097" lon="5.64112"/>
            <trkpt lat="50.10987" lon="5.64119"/>
            <trkpt lat="50.11063" lon="5.6417"/>
            <trkpt lat="50.11077" lon="5.64172"/>
            <trkpt lat="50.11083" lon="5.64172"/>
            <trkpt lat="50.11091" lon="5.64168"/>
            <trkpt lat="50.11116" lon="5.64146"/>
            <trkpt lat="50.11148" lon="5.6411"/>
            <trkpt lat="50.11158" lon="5.64097"/>
            <trkpt lat="50.11163" lon="5.64088"/>
            <trkpt lat="50.11175" lon="5.64047"/>
            <trkpt lat="50.11194" lon="5.63999"/>
            <trkpt lat="50.11209" lon="5.63971"/>
            <trkpt lat="50.11215" lon="5.63963"/>
            <trkpt lat="50.1123" lon="5.63948"/>
            <trkpt lat="50.11244" lon="5.63932"/>
            <trkpt lat="50.11277" lon="5.63903"/>
            <trkpt lat="50.11299" lon="5.63885"/>
            <trkpt lat="50.11364" lon="5.63845"/>
            <trkpt lat="50.11384" lon="5.63833"/>
            <trkpt lat="50.11392" lon="5.6383"/>
            <trkpt lat="50.11409" lon="5.6383"/>
            <trkpt lat="50.11424" lon="5.63843"/>
            <trkpt lat="50.11431" lon="5.63853"/>
            <trkpt lat="50.11457" lon="5.63896"/>
            <trkpt lat="50.11467" lon="5.63911"/>
            <trkpt lat="50.11474" lon="5.63913"/>
            <trkpt lat="50.11487" lon="5.6391"/>
            <trkpt lat="50.11501" lon="5.64006"/>
            <trkpt lat="50.1151" lon="5.6404"/>
            <trkpt lat="50.11518" lon="5.64066"/>
            <trkpt lat="50.11536" lon="5.641"/>
            <trkpt lat="50.11539" lon="5.64106"/>
            <trkpt lat="50.11551" lon="5.64122"/>
            <trkpt lat="50.11564" lon="5.64139"/>
            <trkpt lat="50.11598" lon="5.64162"/>
            <trkpt lat="50.11615" lon="5.64168"/>
            <trkpt lat="50.11656" lon="5.64178"/>
            <trkpt lat="50.11677" lon="5.64177"/>
            <trkpt lat="50.11714" lon="5.6417"/>
            <trkpt lat="50.11729" lon="5.64163"/>
            <trkpt lat="50.11746" lon="5.64153"/>
            <trkpt lat="50.11785" lon="5.64116"/>
            <trkpt lat="50.11831" lon="5.64063"/>
            <trkpt lat="50.11859" lon="5.64043"/>
            <trkpt lat="50.11888" lon="5.6403"/>
            <trkpt lat="50.11907" lon="5.64024"/>
            <trkpt lat="50.11929" lon="5.64021"/>
            <trkpt lat="50.11963" lon="5.6402"/>
            <trkpt lat="50.12018" lon="5.64019"/>
            <trkpt lat="50.12042" lon="5.64016"/>
            <trkpt lat="50.12075" lon="5.64006"/>
            <trkpt lat="50.12087" lon="5.64001"/>
            <trkpt lat="50.12242" lon="5.63946"/>
            <trkpt lat="50.12295" lon="5.63927"/>
            <trkpt lat="50.12314" lon="5.63926"/>
            <trkpt lat="50.12326" lon="5.63929"/>
            <trkpt lat="50.12341" lon="5.63937"/>
            <trkpt lat="50.12361" lon="5.63952"/>
            <trkpt lat="50.12421" lon="5.63999"/>
            <trkpt lat="50.1245" lon="5.64021"/>
            <trkpt lat="50.12468" lon="5.64028"/>
            <trkpt lat="50.12485" lon="5.64028"/>
            <trkpt lat="50.12491" lon="5.64024"/>
            <trkpt lat="50.12495" lon="5.6402"/>
            <trkpt lat="50.12509" lon="5.64004"/>
            <trkpt lat="50.12623" lon="5.63847"/>
            <trkpt lat="50.12655" lon="5.63804"/>
            <trkpt lat="50.12681" lon="5.63755"/>
            <trkpt lat="50.12696" lon="5.63724"/>
            <trkpt lat="50.12764" lon="5.63585"/>
            <trkpt lat="50.12804" lon="5.63508"/>
            <trkpt lat="50.12829" lon="5.63468"/>
            <trkpt lat="50.12839" lon="5.63454"/>
            <trkpt lat="50.12885" lon="5.63399"/>
            <trkpt lat="50.12895" lon="5.63388"/>
            <trkpt lat="50.12914" lon="5.63422"/>
            <trkpt lat="50.12935" lon="5.63456"/>
            <trkpt lat="50.13077" lon="5.63656"/>
            <trkpt lat="50.13131" lon="5.63742"/>
            <trkpt lat="50.13205" lon="5.6387"/>
            <trkpt lat="50.1333" lon="5.64074"/>
            <trkpt lat="50.13357" lon="5.6412"/>
            <trkpt lat="50.1337" lon="5.64144"/>
            <trkpt lat="50.13382" lon="5.6417"/>
            <trkpt lat="50.13463" lon="5.64333"/>
            <trkpt lat="50.13478" lon="5.64374"/>
            <trkpt lat="50.13522" lon="5.6454"/>
            <trkpt lat="50.13539" lon="5.64604"/>
            <trkpt lat="50.13554" lon="5.64652"/>
            <trkpt lat="50.13568" lon="5.64697"/>
            <trkpt lat="50.1357" lon="5.64702"/>
            <trkpt lat="50.13576" lon="5.64722"/>
            <trkpt lat="50.13581" lon="5.64733"/>
            <trkpt lat="50.13585" lon="5.6474"/>
            <trkpt lat="50.13588" lon="5.64744"/>
            <trkpt lat="50.13655" lon="5.64845"/>
            <trkpt lat="50.13776" lon="5.6503"/>
            <trkpt lat="50.1381" lon="5.65093"/>
            <trkpt lat="50.13849" lon="5.65184"/>
            <trkpt lat="50.13868" lon="5.65225"/>
            <trkpt lat="50.13992" lon="5.65468"/>
            <trkpt lat="50.14005" lon="5.6549"/>
            <trkpt lat="50.14023" lon="5.65513"/>
            <trkpt lat="50.1403" lon="5.65519"/>
            <trkpt lat="50.14032" lon="5.65521"/>
            <trkpt lat="50.14046" lon="5.6553"/>
            <trkpt lat="50.14058" lon="5.65534"/>
            <trkpt lat="50.14068" lon="5.65536"/>
            <trkpt lat="50.14096" lon="5.65533"/>
            <trkpt lat="50.1416" lon="5.6552"/>
            <trkpt lat="50.14164" lon="5.65519"/>
            <trkpt lat="50.14181" lon="5.65518"/>
            <trkpt lat="50.1419" lon="5.6552"/>
            <trkpt lat="50.14203" lon="5.65525"/>
            <trkpt lat="50.14216" lon="5.65534"/>
            <trkpt lat="50.14226" lon="5.65545"/>
            <trkpt lat="50.14234" lon="5.65555"/>
            <trkpt lat="50.14251" lon="5.65593"/>
            <trkpt lat="50.14258" lon="5.65614"/>
            <trkpt lat="50.14331" lon="5.65907"/>
            <trkpt lat="50.14352" lon="5.65984"/>
            <trkpt lat="50.14382" lon="5.66082"/>
            <trkpt lat="50.1442" lon="5.66208"/>
            <trkpt lat="50.14436" lon="5.66251"/>
            <trkpt lat="50.14453" lon="5.66281"/>
            <trkpt lat="50.14468" lon="5.66312"/>
            <trkpt lat="50.14481" lon="5.66333"/>
            <trkpt lat="50.14515" lon="5.66384"/>
            <trkpt lat="50.14576" lon="5.6649"/>
            <trkpt lat="50.14591" lon="5.66523"/>
            <trkpt lat="50.14593" lon="5.66527"/>
            <trkpt lat="50.14613" lon="5.66587"/>
            <trkpt lat="50.1463" lon="5.66627"/>
            <trkpt lat="50.14632" lon="5.66632"/>
            <trkpt lat="50.14642" lon="5.66648"/>
            <trkpt lat="50.14657" lon="5.66672"/>
            <trkpt lat="50.14691" lon="5.66727"/>
            <trkpt lat="50.14761" lon="5.66831"/>
            <trkpt lat="50.14784" lon="5.66867"/>
            <trkpt lat="50.14801" lon="5.66895"/>
            <trkpt lat="50.14809" lon="5.66908"/>
            <trkpt lat="50.14863" lon="5.66986"/>
            <trkpt lat="50.14873" lon="5.67007"/>
            <trkpt lat="50.14883" lon="5.67021"/>
            <trkpt lat="50.14906" lon="5.67052"/>
            <trkpt lat="50.14926" lon="5.67083"/>
            <trkpt lat="50.14933" lon="5.67096"/>
            <trkpt lat="50.14947" lon="5.67122"/>
            <trkpt lat="50.14963" lon="5.67157"/>
            <trkpt lat="50.1497" lon="5.67184"/>
            <trkpt lat="50.14976" lon="5.6721"/>
            <trkpt lat="50.14976" lon="5.67232"/>
            <trkpt lat="50.14969" lon="5.67266"/>
            <trkpt lat="50.14964" lon="5.6728"/>
            <trkpt lat="50.14951" lon="5.67293"/>
            <trkpt lat="50.14906" lon="5.67315"/>
            <trkpt lat="50.14866" lon="5.67338"/>
            <trkpt lat="50.14838" lon="5.67346"/>
            <trkpt lat="50.14822" lon="5.67348"/>
            <trkpt lat="50.14799" lon="5.67349"/>
            <trkpt lat="50.14745" lon="5.67355"/>
            <trkpt lat="50.14654" lon="5.67371"/>
            <trkpt lat="50.14635" lon="5.67377"/>
            <trkpt lat="50.14571" lon="5.67406"/>
            <trkpt lat="50.14559" lon="5.67408"/>
            <trkpt lat="50.14524" lon="5.67421"/>
            <trkpt lat="50.14487" lon="5.67429"/>
            <trkpt lat="50.14388" lon="5.67444"/>
            <trkpt lat="50.14333" lon="5.67455"/>
            <trkpt lat="50.14315" lon="5.67456"/>
            <trkpt lat="50.14278" lon="5.67462"/>
            <trkpt lat="50.14239" lon="5.67465"/>
            <trkpt lat="50.14183" lon="5.67466"/>
            <trkpt lat="50.1416" lon="5.67464"/>
            <trkpt lat="50.14146" lon="5.67463"/>
            <trkpt lat="50.14132" lon="5.67459"/>
            <trkpt lat="50.14113" lon="5.67451"/>
            <trkpt lat="50.14069" lon="5.67421"/>
            <trkpt lat="50.14062" lon="5.67416"/>
            <trkpt lat="50.14048" lon="5.67403"/>
            <trkpt lat="50.14035" lon="5.67389"/>
            <trkpt lat="50.14025" lon="5.67366"/>
            <trkpt lat="50.14017" lon="5.67335"/>
            <trkpt lat="50.14016" lon="5.6729"/>
            <trkpt lat="50.14019" lon="5.67273"/>
            <trkpt lat="50.14028" lon="5.67241"/>
            <trkpt lat="50.14029" lon="5.67223"/>
            <trkpt lat="50.14027" lon="5.67207"/>
            <trkpt lat="50.14024" lon="5.6719"/>
            <trkpt lat="50.14021" lon="5.6718"/>
            <trkpt lat="50.1402" lon="5.67172"/>
            <trkpt lat="50.14016" lon="5.67153"/>
            <trkpt lat="50.14011" lon="5.67123"/>
            <trkpt lat="50.14009" lon="5.67119"/>
            <trkpt lat="50.14006" lon="5.67116"/>
            <trkpt lat="50.14001" lon="5.67116"/>
            <trkpt lat="50.13998" lon="5.67117"/>
            <trkpt lat="50.13986" lon="5.67126"/>
            <trkpt lat="50.13981" lon="5.67131"/>
            <trkpt lat="50.13966" lon="5.67153"/>
            <trkpt lat="50.13956" lon="5.67173"/>
            <trkpt lat="50.13945" lon="5.67201"/>
            <trkpt lat="50.13938" lon="5.67234"/>
            <trkpt lat="50.13934" lon="5.67276"/>
            <trkpt lat="50.13933" lon="5.67317"/>
            <trkpt lat="50.13936" lon="5.67346"/>
            <trkpt lat="50.13941" lon="5.67382"/>
            <trkpt lat="50.13947" lon="5.6741"/>
            <trkpt lat="50.13956" lon="5.67438"/>
            <trkpt lat="50.13974" lon="5.67479"/>
            <trkpt lat="50.1399" lon="5.67504"/>
            <trkpt lat="50.14036" lon="5.67563"/>
            <trkpt lat="50.14066" lon="5.67598"/>
            <trkpt lat="50.14077" lon="5.67607"/>
            <trkpt lat="50.14088" lon="5.67617"/>
            <trkpt lat="50.14116" lon="5.67637"/>
            <trkpt lat="50.14153" lon="5.67668"/>
            <trkpt lat="50.1416" lon="5.67675"/>
            <trkpt lat="50.14187" lon="5.67702"/>
            <trkpt lat="50.14211" lon="5.67724"/>
            <trkpt lat="50.14229" lon="5.67733"/>
            <trkpt lat="50.14243" lon="5.67736"/>
            <trkpt lat="50.14268" lon="5.6774"/>
            <trkpt lat="50.14278" lon="5.67739"/>
            <trkpt lat="50.14313" lon="5.6773"/>
            <trkpt lat="50.14328" lon="5.67729"/>
            <trkpt lat="50.14336" lon="5.6773"/>
            <trkpt lat="50.14344" lon="5.67734"/>
            <trkpt lat="50.14353" lon="5.67741"/>
            <trkpt lat="50.14357" lon="5.67746"/>
            <trkpt lat="50.14361" lon="5.67751"/>
            <trkpt lat="50.14364" lon="5.6776"/>
            <trkpt lat="50.14366" lon="5.67771"/>
            <trkpt lat="50.14367" lon="5.67787"/>
            <trkpt lat="50.14363" lon="5.67814"/>
            <trkpt lat="50.14349" lon="5.67885"/>
            <trkpt lat="50.1433" lon="5.67974"/>
            <trkpt lat="50.14307" lon="5.68053"/>
            <trkpt lat="50.14274" lon="5.68169"/>
            <trkpt lat="50.14261" lon="5.68222"/>
            <trkpt lat="50.14254" lon="5.6826"/>
            <trkpt lat="50.1425" lon="5.68297"/>
            <trkpt lat="50.14248" lon="5.68349"/>
            <trkpt lat="50.14251" lon="5.68522"/>
            <trkpt lat="50.14252" lon="5.68548"/>
            <trkpt lat="50.14258" lon="5.68598"/>
            <trkpt lat="50.14292" lon="5.68836"/>
            <trkpt lat="50.14294" lon="5.68876"/>
            <trkpt lat="50.14293" lon="5.68891"/>
            <trkpt lat="50.14292" lon="5.68901"/>
            <trkpt lat="50.14289" lon="5.68912"/>
            <trkpt lat="50.14264" lon="5.68988"/>
            <trkpt lat="50.14257" lon="5.69008"/>
            <trkpt lat="50.14241" lon="5.69052"/>
            <trkpt lat="50.14228" lon="5.69092"/>
            <trkpt lat="50.14193" lon="5.69199"/>
            <trkpt lat="50.1416" lon="5.69306"/>
            <trkpt lat="50.14149" lon="5.69341"/>
            <trkpt lat="50.14144" lon="5.69362"/>
            <trkpt lat="50.14137" lon="5.69413"/>
            <trkpt lat="50.1412" lon="5.6955"/>
            <trkpt lat="50.14118" lon="5.69574"/>
            <trkpt lat="50.14118" lon="5.69605"/>
            <trkpt lat="50.1412" lon="5.6963"/>
            <trkpt lat="50.14126" lon="5.69656"/>
            <trkpt lat="50.14129" lon="5.69668"/>
            <trkpt lat="50.14141" lon="5.69709"/>
            <trkpt lat="50.1416" lon="5.69757"/>
            <trkpt lat="50.14175" lon="5.69796"/>
            <trkpt lat="50.14207" lon="5.69865"/>
            <trkpt lat="50.14269" lon="5.69966"/>
            <trkpt lat="50.14296" lon="5.69998"/>
            <trkpt lat="50.14302" lon="5.70004"/>
            <trkpt lat="50.14311" lon="5.7001"/>
            <trkpt lat="50.14336" lon="5.70035"/>
            <trkpt lat="50.14359" lon="5.70064"/>
            <trkpt lat="50.14386" lon="5.70108"/>
            <trkpt lat="50.14488" lon="5.70289"/>
            <trkpt lat="50.1453" lon="5.70363"/>
            <trkpt lat="50.14567" lon="5.70432"/>
            <trkpt lat="50.14589" lon="5.7047"/>
            <trkpt lat="50.14619" lon="5.70527"/>
            <trkpt lat="50.14672" lon="5.70618"/>
            <trkpt lat="50.14697" lon="5.70664"/>
            <trkpt lat="50.14724" lon="5.70709"/>
            <trkpt lat="50.14753" lon="5.70762"/>
            <trkpt lat="50.14758" lon="5.70775"/>
            <trkpt lat="50.14763" lon="5.70791"/>
            <trkpt lat="50.14765" lon="5.708"/>
            <trkpt lat="50.14768" lon="5.70828"/>
            <trkpt lat="50.14769" lon="5.70859"/>
            <trkpt lat="50.14772" lon="5.70886"/>
            <trkpt lat="50.1477" lon="5.7091"/>
            <trkpt lat="50.14768" lon="5.70973"/>
            <trkpt lat="50.1477" lon="5.71032"/>
            <trkpt lat="50.14769" lon="5.71093"/>
            <trkpt lat="50.14772" lon="5.71172"/>
            <trkpt lat="50.14775" lon="5.71201"/>
            <trkpt lat="50.14783" lon="5.71255"/>
            <trkpt lat="50.1479" lon="5.71289"/>
            <trkpt lat="50.14808" lon="5.71368"/>
            <trkpt lat="50.14815" lon="5.71409"/>
            <trkpt lat="50.14825" lon="5.71497"/>
            <trkpt lat="50.14828" lon="5.71543"/>
            <trkpt lat="50.14829" lon="5.71578"/>
            <trkpt lat="50.14827" lon="5.71606"/>
            <trkpt lat="50.14825" lon="5.7163"/>
            <trkpt lat="50.14822" lon="5.71654"/>
            <trkpt lat="50.14819" lon="5.71671"/>
            <trkpt lat="50.14815" lon="5.71686"/>
            <trkpt lat="50.14813" lon="5.71695"/>
            <trkpt lat="50.14805" lon="5.71716"/>
            <trkpt lat="50.14794" lon="5.71744"/>
            <trkpt lat="50.14784" lon="5.71762"/>
            <trkpt lat="50.1474" lon="5.71819"/>
            <trkpt lat="50.1473" lon="5.71831"/>
            <trkpt lat="50.14724" lon="5.71837"/>
            <trkpt lat="50.14707" lon="5.71849"/>
            <trkpt lat="50.14694" lon="5.71857"/>
            <trkpt lat="50.14616" lon="5.71891"/>
            <trkpt lat="50.14599" lon="5.71897"/>
            <trkpt lat="50.14589" lon="5.71899"/>
            <trkpt lat="50.14565" lon="5.71901"/>
            <trkpt lat="50.14534" lon="5.719"/>
            <trkpt lat="50.14485" lon="5.71901"/>
            <trkpt lat="50.14426" lon="5.71902"/>
            <trkpt lat="50.14406" lon="5.719"/>
            <trkpt lat="50.14394" lon="5.71896"/>
            <trkpt lat="50.14383" lon="5.71889"/>
            <trkpt lat="50.14366" lon="5.71874"/>
            <trkpt lat="50.14326" lon="5.71837"/>
            <trkpt lat="50.14324" lon="5.71834"/>
            <trkpt lat="50.14302" lon="5.71818"/>
            <trkpt lat="50.14253" lon="5.71789"/>
            <trkpt lat="50.14235" lon="5.7178"/>
            <trkpt lat="50.14186" lon="5.71763"/>
            <trkpt lat="50.14166" lon="5.7176"/>
            <trkpt lat="50.1416" lon="5.7176"/>
            <trkpt lat="50.14117" lon="5.71762"/>
            <trkpt lat="50.14074" lon="5.71758"/>
            <trkpt lat="50.14063" lon="5.71755"/>
            <trkpt lat="50.14042" lon="5.71746"/>
            <trkpt lat="50.14025" lon="5.71736"/>
            <trkpt lat="50.1401" lon="5.71723"/>
            <trkpt lat="50.13998" lon="5.71711"/>
            <trkpt lat="50.13987" lon="5.71698"/>
            <trkpt lat="50.13956" lon="5.71646"/>
            <trkpt lat="50.1395" lon="5.71638"/>
            <trkpt lat="50.13945" lon="5.71635"/>
            <trkpt lat="50.13936" lon="5.71633"/>
            <trkpt lat="50.13889" lon="5.71628"/>
            <trkpt lat="50.13877" lon="5.71628"/>
            <trkpt lat="50.13871" lon="5.71631"/>
            <trkpt lat="50.13866" lon="5.71634"/>
            <trkpt lat="50.13828" lon="5.7168"/>
            <trkpt lat="50.13809" lon="5.71698"/>
            <trkpt lat="50.1378" lon="5.71734"/>
            <trkpt lat="50.13775" lon="5.7174"/>
            <trkpt lat="50.13773" lon="5.71747"/>
            <trkpt lat="50.13772" lon="5.71754"/>
            <trkpt lat="50.13774" lon="5.71764"/>
            <trkpt lat="50.1381" lon="5.71845"/>
            <trkpt lat="50.13816" lon="5.71864"/>
            <trkpt lat="50.13845" lon="5.71983"/>
            <trkpt lat="50.13851" lon="5.72015"/>
            <trkpt lat="50.13852" lon="5.72059"/>
            <trkpt lat="50.13849" lon="5.72108"/>
            <trkpt lat="50.13843" lon="5.72157"/>
            <trkpt lat="50.13834" lon="5.72205"/>
            <trkpt lat="50.1383" lon="5.72222"/>
            <trkpt lat="50.13826" lon="5.72234"/>
            <trkpt lat="50.13821" lon="5.72243"/>
            <trkpt lat="50.13815" lon="5.72251"/>
            <trkpt lat="50.13807" lon="5.72258"/>
            <trkpt lat="50.13798" lon="5.72262"/>
            <trkpt lat="50.1377" lon="5.7227"/>
            <trkpt lat="50.13758" lon="5.72277"/>
            <trkpt lat="50.13734" lon="5.72284"/>
            <trkpt lat="50.13719" lon="5.72284"/>
            <trkpt lat="50.13705" lon="5.72281"/>
            <trkpt lat="50.1369" lon="5.72277"/>
            <trkpt lat="50.13668" lon="5.72266"/>
            <trkpt lat="50.13641" lon="5.72254"/>
            <trkpt lat="50.13535" lon="5.72215"/>
            <trkpt lat="50.13513" lon="5.72211"/>
            <trkpt lat="50.13493" lon="5.7221"/>
            <trkpt lat="50.13478" lon="5.72212"/>
            <trkpt lat="50.13468" lon="5.72217"/>
            <trkpt lat="50.13441" lon="5.72235"/>
            <trkpt lat="50.13422" lon="5.72245"/>
            <trkpt lat="50.1338" lon="5.72261"/>
            <trkpt lat="50.13373" lon="5.72263"/>
            <trkpt lat="50.13357" lon="5.72268"/>
            <trkpt lat="50.13308" lon="5.72274"/>
            <trkpt lat="50.13292" lon="5.72277"/>
            <trkpt lat="50.13243" lon="5.72294"/>
            <trkpt lat="50.13213" lon="5.72301"/>
            <trkpt lat="50.13167" lon="5.72306"/>
            <trkpt lat="50.13155" lon="5.72309"/>
            <trkpt lat="50.13146" lon="5.72313"/>
            <trkpt lat="50.13139" lon="5.72318"/>
            <trkpt lat="50.13133" lon="5.72326"/>
            <trkpt lat="50.13129" lon="5.72335"/>
            <trkpt lat="50.13126" lon="5.72354"/>
            <trkpt lat="50.13124" lon="5.72374"/>
            <trkpt lat="50.13125" lon="5.72399"/>
            <trkpt lat="50.13138" lon="5.72447"/>
            <trkpt lat="50.13145" lon="5.72465"/>
            <trkpt lat="50.13156" lon="5.72486"/>
            <trkpt lat="50.13166" lon="5.72508"/>
            <trkpt lat="50.13178" lon="5.72542"/>
            <trkpt lat="50.13192" lon="5.72586"/>
            <trkpt lat="50.13196" lon="5.72605"/>
            <trkpt lat="50.13203" lon="5.72645"/>
            <trkpt lat="50.13213" lon="5.72718"/>
            <trkpt lat="50.13253" lon="5.73225"/>
            <trkpt lat="50.13255" lon="5.73265"/>
            <trkpt lat="50.13257" lon="5.73456"/>
            <trkpt lat="50.13258" lon="5.73486"/>
            <trkpt lat="50.13259" lon="5.73509"/>
            <trkpt lat="50.13262" lon="5.73541"/>
            <trkpt lat="50.13269" lon="5.73595"/>
            <trkpt lat="50.13281" lon="5.7371"/>
            <trkpt lat="50.133" lon="5.73815"/>
            <trkpt lat="50.13313" lon="5.73871"/>
            <trkpt lat="50.13317" lon="5.73883"/>
            <trkpt lat="50.13323" lon="5.73894"/>
            <trkpt lat="50.13336" lon="5.7391"/>
            <trkpt lat="50.13348" lon="5.73921"/>
            <trkpt lat="50.13384" lon="5.73945"/>
            <trkpt lat="50.13456" lon="5.73987"/>
            <trkpt lat="50.13478" lon="5.74009"/>
            <trkpt lat="50.13491" lon="5.74027"/>
            <trkpt lat="50.135" lon="5.74045"/>
            <trkpt lat="50.13507" lon="5.74065"/>
            <trkpt lat="50.13511" lon="5.74082"/>
            <trkpt lat="50.13515" lon="5.74107"/>
            <trkpt lat="50.13516" lon="5.74162"/>
            <trkpt lat="50.13513" lon="5.74193"/>
            <trkpt lat="50.13498" lon="5.74268"/>
            <trkpt lat="50.13491" lon="5.74325"/>
            <trkpt lat="50.13449" lon="5.74517"/>
            <trkpt lat="50.13438" lon="5.74547"/>
            <trkpt lat="50.13392" lon="5.74642"/>
            <trkpt lat="50.13384" lon="5.74662"/>
            <trkpt lat="50.13382" lon="5.74677"/>
            <trkpt lat="50.13382" lon="5.7469"/>
            <trkpt lat="50.13384" lon="5.74697"/>
            <trkpt lat="50.13388" lon="5.74705"/>
            <trkpt lat="50.13394" lon="5.74712"/>
            <trkpt lat="50.13402" lon="5.74721"/>
            <trkpt lat="50.13466" lon="5.74756"/>
            <trkpt lat="50.13478" lon="5.74767"/>
            <trkpt lat="50.13484" lon="5.74775"/>
            <trkpt lat="50.13494" lon="5.7479"/>
            <trkpt lat="50.13497" lon="5.74802"/>
            <trkpt lat="50.13498" lon="5.74814"/>
            <trkpt lat="50.13496" lon="5.7485"/>
            <trkpt lat="50.13472" lon="5.75027"/>
            <trkpt lat="50.13466" lon="5.7509"/>
            <trkpt lat="50.13466" lon="5.7511"/>
            <trkpt lat="50.13468" lon="5.75123"/>
            <trkpt lat="50.13482" lon="5.75153"/>
            <trkpt lat="50.13496" lon="5.75175"/>
            <trkpt lat="50.13507" lon="5.75188"/>
            <trkpt lat="50.13516" lon="5.75194"/>
            <trkpt lat="50.13556" lon="5.75214"/>
            <trkpt lat="50.1358" lon="5.75221"/>
            <trkpt lat="50.13598" lon="5.75228"/>
            <trkpt lat="50.13689" lon="5.75273"/>
            <trkpt lat="50.13773" lon="5.75296"/>
            <trkpt lat="50.13784" lon="5.75303"/>
            <trkpt lat="50.13792" lon="5.75313"/>
            <trkpt lat="50.13809" lon="5.75343"/>
            <trkpt lat="50.13813" lon="5.75358"/>
            <trkpt lat="50.13821" lon="5.75399"/>
            <trkpt lat="50.13823" lon="5.75438"/>
            <trkpt lat="50.13822" lon="5.75451"/>
            <trkpt lat="50.13818" lon="5.75463"/>
            <trkpt lat="50.13813" lon="5.75474"/>
            <trkpt lat="50.13795" lon="5.75496"/>
            <trkpt lat="50.13729" lon="5.75537"/>
            <trkpt lat="50.13667" lon="5.75559"/>
            <trkpt lat="50.13553" lon="5.75611"/>
            <trkpt lat="50.13502" lon="5.75624"/>
            <trkpt lat="50.1348" lon="5.75628"/>
            <trkpt lat="50.13439" lon="5.7564"/>
            <trkpt lat="50.13426" lon="5.75646"/>
            <trkpt lat="50.13419" lon="5.75653"/>
            <trkpt lat="50.13405" lon="5.75668"/>
            <trkpt lat="50.13397" lon="5.75682"/>
            <trkpt lat="50.13396" lon="5.75684"/>
            <trkpt lat="50.13391" lon="5.75695"/>
            <trkpt lat="50.13383" lon="5.75721"/>
            <trkpt lat="50.1338" lon="5.75751"/>
            <trkpt lat="50.1338" lon="5.75771"/>
            <trkpt lat="50.13382" lon="5.75785"/>
            <trkpt lat="50.13387" lon="5.75807"/>
            <trkpt lat="50.13396" lon="5.75824"/>
            <trkpt lat="50.13407" lon="5.75838"/>
            <trkpt lat="50.13446" lon="5.75877"/>
            <trkpt lat="50.13463" lon="5.75889"/>
            <trkpt lat="50.13483" lon="5.75909"/>
            <trkpt lat="50.13497" lon="5.75926"/>
            <trkpt lat="50.13509" lon="5.75946"/>
            <trkpt lat="50.13516" lon="5.75959"/>
            <trkpt lat="50.1352" lon="5.75975"/>
            <trkpt lat="50.13524" lon="5.75997"/>
            <trkpt lat="50.13525" lon="5.76013"/>
            <trkpt lat="50.13522" lon="5.7604"/>
            <trkpt lat="50.13519" lon="5.76056"/>
            <trkpt lat="50.13513" lon="5.76069"/>
            <trkpt lat="50.13502" lon="5.76092"/>
            <trkpt lat="50.13491" lon="5.76108"/>
            <trkpt lat="50.13442" lon="5.76159"/>
            <trkpt lat="50.13394" lon="5.76206"/>
            <trkpt lat="50.13386" lon="5.76217"/>
            <trkpt lat="50.13379" lon="5.76233"/>
            <trkpt lat="50.13376" lon="5.76242"/>
            <trkpt lat="50.13372" lon="5.76267"/>
            <trkpt lat="50.13372" lon="5.76295"/>
            <trkpt lat="50.13373" lon="5.76326"/>
            <trkpt lat="50.13381" lon="5.76376"/>
            <trkpt lat="50.13412" lon="5.76497"/>
            <trkpt lat="50.13416" lon="5.76521"/>
            <trkpt lat="50.13418" lon="5.76549"/>
            <trkpt lat="50.13419" lon="5.76579"/>
            <trkpt lat="50.13419" lon="5.76601"/>
            <trkpt lat="50.13416" lon="5.76642"/>
            <trkpt lat="50.13411" lon="5.76663"/>
            <trkpt lat="50.13404" lon="5.76678"/>
            <trkpt lat="50.13397" lon="5.76688"/>
            <trkpt lat="50.13378" lon="5.76703"/>
            <trkpt lat="50.13343" lon="5.76717"/>
            <trkpt lat="50.13319" lon="5.76719"/>
            <trkpt lat="50.1324" lon="5.76706"/>
            <trkpt lat="50.13224" lon="5.76705"/>
            <trkpt lat="50.13199" lon="5.76712"/>
            <trkpt lat="50.13179" lon="5.76722"/>
            <trkpt lat="50.13166" lon="5.76733"/>
            <trkpt lat="50.13148" lon="5.76761"/>
            <trkpt lat="50.13145" lon="5.76764"/>
            <trkpt lat="50.13139" lon="5.76774"/>
            <trkpt lat="50.13137" lon="5.76778"/>
            <trkpt lat="50.13129" lon="5.76794"/>
            <trkpt lat="50.13124" lon="5.76804"/>
            <trkpt lat="50.13116" lon="5.76829"/>
            <trkpt lat="50.13105" lon="5.76862"/>
            <trkpt lat="50.13078" lon="5.76946"/>
            <trkpt lat="50.13055" lon="5.77026"/>
            <trkpt lat="50.13049" lon="5.77047"/>
            <trkpt lat="50.13047" lon="5.77063"/>
            <trkpt lat="50.13048" lon="5.77081"/>
            <trkpt lat="50.13051" lon="5.77096"/>
            <trkpt lat="50.13058" lon="5.77124"/>
            <trkpt lat="50.13141" lon="5.77257"/>
            <trkpt lat="50.13149" lon="5.77273"/>
            <trkpt lat="50.13158" lon="5.77303"/>
            <trkpt lat="50.13161" lon="5.77322"/>
            <trkpt lat="50.13164" lon="5.7734"/>
            <trkpt lat="50.13165" lon="5.77381"/>
            <trkpt lat="50.13164" lon="5.77534"/>
            <trkpt lat="50.1316" lon="5.77773"/>
            <trkpt lat="50.13159" lon="5.77788"/>
            <trkpt lat="50.13157" lon="5.77801"/>
            <trkpt lat="50.13154" lon="5.77812"/>
            <trkpt lat="50.13151" lon="5.77825"/>
            <trkpt lat="50.13146" lon="5.77834"/>
            <trkpt lat="50.13141" lon="5.77841"/>
            <trkpt lat="50.13134" lon="5.77847"/>
            <trkpt lat="50.1312" lon="5.77858"/>
            <trkpt lat="50.1307" lon="5.77871"/>
            <trkpt lat="50.1304" lon="5.77879"/>
            <trkpt lat="50.13036" lon="5.77881"/>
            <trkpt lat="50.13032" lon="5.77883"/>
            <trkpt lat="50.13025" lon="5.77889"/>
            <trkpt lat="50.1302" lon="5.77896"/>
            <trkpt lat="50.13011" lon="5.77916"/>
            <trkpt lat="50.13003" lon="5.77939"/>
            <trkpt lat="50.12995" lon="5.77983"/>
            <trkpt lat="50.12987" lon="5.78024"/>
            <trkpt lat="50.12979" lon="5.78078"/>
            <trkpt lat="50.12968" lon="5.78163"/>
            <trkpt lat="50.12966" lon="5.78192"/>
            <trkpt lat="50.1296" lon="5.7828"/>
            <trkpt lat="50.12956" lon="5.78334"/>
            <trkpt lat="50.1295" lon="5.78365"/>
            <trkpt lat="50.12941" lon="5.78397"/>
            <trkpt lat="50.1292" lon="5.78463"/>
            <trkpt lat="50.12907" lon="5.78495"/>
            <trkpt lat="50.12897" lon="5.78519"/>
            <trkpt lat="50.12884" lon="5.78545"/>
            <trkpt lat="50.12856" lon="5.78595"/>
            <trkpt lat="50.12849" lon="5.7861"/>
            <trkpt lat="50.12839" lon="5.78642"/>
            <trkpt lat="50.12837" lon="5.7865"/>
            <trkpt lat="50.12836" lon="5.78653"/>
            <trkpt lat="50.12834" lon="5.78669"/>
            <trkpt lat="50.12834" lon="5.7868"/>
            <trkpt lat="50.12834" lon="5.78701"/>
            <trkpt lat="50.12835" lon="5.78711"/>
            <trkpt lat="50.12836" lon="5.78721"/>
            <trkpt lat="50.12842" lon="5.78743"/>
            <trkpt lat="50.12846" lon="5.78754"/>
            <trkpt lat="50.12853" lon="5.78766"/>
            <trkpt lat="50.12864" lon="5.7878"/>
            <trkpt lat="50.12878" lon="5.78793"/>
            <trkpt lat="50.12886" lon="5.78797"/>
            <trkpt lat="50.12903" lon="5.78804"/>
            <trkpt lat="50.12931" lon="5.78807"/>
            <trkpt lat="50.13038" lon="5.78809"/>
            <trkpt lat="50.13083" lon="5.78814"/>
            <trkpt lat="50.13087" lon="5.78817"/>
            <trkpt lat="50.13092" lon="5.78818"/>
            <trkpt lat="50.131" lon="5.7882"/>
            <trkpt lat="50.13106" lon="5.78825"/>
            <trkpt lat="50.13113" lon="5.78837"/>
            <trkpt lat="50.13115" lon="5.78844"/>
            <trkpt lat="50.13118" lon="5.7885"/>
            <trkpt lat="50.13121" lon="5.78857"/>
            <trkpt lat="50.13128" lon="5.78875"/>
            <trkpt lat="50.13133" lon="5.78883"/>
            <trkpt lat="50.13139" lon="5.78888"/>
            <trkpt lat="50.13144" lon="5.78896"/>
            <trkpt lat="50.13151" lon="5.78902"/>
            <trkpt lat="50.13158" lon="5.78906"/>
            <trkpt lat="50.13177" lon="5.78911"/>
            <trkpt lat="50.13199" lon="5.78912"/>
            <trkpt lat="50.13208" lon="5.78915"/>
            <trkpt lat="50.13213" lon="5.78916"/>
            <trkpt lat="50.13218" lon="5.78919"/>
            <trkpt lat="50.13223" lon="5.78923"/>
            <trkpt lat="50.13225" lon="5.78926"/>
            <trkpt lat="50.13227" lon="5.7893"/>
            <trkpt lat="50.13229" lon="5.78936"/>
            <trkpt lat="50.13229" lon="5.78943"/>
            <trkpt lat="50.13228" lon="5.78948"/>
            <trkpt lat="50.13224" lon="5.78969"/>
            <trkpt lat="50.13218" lon="5.78982"/>
            <trkpt lat="50.1322" lon="5.78986"/>
            <trkpt lat="50.13222" lon="5.7899"/>
            <trkpt lat="50.13223" lon="5.78995"/>
            <trkpt lat="50.13237" lon="5.79048"/>
            <trkpt lat="50.13241" lon="5.79059"/>
            <trkpt lat="50.13244" lon="5.79065"/>
            <trkpt lat="50.13247" lon="5.79071"/>
            <trkpt lat="50.1325" lon="5.79075"/>
            <trkpt lat="50.13252" lon="5.79077"/>
            <trkpt lat="50.13256" lon="5.7908"/>
            <trkpt lat="50.13261" lon="5.79081"/>
            <trkpt lat="50.13278" lon="5.7908"/>
            <trkpt lat="50.1332" lon="5.79067"/>
            <trkpt lat="50.13397" lon="5.7904"/>
            <trkpt lat="50.13409" lon="5.79037"/>
            <trkpt lat="50.1342" lon="5.79032"/>
            <trkpt lat="50.13428" lon="5.79027"/>
            <trkpt lat="50.13438" lon="5.7902"/>
            <trkpt lat="50.13457" lon="5.78998"/>
            <trkpt lat="50.13475" lon="5.78975"/>
            <trkpt lat="50.13486" lon="5.78956"/>
            <trkpt lat="50.13496" lon="5.78936"/>
            <trkpt lat="50.13506" lon="5.78909"/>
            <trkpt lat="50.13511" lon="5.78885"/>
            <trkpt lat="50.13513" lon="5.78853"/>
            <trkpt lat="50.13513" lon="5.78834"/>
            <trkpt lat="50.13507" lon="5.78803"/>
            <trkpt lat="50.13497" lon="5.78769"/>
            <trkpt lat="50.13484" lon="5.78734"/>
            <trkpt lat="50.13476" lon="5.78716"/>
            <trkpt lat="50.13468" lon="5.78697"/>
            <trkpt lat="50.13458" lon="5.7868"/>
            <trkpt lat="50.13404" lon="5.78596"/>
            <trkpt lat="50.13397" lon="5.78578"/>
            <trkpt lat="50.13392" lon="5.78563"/>
            <trkpt lat="50.13391" lon="5.7855"/>
            <trkpt lat="50.13391" lon="5.78535"/>
            <trkpt lat="50.13394" lon="5.78522"/>
            <trkpt lat="50.13397" lon="5.78509"/>
            <trkpt lat="50.13404" lon="5.78496"/>
            <trkpt lat="50.13415" lon="5.78484"/>
            <trkpt lat="50.13424" lon="5.78478"/>
            <trkpt lat="50.1343" lon="5.78476"/>
            <trkpt lat="50.13444" lon="5.78476"/>
            <trkpt lat="50.13454" lon="5.78479"/>
            <trkpt lat="50.13462" lon="5.78485"/>
            <trkpt lat="50.13476" lon="5.78499"/>
            <trkpt lat="50.13536" lon="5.78574"/>
            <trkpt lat="50.13623" lon="5.78686"/>
            <trkpt lat="50.13642" lon="5.7871"/>
            <trkpt lat="50.13679" lon="5.78757"/>
            <trkpt lat="50.13708" lon="5.78794"/>
            <trkpt lat="50.13719" lon="5.78808"/>
            <trkpt lat="50.13727" lon="5.78818"/>
            <trkpt lat="50.13798" lon="5.78908"/>
            <trkpt lat="50.13868" lon="5.78995"/>
            <trkpt lat="50.13893" lon="5.79022"/>
            <trkpt lat="50.13901" lon="5.7903"/>
            <trkpt lat="50.13912" lon="5.79038"/>
            <trkpt lat="50.13924" lon="5.79044"/>
            <trkpt lat="50.13938" lon="5.79049"/>
            <trkpt lat="50.1396" lon="5.79051"/>
            <trkpt lat="50.13987" lon="5.79048"/>
            <trkpt lat="50.14" lon="5.79045"/>
            <trkpt lat="50.14009" lon="5.79044"/>
            <trkpt lat="50.1403" lon="5.7904"/>
            <trkpt lat="50.14051" lon="5.79037"/>
            <trkpt lat="50.14098" lon="5.79024"/>
            <trkpt lat="50.14159" lon="5.7901"/>
            <trkpt lat="50.1416" lon="5.79009"/>
            <trkpt lat="50.14179" lon="5.79"/>
            <trkpt lat="50.142" lon="5.78984"/>
            <trkpt lat="50.1422" lon="5.7896"/>
            <trkpt lat="50.14235" lon="5.78933"/>
            <trkpt lat="50.14245" lon="5.78915"/>
            <trkpt lat="50.14252" lon="5.78891"/>
            <trkpt lat="50.14256" lon="5.7887"/>
            <trkpt lat="50.14259" lon="5.78851"/>
            <trkpt lat="50.14267" lon="5.78795"/>
            <trkpt lat="50.14271" lon="5.78789"/>
            <trkpt lat="50.14282" lon="5.78704"/>
            <trkpt lat="50.14289" lon="5.78653"/>
            <trkpt lat="50.14298" lon="5.78614"/>
            <trkpt lat="50.14306" lon="5.78589"/>
            <trkpt lat="50.14308" lon="5.78581"/>
            <trkpt lat="50.14324" lon="5.78547"/>
            <trkpt lat="50.14345" lon="5.7851"/>
            <trkpt lat="50.14356" lon="5.78495"/>
            <trkpt lat="50.14365" lon="5.78485"/>
            <trkpt lat="50.14378" lon="5.78474"/>
            <trkpt lat="50.14391" lon="5.78461"/>
            <trkpt lat="50.14402" lon="5.78453"/>
            <trkpt lat="50.14432" lon="5.78438"/>
            <trkpt lat="50.14451" lon="5.78433"/>
            <trkpt lat="50.14475" lon="5.78431"/>
            <trkpt lat="50.14494" lon="5.7843"/>
            <trkpt lat="50.14511" lon="5.78433"/>
            <trkpt lat="50.14614" lon="5.78468"/>
            <trkpt lat="50.14709" lon="5.78501"/>
            <trkpt lat="50.14748" lon="5.78514"/>
            <trkpt lat="50.14779" lon="5.78522"/>
            <trkpt lat="50.14789" lon="5.78522"/>
            <trkpt lat="50.14813" lon="5.78522"/>
            <trkpt lat="50.1483" lon="5.78521"/>
            <trkpt lat="50.14856" lon="5.78515"/>
            <trkpt lat="50.1486" lon="5.78509"/>
            <trkpt lat="50.14912" lon="5.78497"/>
            <trkpt lat="50.14999" lon="5.78476"/>
            <trkpt lat="50.15032" lon="5.78469"/>
            <trkpt lat="50.1506" lon="5.78463"/>
            <trkpt lat="50.15109" lon="5.78456"/>
            <trkpt lat="50.15122" lon="5.78454"/>
            <trkpt lat="50.15179" lon="5.78442"/>
            <trkpt lat="50.15246" lon="5.78428"/>
            <trkpt lat="50.15412" lon="5.78397"/>
            <trkpt lat="50.15418" lon="5.78396"/>
            <trkpt lat="50.15531" lon="5.78372"/>
            <trkpt lat="50.15537" lon="5.78215"/>
            <trkpt lat="50.15543" lon="5.78006"/>
            <trkpt lat="50.15541" lon="5.7799"/>
            <trkpt lat="50.15534" lon="5.77948"/>
            <trkpt lat="50.15529" lon="5.77929"/>
            <trkpt lat="50.15515" lon="5.77897"/>
            <trkpt lat="50.15506" lon="5.77881"/>
            <trkpt lat="50.15486" lon="5.77849"/>
            <trkpt lat="50.15328" lon="5.77575"/>
            <trkpt lat="50.15266" lon="5.77468"/>
            <trkpt lat="50.15216" lon="5.77383"/>
            <trkpt lat="50.15186" lon="5.7733"/>
            <trkpt lat="50.15084" lon="5.77156"/>
            <trkpt lat="50.15063" lon="5.77116"/>
            <trkpt lat="50.15049" lon="5.77077"/>
            <trkpt lat="50.15038" lon="5.77045"/>
            <trkpt lat="50.15027" lon="5.76998"/>
            <trkpt lat="50.15018" lon="5.76958"/>
            <trkpt lat="50.15" lon="5.76866"/>
            <trkpt lat="50.14992" lon="5.76824"/>
            <trkpt lat="50.14985" lon="5.76792"/>
            <trkpt lat="50.14976" lon="5.76752"/>
            <trkpt lat="50.1496" lon="5.76698"/>
            <trkpt lat="50.14928" lon="5.76616"/>
            <trkpt lat="50.149" lon="5.76553"/>
            <trkpt lat="50.1487" lon="5.76491"/>
            <trkpt lat="50.14851" lon="5.76456"/>
            <trkpt lat="50.14835" lon="5.76434"/>
            <trkpt lat="50.14825" lon="5.76417"/>
            <trkpt lat="50.14813" lon="5.76401"/>
            <trkpt lat="50.1473" lon="5.76304"/>
            <trkpt lat="50.14593" lon="5.76147"/>
            <trkpt lat="50.14556" lon="5.761"/>
            <trkpt lat="50.14536" lon="5.76059"/>
            <trkpt lat="50.1453" lon="5.76042"/>
            <trkpt lat="50.14528" lon="5.76006"/>
            <trkpt lat="50.14529" lon="5.75975"/>
            <trkpt lat="50.14553" lon="5.75694"/>
            <trkpt lat="50.14553" lon="5.75684"/>
            <trkpt lat="50.1456" lon="5.75593"/>
            <trkpt lat="50.14568" lon="5.75502"/>
            <trkpt lat="50.14571" lon="5.75481"/>
            <trkpt lat="50.14576" lon="5.75457"/>
            <trkpt lat="50.14581" lon="5.7544"/>
            <trkpt lat="50.14595" lon="5.7541"/>
            <trkpt lat="50.14614" lon="5.75387"/>
            <trkpt lat="50.14665" lon="5.75332"/>
            <trkpt lat="50.14675" lon="5.75316"/>
            <trkpt lat="50.14681" lon="5.75301"/>
            <trkpt lat="50.14686" lon="5.7529"/>
            <trkpt lat="50.14692" lon="5.7527"/>
            <trkpt lat="50.14697" lon="5.75248"/>
            <trkpt lat="50.14705" lon="5.75203"/>
            <trkpt lat="50.14734" lon="5.75006"/>
            <trkpt lat="50.14741" lon="5.74975"/>
            <trkpt lat="50.14748" lon="5.74952"/>
            <trkpt lat="50.14757" lon="5.7493"/>
            <trkpt lat="50.14766" lon="5.74909"/>
            <trkpt lat="50.14778" lon="5.74888"/>
            <trkpt lat="50.14792" lon="5.74872"/>
            <trkpt lat="50.14838" lon="5.74835"/>
            <trkpt lat="50.14844" lon="5.74827"/>
            <trkpt lat="50.14849" lon="5.74817"/>
            <trkpt lat="50.14852" lon="5.74807"/>
            <trkpt lat="50.14856" lon="5.74785"/>
            <trkpt lat="50.14858" lon="5.74772"/>
            <trkpt lat="50.14862" lon="5.7476"/>
            <trkpt lat="50.14867" lon="5.74748"/>
            <trkpt lat="50.14876" lon="5.74735"/>
            <trkpt lat="50.14889" lon="5.74721"/>
            <trkpt lat="50.14914" lon="5.74701"/>
            <trkpt lat="50.14934" lon="5.74683"/>
            <trkpt lat="50.1494" lon="5.74676"/>
            <trkpt lat="50.14945" lon="5.74667"/>
            <trkpt lat="50.14948" lon="5.74658"/>
            <trkpt lat="50.14955" lon="5.74635"/>
            <trkpt lat="50.14957" lon="5.74625"/>
            <trkpt lat="50.14961" lon="5.74608"/>
            <trkpt lat="50.14963" lon="5.74598"/>
            <trkpt lat="50.14967" lon="5.74583"/>
            <trkpt lat="50.14973" lon="5.74555"/>
            <trkpt lat="50.1498" lon="5.74524"/>
            <trkpt lat="50.14982" lon="5.74516"/>
            <trkpt lat="50.14986" lon="5.74506"/>
            <trkpt lat="50.14999" lon="5.74509"/>
            <trkpt lat="50.15004" lon="5.7451"/>
            <trkpt lat="50.15013" lon="5.74515"/>
            <trkpt lat="50.15038" lon="5.74532"/>
            <trkpt lat="50.15049" lon="5.74537"/>
            <trkpt lat="50.15055" lon="5.74538"/>
            <trkpt lat="50.15061" lon="5.74537"/>
            <trkpt lat="50.15066" lon="5.74533"/>
            <trkpt lat="50.1507" lon="5.74527"/>
            <trkpt lat="50.15073" lon="5.7452"/>
            <trkpt lat="50.15075" lon="5.7451"/>
            <trkpt lat="50.15075" lon="5.745"/>
            <trkpt lat="50.15071" lon="5.74457"/>
            <trkpt lat="50.15072" lon="5.74406"/>
            <trkpt lat="50.15075" lon="5.74386"/>
            <trkpt lat="50.1508" lon="5.74366"/>
            <trkpt lat="50.15089" lon="5.74349"/>
            <trkpt lat="50.15094" lon="5.74344"/>
            <trkpt lat="50.151" lon="5.74341"/>
            <trkpt lat="50.15112" lon="5.74341"/>
            <trkpt lat="50.15124" lon="5.74345"/>
            <trkpt lat="50.15161" lon="5.74365"/>
            <trkpt lat="50.1518" lon="5.74369"/>
            <trkpt lat="50.15198" lon="5.74367"/>
            <trkpt lat="50.15217" lon="5.7436"/>
            <trkpt lat="50.15234" lon="5.74352"/>
            <trkpt lat="50.15245" lon="5.74339"/>
            <trkpt lat="50.15251" lon="5.7433"/>
            <trkpt lat="50.15258" lon="5.74312"/>
            <trkpt lat="50.15264" lon="5.74292"/>
            <trkpt lat="50.15266" lon="5.74282"/>
            <trkpt lat="50.15269" lon="5.74269"/>
            <trkpt lat="50.15271" lon="5.74255"/>
            <trkpt lat="50.15272" lon="5.74245"/>
            <trkpt lat="50.15284" lon="5.74181"/>
            <trkpt lat="50.15289" lon="5.74165"/>
            <trkpt lat="50.15293" lon="5.74155"/>
            <trkpt lat="50.15326" lon="5.74103"/>
            <trkpt lat="50.15351" lon="5.74052"/>
            <trkpt lat="50.15378" lon="5.7401"/>
            <trkpt lat="50.15412" lon="5.73964"/>
            <trkpt lat="50.1544" lon="5.73935"/>
            <trkpt lat="50.15473" lon="5.7391"/>
            <trkpt lat="50.15518" lon="5.73882"/>
            <trkpt lat="50.15545" lon="5.73862"/>
            <trkpt lat="50.1556" lon="5.73847"/>
            <trkpt lat="50.1557" lon="5.73832"/>
            <trkpt lat="50.15577" lon="5.73815"/>
            <trkpt lat="50.15592" lon="5.73767"/>
            <trkpt lat="50.15599" lon="5.73727"/>
            <trkpt lat="50.156" lon="5.73724"/>
            <trkpt lat="50.15607" lon="5.73691"/>
            <trkpt lat="50.1561" lon="5.73679"/>
            <trkpt lat="50.15621" lon="5.73647"/>
            <trkpt lat="50.15636" lon="5.73612"/>
            <trkpt lat="50.15678" lon="5.7351"/>
            <trkpt lat="50.1569" lon="5.73486"/>
            <trkpt lat="50.15701" lon="5.73464"/>
            <trkpt lat="50.15735" lon="5.73378"/>
            <trkpt lat="50.15792" lon="5.73255"/>
            <trkpt lat="50.15816" lon="5.73199"/>
            <trkpt lat="50.15837" lon="5.73158"/>
            <trkpt lat="50.15868" lon="5.73111"/>
            <trkpt lat="50.15897" lon="5.73074"/>
            <trkpt lat="50.1591" lon="5.73061"/>
            <trkpt lat="50.15915" lon="5.73056"/>
            <trkpt lat="50.15927" lon="5.73049"/>
            <trkpt lat="50.15934" lon="5.73045"/>
            <trkpt lat="50.15939" lon="5.73043"/>
            <trkpt lat="50.15955" lon="5.73041"/>
            <trkpt lat="50.1596" lon="5.73041"/>
            <trkpt lat="50.15975" lon="5.73044"/>
            <trkpt lat="50.16117" lon="5.73092"/>
            <trkpt lat="50.16155" lon="5.73104"/>
            <trkpt lat="50.16167" lon="5.73106"/>
            <trkpt lat="50.16178" lon="5.73105"/>
            <trkpt lat="50.16203" lon="5.731"/>
            <trkpt lat="50.16218" lon="5.73089"/>
            <trkpt lat="50.16226" lon="5.73081"/>
            <trkpt lat="50.16238" lon="5.73065"/>
            <trkpt lat="50.16267" lon="5.7301"/>
            <trkpt lat="50.16348" lon="5.72838"/>
            <trkpt lat="50.16357" lon="5.72822"/>
            <trkpt lat="50.16357" lon="5.72821"/>
            <trkpt lat="50.16372" lon="5.72799"/>
            <trkpt lat="50.16378" lon="5.72792"/>
            <trkpt lat="50.16421" lon="5.72758"/>
            <trkpt lat="50.16442" lon="5.72742"/>
            <trkpt lat="50.16456" lon="5.7273"/>
            <trkpt lat="50.16462" lon="5.72725"/>
            <trkpt lat="50.16467" lon="5.72719"/>
            <trkpt lat="50.16471" lon="5.72713"/>
            <trkpt lat="50.16473" lon="5.72707"/>
            <trkpt lat="50.16481" lon="5.72685"/>
            <trkpt lat="50.16485" lon="5.7267"/>
            <trkpt lat="50.16486" lon="5.7266"/>
            <trkpt lat="50.1649" lon="5.72617"/>
            <trkpt lat="50.1649" lon="5.7259"/>
            <trkpt lat="50.16485" lon="5.7255"/>
            <trkpt lat="50.16472" lon="5.72494"/>
            <trkpt lat="50.16467" lon="5.72477"/>
            <trkpt lat="50.16446" lon="5.72402"/>
            <trkpt lat="50.16442" lon="5.72379"/>
            <trkpt lat="50.16442" lon="5.7237"/>
            <trkpt lat="50.16445" lon="5.72353"/>
            <trkpt lat="50.16447" lon="5.72344"/>
            <trkpt lat="50.16456" lon="5.72325"/>
            <trkpt lat="50.1647" lon="5.72305"/>
            <trkpt lat="50.16487" lon="5.72285"/>
            <trkpt lat="50.16495" lon="5.72272"/>
            <trkpt lat="50.165" lon="5.72261"/>
            <trkpt lat="50.16503" lon="5.72248"/>
            <trkpt lat="50.16505" lon="5.72237"/>
            <trkpt lat="50.16507" lon="5.72222"/>
            <trkpt lat="50.16508" lon="5.72204"/>
            <trkpt lat="50.1651" lon="5.72186"/>
            <trkpt lat="50.16512" lon="5.72175"/>
            <trkpt lat="50.16524" lon="5.72141"/>
            <trkpt lat="50.16545" lon="5.72118"/>
            <trkpt lat="50.16575" lon="5.72076"/>
            <trkpt lat="50.16586" lon="5.72048"/>
            <trkpt lat="50.16593" lon="5.72023"/>
            <trkpt lat="50.16599" lon="5.72"/>
            <trkpt lat="50.16603" lon="5.7196"/>
            <trkpt lat="50.16608" lon="5.71914"/>
            <trkpt lat="50.1661" lon="5.71897"/>
            <trkpt lat="50.16615" lon="5.7188"/>
            <trkpt lat="50.16623" lon="5.71863"/>
            <trkpt lat="50.16627" lon="5.7185"/>
            <trkpt lat="50.16628" lon="5.71845"/>
            <trkpt lat="50.16625" lon="5.7182"/>
            <trkpt lat="50.16608" lon="5.71751"/>
            <trkpt lat="50.1665" lon="5.71708"/>
            <trkpt lat="50.1668" lon="5.71673"/>
            <trkpt lat="50.16692" lon="5.71656"/>
            <trkpt lat="50.16734" lon="5.71611"/>
            <trkpt lat="50.16764" lon="5.71583"/>
            <trkpt lat="50.16788" lon="5.71564"/>
            <trkpt lat="50.16849" lon="5.71518"/>
            <trkpt lat="50.16884" lon="5.71487"/>
            <trkpt lat="50.16941" lon="5.71415"/>
            <trkpt lat="50.16957" lon="5.71397"/>
            <trkpt lat="50.16978" lon="5.71382"/>
            <trkpt lat="50.17033" lon="5.71349"/>
            <trkpt lat="50.17053" lon="5.71342"/>
            <trkpt lat="50.17063" lon="5.71342"/>
            <trkpt lat="50.17074" lon="5.71342"/>
            <trkpt lat="50.17085" lon="5.71346"/>
            <trkpt lat="50.17115" lon="5.71361"/>
            <trkpt lat="50.17206" lon="5.71407"/>
            <trkpt lat="50.17253" lon="5.71428"/>
            <trkpt lat="50.1733" lon="5.71448"/>
            <trkpt lat="50.17348" lon="5.7145"/>
            <trkpt lat="50.17369" lon="5.71448"/>
            <trkpt lat="50.17384" lon="5.71443"/>
            <trkpt lat="50.17409" lon="5.71428"/>
            <trkpt lat="50.17429" lon="5.71412"/>
            <trkpt lat="50.17536" lon="5.71334"/>
            <trkpt lat="50.1756" lon="5.71326"/>
            <trkpt lat="50.17573" lon="5.71326"/>
            <trkpt lat="50.17593" lon="5.71327"/>
            <trkpt lat="50.17733" lon="5.71347"/>
            <trkpt lat="50.17778" lon="5.71358"/>
            <trkpt lat="50.17793" lon="5.71362"/>
            <trkpt lat="50.17836" lon="5.71377"/>
            <trkpt lat="50.17895" lon="5.71406"/>
            <trkpt lat="50.17939" lon="5.71434"/>
            <trkpt lat="50.17948" lon="5.71441"/>
            <trkpt lat="50.17966" lon="5.71463"/>
            <trkpt lat="50.1805" lon="5.71574"/>
            <trkpt lat="50.18075" lon="5.71606"/>
            <trkpt lat="50.18104" lon="5.71647"/>
            <trkpt lat="50.18197" lon="5.7177"/>
            <trkpt lat="50.18203" lon="5.71774"/>
            <trkpt lat="50.18209" lon="5.71778"/>
            <trkpt lat="50.18225" lon="5.71781"/>
            <trkpt lat="50.18344" lon="5.71801"/>
            <trkpt lat="50.18391" lon="5.71803"/>
            <trkpt lat="50.18469" lon="5.71814"/>
            <trkpt lat="50.18479" lon="5.71814"/>
            <trkpt lat="50.18487" lon="5.7181"/>
            <trkpt lat="50.18495" lon="5.71804"/>
            <trkpt lat="50.18517" lon="5.71776"/>
            <trkpt lat="50.18555" lon="5.7173"/>
            <trkpt lat="50.18557" lon="5.71728"/>
            <trkpt lat="50.18586" lon="5.71681"/>
            <trkpt lat="50.18599" lon="5.71664"/>
            <trkpt lat="50.18631" lon="5.71627"/>
            <trkpt lat="50.18686" lon="5.71549"/>
            <trkpt lat="50.18746" lon="5.71471"/>
            <trkpt lat="50.18757" lon="5.7146"/>
            <trkpt lat="50.18768" lon="5.71452"/>
            <trkpt lat="50.18781" lon="5.71445"/>
            <trkpt lat="50.18796" lon="5.71443"/>
            <trkpt lat="50.18942" lon="5.71496"/>
            <trkpt lat="50.18962" lon="5.71498"/>
            <trkpt lat="50.19042" lon="5.71497"/>
            <trkpt lat="50.19079" lon="5.71501"/>
            <trkpt lat="50.19111" lon="5.71509"/>
            <trkpt lat="50.19142" lon="5.71521"/>
            <trkpt lat="50.19197" lon="5.71552"/>
            <trkpt lat="50.19208" lon="5.71557"/>
            <trkpt lat="50.1923" lon="5.71559"/>
            <trkpt lat="50.19256" lon="5.71553"/>
            <trkpt lat="50.19429" lon="5.71481"/>
            <trkpt lat="50.19521" lon="5.71436"/>
            <trkpt lat="50.19567" lon="5.71417"/>
            <trkpt lat="50.19613" lon="5.71402"/>
            <trkpt lat="50.19646" lon="5.71398"/>
            <trkpt lat="50.19806" lon="5.71393"/>
            <trkpt lat="50.19953" lon="5.71383"/>
            <trkpt lat="50.19985" lon="5.71375"/>
            <trkpt lat="50.20012" lon="5.71359"/>
            <trkpt lat="50.20022" lon="5.7135"/>
            <trkpt lat="50.20036" lon="5.71333"/>
            <trkpt lat="50.20065" lon="5.71289"/>
            <trkpt lat="50.2008" lon="5.71266"/>
            <trkpt lat="50.20158" lon="5.71133"/>
            <trkpt lat="50.20179" lon="5.711"/>
            <trkpt lat="50.20216" lon="5.71031"/>
            <trkpt lat="50.20218" lon="5.71026"/>
            <trkpt lat="50.20227" lon="5.71008"/>
            <trkpt lat="50.20244" lon="5.70962"/>
            <trkpt lat="50.20283" lon="5.70852"/>
            <trkpt lat="50.20352" lon="5.70666"/>
            <trkpt lat="50.20418" lon="5.70498"/>
            <trkpt lat="50.20448" lon="5.70424"/>
            <trkpt lat="50.20483" lon="5.70344"/>
            <trkpt lat="50.20514" lon="5.70285"/>
            <trkpt lat="50.20548" lon="5.70267"/>
            <trkpt lat="50.20557" lon="5.70266"/>
            <trkpt lat="50.20568" lon="5.70269"/>
            <trkpt lat="50.20581" lon="5.70275"/>
            <trkpt lat="50.20589" lon="5.70281"/>
            <trkpt lat="50.20598" lon="5.70291"/>
            <trkpt lat="50.20663" lon="5.70363"/>
            <trkpt lat="50.20671" lon="5.70369"/>
            <trkpt lat="50.20752" lon="5.70381"/>
            <trkpt lat="50.2081" lon="5.70391"/>
            <trkpt lat="50.20893" lon="5.70402"/>
            <trkpt lat="50.20926" lon="5.70412"/>
            <trkpt lat="50.20941" lon="5.70422"/>
            <trkpt lat="50.21034" lon="5.70502"/>
            <trkpt lat="50.21182" lon="5.70613"/>
            <trkpt lat="50.2147" lon="5.70817"/>
            <trkpt lat="50.22007" lon="5.71199"/>
            <trkpt lat="50.22128" lon="5.71289"/>
            <trkpt lat="50.22236" lon="5.7137"/>
            <trkpt lat="50.22246" lon="5.71375"/>
            <trkpt lat="50.22255" lon="5.71378"/>
            <trkpt lat="50.22263" lon="5.71379"/>
            <trkpt lat="50.22269" lon="5.71378"/>
            <trkpt lat="50.22278" lon="5.71377"/>
            <trkpt lat="50.2228" lon="5.71377"/>
            <trkpt lat="50.22285" lon="5.71378"/>
            <trkpt lat="50.22288" lon="5.71379"/>
            <trkpt lat="50.2229" lon="5.71389"/>
            <trkpt lat="50.22291" lon="5.71393"/>
            <trkpt lat="50.22292" lon="5.71404"/>
            <trkpt lat="50.22315" lon="5.71707"/>
            <trkpt lat="50.22321" lon="5.71726"/>
            <trkpt lat="50.22326" lon="5.71737"/>
            <trkpt lat="50.22344" lon="5.71761"/>
            <trkpt lat="50.22407" lon="5.71842"/>
            <trkpt lat="50.22464" lon="5.71903"/>
            <trkpt lat="50.22534" lon="5.71972"/>
            <trkpt lat="50.22545" lon="5.71983"/>
            <trkpt lat="50.22596" lon="5.7203"/>
            <trkpt lat="50.22628" lon="5.7206"/>
            <trkpt lat="50.22632" lon="5.72067"/>
            <trkpt lat="50.22636" lon="5.72078"/>
            <trkpt lat="50.22638" lon="5.72093"/>
            <trkpt lat="50.22639" lon="5.72112"/>
            <trkpt lat="50.22629" lon="5.72222"/>
            <trkpt lat="50.22628" lon="5.72244"/>
            <trkpt lat="50.22623" lon="5.72379"/>
            <trkpt lat="50.22619" lon="5.72451"/>
            <trkpt lat="50.22619" lon="5.72498"/>
            <trkpt lat="50.22619" lon="5.72532"/>
            <trkpt lat="50.22619" lon="5.72541"/>
            <trkpt lat="50.22625" lon="5.72663"/>
            <trkpt lat="50.22634" lon="5.72747"/>
            <trkpt lat="50.22638" lon="5.72801"/>
            <trkpt lat="50.22638" lon="5.72809"/>
            <trkpt lat="50.22638" lon="5.72824"/>
            <trkpt lat="50.22634" lon="5.72849"/>
            <trkpt lat="50.22631" lon="5.72868"/>
            <trkpt lat="50.2261" lon="5.72957"/>
            <trkpt lat="50.22593" lon="5.73027"/>
            <trkpt lat="50.2259" lon="5.73037"/>
            <trkpt lat="50.22583" lon="5.73053"/>
            <trkpt lat="50.22574" lon="5.73067"/>
            <trkpt lat="50.22562" lon="5.73081"/>
            <trkpt lat="50.22552" lon="5.73088"/>
            <trkpt lat="50.22529" lon="5.73095"/>
            <trkpt lat="50.22503" lon="5.731"/>
            <trkpt lat="50.22487" lon="5.73107"/>
            <trkpt lat="50.22475" lon="5.73115"/>
            <trkpt lat="50.22439" lon="5.73149"/>
            <trkpt lat="50.22415" lon="5.73171"/>
            <trkpt lat="50.22408" lon="5.73181"/>
            <trkpt lat="50.22406" lon="5.73186"/>
            <trkpt lat="50.22405" lon="5.73189"/>
            <trkpt lat="50.22404" lon="5.73194"/>
            <trkpt lat="50.22404" lon="5.73195"/>
            <trkpt lat="50.22404" lon="5.732"/>
            <trkpt lat="50.22406" lon="5.73203"/>
            <trkpt lat="50.22407" lon="5.73206"/>
            <trkpt lat="50.22412" lon="5.73212"/>
            <trkpt lat="50.22415" lon="5.73214"/>
            <trkpt lat="50.22418" lon="5.73214"/>
            <trkpt lat="50.22452" lon="5.73211"/>
            <trkpt lat="50.22479" lon="5.73211"/>
            <trkpt lat="50.22491" lon="5.73215"/>
            <trkpt lat="50.22517" lon="5.73227"/>
            <trkpt lat="50.22533" lon="5.73238"/>
            <trkpt lat="50.22542" lon="5.73247"/>
            <trkpt lat="50.22553" lon="5.73265"/>
            <trkpt lat="50.22568" lon="5.73295"/>
            <trkpt lat="50.22575" lon="5.73314"/>
            <trkpt lat="50.22584" lon="5.73352"/>
            <trkpt lat="50.22587" lon="5.7338"/>
            <trkpt lat="50.22587" lon="5.734"/>
            <trkpt lat="50.22585" lon="5.73486"/>
            <trkpt lat="50.22582" lon="5.73572"/>
            <trkpt lat="50.22581" lon="5.73607"/>
            <trkpt lat="50.22583" lon="5.73636"/>
            <trkpt lat="50.22584" lon="5.73644"/>
            <trkpt lat="50.2259" lon="5.73682"/>
            <trkpt lat="50.22612" lon="5.73779"/>
            <trkpt lat="50.22709" lon="5.74184"/>
            <trkpt lat="50.2274" lon="5.74315"/>
            <trkpt lat="50.22742" lon="5.7433"/>
            <trkpt lat="50.22743" lon="5.74344"/>
            <trkpt lat="50.22742" lon="5.7436"/>
            <trkpt lat="50.22733" lon="5.74398"/>
            <trkpt lat="50.22728" lon="5.74414"/>
            <trkpt lat="50.22685" lon="5.74508"/>
            <trkpt lat="50.22674" lon="5.74529"/>
            <trkpt lat="50.22669" lon="5.74541"/>
            <trkpt lat="50.22663" lon="5.74569"/>
            <trkpt lat="50.22658" lon="5.74635"/>
            <trkpt lat="50.22654" lon="5.74653"/>
            <trkpt lat="50.22647" lon="5.74673"/>
            <trkpt lat="50.2252" lon="5.74708"/>
            <trkpt lat="50.22327" lon="5.74737"/>
            <trkpt lat="50.22297" lon="5.74743"/>
            <trkpt lat="50.22293" lon="5.74755"/>
            <trkpt lat="50.22292" lon="5.74765"/>
            <trkpt lat="50.2229" lon="5.74833"/>
            <trkpt lat="50.2229" lon="5.74888"/>
            <trkpt lat="50.223" lon="5.74977"/>
            <trkpt lat="50.22307" lon="5.75027"/>
            <trkpt lat="50.22309" lon="5.75062"/>
            <trkpt lat="50.22311" lon="5.75093"/>
            <trkpt lat="50.22311" lon="5.75125"/>
            <trkpt lat="50.22302" lon="5.75206"/>
            <trkpt lat="50.22295" lon="5.75261"/>
            <trkpt lat="50.22252" lon="5.75507"/>
            <trkpt lat="50.22242" lon="5.75568"/>
            <trkpt lat="50.22235" lon="5.75632"/>
            <trkpt lat="50.22234" lon="5.75684"/>
            <trkpt lat="50.22232" lon="5.75758"/>
            <trkpt lat="50.22229" lon="5.75816"/>
            <trkpt lat="50.22224" lon="5.7586"/>
            <trkpt lat="50.22222" lon="5.75878"/>
            <trkpt lat="50.22215" lon="5.75905"/>
            <trkpt lat="50.222" lon="5.75945"/>
            <trkpt lat="50.22186" lon="5.75984"/>
            <trkpt lat="50.22137" lon="5.76081"/>
            <trkpt lat="50.22059" lon="5.76239"/>
            <trkpt lat="50.2205" lon="5.76261"/>
            <trkpt lat="50.22041" lon="5.7629"/>
            <trkpt lat="50.22028" lon="5.7635"/>
            <trkpt lat="50.22009" lon="5.7645"/>
            <trkpt lat="50.21994" lon="5.76552"/>
            <trkpt lat="50.21988" lon="5.76602"/>
            <trkpt lat="50.21976" lon="5.76761"/>
            <trkpt lat="50.21973" lon="5.76804"/>
            <trkpt lat="50.2197" lon="5.76832"/>
            <trkpt lat="50.21965" lon="5.7686"/>
            <trkpt lat="50.21952" lon="5.76927"/>
            <trkpt lat="50.21946" lon="5.7695"/>
            <trkpt lat="50.21923" lon="5.77009"/>
            <trkpt lat="50.21894" lon="5.7711"/>
            <trkpt lat="50.21878" lon="5.77161"/>
            <trkpt lat="50.21872" lon="5.77175"/>
            <trkpt lat="50.21868" lon="5.77182"/>
            <trkpt lat="50.21861" lon="5.77191"/>
            <trkpt lat="50.2185" lon="5.77204"/>
            <trkpt lat="50.2184" lon="5.77212"/>
            <trkpt lat="50.21811" lon="5.77225"/>
            <trkpt lat="50.21784" lon="5.77224"/>
            <trkpt lat="50.21726" lon="5.77217"/>
            <trkpt lat="50.21721" lon="5.77217"/>
            <trkpt lat="50.21708" lon="5.77224"/>
            <trkpt lat="50.21699" lon="5.77235"/>
            <trkpt lat="50.21693" lon="5.77247"/>
            <trkpt lat="50.21683" lon="5.77283"/>
            <trkpt lat="50.21683" lon="5.773"/>
            <trkpt lat="50.21692" lon="5.7735"/>
            <trkpt lat="50.21694" lon="5.77368"/>
            <trkpt lat="50.21702" lon="5.77411"/>
            <trkpt lat="50.21819" lon="5.77365"/>
            <trkpt lat="50.21899" lon="5.77333"/>
            <trkpt lat="50.22201" lon="5.77213"/>
            <trkpt lat="50.22276" lon="5.77185"/>
            <trkpt lat="50.22326" lon="5.7717"/>
            <trkpt lat="50.2236" lon="5.77162"/>
            <trkpt lat="50.22583" lon="5.77119"/>
            <trkpt lat="50.22683" lon="5.77098"/>
            <trkpt lat="50.22701" lon="5.77093"/>
            <trkpt lat="50.22739" lon="5.77079"/>
            <trkpt lat="50.22795" lon="5.77053"/>
            <trkpt lat="50.22851" lon="5.77021"/>
            <trkpt lat="50.22907" lon="5.76983"/>
            <trkpt lat="50.22949" lon="5.7695"/>
            <trkpt lat="50.23055" lon="5.76863"/>
            <trkpt lat="50.23077" lon="5.76841"/>
            <trkpt lat="50.23094" lon="5.76818"/>
            <trkpt lat="50.23118" lon="5.76782"/>
            <trkpt lat="50.23231" lon="5.76594"/>
            <trkpt lat="50.23285" lon="5.76509"/>
            <trkpt lat="50.23312" lon="5.76465"/>
            <trkpt lat="50.2364" lon="5.75926"/>
            <trkpt lat="50.23787" lon="5.75684"/>
            <trkpt lat="50.238" lon="5.75663"/>
            <trkpt lat="50.23899" lon="5.75496"/>
            <trkpt lat="50.24156" lon="5.7507"/>
        </trkseg>
    </trk>
</gpx>
