<?xml version="1.0" encoding="UTF-8" standalone="yes"?>
<gpx xmlns="http://www.topografix.com/GPX/1/1" xmlns:tt="TT" version="1.1" creator="TomTom MyDrive">
    <wpt lat="51.09686" lon="3.500041">
        <type>TT_HARD</type>
    </wpt>
    <wpt lat="51.09963" lon="3.57136">
        <type>TT_SOFT</type>
        <extensions>
            <tt:tomTomWaypointInfo tt:radius="20"/>
        </extensions>
    </wpt>
    <wpt lat="51.04118" lon="3.59165">
        <type>TT_SOFT</type>
        <extensions>
            <tt:tomTomWaypointInfo tt:radius="20"/>
        </extensions>
    </wpt>
    <wpt lat="50.98785" lon="3.60805">
        <type>TT_SOFT</type>
        <extensions>
            <tt:tomTomWaypointInfo tt:radius="20"/>
        </extensions>
    </wpt>
    <wpt lat="51.00114" lon="3.6149">
        <type>TT_SOFT</type>
        <extensions>
            <tt:tomTomWaypointInfo tt:radius="20"/>
        </extensions>
    </wpt>
    <wpt lat="51.01308" lon="3.61875">
        <type>TT_SOFT</type>
        <extensions>
            <tt:tomTomWaypointInfo tt:radius="20"/>
        </extensions>
    </wpt>
    <wpt lat="50.96918" lon="3.62395">
        <type>TT_SOFT</type>
        <extensions>
            <tt:tomTomWaypointInfo tt:radius="20"/>
        </extensions>
    </wpt>
    <wpt lat="50.91354" lon="3.57681">
        <type>TT_SOFT</type>
        <extensions>
            <tt:tomTomWaypointInfo tt:radius="20"/>
        </extensions>
    </wpt>
    <wpt lat="50.88479" lon="3.58042">
        <type>TT_SOFT</type>
        <extensions>
            <tt:tomTomWaypointInfo tt:radius="20"/>
        </extensions>
    </wpt>
    <wpt lat="50.86109" lon="3.57912">
        <type>TT_SOFT</type>
        <extensions>
            <tt:tomTomWaypointInfo tt:radius="20"/>
        </extensions>
    </wpt>
    <wpt lat="50.85958" lon="3.56563">
        <type>TT_SOFT</type>
        <extensions>
            <tt:tomTomWaypointInfo tt:radius="20"/>
        </extensions>
    </wpt>
    <wpt lat="50.80127" lon="3.5085">
        <type>TT_SOFT</type>
        <extensions>
            <tt:tomTomWaypointInfo tt:radius="20"/>
        </extensions>
    </wpt>
    <wpt lat="50.77881" lon="3.54486">
        <type>TT_SOFT</type>
        <extensions>
            <tt:tomTomWaypointInfo tt:radius="20"/>
        </extensions>
    </wpt>
    <wpt lat="50.76311" lon="3.56026">
        <type>TT_SOFT</type>
        <extensions>
            <tt:tomTomWaypointInfo tt:radius="20"/>
        </extensions>
    </wpt>
    <wpt lat="50.72486" lon="3.68384">
        <type>TT_SOFT</type>
        <extensions>
            <tt:tomTomWaypointInfo tt:radius="20"/>
        </extensions>
    </wpt>
    <wpt lat="50.69229" lon="3.67474">
        <type>TT_SOFT</type>
        <extensions>
            <tt:tomTomWaypointInfo tt:radius="20"/>
        </extensions>
    </wpt>
    <wpt lat="50.67355" lon="3.65763">
        <type>TT_SOFT</type>
        <extensions>
            <tt:tomTomWaypointInfo tt:radius="20"/>
        </extensions>
    </wpt>
    <wpt lat="50.63578" lon="3.69438">
        <type>TT_SOFT</type>
        <extensions>
            <tt:tomTomWaypointInfo tt:radius="20"/>
        </extensions>
    </wpt>
    <wpt lat="50.59899" lon="3.71461">
        <type>TT_SOFT</type>
        <extensions>
            <tt:tomTomWaypointInfo tt:radius="20"/>
        </extensions>
    </wpt>
    <wpt lat="50.58285" lon="3.80251">
        <type>TT_SOFT</type>
        <extensions>
            <tt:tomTomWaypointInfo tt:radius="20"/>
        </extensions>
    </wpt>
    <wpt lat="50.59337" lon="3.89426">
        <type>TT_SOFT</type>
        <extensions>
            <tt:tomTomWaypointInfo tt:radius="20"/>
        </extensions>
    </wpt>
    <wpt lat="50.60471" lon="4.20145">
        <type>TT_SOFT</type>
        <extensions>
            <tt:tomTomWaypointInfo tt:radius="20"/>
        </extensions>
    </wpt>
    <wpt lat="50.6004" lon="4.221">
        <type>TT_SOFT</type>
        <extensions>
            <tt:tomTomWaypointInfo tt:radius="20"/>
        </extensions>
    </wpt>
    <wpt lat="50.56327" lon="4.23794">
        <type>TT_SOFT</type>
        <extensions>
            <tt:tomTomWaypointInfo tt:radius="20"/>
        </extensions>
    </wpt>
    <wpt lat="50.55908" lon="4.30782">
        <type>TT_SOFT</type>
        <extensions>
            <tt:tomTomWaypointInfo tt:radius="20"/>
        </extensions>
    </wpt>
    <wpt lat="50.53134" lon="4.29626">
        <type>TT_SOFT</type>
        <extensions>
            <tt:tomTomWaypointInfo tt:radius="20"/>
        </extensions>
    </wpt>
    <wpt lat="50.42103" lon="4.28173">
        <type>TT_SOFT</type>
        <extensions>
            <tt:tomTomWaypointInfo tt:radius="20"/>
        </extensions>
    </wpt>
    <wpt lat="50.37491" lon="4.33772">
        <type>TT_SOFT</type>
        <extensions>
            <tt:tomTomWaypointInfo tt:radius="20"/>
        </extensions>
    </wpt>
    <wpt lat="50.34245" lon="4.35235">
        <type>TT_SOFT</type>
        <extensions>
            <tt:tomTomWaypointInfo tt:radius="20"/>
        </extensions>
    </wpt>
    <wpt lat="50.30905" lon="4.375">
        <type>TT_SOFT</type>
        <extensions>
            <tt:tomTomWaypointInfo tt:radius="20"/>
        </extensions>
    </wpt>
    <wpt lat="50.27166" lon="4.4337">
        <type>TT_SOFT</type>
        <extensions>
            <tt:tomTomWaypointInfo tt:radius="20"/>
        </extensions>
    </wpt>
    <wpt lat="50.24223" lon="4.42523">
        <type>TT_SOFT</type>
        <extensions>
            <tt:tomTomWaypointInfo tt:radius="20"/>
        </extensions>
    </wpt>
    <wpt lat="50.22224" lon="4.41212">
        <type>TT_SOFT</type>
        <extensions>
            <tt:tomTomWaypointInfo tt:radius="20"/>
        </extensions>
    </wpt>
    <wpt lat="50.17356" lon="4.4081">
        <type>TT_SOFT</type>
        <extensions>
            <tt:tomTomWaypointInfo tt:radius="20"/>
        </extensions>
    </wpt>
    <wpt lat="50.17350887601626" lon="4.473800075588429">
        <type>TT_SOFT</type>
        <extensions>
            <tt:tomTomWaypointInfo tt:radius="123"/>
        </extensions>
    </wpt>
    <wpt lat="50.16691" lon="4.53727">
        <type>TT_SOFT</type>
        <extensions>
            <tt:tomTomWaypointInfo tt:radius="20"/>
        </extensions>
    </wpt>
    <wpt lat="50.15235208634476" lon="4.576840244377678">
        <type>TT_SOFT</type>
        <extensions>
            <tt:tomTomWaypointInfo tt:radius="166"/>
        </extensions>
    </wpt>
    <wpt lat="50.12541" lon="4.61693">
        <type>TT_SOFT</type>
        <extensions>
            <tt:tomTomWaypointInfo tt:radius="20"/>
        </extensions>
    </wpt>
    <wpt lat="50.10595" lon="4.66004">
        <type>TT_SOFT</type>
        <extensions>
            <tt:tomTomWaypointInfo tt:radius="20"/>
        </extensions>
    </wpt>
    <wpt lat="50.04607" lon="4.67271">
        <type>TT_SOFT</type>
        <extensions>
            <tt:tomTomWaypointInfo tt:radius="20"/>
        </extensions>
    </wpt>
    <wpt lat="49.91791" lon="4.6784">
        <type>TT_SOFT</type>
        <extensions>
            <tt:tomTomWaypointInfo tt:radius="20"/>
        </extensions>
    </wpt>
    <wpt lat="49.89864724570904" lon="4.704525710087751">
        <type>TT_SOFT</type>
        <extensions>
            <tt:tomTomWaypointInfo tt:radius="151"/>
        </extensions>
    </wpt>
    <wpt lat="49.86177" lon="4.75183">
        <type>TT_SOFT</type>
        <extensions>
            <tt:tomTomWaypointInfo tt:radius="20"/>
        </extensions>
    </wpt>
    <wpt lat="49.85001" lon="4.8088">
        <type>TT_SOFT</type>
        <extensions>
            <tt:tomTomWaypointInfo tt:radius="20"/>
        </extensions>
    </wpt>
    <wpt lat="49.8853" lon="4.8072">
        <type>TT_SOFT</type>
        <extensions>
            <tt:tomTomWaypointInfo tt:radius="20"/>
        </extensions>
    </wpt>
    <wpt lat="49.88830810942153" lon="4.837814963460602">
        <type>TT_SOFT</type>
        <extensions>
            <tt:tomTomWaypointInfo tt:radius="114"/>
        </extensions>
    </wpt>
    <wpt lat="49.87968728825976" lon="4.868594309493659">
        <type>TT_SOFT</type>
        <extensions>
            <tt:tomTomWaypointInfo tt:radius="75"/>
        </extensions>
    </wpt>
    <wpt lat="49.877" lon="4.87885">
        <type>TT_SOFT</type>
        <extensions>
            <tt:tomTomWaypointInfo tt:radius="20"/>
        </extensions>
    </wpt>
    <wpt lat="49.87992" lon="4.904">
        <type>TT_SOFT</type>
        <extensions>
            <tt:tomTomWaypointInfo tt:radius="20"/>
        </extensions>
    </wpt>
    <wpt lat="49.84134" lon="4.98656">
        <type>TT_SOFT</type>
        <extensions>
            <tt:tomTomWaypointInfo tt:radius="20"/>
        </extensions>
    </wpt>
    <wpt lat="49.787" lon="5.0379">
        <type>TT_SOFT</type>
        <extensions>
            <tt:tomTomWaypointInfo tt:radius="20"/>
        </extensions>
    </wpt>
    <wpt lat="49.78753" lon="5.17524">
        <type>TT_SOFT</type>
        <extensions>
            <tt:tomTomWaypointInfo tt:radius="20"/>
        </extensions>
    </wpt>
    <wpt lat="49.84587949117633" lon="5.2509727897542575">
        <type>TT_SOFT</type>
        <extensions>
            <tt:tomTomWaypointInfo tt:radius="207"/>
        </extensions>
    </wpt>
    <wpt lat="49.89991" lon="5.27285">
        <type>TT_SOFT</type>
        <extensions>
            <tt:tomTomWaypointInfo tt:radius="20"/>
        </extensions>
    </wpt>
    <wpt lat="49.95801" lon="5.28264">
        <type>TT_SOFT</type>
        <extensions>
            <tt:tomTomWaypointInfo tt:radius="20"/>
        </extensions>
    </wpt>
    <wpt lat="50.010716134587966" lon="5.26354514394194">
        <type>TT_SOFT</type>
        <extensions>
            <tt:tomTomWaypointInfo tt:radius="107"/>
        </extensions>
    </wpt>
    <wpt lat="50.03561833271834" lon="5.252552917332309">
        <type>TT_SOFT</type>
        <extensions>
            <tt:tomTomWaypointInfo tt:radius="126"/>
        </extensions>
    </wpt>
    <wpt lat="50.06377" lon="5.28203">
        <type>TT_SOFT</type>
        <extensions>
            <tt:tomTomWaypointInfo tt:radius="20"/>
        </extensions>
    </wpt>
    <wpt lat="50.07643" lon="5.29606">
        <type>TT_SOFT</type>
        <extensions>
            <tt:tomTomWaypointInfo tt:radius="20"/>
        </extensions>
    </wpt>
    <wpt lat="50.13412" lon="5.28853">
        <type>TT_SOFT</type>
        <extensions>
            <tt:tomTomWaypointInfo tt:radius="20"/>
        </extensions>
    </wpt>
    <wpt lat="50.1123" lon="5.4557">
        <type>TT_SOFT</type>
        <extensions>
            <tt:tomTomWaypointInfo tt:radius="20"/>
        </extensions>
    </wpt>
    <wpt lat="50.13375" lon="5.53609">
        <type>TT_SOFT</type>
        <extensions>
            <tt:tomTomWaypointInfo tt:radius="20"/>
        </extensions>
    </wpt>
    <wpt lat="50.09037" lon="5.56763">
        <type>TT_SOFT</type>
        <extensions>
            <tt:tomTomWaypointInfo tt:radius="20"/>
        </extensions>
    </wpt>
    <wpt lat="50.08463" lon="5.6691">
        <type>TT_SOFT</type>
        <extensions>
            <tt:tomTomWaypointInfo tt:radius="20"/>
        </extensions>
    </wpt>
    <wpt lat="50.1433" lon="5.67974">
        <type>TT_SOFT</type>
        <extensions>
            <tt:tomTomWaypointInfo tt:radius="20"/>
        </extensions>
    </wpt>
    <wpt lat="50.12837" lon="5.7865">
        <type>TT_SOFT</type>
        <extensions>
            <tt:tomTomWaypointInfo tt:radius="20"/>
        </extensions>
    </wpt>
    <wpt lat="50.1569" lon="5.73486">
        <type>TT_SOFT</type>
        <extensions>
            <tt:tomTomWaypointInfo tt:radius="20"/>
        </extensions>
    </wpt>
    <wpt lat="50.22568" lon="5.73295">
        <type>TT_SOFT</type>
        <extensions>
            <tt:tomTomWaypointInfo tt:radius="20"/>
        </extensions>
    </wpt>
    <wpt lat="50.241555" lon="5.750704">
        <type>TT_HARD</type>
    </wpt>
    <rte>
        <name>Deur den Bocht Rally</name>
        <rtept lat="51.09686" lon="3.500041">
            <type>TT_HARD</type>
        </rtept>
        <rtept lat="51.09963" lon="3.57136">
            <type>TT_SOFT</type>
            <extensions>
                <tt:tomTomWaypointInfo tt:radius="20"/>
            </extensions>
        </rtept>
        <rtept lat="51.04118" lon="3.59165">
            <type>TT_SOFT</type>
            <extensions>
                <tt:tomTomWaypointInfo tt:radius="20"/>
            </extensions>
        </rtept>
        <rtept lat="50.98785" lon="3.60805">
            <type>TT_SOFT</type>
            <extensions>
                <tt:tomTomWaypointInfo tt:radius="20"/>
            </extensions>
        </rtept>
        <rtept lat="51.00114" lon="3.6149">
            <type>TT_SOFT</type>
            <extensions>
                <tt:tomTomWaypointInfo tt:radius="20"/>
            </extensions>
        </rtept>
        <rtept lat="51.01308" lon="3.61875">
            <type>TT_SOFT</type>
            <extensions>
                <tt:tomTomWaypointInfo tt:radius="20"/>
            </extensions>
        </rtept>
        <rtept lat="50.96918" lon="3.62395">
            <type>TT_SOFT</type>
            <extensions>
                <tt:tomTomWaypointInfo tt:radius="20"/>
            </extensions>
        </rtept>
        <rtept lat="50.91354" lon="3.57681">
            <type>TT_SOFT</type>
            <extensions>
                <tt:tomTomWaypointInfo tt:radius="20"/>
            </extensions>
        </rtept>
        <rtept lat="50.88479" lon="3.58042">
            <type>TT_SOFT</type>
            <extensions>
                <tt:tomTomWaypointInfo tt:radius="20"/>
            </extensions>
        </rtept>
        <rtept lat="50.86109" lon="3.57912">
            <type>TT_SOFT</type>
            <extensions>
                <tt:tomTomWaypointInfo tt:radius="20"/>
            </extensions>
        </rtept>
        <rtept lat="50.85958" lon="3.56563">
            <type>TT_SOFT</type>
            <extensions>
                <tt:tomTomWaypointInfo tt:radius="20"/>
            </extensions>
        </rtept>
        <rtept lat="50.80127" lon="3.5085">
            <type>TT_SOFT</type>
            <extensions>
                <tt:tomTomWaypointInfo tt:radius="20"/>
            </extensions>
        </rtept>
        <rtept lat="50.77881" lon="3.54486">
            <type>TT_SOFT</type>
            <extensions>
                <tt:tomTomWaypointInfo tt:radius="20"/>
            </extensions>
        </rtept>
        <rtept lat="50.76311" lon="3.56026">
            <type>TT_SOFT</type>
            <extensions>
                <tt:tomTomWaypointInfo tt:radius="20"/>
            </extensions>
        </rtept>
        <rtept lat="50.72486" lon="3.68384">
            <type>TT_SOFT</type>
            <extensions>
                <tt:tomTomWaypointInfo tt:radius="20"/>
            </extensions>
        </rtept>
        <rtept lat="50.69229" lon="3.67474">
            <type>TT_SOFT</type>
            <extensions>
                <tt:tomTomWaypointInfo tt:radius="20"/>
            </extensions>
        </rtept>
        <rtept lat="50.67355" lon="3.65763">
            <type>TT_SOFT</type>
            <extensions>
                <tt:tomTomWaypointInfo tt:radius="20"/>
            </extensions>
        </rtept>
        <rtept lat="50.63578" lon="3.69438">
            <type>TT_SOFT</type>
            <extensions>
                <tt:tomTomWaypointInfo tt:radius="20"/>
            </extensions>
        </rtept>
        <rtept lat="50.59899" lon="3.71461">
            <type>TT_SOFT</type>
            <extensions>
                <tt:tomTomWaypointInfo tt:radius="20"/>
            </extensions>
        </rtept>
        <rtept lat="50.58285" lon="3.80251">
            <type>TT_SOFT</type>
            <extensions>
                <tt:tomTomWaypointInfo tt:radius="20"/>
            </extensions>
        </rtept>
        <rtept lat="50.59337" lon="3.89426">
            <type>TT_SOFT</type>
            <extensions>
                <tt:tomTomWaypointInfo tt:radius="20"/>
            </extensions>
        </rtept>
        <rtept lat="50.60471" lon="4.20145">
            <type>TT_SOFT</type>
            <extensions>
                <tt:tomTomWaypointInfo tt:radius="20"/>
            </extensions>
        </rtept>
        <rtept lat="50.6004" lon="4.221">
            <type>TT_SOFT</type>
            <extensions>
                <tt:tomTomWaypointInfo tt:radius="20"/>
            </extensions>
        </rtept>
        <rtept lat="50.56327" lon="4.23794">
            <type>TT_SOFT</type>
            <extensions>
                <tt:tomTomWaypointInfo tt:radius="20"/>
            </extensions>
        </rtept>
        <rtept lat="50.55908" lon="4.30782">
            <type>TT_SOFT</type>
            <extensions>
                <tt:tomTomWaypointInfo tt:radius="20"/>
            </extensions>
        </rtept>
        <rtept lat="50.53134" lon="4.29626">
            <type>TT_SOFT</type>
            <extensions>
                <tt:tomTomWaypointInfo tt:radius="20"/>
            </extensions>
        </rtept>
        <rtept lat="50.42103" lon="4.28173">
            <type>TT_SOFT</type>
            <extensions>
                <tt:tomTomWaypointInfo tt:radius="20"/>
            </extensions>
        </rtept>
        <rtept lat="50.37491" lon="4.33772">
            <type>TT_SOFT</type>
            <extensions>
                <tt:tomTomWaypointInfo tt:radius="20"/>
            </extensions>
        </rtept>
        <rtept lat="50.34245" lon="4.35235">
            <type>TT_SOFT</type>
            <extensions>
                <tt:tomTomWaypointInfo tt:radius="20"/>
            </extensions>
        </rtept>
        <rtept lat="50.30905" lon="4.375">
            <type>TT_SOFT</type>
            <extensions>
                <tt:tomTomWaypointInfo tt:radius="20"/>
            </extensions>
        </rtept>
        <rtept lat="50.27166" lon="4.4337">
            <type>TT_SOFT</type>
            <extensions>
                <tt:tomTomWaypointInfo tt:radius="20"/>
            </extensions>
        </rtept>
        <rtept lat="50.24223" lon="4.42523">
            <type>TT_SOFT</type>
            <extensions>
                <tt:tomTomWaypointInfo tt:radius="20"/>
            </extensions>
        </rtept>
        <rtept lat="50.22224" lon="4.41212">
            <type>TT_SOFT</type>
            <extensions>
                <tt:tomTomWaypointInfo tt:radius="20"/>
            </extensions>
        </rtept>
        <rtept lat="50.17356" lon="4.4081">
            <type>TT_SOFT</type>
            <extensions>
                <tt:tomTomWaypointInfo tt:radius="20"/>
            </extensions>
        </rtept>
        <rtept lat="50.17350887601626" lon="4.473800075588429">
            <type>TT_SOFT</type>
            <extensions>
                <tt:tomTomWaypointInfo tt:radius="123"/>
            </extensions>
        </rtept>
        <rtept lat="50.16691" lon="4.53727">
            <type>TT_SOFT</type>
            <extensions>
                <tt:tomTomWaypointInfo tt:radius="20"/>
            </extensions>
        </rtept>
        <rtept lat="50.15235208634476" lon="4.576840244377678">
            <type>TT_SOFT</type>
            <extensions>
                <tt:tomTomWaypointInfo tt:radius="166"/>
            </extensions>
        </rtept>
        <rtept lat="50.12541" lon="4.61693">
            <type>TT_SOFT</type>
            <extensions>
                <tt:tomTomWaypointInfo tt:radius="20"/>
            </extensions>
        </rtept>
        <rtept lat="50.10595" lon="4.66004">
            <type>TT_SOFT</type>
            <extensions>
                <tt:tomTomWaypointInfo tt:radius="20"/>
            </extensions>
        </rtept>
        <rtept lat="50.04607" lon="4.67271">
            <type>TT_SOFT</type>
            <extensions>
                <tt:tomTomWaypointInfo tt:radius="20"/>
            </extensions>
        </rtept>
        <rtept lat="49.91791" lon="4.6784">
            <type>TT_SOFT</type>
            <extensions>
                <tt:tomTomWaypointInfo tt:radius="20"/>
            </extensions>
        </rtept>
        <rtept lat="49.89864724570904" lon="4.704525710087751">
            <type>TT_SOFT</type>
            <extensions>
                <tt:tomTomWaypointInfo tt:radius="151"/>
            </extensions>
        </rtept>
        <rtept lat="49.86177" lon="4.75183">
            <type>TT_SOFT</type>
            <extensions>
                <tt:tomTomWaypointInfo tt:radius="20"/>
            </extensions>
        </rtept>
        <rtept lat="49.85001" lon="4.8088">
            <type>TT_SOFT</type>
            <extensions>
                <tt:tomTomWaypointInfo tt:radius="20"/>
            </extensions>
        </rtept>
        <rtept lat="49.8853" lon="4.8072">
            <type>TT_SOFT</type>
            <extensions>
                <tt:tomTomWaypointInfo tt:radius="20"/>
            </extensions>
        </rtept>
        <rtept lat="49.88830810942153" lon="4.837814963460602">
            <type>TT_SOFT</type>
            <extensions>
                <tt:tomTomWaypointInfo tt:radius="114"/>
            </extensions>
        </rtept>
        <rtept lat="49.87968728825976" lon="4.868594309493659">
            <type>TT_SOFT</type>
            <extensions>
                <tt:tomTomWaypointInfo tt:radius="75"/>
            </extensions>
        </rtept>
        <rtept lat="49.877" lon="4.87885">
            <type>TT_SOFT</type>
            <extensions>
                <tt:tomTomWaypointInfo tt:radius="20"/>
            </extensions>
        </rtept>
        <rtept lat="49.87992" lon="4.904">
            <type>TT_SOFT</type>
            <extensions>
                <tt:tomTomWaypointInfo tt:radius="20"/>
            </extensions>
        </rtept>
        <rtept lat="49.84134" lon="4.98656">
            <type>TT_SOFT</type>
            <extensions>
                <tt:tomTomWaypointInfo tt:radius="20"/>
            </extensions>
        </rtept>
        <rtept lat="49.787" lon="5.0379">
            <type>TT_SOFT</type>
            <extensions>
                <tt:tomTomWaypointInfo tt:radius="20"/>
            </extensions>
        </rtept>
        <rtept lat="49.78753" lon="5.17524">
            <type>TT_SOFT</type>
            <extensions>
                <tt:tomTomWaypointInfo tt:radius="20"/>
            </extensions>
        </rtept>
        <rtept lat="49.84587949117633" lon="5.2509727897542575">
            <type>TT_SOFT</type>
            <extensions>
                <tt:tomTomWaypointInfo tt:radius="207"/>
            </extensions>
        </rtept>
        <rtept lat="49.89991" lon="5.27285">
            <type>TT_SOFT</type>
            <extensions>
                <tt:tomTomWaypointInfo tt:radius="20"/>
            </extensions>
        </rtept>
        <rtept lat="49.95801" lon="5.28264">
            <type>TT_SOFT</type>
            <extensions>
                <tt:tomTomWaypointInfo tt:radius="20"/>
            </extensions>
        </rtept>
        <rtept lat="50.010716134587966" lon="5.26354514394194">
            <type>TT_SOFT</type>
            <extensions>
                <tt:tomTomWaypointInfo tt:radius="107"/>
            </extensions>
        </rtept>
        <rtept lat="50.03561833271834" lon="5.252552917332309">
            <type>TT_SOFT</type>
            <extensions>
                <tt:tomTomWaypointInfo tt:radius="126"/>
            </extensions>
        </rtept>
        <rtept lat="50.06377" lon="5.28203">
            <type>TT_SOFT</type>
            <extensions>
                <tt:tomTomWaypointInfo tt:radius="20"/>
            </extensions>
        </rtept>
        <rtept lat="50.07643" lon="5.29606">
            <type>TT_SOFT</type>
            <extensions>
                <tt:tomTomWaypointInfo tt:radius="20"/>
            </extensions>
        </rtept>
        <rtept lat="50.13412" lon="5.28853">
            <type>TT_SOFT</type>
            <extensions>
                <tt:tomTomWaypointInfo tt:radius="20"/>
            </extensions>
        </rtept>
        <rtept lat="50.1123" lon="5.4557">
            <type>TT_SOFT</type>
            <extensions>
                <tt:tomTomWaypointInfo tt:radius="20"/>
            </extensions>
        </rtept>
        <rtept lat="50.13375" lon="5.53609">
            <type>TT_SOFT</type>
            <extensions>
                <tt:tomTomWaypointInfo tt:radius="20"/>
            </extensions>
        </rtept>
        <rtept lat="50.09037" lon="5.56763">
            <type>TT_SOFT</type>
            <extensions>
                <tt:tomTomWaypointInfo tt:radius="20"/>
            </extensions>
        </rtept>
        <rtept lat="50.08463" lon="5.6691">
            <type>TT_SOFT</type>
            <extensions>
                <tt:tomTomWaypointInfo tt:radius="20"/>
            </extensions>
        </rtept>
        <rtept lat="50.1433" lon="5.67974">
            <type>TT_SOFT</type>
            <extensions>
                <tt:tomTomWaypointInfo tt:radius="20"/>
            </extensions>
        </rtept>
        <rtept lat="50.12837" lon="5.7865">
            <type>TT_SOFT</type>
            <extensions>
                <tt:tomTomWaypointInfo tt:radius="20"/>
            </extensions>
        </rtept>
        <rtept lat="50.1569" lon="5.73486">
            <type>TT_SOFT</type>
            <extensions>
                <tt:tomTomWaypointInfo tt:radius="20"/>
            </extensions>
        </rtept>
        <rtept lat="50.22568" lon="5.73295">
            <type>TT_SOFT</type>
            <extensions>
                <tt:tomTomWaypointInfo tt:radius="20"/>
            </extensions>
        </rtept>
        <rtept lat="50.241555" lon="5.750704">
            <type>TT_HARD</type>
        </rtept>
    </rte>
    <trk>
        <name>Deur den Bocht Rally</name>
        <trkseg>
            <trkpt lat="51.0969" lon="3.49992"/>
            <trkpt lat="51.09679" lon="3.49981"/>
            <trkpt lat="51.09655" lon="3.50062"/>
            <trkpt lat="51.09638" lon="3.50121"/>
            <trkpt lat="51.09662" lon="3.50158"/>
            <trkpt lat="51.0969" lon="3.50199"/>
            <trkpt lat="51.09771" lon="3.50323"/>
            <trkpt lat="51.09909" lon="3.50543"/>
            <trkpt lat="51.10063" lon="3.50777"/>
            <trkpt lat="51.10101" lon="3.50833"/>
            <trkpt lat="51.10163" lon="3.50925"/>
            <trkpt lat="51.10176" lon="3.50946"/>
            <trkpt lat="51.10205" lon="3.50998"/>
            <trkpt lat="51.10226" lon="3.5103"/>
            <trkpt lat="51.1024" lon="3.51054"/>
            <trkpt lat="51.10244" lon="3.51056"/>
            <trkpt lat="51.10251" lon="3.51056"/>
            <trkpt lat="51.1026" lon="3.51054"/>
            <trkpt lat="51.10297" lon="3.51034"/>
            <trkpt lat="51.10442" lon="3.50969"/>
            <trkpt lat="51.10449" lon="3.51009"/>
            <trkpt lat="51.1045" lon="3.51012"/>
            <trkpt lat="51.10458" lon="3.51036"/>
            <trkpt lat="51.10475" lon="3.51067"/>
            <trkpt lat="51.10501" lon="3.5111"/>
            <trkpt lat="51.10525" lon="3.51157"/>
            <trkpt lat="51.1054" lon="3.51179"/>
            <trkpt lat="51.10549" lon="3.51191"/>
            <trkpt lat="51.10546" lon="3.51232"/>
            <trkpt lat="51.10542" lon="3.51257"/>
            <trkpt lat="51.10539" lon="3.51269"/>
            <trkpt lat="51.10536" lon="3.51276"/>
            <trkpt lat="51.10535" lon="3.5128"/>
            <trkpt lat="51.10532" lon="3.51284"/>
            <trkpt lat="51.10528" lon="3.51289"/>
            <trkpt lat="51.10523" lon="3.51292"/>
            <trkpt lat="51.10492" lon="3.51302"/>
            <trkpt lat="51.10435" lon="3.51316"/>
            <trkpt lat="51.10432" lon="3.51317"/>
            <trkpt lat="51.10425" lon="3.51319"/>
            <trkpt lat="51.10421" lon="3.51322"/>
            <trkpt lat="51.10419" lon="3.51324"/>
            <trkpt lat="51.10417" lon="3.51326"/>
            <trkpt lat="51.10414" lon="3.51335"/>
            <trkpt lat="51.10398" lon="3.51419"/>
            <trkpt lat="51.10364" lon="3.51563"/>
            <trkpt lat="51.10354" lon="3.51605"/>
            <trkpt lat="51.10351" lon="3.51624"/>
            <trkpt lat="51.1035" lon="3.51635"/>
            <trkpt lat="51.10348" lon="3.51694"/>
            <trkpt lat="51.10346" lon="3.51732"/>
            <trkpt lat="51.10344" lon="3.51744"/>
            <trkpt lat="51.10339" lon="3.51774"/>
            <trkpt lat="51.10314" lon="3.51873"/>
            <trkpt lat="51.10305" lon="3.51906"/>
            <trkpt lat="51.10301" lon="3.51923"/>
            <trkpt lat="51.1029" lon="3.51958"/>
            <trkpt lat="51.10257" lon="3.52062"/>
            <trkpt lat="51.10253" lon="3.52078"/>
            <trkpt lat="51.10252" lon="3.52088"/>
            <trkpt lat="51.10249" lon="3.52106"/>
            <trkpt lat="51.10247" lon="3.52191"/>
            <trkpt lat="51.10245" lon="3.52219"/>
            <trkpt lat="51.1024" lon="3.52264"/>
            <trkpt lat="51.10231" lon="3.52321"/>
            <trkpt lat="51.10229" lon="3.52333"/>
            <trkpt lat="51.10382" lon="3.5258"/>
            <trkpt lat="51.1049" lon="3.52754"/>
            <trkpt lat="51.10514" lon="3.52793"/>
            <trkpt lat="51.10656" lon="3.53049"/>
            <trkpt lat="51.10658" lon="3.53051"/>
            <trkpt lat="51.10662" lon="3.53056"/>
            <trkpt lat="51.10677" lon="3.53067"/>
            <trkpt lat="51.1084" lon="3.53166"/>
            <trkpt lat="51.10859" lon="3.53178"/>
            <trkpt lat="51.1086" lon="3.53178"/>
            <trkpt lat="51.10869" lon="3.53187"/>
            <trkpt lat="51.10874" lon="3.53196"/>
            <trkpt lat="51.10978" lon="3.53402"/>
            <trkpt lat="51.11063" lon="3.53527"/>
            <trkpt lat="51.11066" lon="3.5353"/>
            <trkpt lat="51.11072" lon="3.53532"/>
            <trkpt lat="51.11081" lon="3.53532"/>
            <trkpt lat="51.11145" lon="3.5351"/>
            <trkpt lat="51.11294" lon="3.53422"/>
            <trkpt lat="51.113" lon="3.53421"/>
            <trkpt lat="51.11303" lon="3.53421"/>
            <trkpt lat="51.11305" lon="3.53423"/>
            <trkpt lat="51.11307" lon="3.53427"/>
            <trkpt lat="51.11314" lon="3.53444"/>
            <trkpt lat="51.11367" lon="3.53547"/>
            <trkpt lat="51.11408" lon="3.53622"/>
            <trkpt lat="51.11427" lon="3.53662"/>
            <trkpt lat="51.11438" lon="3.53687"/>
            <trkpt lat="51.11439" lon="3.53692"/>
            <trkpt lat="51.11457" lon="3.5375"/>
            <trkpt lat="51.11459" lon="3.5376"/>
            <trkpt lat="51.11466" lon="3.53787"/>
            <trkpt lat="51.11483" lon="3.53858"/>
            <trkpt lat="51.11495" lon="3.53917"/>
            <trkpt lat="51.11495" lon="3.53927"/>
            <trkpt lat="51.11497" lon="3.53937"/>
            <trkpt lat="51.115" lon="3.53945"/>
            <trkpt lat="51.11503" lon="3.5395"/>
            <trkpt lat="51.11506" lon="3.53955"/>
            <trkpt lat="51.11511" lon="3.53961"/>
            <trkpt lat="51.11511" lon="3.53968"/>
            <trkpt lat="51.1151" lon="3.53981"/>
            <trkpt lat="51.11512" lon="3.53999"/>
            <trkpt lat="51.11521" lon="3.54061"/>
            <trkpt lat="51.11528" lon="3.54111"/>
            <trkpt lat="51.11533" lon="3.54158"/>
            <trkpt lat="51.11537" lon="3.54247"/>
            <trkpt lat="51.11535" lon="3.54274"/>
            <trkpt lat="51.11534" lon="3.54311"/>
            <trkpt lat="51.11538" lon="3.54362"/>
            <trkpt lat="51.11546" lon="3.54399"/>
            <trkpt lat="51.11562" lon="3.54463"/>
            <trkpt lat="51.11572" lon="3.54495"/>
            <trkpt lat="51.11632" lon="3.54691"/>
            <trkpt lat="51.11641" lon="3.54725"/>
            <trkpt lat="51.11639" lon="3.54728"/>
            <trkpt lat="51.11638" lon="3.54732"/>
            <trkpt lat="51.11638" lon="3.54737"/>
            <trkpt lat="51.11638" lon="3.54756"/>
            <trkpt lat="51.11642" lon="3.54809"/>
            <trkpt lat="51.11651" lon="3.54931"/>
            <trkpt lat="51.11652" lon="3.54938"/>
            <trkpt lat="51.11652" lon="3.54957"/>
            <trkpt lat="51.11651" lon="3.54975"/>
            <trkpt lat="51.11648" lon="3.54994"/>
            <trkpt lat="51.11635" lon="3.55035"/>
            <trkpt lat="51.11612" lon="3.55083"/>
            <trkpt lat="51.11593" lon="3.55127"/>
            <trkpt lat="51.11588" lon="3.55145"/>
            <trkpt lat="51.11587" lon="3.55165"/>
            <trkpt lat="51.11612" lon="3.55352"/>
            <trkpt lat="51.11612" lon="3.55355"/>
            <trkpt lat="51.11613" lon="3.55377"/>
            <trkpt lat="51.11612" lon="3.55398"/>
            <trkpt lat="51.11603" lon="3.55454"/>
            <trkpt lat="51.11579" lon="3.55589"/>
            <trkpt lat="51.11577" lon="3.55613"/>
            <trkpt lat="51.11576" lon="3.55617"/>
            <trkpt lat="51.11576" lon="3.55629"/>
            <trkpt lat="51.11576" lon="3.55652"/>
            <trkpt lat="51.11578" lon="3.55668"/>
            <trkpt lat="51.11581" lon="3.55683"/>
            <trkpt lat="51.11582" lon="3.55688"/>
            <trkpt lat="51.11581" lon="3.557"/>
            <trkpt lat="51.11578" lon="3.55709"/>
            <trkpt lat="51.11487" lon="3.55896"/>
            <trkpt lat="51.11474" lon="3.55922"/>
            <trkpt lat="51.11454" lon="3.55957"/>
            <trkpt lat="51.11438" lon="3.55984"/>
            <trkpt lat="51.11415" lon="3.56031"/>
            <trkpt lat="51.11331" lon="3.56207"/>
            <trkpt lat="51.11319" lon="3.56231"/>
            <trkpt lat="51.11306" lon="3.5625"/>
            <trkpt lat="51.11288" lon="3.56268"/>
            <trkpt lat="51.11188" lon="3.56349"/>
            <trkpt lat="51.11102" lon="3.56415"/>
            <trkpt lat="51.111" lon="3.56417"/>
            <trkpt lat="51.11093" lon="3.56425"/>
            <trkpt lat="51.11076" lon="3.56443"/>
            <trkpt lat="51.11012" lon="3.56513"/>
            <trkpt lat="51.10998" lon="3.56526"/>
            <trkpt lat="51.10941" lon="3.56556"/>
            <trkpt lat="51.10929" lon="3.56562"/>
            <trkpt lat="51.10901" lon="3.5657"/>
            <trkpt lat="51.10882" lon="3.56576"/>
            <trkpt lat="51.10866" lon="3.56578"/>
            <trkpt lat="51.10855" lon="3.56577"/>
            <trkpt lat="51.10845" lon="3.56574"/>
            <trkpt lat="51.1084" lon="3.5657"/>
            <trkpt lat="51.10808" lon="3.56547"/>
            <trkpt lat="51.10795" lon="3.5654"/>
            <trkpt lat="51.10783" lon="3.5654"/>
            <trkpt lat="51.10762" lon="3.56548"/>
            <trkpt lat="51.10673" lon="3.56593"/>
            <trkpt lat="51.10622" lon="3.56616"/>
            <trkpt lat="51.10568" lon="3.56633"/>
            <trkpt lat="51.10505" lon="3.56648"/>
            <trkpt lat="51.10487" lon="3.56654"/>
            <trkpt lat="51.10468" lon="3.56666"/>
            <trkpt lat="51.10459" lon="3.56675"/>
            <trkpt lat="51.10446" lon="3.56692"/>
            <trkpt lat="51.10425" lon="3.56715"/>
            <trkpt lat="51.10414" lon="3.5673"/>
            <trkpt lat="51.10397" lon="3.56753"/>
            <trkpt lat="51.10363" lon="3.56795"/>
            <trkpt lat="51.10266" lon="3.56916"/>
            <trkpt lat="51.10231" lon="3.56951"/>
            <trkpt lat="51.09963" lon="3.57136"/>
            <trkpt lat="51.09902" lon="3.57179"/>
            <trkpt lat="51.09887" lon="3.57188"/>
            <trkpt lat="51.09851" lon="3.57216"/>
            <trkpt lat="51.09847" lon="3.57218"/>
            <trkpt lat="51.09813" lon="3.57238"/>
            <trkpt lat="51.09806" lon="3.57242"/>
            <trkpt lat="51.09755" lon="3.57279"/>
            <trkpt lat="51.09714" lon="3.57302"/>
            <trkpt lat="51.09677" lon="3.57319"/>
            <trkpt lat="51.09594" lon="3.57333"/>
            <trkpt lat="51.09568" lon="3.57335"/>
            <trkpt lat="51.09515" lon="3.57335"/>
            <trkpt lat="51.09494" lon="3.57334"/>
            <trkpt lat="51.09454" lon="3.57333"/>
            <trkpt lat="51.09444" lon="3.57334"/>
            <trkpt lat="51.094" lon="3.57335"/>
            <trkpt lat="51.09353" lon="3.57335"/>
            <trkpt lat="51.09319" lon="3.57335"/>
            <trkpt lat="51.09288" lon="3.57335"/>
            <trkpt lat="51.09278" lon="3.5733"/>
            <trkpt lat="51.09223" lon="3.57331"/>
            <trkpt lat="51.09214" lon="3.57337"/>
            <trkpt lat="51.09204" lon="3.57337"/>
            <trkpt lat="51.09189" lon="3.57336"/>
            <trkpt lat="51.09162" lon="3.57335"/>
            <trkpt lat="51.09147" lon="3.57332"/>
            <trkpt lat="51.09118" lon="3.5732"/>
            <trkpt lat="51.09097" lon="3.57309"/>
            <trkpt lat="51.09083" lon="3.57299"/>
            <trkpt lat="51.09065" lon="3.57284"/>
            <trkpt lat="51.09026" lon="3.57247"/>
            <trkpt lat="51.08977" lon="3.57202"/>
            <trkpt lat="51.08964" lon="3.5719"/>
            <trkpt lat="51.08927" lon="3.5716"/>
            <trkpt lat="51.08906" lon="3.57143"/>
            <trkpt lat="51.08882" lon="3.57126"/>
            <trkpt lat="51.0887" lon="3.5712"/>
            <trkpt lat="51.08845" lon="3.5711"/>
            <trkpt lat="51.08828" lon="3.57109"/>
            <trkpt lat="51.0882" lon="3.57111"/>
            <trkpt lat="51.08764" lon="3.57133"/>
            <trkpt lat="51.08731" lon="3.57145"/>
            <trkpt lat="51.08701" lon="3.57146"/>
            <trkpt lat="51.0868" lon="3.57137"/>
            <trkpt lat="51.08666" lon="3.57131"/>
            <trkpt lat="51.08643" lon="3.5711"/>
            <trkpt lat="51.08639" lon="3.57107"/>
            <trkpt lat="51.08591" lon="3.57041"/>
            <trkpt lat="51.08567" lon="3.57022"/>
            <trkpt lat="51.08547" lon="3.57014"/>
            <trkpt lat="51.08526" lon="3.57007"/>
            <trkpt lat="51.08507" lon="3.57002"/>
            <trkpt lat="51.08475" lon="3.56996"/>
            <trkpt lat="51.0845" lon="3.57004"/>
            <trkpt lat="51.08417" lon="3.57027"/>
            <trkpt lat="51.08372" lon="3.57063"/>
            <trkpt lat="51.08301" lon="3.57121"/>
            <trkpt lat="51.08179" lon="3.57216"/>
            <trkpt lat="51.08135" lon="3.57253"/>
            <trkpt lat="51.0813" lon="3.57257"/>
            <trkpt lat="51.08107" lon="3.57276"/>
            <trkpt lat="51.0807" lon="3.57307"/>
            <trkpt lat="51.08066" lon="3.5731"/>
            <trkpt lat="51.08058" lon="3.57318"/>
            <trkpt lat="51.07974" lon="3.57386"/>
            <trkpt lat="51.07969" lon="3.5739"/>
            <trkpt lat="51.07932" lon="3.57419"/>
            <trkpt lat="51.07926" lon="3.57423"/>
            <trkpt lat="51.07846" lon="3.57479"/>
            <trkpt lat="51.07795" lon="3.57519"/>
            <trkpt lat="51.07787" lon="3.5752"/>
            <trkpt lat="51.0775" lon="3.57517"/>
            <trkpt lat="51.07744" lon="3.57518"/>
            <trkpt lat="51.07739" lon="3.5752"/>
            <trkpt lat="51.07735" lon="3.57521"/>
            <trkpt lat="51.07728" lon="3.57526"/>
            <trkpt lat="51.07725" lon="3.57529"/>
            <trkpt lat="51.07722" lon="3.57532"/>
            <trkpt lat="51.07711" lon="3.57547"/>
            <trkpt lat="51.07701" lon="3.57561"/>
            <trkpt lat="51.07682" lon="3.57582"/>
            <trkpt lat="51.0761" lon="3.57667"/>
            <trkpt lat="51.07603" lon="3.57674"/>
            <trkpt lat="51.07594" lon="3.57686"/>
            <trkpt lat="51.07525" lon="3.57761"/>
            <trkpt lat="51.07506" lon="3.57778"/>
            <trkpt lat="51.07495" lon="3.57785"/>
            <trkpt lat="51.07463" lon="3.57805"/>
            <trkpt lat="51.07401" lon="3.5783"/>
            <trkpt lat="51.07395" lon="3.57833"/>
            <trkpt lat="51.07359" lon="3.57849"/>
            <trkpt lat="51.07352" lon="3.57853"/>
            <trkpt lat="51.07323" lon="3.57861"/>
            <trkpt lat="51.07257" lon="3.57875"/>
            <trkpt lat="51.07245" lon="3.57872"/>
            <trkpt lat="51.07209" lon="3.57857"/>
            <trkpt lat="51.07193" lon="3.57847"/>
            <trkpt lat="51.07121" lon="3.57764"/>
            <trkpt lat="51.07098" lon="3.57741"/>
            <trkpt lat="51.07082" lon="3.57728"/>
            <trkpt lat="51.07069" lon="3.57718"/>
            <trkpt lat="51.07049" lon="3.57706"/>
            <trkpt lat="51.07043" lon="3.57703"/>
            <trkpt lat="51.07039" lon="3.577"/>
            <trkpt lat="51.07032" lon="3.577"/>
            <trkpt lat="51.07024" lon="3.57702"/>
            <trkpt lat="51.07011" lon="3.57712"/>
            <trkpt lat="51.06991" lon="3.57736"/>
            <trkpt lat="51.06983" lon="3.57746"/>
            <trkpt lat="51.06962" lon="3.5776"/>
            <trkpt lat="51.06933" lon="3.57774"/>
            <trkpt lat="51.06918" lon="3.57781"/>
            <trkpt lat="51.06902" lon="3.57785"/>
            <trkpt lat="51.06884" lon="3.57784"/>
            <trkpt lat="51.06872" lon="3.57782"/>
            <trkpt lat="51.0683" lon="3.57766"/>
            <trkpt lat="51.06736" lon="3.57722"/>
            <trkpt lat="51.06708" lon="3.57711"/>
            <trkpt lat="51.0657" lon="3.57655"/>
            <trkpt lat="51.06537" lon="3.5764"/>
            <trkpt lat="51.06498" lon="3.57623"/>
            <trkpt lat="51.06477" lon="3.57612"/>
            <trkpt lat="51.06447" lon="3.57599"/>
            <trkpt lat="51.06445" lon="3.57598"/>
            <trkpt lat="51.06426" lon="3.57591"/>
            <trkpt lat="51.06407" lon="3.57582"/>
            <trkpt lat="51.06337" lon="3.57549"/>
            <trkpt lat="51.06269" lon="3.57515"/>
            <trkpt lat="51.06202" lon="3.57484"/>
            <trkpt lat="51.06154" lon="3.57466"/>
            <trkpt lat="51.06096" lon="3.57441"/>
            <trkpt lat="51.06042" lon="3.57421"/>
            <trkpt lat="51.05977" lon="3.57401"/>
            <trkpt lat="51.05927" lon="3.57387"/>
            <trkpt lat="51.0591" lon="3.57384"/>
            <trkpt lat="51.05897" lon="3.57382"/>
            <trkpt lat="51.05873" lon="3.57379"/>
            <trkpt lat="51.05854" lon="3.57378"/>
            <trkpt lat="51.05786" lon="3.57375"/>
            <trkpt lat="51.05772" lon="3.57374"/>
            <trkpt lat="51.05765" lon="3.57374"/>
            <trkpt lat="51.05747" lon="3.57371"/>
            <trkpt lat="51.05728" lon="3.57363"/>
            <trkpt lat="51.05717" lon="3.57357"/>
            <trkpt lat="51.05702" lon="3.57346"/>
            <trkpt lat="51.05674" lon="3.57316"/>
            <trkpt lat="51.0566" lon="3.57304"/>
            <trkpt lat="51.05641" lon="3.5729"/>
            <trkpt lat="51.05601" lon="3.57256"/>
            <trkpt lat="51.05596" lon="3.57251"/>
            <trkpt lat="51.05589" lon="3.57246"/>
            <trkpt lat="51.05582" lon="3.57269"/>
            <trkpt lat="51.05557" lon="3.57361"/>
            <trkpt lat="51.05515" lon="3.57525"/>
            <trkpt lat="51.05519" lon="3.57535"/>
            <trkpt lat="51.05525" lon="3.57556"/>
            <trkpt lat="51.0553" lon="3.57571"/>
            <trkpt lat="51.05541" lon="3.57636"/>
            <trkpt lat="51.05541" lon="3.57648"/>
            <trkpt lat="51.0554" lon="3.57657"/>
            <trkpt lat="51.05538" lon="3.57669"/>
            <trkpt lat="51.05551" lon="3.57681"/>
            <trkpt lat="51.05524" lon="3.57752"/>
            <trkpt lat="51.05513" lon="3.5778"/>
            <trkpt lat="51.05512" lon="3.57787"/>
            <trkpt lat="51.05513" lon="3.57796"/>
            <trkpt lat="51.05523" lon="3.57821"/>
            <trkpt lat="51.05533" lon="3.57843"/>
            <trkpt lat="51.05536" lon="3.57851"/>
            <trkpt lat="51.05539" lon="3.57862"/>
            <trkpt lat="51.0554" lon="3.57869"/>
            <trkpt lat="51.0554" lon="3.57877"/>
            <trkpt lat="51.0554" lon="3.57909"/>
            <trkpt lat="51.0554" lon="3.57921"/>
            <trkpt lat="51.05541" lon="3.57922"/>
            <trkpt lat="51.05514" lon="3.57986"/>
            <trkpt lat="51.05506" lon="3.58004"/>
            <trkpt lat="51.05501" lon="3.58012"/>
            <trkpt lat="51.05483" lon="3.58036"/>
            <trkpt lat="51.05469" lon="3.58052"/>
            <trkpt lat="51.05467" lon="3.58054"/>
            <trkpt lat="51.05443" lon="3.58087"/>
            <trkpt lat="51.05413" lon="3.58133"/>
            <trkpt lat="51.05398" lon="3.58154"/>
            <trkpt lat="51.05377" lon="3.58185"/>
            <trkpt lat="51.05352" lon="3.58225"/>
            <trkpt lat="51.05313" lon="3.58272"/>
            <trkpt lat="51.05306" lon="3.58278"/>
            <trkpt lat="51.05302" lon="3.58281"/>
            <trkpt lat="51.05295" lon="3.58285"/>
            <trkpt lat="51.05289" lon="3.58288"/>
            <trkpt lat="51.05284" lon="3.58291"/>
            <trkpt lat="51.05275" lon="3.58295"/>
            <trkpt lat="51.04925" lon="3.58527"/>
            <trkpt lat="51.04845" lon="3.58581"/>
            <trkpt lat="51.04818" lon="3.58604"/>
            <trkpt lat="51.04796" lon="3.58632"/>
            <trkpt lat="51.0474" lon="3.58723"/>
            <trkpt lat="51.04723" lon="3.58739"/>
            <trkpt lat="51.04713" lon="3.5874"/>
            <trkpt lat="51.04678" lon="3.58727"/>
            <trkpt lat="51.04665" lon="3.58719"/>
            <trkpt lat="51.04641" lon="3.58707"/>
            <trkpt lat="51.04635" lon="3.58705"/>
            <trkpt lat="51.04624" lon="3.58705"/>
            <trkpt lat="51.04619" lon="3.58706"/>
            <trkpt lat="51.04614" lon="3.58709"/>
            <trkpt lat="51.04608" lon="3.58717"/>
            <trkpt lat="51.04604" lon="3.58724"/>
            <trkpt lat="51.04572" lon="3.58822"/>
            <trkpt lat="51.0456" lon="3.58854"/>
            <trkpt lat="51.04542" lon="3.58885"/>
            <trkpt lat="51.04532" lon="3.58897"/>
            <trkpt lat="51.04527" lon="3.58906"/>
            <trkpt lat="51.04513" lon="3.58924"/>
            <trkpt lat="51.04475" lon="3.58973"/>
            <trkpt lat="51.04471" lon="3.58978"/>
            <trkpt lat="51.04448" lon="3.58993"/>
            <trkpt lat="51.04436" lon="3.59004"/>
            <trkpt lat="51.04415" lon="3.59021"/>
            <trkpt lat="51.0441" lon="3.59025"/>
            <trkpt lat="51.04387" lon="3.59043"/>
            <trkpt lat="51.04359" lon="3.59067"/>
            <trkpt lat="51.04324" lon="3.59098"/>
            <trkpt lat="51.04317" lon="3.59104"/>
            <trkpt lat="51.04314" lon="3.59106"/>
            <trkpt lat="51.04278" lon="3.5912"/>
            <trkpt lat="51.04268" lon="3.59123"/>
            <trkpt lat="51.04248" lon="3.5913"/>
            <trkpt lat="51.04244" lon="3.59132"/>
            <trkpt lat="51.04218" lon="3.59141"/>
            <trkpt lat="51.04195" lon="3.59148"/>
            <trkpt lat="51.04175" lon="3.59153"/>
            <trkpt lat="51.04172" lon="3.59153"/>
            <trkpt lat="51.04118" lon="3.59165"/>
            <trkpt lat="51.0408" lon="3.5917"/>
            <trkpt lat="51.04081" lon="3.5916"/>
            <trkpt lat="51.0408" lon="3.59153"/>
            <trkpt lat="51.04079" lon="3.59145"/>
            <trkpt lat="51.04072" lon="3.59124"/>
            <trkpt lat="51.03975" lon="3.58872"/>
            <trkpt lat="51.03895" lon="3.58672"/>
            <trkpt lat="51.03888" lon="3.58658"/>
            <trkpt lat="51.03866" lon="3.58628"/>
            <trkpt lat="51.0385" lon="3.58608"/>
            <trkpt lat="51.03844" lon="3.58598"/>
            <trkpt lat="51.03836" lon="3.58589"/>
            <trkpt lat="51.03738" lon="3.58527"/>
            <trkpt lat="51.0372" lon="3.58511"/>
            <trkpt lat="51.03546" lon="3.58369"/>
            <trkpt lat="51.035" lon="3.58335"/>
            <trkpt lat="51.03468" lon="3.58317"/>
            <trkpt lat="51.03299" lon="3.58188"/>
            <trkpt lat="51.03256" lon="3.58154"/>
            <trkpt lat="51.03037" lon="3.5798"/>
            <trkpt lat="51.03032" lon="3.57976"/>
            <trkpt lat="51.02884" lon="3.57866"/>
            <trkpt lat="51.02821" lon="3.57826"/>
            <trkpt lat="51.02797" lon="3.57815"/>
            <trkpt lat="51.02756" lon="3.57787"/>
            <trkpt lat="51.02683" lon="3.57733"/>
            <trkpt lat="51.02574" lon="3.57655"/>
            <trkpt lat="51.02491" lon="3.57597"/>
            <trkpt lat="51.02467" lon="3.57582"/>
            <trkpt lat="51.02409" lon="3.57551"/>
            <trkpt lat="51.02339" lon="3.57505"/>
            <trkpt lat="51.02252" lon="3.57441"/>
            <trkpt lat="51.0224" lon="3.57429"/>
            <trkpt lat="51.02211" lon="3.57397"/>
            <trkpt lat="51.02099" lon="3.57252"/>
            <trkpt lat="51.02051" lon="3.57194"/>
            <trkpt lat="51.02038" lon="3.57178"/>
            <trkpt lat="51.02008" lon="3.57219"/>
            <trkpt lat="51.01963" lon="3.57306"/>
            <trkpt lat="51.01948" lon="3.57332"/>
            <trkpt lat="51.01886" lon="3.57458"/>
            <trkpt lat="51.01862" lon="3.57501"/>
            <trkpt lat="51.0181" lon="3.57595"/>
            <trkpt lat="51.01774" lon="3.57659"/>
            <trkpt lat="51.01747" lon="3.57707"/>
            <trkpt lat="51.01691" lon="3.57807"/>
            <trkpt lat="51.01608" lon="3.57954"/>
            <trkpt lat="51.01544" lon="3.5807"/>
            <trkpt lat="51.01523" lon="3.58113"/>
            <trkpt lat="51.015" lon="3.58154"/>
            <trkpt lat="51.01415" lon="3.58305"/>
            <trkpt lat="51.01394" lon="3.58346"/>
            <trkpt lat="51.01391" lon="3.58347"/>
            <trkpt lat="51.01364" lon="3.5839"/>
            <trkpt lat="51.0135" lon="3.5841"/>
            <trkpt lat="51.01346" lon="3.58414"/>
            <trkpt lat="51.01343" lon="3.58413"/>
            <trkpt lat="51.01342" lon="3.58412"/>
            <trkpt lat="51.01339" lon="3.58413"/>
            <trkpt lat="51.01338" lon="3.58413"/>
            <trkpt lat="51.01336" lon="3.58414"/>
            <trkpt lat="51.01334" lon="3.58416"/>
            <trkpt lat="51.01333" lon="3.58418"/>
            <trkpt lat="51.01332" lon="3.58421"/>
            <trkpt lat="51.0133" lon="3.58426"/>
            <trkpt lat="51.0133" lon="3.5843"/>
            <trkpt lat="51.0133" lon="3.58434"/>
            <trkpt lat="51.01305" lon="3.58472"/>
            <trkpt lat="51.01292" lon="3.58495"/>
            <trkpt lat="51.01291" lon="3.58502"/>
            <trkpt lat="51.01287" lon="3.58511"/>
            <trkpt lat="51.01284" lon="3.58517"/>
            <trkpt lat="51.01278" lon="3.58537"/>
            <trkpt lat="51.01273" lon="3.58551"/>
            <trkpt lat="51.01264" lon="3.5859"/>
            <trkpt lat="51.01258" lon="3.58638"/>
            <trkpt lat="51.01256" lon="3.58668"/>
            <trkpt lat="51.01241" lon="3.58786"/>
            <trkpt lat="51.01234" lon="3.58851"/>
            <trkpt lat="51.01232" lon="3.58877"/>
            <trkpt lat="51.01227" lon="3.5892"/>
            <trkpt lat="51.01216" lon="3.59008"/>
            <trkpt lat="51.01213" lon="3.5903"/>
            <trkpt lat="51.01201" lon="3.59085"/>
            <trkpt lat="51.01189" lon="3.5912"/>
            <trkpt lat="51.01182" lon="3.59139"/>
            <trkpt lat="51.01169" lon="3.59168"/>
            <trkpt lat="51.01146" lon="3.59204"/>
            <trkpt lat="51.01126" lon="3.59233"/>
            <trkpt lat="51.01107" lon="3.59258"/>
            <trkpt lat="51.01074" lon="3.59305"/>
            <trkpt lat="51.01069" lon="3.59311"/>
            <trkpt lat="51.01064" lon="3.59319"/>
            <trkpt lat="51.01056" lon="3.5933"/>
            <trkpt lat="51.00943" lon="3.59491"/>
            <trkpt lat="51.00929" lon="3.59516"/>
            <trkpt lat="51.00925" lon="3.59525"/>
            <trkpt lat="51.00919" lon="3.59545"/>
            <trkpt lat="51.00917" lon="3.59554"/>
            <trkpt lat="51.00916" lon="3.59562"/>
            <trkpt lat="51.00912" lon="3.59597"/>
            <trkpt lat="51.00913" lon="3.59634"/>
            <trkpt lat="51.00914" lon="3.59687"/>
            <trkpt lat="51.00913" lon="3.59701"/>
            <trkpt lat="51.00908" lon="3.59724"/>
            <trkpt lat="51.00905" lon="3.59731"/>
            <trkpt lat="51.00896" lon="3.59752"/>
            <trkpt lat="51.00883" lon="3.59774"/>
            <trkpt lat="51.00834" lon="3.59855"/>
            <trkpt lat="51.00817" lon="3.59883"/>
            <trkpt lat="51.00772" lon="3.59954"/>
            <trkpt lat="51.00717" lon="3.60028"/>
            <trkpt lat="51.0071" lon="3.60038"/>
            <trkpt lat="51.00702" lon="3.60048"/>
            <trkpt lat="51.00623" lon="3.60155"/>
            <trkpt lat="51.00586" lon="3.602"/>
            <trkpt lat="51.00555" lon="3.60231"/>
            <trkpt lat="51.00541" lon="3.60241"/>
            <trkpt lat="51.00522" lon="3.60247"/>
            <trkpt lat="51.00511" lon="3.60247"/>
            <trkpt lat="51.00466" lon="3.60246"/>
            <trkpt lat="51.00426" lon="3.6024"/>
            <trkpt lat="51.00413" lon="3.60232"/>
            <trkpt lat="51.00403" lon="3.60226"/>
            <trkpt lat="51.0035" lon="3.60178"/>
            <trkpt lat="51.00342" lon="3.60172"/>
            <trkpt lat="51.00327" lon="3.60171"/>
            <trkpt lat="51.0032" lon="3.60171"/>
            <trkpt lat="51.00307" lon="3.60178"/>
            <trkpt lat="51.00296" lon="3.60188"/>
            <trkpt lat="51.00287" lon="3.60198"/>
            <trkpt lat="51.00282" lon="3.60207"/>
            <trkpt lat="51.00277" lon="3.60221"/>
            <trkpt lat="51.00269" lon="3.6024"/>
            <trkpt lat="51.0026" lon="3.60277"/>
            <trkpt lat="51.00256" lon="3.60301"/>
            <trkpt lat="51.0025" lon="3.60352"/>
            <trkpt lat="51.00248" lon="3.60367"/>
            <trkpt lat="51.00244" lon="3.60385"/>
            <trkpt lat="51.0024" lon="3.60401"/>
            <trkpt lat="51.00234" lon="3.60415"/>
            <trkpt lat="51.00216" lon="3.60436"/>
            <trkpt lat="51.00197" lon="3.60448"/>
            <trkpt lat="51.00163" lon="3.60461"/>
            <trkpt lat="51.00152" lon="3.60465"/>
            <trkpt lat="51.00134" lon="3.6047"/>
            <trkpt lat="51.00119" lon="3.60477"/>
            <trkpt lat="51.00103" lon="3.60483"/>
            <trkpt lat="51.00087" lon="3.60491"/>
            <trkpt lat="51.00066" lon="3.60502"/>
            <trkpt lat="51.00051" lon="3.60513"/>
            <trkpt lat="51.00039" lon="3.60524"/>
            <trkpt lat="51.00027" lon="3.60535"/>
            <trkpt lat="50.99971" lon="3.60589"/>
            <trkpt lat="50.99957" lon="3.60602"/>
            <trkpt lat="50.99948" lon="3.60607"/>
            <trkpt lat="50.99937" lon="3.60615"/>
            <trkpt lat="50.99916" lon="3.60626"/>
            <trkpt lat="50.99885" lon="3.60639"/>
            <trkpt lat="50.99854" lon="3.60648"/>
            <trkpt lat="50.99824" lon="3.60656"/>
            <trkpt lat="50.99807" lon="3.6066"/>
            <trkpt lat="50.99772" lon="3.60668"/>
            <trkpt lat="50.99771" lon="3.60664"/>
            <trkpt lat="50.99769" lon="3.60661"/>
            <trkpt lat="50.99767" lon="3.60658"/>
            <trkpt lat="50.99765" lon="3.60656"/>
            <trkpt lat="50.99763" lon="3.60655"/>
            <trkpt lat="50.9976" lon="3.60654"/>
            <trkpt lat="50.99757" lon="3.60655"/>
            <trkpt lat="50.99754" lon="3.60656"/>
            <trkpt lat="50.99752" lon="3.60657"/>
            <trkpt lat="50.99751" lon="3.60658"/>
            <trkpt lat="50.99749" lon="3.60661"/>
            <trkpt lat="50.99748" lon="3.60663"/>
            <trkpt lat="50.99746" lon="3.60668"/>
            <trkpt lat="50.99745" lon="3.60671"/>
            <trkpt lat="50.99745" lon="3.60676"/>
            <trkpt lat="50.99745" lon="3.6068"/>
            <trkpt lat="50.99715" lon="3.60685"/>
            <trkpt lat="50.99651" lon="3.60699"/>
            <trkpt lat="50.99646" lon="3.60701"/>
            <trkpt lat="50.9956" lon="3.60732"/>
            <trkpt lat="50.99518" lon="3.60747"/>
            <trkpt lat="50.99457" lon="3.60774"/>
            <trkpt lat="50.99431" lon="3.60782"/>
            <trkpt lat="50.99361" lon="3.60783"/>
            <trkpt lat="50.99336" lon="3.60783"/>
            <trkpt lat="50.99322" lon="3.60783"/>
            <trkpt lat="50.99308" lon="3.60783"/>
            <trkpt lat="50.99229" lon="3.60784"/>
            <trkpt lat="50.99166" lon="3.60787"/>
            <trkpt lat="50.99155" lon="3.60786"/>
            <trkpt lat="50.99137" lon="3.6078"/>
            <trkpt lat="50.99119" lon="3.60767"/>
            <trkpt lat="50.99087" lon="3.60732"/>
            <trkpt lat="50.99077" lon="3.60722"/>
            <trkpt lat="50.99044" lon="3.60697"/>
            <trkpt lat="50.9903" lon="3.60691"/>
            <trkpt lat="50.99014" lon="3.60692"/>
            <trkpt lat="50.98998" lon="3.60697"/>
            <trkpt lat="50.98976" lon="3.6071"/>
            <trkpt lat="50.98963" lon="3.60717"/>
            <trkpt lat="50.98954" lon="3.60722"/>
            <trkpt lat="50.9892" lon="3.60742"/>
            <trkpt lat="50.98785" lon="3.60805"/>
            <trkpt lat="50.98656" lon="3.60865"/>
            <trkpt lat="50.98544" lon="3.60927"/>
            <trkpt lat="50.98497" lon="3.60953"/>
            <trkpt lat="50.98525" lon="3.61052"/>
            <trkpt lat="50.98497" lon="3.60953"/>
            <trkpt lat="50.98544" lon="3.60927"/>
            <trkpt lat="50.98656" lon="3.60865"/>
            <trkpt lat="50.98785" lon="3.60805"/>
            <trkpt lat="50.9892" lon="3.60742"/>
            <trkpt lat="50.98954" lon="3.60722"/>
            <trkpt lat="50.98963" lon="3.60717"/>
            <trkpt lat="50.98976" lon="3.6071"/>
            <trkpt lat="50.98998" lon="3.60697"/>
            <trkpt lat="50.99014" lon="3.60692"/>
            <trkpt lat="50.9903" lon="3.60691"/>
            <trkpt lat="50.99044" lon="3.60697"/>
            <trkpt lat="50.99077" lon="3.60722"/>
            <trkpt lat="50.99087" lon="3.60732"/>
            <trkpt lat="50.99119" lon="3.60767"/>
            <trkpt lat="50.99137" lon="3.6078"/>
            <trkpt lat="50.99155" lon="3.60786"/>
            <trkpt lat="50.99166" lon="3.60787"/>
            <trkpt lat="50.99229" lon="3.60784"/>
            <trkpt lat="50.99308" lon="3.60783"/>
            <trkpt lat="50.99322" lon="3.60783"/>
            <trkpt lat="50.99336" lon="3.60783"/>
            <trkpt lat="50.99361" lon="3.60783"/>
            <trkpt lat="50.99431" lon="3.60782"/>
            <trkpt lat="50.99457" lon="3.60774"/>
            <trkpt lat="50.99518" lon="3.60747"/>
            <trkpt lat="50.9956" lon="3.60732"/>
            <trkpt lat="50.99646" lon="3.60701"/>
            <trkpt lat="50.99651" lon="3.60699"/>
            <trkpt lat="50.99715" lon="3.60685"/>
            <trkpt lat="50.99745" lon="3.6068"/>
            <trkpt lat="50.99746" lon="3.60685"/>
            <trkpt lat="50.99748" lon="3.60689"/>
            <trkpt lat="50.9975" lon="3.60692"/>
            <trkpt lat="50.99752" lon="3.60694"/>
            <trkpt lat="50.99755" lon="3.60695"/>
            <trkpt lat="50.99758" lon="3.60696"/>
            <trkpt lat="50.9976" lon="3.60696"/>
            <trkpt lat="50.99764" lon="3.607"/>
            <trkpt lat="50.99767" lon="3.60705"/>
            <trkpt lat="50.99772" lon="3.60716"/>
            <trkpt lat="50.99785" lon="3.60747"/>
            <trkpt lat="50.99791" lon="3.60761"/>
            <trkpt lat="50.99798" lon="3.60777"/>
            <trkpt lat="50.99807" lon="3.60798"/>
            <trkpt lat="50.99847" lon="3.6089"/>
            <trkpt lat="50.99854" lon="3.60904"/>
            <trkpt lat="50.99926" lon="3.61074"/>
            <trkpt lat="51.00106" lon="3.61496"/>
            <trkpt lat="51.00125" lon="3.61543"/>
            <trkpt lat="51.00165" lon="3.61633"/>
            <trkpt lat="51.002" lon="3.61713"/>
            <trkpt lat="51.00247" lon="3.61818"/>
            <trkpt lat="51.00276" lon="3.61883"/>
            <trkpt lat="51.00283" lon="3.6188"/>
            <trkpt lat="51.00316" lon="3.61864"/>
            <trkpt lat="51.00333" lon="3.61862"/>
            <trkpt lat="51.00344" lon="3.61862"/>
            <trkpt lat="51.00384" lon="3.61862"/>
            <trkpt lat="51.004" lon="3.61861"/>
            <trkpt lat="51.00423" lon="3.61853"/>
            <trkpt lat="51.00483" lon="3.61834"/>
            <trkpt lat="51.00548" lon="3.6181"/>
            <trkpt lat="51.00555" lon="3.61808"/>
            <trkpt lat="51.00557" lon="3.61848"/>
            <trkpt lat="51.00559" lon="3.61876"/>
            <trkpt lat="51.00559" lon="3.61884"/>
            <trkpt lat="51.00569" lon="3.62261"/>
            <trkpt lat="51.00573" lon="3.62324"/>
            <trkpt lat="51.00577" lon="3.62358"/>
            <trkpt lat="51.00589" lon="3.62426"/>
            <trkpt lat="51.00601" lon="3.6247"/>
            <trkpt lat="51.00606" lon="3.62484"/>
            <trkpt lat="51.00629" lon="3.62526"/>
            <trkpt lat="51.00642" lon="3.62549"/>
            <trkpt lat="51.00651" lon="3.62567"/>
            <trkpt lat="51.00662" lon="3.6259"/>
            <trkpt lat="51.00669" lon="3.62608"/>
            <trkpt lat="51.0069" lon="3.62671"/>
            <trkpt lat="51.00705" lon="3.62701"/>
            <trkpt lat="51.00735" lon="3.62757"/>
            <trkpt lat="51.00769" lon="3.6281"/>
            <trkpt lat="51.00786" lon="3.62824"/>
            <trkpt lat="51.00797" lon="3.62827"/>
            <trkpt lat="51.00816" lon="3.62826"/>
            <trkpt lat="51.00834" lon="3.6283"/>
            <trkpt lat="51.00897" lon="3.63013"/>
            <trkpt lat="51.00935" lon="3.63113"/>
            <trkpt lat="51.00959" lon="3.63164"/>
            <trkpt lat="51.00966" lon="3.63177"/>
            <trkpt lat="51.00982" lon="3.63203"/>
            <trkpt lat="51.00992" lon="3.63193"/>
            <trkpt lat="51.01002" lon="3.63182"/>
            <trkpt lat="51.01018" lon="3.63169"/>
            <trkpt lat="51.01064" lon="3.63143"/>
            <trkpt lat="51.01088" lon="3.63131"/>
            <trkpt lat="51.01118" lon="3.63114"/>
            <trkpt lat="51.01149" lon="3.63091"/>
            <trkpt lat="51.01163" lon="3.63077"/>
            <trkpt lat="51.01173" lon="3.63066"/>
            <trkpt lat="51.01183" lon="3.63053"/>
            <trkpt lat="51.01195" lon="3.63033"/>
            <trkpt lat="51.01207" lon="3.63016"/>
            <trkpt lat="51.01238" lon="3.62992"/>
            <trkpt lat="51.01271" lon="3.62972"/>
            <trkpt lat="51.01361" lon="3.62918"/>
            <trkpt lat="51.01388" lon="3.629"/>
            <trkpt lat="51.01408" lon="3.62878"/>
            <trkpt lat="51.01411" lon="3.62884"/>
            <trkpt lat="51.01413" lon="3.62887"/>
            <trkpt lat="51.01415" lon="3.62888"/>
            <trkpt lat="51.01418" lon="3.62888"/>
            <trkpt lat="51.01422" lon="3.62888"/>
            <trkpt lat="51.01424" lon="3.62886"/>
            <trkpt lat="51.01427" lon="3.62884"/>
            <trkpt lat="51.01429" lon="3.6288"/>
            <trkpt lat="51.0143" lon="3.62875"/>
            <trkpt lat="51.0143" lon="3.6287"/>
            <trkpt lat="51.01429" lon="3.62865"/>
            <trkpt lat="51.01427" lon="3.62859"/>
            <trkpt lat="51.01425" lon="3.62856"/>
            <trkpt lat="51.01423" lon="3.62855"/>
            <trkpt lat="51.01417" lon="3.62853"/>
            <trkpt lat="51.01419" lon="3.62832"/>
            <trkpt lat="51.01423" lon="3.62813"/>
            <trkpt lat="51.01433" lon="3.62771"/>
            <trkpt lat="51.01452" lon="3.62716"/>
            <trkpt lat="51.0146" lon="3.62683"/>
            <trkpt lat="51.01463" lon="3.62662"/>
            <trkpt lat="51.01465" lon="3.62648"/>
            <trkpt lat="51.01467" lon="3.62608"/>
            <trkpt lat="51.01465" lon="3.62579"/>
            <trkpt lat="51.01463" lon="3.62561"/>
            <trkpt lat="51.01461" lon="3.62549"/>
            <trkpt lat="51.01459" lon="3.62538"/>
            <trkpt lat="51.01454" lon="3.62505"/>
            <trkpt lat="51.01442" lon="3.62453"/>
            <trkpt lat="51.01429" lon="3.62389"/>
            <trkpt lat="51.01404" lon="3.62248"/>
            <trkpt lat="51.01389" lon="3.62186"/>
            <trkpt lat="51.01371" lon="3.62124"/>
            <trkpt lat="51.01363" lon="3.62094"/>
            <trkpt lat="51.0134" lon="3.62019"/>
            <trkpt lat="51.01326" lon="3.61965"/>
            <trkpt lat="51.01323" lon="3.61949"/>
            <trkpt lat="51.01308" lon="3.61875"/>
            <trkpt lat="51.01282" lon="3.61703"/>
            <trkpt lat="51.01254" lon="3.61518"/>
            <trkpt lat="51.01241" lon="3.61437"/>
            <trkpt lat="51.01225" lon="3.61328"/>
            <trkpt lat="51.0122" lon="3.61295"/>
            <trkpt lat="51.01219" lon="3.6129"/>
            <trkpt lat="51.01218" lon="3.61284"/>
            <trkpt lat="51.01217" lon="3.6128"/>
            <trkpt lat="51.01215" lon="3.61266"/>
            <trkpt lat="51.01204" lon="3.612"/>
            <trkpt lat="51.01174" lon="3.61012"/>
            <trkpt lat="51.01171" lon="3.60996"/>
            <trkpt lat="51.01169" lon="3.60981"/>
            <trkpt lat="51.01166" lon="3.60967"/>
            <trkpt lat="51.01156" lon="3.60904"/>
            <trkpt lat="51.01143" lon="3.60821"/>
            <trkpt lat="51.0113" lon="3.60753"/>
            <trkpt lat="51.01131" lon="3.60742"/>
            <trkpt lat="51.0113" lon="3.60731"/>
            <trkpt lat="51.01124" lon="3.60708"/>
            <trkpt lat="51.01121" lon="3.60698"/>
            <trkpt lat="51.01117" lon="3.6069"/>
            <trkpt lat="51.01107" lon="3.60675"/>
            <trkpt lat="51.01091" lon="3.60653"/>
            <trkpt lat="51.01086" lon="3.60653"/>
            <trkpt lat="51.0108" lon="3.60646"/>
            <trkpt lat="51.00952" lon="3.6048"/>
            <trkpt lat="51.00936" lon="3.60457"/>
            <trkpt lat="51.00922" lon="3.60436"/>
            <trkpt lat="51.00915" lon="3.60424"/>
            <trkpt lat="51.00905" lon="3.60409"/>
            <trkpt lat="51.00873" lon="3.6036"/>
            <trkpt lat="51.00869" lon="3.60352"/>
            <trkpt lat="51.00839" lon="3.60291"/>
            <trkpt lat="51.00836" lon="3.60286"/>
            <trkpt lat="51.00761" lon="3.60143"/>
            <trkpt lat="51.00745" lon="3.60107"/>
            <trkpt lat="51.00717" lon="3.60052"/>
            <trkpt lat="51.0071" lon="3.60038"/>
            <trkpt lat="51.00702" lon="3.60048"/>
            <trkpt lat="51.00623" lon="3.60155"/>
            <trkpt lat="51.00586" lon="3.602"/>
            <trkpt lat="51.00555" lon="3.60231"/>
            <trkpt lat="51.00541" lon="3.60241"/>
            <trkpt lat="51.00522" lon="3.60247"/>
            <trkpt lat="51.00511" lon="3.60247"/>
            <trkpt lat="51.00466" lon="3.60246"/>
            <trkpt lat="51.00426" lon="3.6024"/>
            <trkpt lat="51.00413" lon="3.60232"/>
            <trkpt lat="51.00403" lon="3.60226"/>
            <trkpt lat="51.0035" lon="3.60178"/>
            <trkpt lat="51.00342" lon="3.60172"/>
            <trkpt lat="51.00327" lon="3.60171"/>
            <trkpt lat="51.0032" lon="3.60171"/>
            <trkpt lat="51.00307" lon="3.60178"/>
            <trkpt lat="51.00296" lon="3.60188"/>
            <trkpt lat="51.00287" lon="3.60198"/>
            <trkpt lat="51.00282" lon="3.60207"/>
            <trkpt lat="51.00277" lon="3.60221"/>
            <trkpt lat="51.00269" lon="3.6024"/>
            <trkpt lat="51.0026" lon="3.60277"/>
            <trkpt lat="51.00256" lon="3.60301"/>
            <trkpt lat="51.0025" lon="3.60352"/>
            <trkpt lat="51.00248" lon="3.60367"/>
            <trkpt lat="51.00244" lon="3.60385"/>
            <trkpt lat="51.0024" lon="3.60401"/>
            <trkpt lat="51.00234" lon="3.60415"/>
            <trkpt lat="51.00216" lon="3.60436"/>
            <trkpt lat="51.00197" lon="3.60448"/>
            <trkpt lat="51.00163" lon="3.60461"/>
            <trkpt lat="51.00152" lon="3.60465"/>
            <trkpt lat="51.00134" lon="3.6047"/>
            <trkpt lat="51.00119" lon="3.60477"/>
            <trkpt lat="51.00103" lon="3.60483"/>
            <trkpt lat="51.00087" lon="3.60491"/>
            <trkpt lat="51.00066" lon="3.60502"/>
            <trkpt lat="51.00051" lon="3.60513"/>
            <trkpt lat="51.00039" lon="3.60524"/>
            <trkpt lat="51.00027" lon="3.60535"/>
            <trkpt lat="50.99971" lon="3.60589"/>
            <trkpt lat="50.99957" lon="3.60602"/>
            <trkpt lat="50.99948" lon="3.60607"/>
            <trkpt lat="50.99937" lon="3.60615"/>
            <trkpt lat="50.99916" lon="3.60626"/>
            <trkpt lat="50.99885" lon="3.60639"/>
            <trkpt lat="50.99854" lon="3.60648"/>
            <trkpt lat="50.99824" lon="3.60656"/>
            <trkpt lat="50.99807" lon="3.6066"/>
            <trkpt lat="50.99772" lon="3.60668"/>
            <trkpt lat="50.99771" lon="3.60664"/>
            <trkpt lat="50.99769" lon="3.60661"/>
            <trkpt lat="50.99767" lon="3.60658"/>
            <trkpt lat="50.99765" lon="3.60656"/>
            <trkpt lat="50.99763" lon="3.60655"/>
            <trkpt lat="50.9976" lon="3.60654"/>
            <trkpt lat="50.99757" lon="3.60655"/>
            <trkpt lat="50.99754" lon="3.60656"/>
            <trkpt lat="50.99752" lon="3.60657"/>
            <trkpt lat="50.99751" lon="3.60658"/>
            <trkpt lat="50.99749" lon="3.60661"/>
            <trkpt lat="50.99748" lon="3.60663"/>
            <trkpt lat="50.99746" lon="3.60668"/>
            <trkpt lat="50.99745" lon="3.60671"/>
            <trkpt lat="50.99745" lon="3.60676"/>
            <trkpt lat="50.99745" lon="3.6068"/>
            <trkpt lat="50.99715" lon="3.60685"/>
            <trkpt lat="50.99651" lon="3.60699"/>
            <trkpt lat="50.99646" lon="3.60701"/>
            <trkpt lat="50.9956" lon="3.60732"/>
            <trkpt lat="50.99518" lon="3.60747"/>
            <trkpt lat="50.99457" lon="3.60774"/>
            <trkpt lat="50.99431" lon="3.60782"/>
            <trkpt lat="50.99361" lon="3.60783"/>
            <trkpt lat="50.99336" lon="3.60783"/>
            <trkpt lat="50.99322" lon="3.60783"/>
            <trkpt lat="50.99308" lon="3.60783"/>
            <trkpt lat="50.99229" lon="3.60784"/>
            <trkpt lat="50.99166" lon="3.60787"/>
            <trkpt lat="50.99155" lon="3.60786"/>
            <trkpt lat="50.99137" lon="3.6078"/>
            <trkpt lat="50.99119" lon="3.60767"/>
            <trkpt lat="50.99087" lon="3.60732"/>
            <trkpt lat="50.99077" lon="3.60722"/>
            <trkpt lat="50.99044" lon="3.60697"/>
            <trkpt lat="50.9903" lon="3.60691"/>
            <trkpt lat="50.99014" lon="3.60692"/>
            <trkpt lat="50.98998" lon="3.60697"/>
            <trkpt lat="50.98976" lon="3.6071"/>
            <trkpt lat="50.98963" lon="3.60717"/>
            <trkpt lat="50.98954" lon="3.60722"/>
            <trkpt lat="50.9892" lon="3.60742"/>
            <trkpt lat="50.98785" lon="3.60805"/>
            <trkpt lat="50.98656" lon="3.60865"/>
            <trkpt lat="50.98544" lon="3.60927"/>
            <trkpt lat="50.98497" lon="3.60953"/>
            <trkpt lat="50.98453" lon="3.60978"/>
            <trkpt lat="50.98376" lon="3.61019"/>
            <trkpt lat="50.98203" lon="3.61115"/>
            <trkpt lat="50.98197" lon="3.61118"/>
            <trkpt lat="50.98192" lon="3.61121"/>
            <trkpt lat="50.98177" lon="3.6113"/>
            <trkpt lat="50.98148" lon="3.61149"/>
            <trkpt lat="50.98104" lon="3.61176"/>
            <trkpt lat="50.97987" lon="3.61249"/>
            <trkpt lat="50.9789" lon="3.61312"/>
            <trkpt lat="50.97872" lon="3.61325"/>
            <trkpt lat="50.97854" lon="3.61388"/>
            <trkpt lat="50.9781" lon="3.61551"/>
            <trkpt lat="50.97744" lon="3.61797"/>
            <trkpt lat="50.97738" lon="3.61816"/>
            <trkpt lat="50.9773" lon="3.61834"/>
            <trkpt lat="50.97719" lon="3.61851"/>
            <trkpt lat="50.97707" lon="3.61863"/>
            <trkpt lat="50.97691" lon="3.61877"/>
            <trkpt lat="50.97671" lon="3.6189"/>
            <trkpt lat="50.97656" lon="3.61897"/>
            <trkpt lat="50.9765" lon="3.619"/>
            <trkpt lat="50.97634" lon="3.61903"/>
            <trkpt lat="50.97585" lon="3.61908"/>
            <trkpt lat="50.97562" lon="3.61912"/>
            <trkpt lat="50.97536" lon="3.61923"/>
            <trkpt lat="50.97453" lon="3.61982"/>
            <trkpt lat="50.97439" lon="3.61992"/>
            <trkpt lat="50.97265" lon="3.62112"/>
            <trkpt lat="50.97195" lon="3.62163"/>
            <trkpt lat="50.97083" lon="3.62251"/>
            <trkpt lat="50.96979" lon="3.62332"/>
            <trkpt lat="50.96952" lon="3.62356"/>
            <trkpt lat="50.96918" lon="3.62395"/>
            <trkpt lat="50.9679" lon="3.62549"/>
            <trkpt lat="50.96783" lon="3.62558"/>
            <trkpt lat="50.96776" lon="3.62551"/>
            <trkpt lat="50.96774" lon="3.62549"/>
            <trkpt lat="50.96686" lon="3.62469"/>
            <trkpt lat="50.96637" lon="3.62428"/>
            <trkpt lat="50.96518" lon="3.62335"/>
            <trkpt lat="50.96475" lon="3.62303"/>
            <trkpt lat="50.96397" lon="3.62244"/>
            <trkpt lat="50.96281" lon="3.62145"/>
            <trkpt lat="50.96267" lon="3.62135"/>
            <trkpt lat="50.96235" lon="3.62116"/>
            <trkpt lat="50.9614" lon="3.62059"/>
            <trkpt lat="50.96106" lon="3.62038"/>
            <trkpt lat="50.96091" lon="3.62028"/>
            <trkpt lat="50.96034" lon="3.61993"/>
            <trkpt lat="50.96029" lon="3.61991"/>
            <trkpt lat="50.96028" lon="3.6199"/>
            <trkpt lat="50.9602" lon="3.61989"/>
            <trkpt lat="50.96015" lon="3.6199"/>
            <trkpt lat="50.96009" lon="3.61993"/>
            <trkpt lat="50.96007" lon="3.61994"/>
            <trkpt lat="50.95994" lon="3.61962"/>
            <trkpt lat="50.95978" lon="3.61925"/>
            <trkpt lat="50.95971" lon="3.61906"/>
            <trkpt lat="50.9594" lon="3.61818"/>
            <trkpt lat="50.95931" lon="3.61785"/>
            <trkpt lat="50.95919" lon="3.61746"/>
            <trkpt lat="50.95916" lon="3.61742"/>
            <trkpt lat="50.95911" lon="3.61714"/>
            <trkpt lat="50.95903" lon="3.61661"/>
            <trkpt lat="50.95883" lon="3.61541"/>
            <trkpt lat="50.95857" lon="3.61383"/>
            <trkpt lat="50.95848" lon="3.61331"/>
            <trkpt lat="50.95837" lon="3.61252"/>
            <trkpt lat="50.95833" lon="3.61204"/>
            <trkpt lat="50.95834" lon="3.61175"/>
            <trkpt lat="50.95834" lon="3.61169"/>
            <trkpt lat="50.95836" lon="3.61149"/>
            <trkpt lat="50.95839" lon="3.61058"/>
            <trkpt lat="50.95839" lon="3.61052"/>
            <trkpt lat="50.95845" lon="3.60977"/>
            <trkpt lat="50.95853" lon="3.60898"/>
            <trkpt lat="50.95859" lon="3.60836"/>
            <trkpt lat="50.95864" lon="3.60776"/>
            <trkpt lat="50.95871" lon="3.60701"/>
            <trkpt lat="50.95882" lon="3.60612"/>
            <trkpt lat="50.95887" lon="3.60579"/>
            <trkpt lat="50.95896" lon="3.60541"/>
            <trkpt lat="50.95902" lon="3.60518"/>
            <trkpt lat="50.95924" lon="3.60456"/>
            <trkpt lat="50.9593" lon="3.60438"/>
            <trkpt lat="50.95937" lon="3.60417"/>
            <trkpt lat="50.95943" lon="3.604"/>
            <trkpt lat="50.95948" lon="3.60377"/>
            <trkpt lat="50.95954" lon="3.60352"/>
            <trkpt lat="50.95958" lon="3.60328"/>
            <trkpt lat="50.95965" lon="3.60286"/>
            <trkpt lat="50.95966" lon="3.60276"/>
            <trkpt lat="50.95969" lon="3.60238"/>
            <trkpt lat="50.95971" lon="3.60175"/>
            <trkpt lat="50.95969" lon="3.60116"/>
            <trkpt lat="50.95969" lon="3.60024"/>
            <trkpt lat="50.95968" lon="3.59958"/>
            <trkpt lat="50.95968" lon="3.59871"/>
            <trkpt lat="50.95966" lon="3.59766"/>
            <trkpt lat="50.95964" lon="3.59664"/>
            <trkpt lat="50.95963" lon="3.5959"/>
            <trkpt lat="50.95963" lon="3.59573"/>
            <trkpt lat="50.95962" lon="3.59546"/>
            <trkpt lat="50.95964" lon="3.59545"/>
            <trkpt lat="50.95965" lon="3.59544"/>
            <trkpt lat="50.95967" lon="3.59542"/>
            <trkpt lat="50.95968" lon="3.5954"/>
            <trkpt lat="50.95969" lon="3.59538"/>
            <trkpt lat="50.95969" lon="3.59535"/>
            <trkpt lat="50.9597" lon="3.59533"/>
            <trkpt lat="50.95969" lon="3.59526"/>
            <trkpt lat="50.95969" lon="3.59524"/>
            <trkpt lat="50.95968" lon="3.59522"/>
            <trkpt lat="50.95967" lon="3.5952"/>
            <trkpt lat="50.95966" lon="3.59519"/>
            <trkpt lat="50.95965" lon="3.59517"/>
            <trkpt lat="50.95964" lon="3.59517"/>
            <trkpt lat="50.95962" lon="3.59516"/>
            <trkpt lat="50.95961" lon="3.59516"/>
            <trkpt lat="50.95957" lon="3.59517"/>
            <trkpt lat="50.95956" lon="3.59519"/>
            <trkpt lat="50.95954" lon="3.59521"/>
            <trkpt lat="50.95954" lon="3.59523"/>
            <trkpt lat="50.95953" lon="3.59526"/>
            <trkpt lat="50.95952" lon="3.5953"/>
            <trkpt lat="50.95929" lon="3.59525"/>
            <trkpt lat="50.9585" lon="3.59508"/>
            <trkpt lat="50.95621" lon="3.59456"/>
            <trkpt lat="50.95595" lon="3.5945"/>
            <trkpt lat="50.95515" lon="3.59431"/>
            <trkpt lat="50.95459" lon="3.5942"/>
            <trkpt lat="50.95435" lon="3.59415"/>
            <trkpt lat="50.95359" lon="3.594"/>
            <trkpt lat="50.95348" lon="3.59398"/>
            <trkpt lat="50.95333" lon="3.59395"/>
            <trkpt lat="50.95081" lon="3.59347"/>
            <trkpt lat="50.94926" lon="3.59323"/>
            <trkpt lat="50.94895" lon="3.59315"/>
            <trkpt lat="50.94869" lon="3.59308"/>
            <trkpt lat="50.94806" lon="3.5929"/>
            <trkpt lat="50.94795" lon="3.59287"/>
            <trkpt lat="50.94777" lon="3.59279"/>
            <trkpt lat="50.94755" lon="3.59261"/>
            <trkpt lat="50.94719" lon="3.59225"/>
            <trkpt lat="50.94656" lon="3.59145"/>
            <trkpt lat="50.94643" lon="3.59131"/>
            <trkpt lat="50.94631" lon="3.5912"/>
            <trkpt lat="50.94615" lon="3.5911"/>
            <trkpt lat="50.94597" lon="3.59103"/>
            <trkpt lat="50.94544" lon="3.59094"/>
            <trkpt lat="50.94491" lon="3.59083"/>
            <trkpt lat="50.94435" lon="3.59062"/>
            <trkpt lat="50.94372" lon="3.59035"/>
            <trkpt lat="50.94336" lon="3.59018"/>
            <trkpt lat="50.94308" lon="3.59003"/>
            <trkpt lat="50.94303" lon="3.59"/>
            <trkpt lat="50.94278" lon="3.5905"/>
            <trkpt lat="50.94278" lon="3.59058"/>
            <trkpt lat="50.94248" lon="3.59125"/>
            <trkpt lat="50.94196" lon="3.59256"/>
            <trkpt lat="50.94173" lon="3.59317"/>
            <trkpt lat="50.94151" lon="3.59381"/>
            <trkpt lat="50.94098" lon="3.59527"/>
            <trkpt lat="50.94014" lon="3.5976"/>
            <trkpt lat="50.94011" lon="3.59768"/>
            <trkpt lat="50.93991" lon="3.59724"/>
            <trkpt lat="50.93967" lon="3.59671"/>
            <trkpt lat="50.93888" lon="3.59488"/>
            <trkpt lat="50.93854" lon="3.59425"/>
            <trkpt lat="50.9384" lon="3.59406"/>
            <trkpt lat="50.938" lon="3.59359"/>
            <trkpt lat="50.93794" lon="3.59352"/>
            <trkpt lat="50.93756" lon="3.59316"/>
            <trkpt lat="50.93689" lon="3.59249"/>
            <trkpt lat="50.9368" lon="3.5924"/>
            <trkpt lat="50.9364" lon="3.59195"/>
            <trkpt lat="50.93583" lon="3.59133"/>
            <trkpt lat="50.93513" lon="3.59063"/>
            <trkpt lat="50.93429" lon="3.58988"/>
            <trkpt lat="50.93349" lon="3.58914"/>
            <trkpt lat="50.93308" lon="3.58878"/>
            <trkpt lat="50.93262" lon="3.58841"/>
            <trkpt lat="50.93261" lon="3.58841"/>
            <trkpt lat="50.93243" lon="3.58831"/>
            <trkpt lat="50.93209" lon="3.58817"/>
            <trkpt lat="50.93183" lon="3.58812"/>
            <trkpt lat="50.9317" lon="3.5881"/>
            <trkpt lat="50.9307" lon="3.5879"/>
            <trkpt lat="50.92983" lon="3.58765"/>
            <trkpt lat="50.92925" lon="3.58747"/>
            <trkpt lat="50.9292" lon="3.58745"/>
            <trkpt lat="50.92894" lon="3.58731"/>
            <trkpt lat="50.92891" lon="3.58727"/>
            <trkpt lat="50.92882" lon="3.58715"/>
            <trkpt lat="50.9286" lon="3.58684"/>
            <trkpt lat="50.92855" lon="3.58667"/>
            <trkpt lat="50.92851" lon="3.58646"/>
            <trkpt lat="50.9283" lon="3.58502"/>
            <trkpt lat="50.92804" lon="3.58336"/>
            <trkpt lat="50.92777" lon="3.58173"/>
            <trkpt lat="50.92774" lon="3.58154"/>
            <trkpt lat="50.92774" lon="3.58153"/>
            <trkpt lat="50.92714" lon="3.57787"/>
            <trkpt lat="50.92545" lon="3.57837"/>
            <trkpt lat="50.92517" lon="3.57851"/>
            <trkpt lat="50.92454" lon="3.57891"/>
            <trkpt lat="50.92428" lon="3.57904"/>
            <trkpt lat="50.92404" lon="3.57915"/>
            <trkpt lat="50.92394" lon="3.57917"/>
            <trkpt lat="50.92389" lon="3.57919"/>
            <trkpt lat="50.92378" lon="3.57921"/>
            <trkpt lat="50.92295" lon="3.5792"/>
            <trkpt lat="50.92272" lon="3.57923"/>
            <trkpt lat="50.92075" lon="3.57955"/>
            <trkpt lat="50.92052" lon="3.57958"/>
            <trkpt lat="50.92031" lon="3.57956"/>
            <trkpt lat="50.91998" lon="3.5795"/>
            <trkpt lat="50.91954" lon="3.57939"/>
            <trkpt lat="50.91909" lon="3.57923"/>
            <trkpt lat="50.91841" lon="3.57891"/>
            <trkpt lat="50.91733" lon="3.57836"/>
            <trkpt lat="50.91714" lon="3.57822"/>
            <trkpt lat="50.91701" lon="3.57812"/>
            <trkpt lat="50.91667" lon="3.5779"/>
            <trkpt lat="50.91645" lon="3.57773"/>
            <trkpt lat="50.91607" lon="3.57748"/>
            <trkpt lat="50.91478" lon="3.57656"/>
            <trkpt lat="50.91434" lon="3.57632"/>
            <trkpt lat="50.91428" lon="3.57631"/>
            <trkpt lat="50.91423" lon="3.57631"/>
            <trkpt lat="50.91416" lon="3.57634"/>
            <trkpt lat="50.91407" lon="3.5764"/>
            <trkpt lat="50.91381" lon="3.57664"/>
            <trkpt lat="50.9137" lon="3.57672"/>
            <trkpt lat="50.91354" lon="3.57681"/>
            <trkpt lat="50.9122" lon="3.57723"/>
            <trkpt lat="50.91197" lon="3.57738"/>
            <trkpt lat="50.91162" lon="3.57773"/>
            <trkpt lat="50.91066" lon="3.57885"/>
            <trkpt lat="50.91064" lon="3.57887"/>
            <trkpt lat="50.90945" lon="3.58017"/>
            <trkpt lat="50.90939" lon="3.58023"/>
            <trkpt lat="50.90883" lon="3.58082"/>
            <trkpt lat="50.90826" lon="3.58145"/>
            <trkpt lat="50.90817" lon="3.58154"/>
            <trkpt lat="50.90808" lon="3.58165"/>
            <trkpt lat="50.90655" lon="3.58324"/>
            <trkpt lat="50.90642" lon="3.58335"/>
            <trkpt lat="50.90629" lon="3.58343"/>
            <trkpt lat="50.9058" lon="3.58361"/>
            <trkpt lat="50.90565" lon="3.5837"/>
            <trkpt lat="50.90537" lon="3.58394"/>
            <trkpt lat="50.90487" lon="3.5844"/>
            <trkpt lat="50.9044" lon="3.58487"/>
            <trkpt lat="50.90352" lon="3.58386"/>
            <trkpt lat="50.90303" lon="3.58332"/>
            <trkpt lat="50.90277" lon="3.58303"/>
            <trkpt lat="50.90234" lon="3.5824"/>
            <trkpt lat="50.90183" lon="3.58178"/>
            <trkpt lat="50.9016" lon="3.58154"/>
            <trkpt lat="50.90136" lon="3.58128"/>
            <trkpt lat="50.90083" lon="3.58075"/>
            <trkpt lat="50.90021" lon="3.57988"/>
            <trkpt lat="50.90011" lon="3.57978"/>
            <trkpt lat="50.8999" lon="3.57966"/>
            <trkpt lat="50.899" lon="3.57924"/>
            <trkpt lat="50.89859" lon="3.57896"/>
            <trkpt lat="50.89836" lon="3.57935"/>
            <trkpt lat="50.8981" lon="3.57973"/>
            <trkpt lat="50.89791" lon="3.57997"/>
            <trkpt lat="50.89787" lon="3.58002"/>
            <trkpt lat="50.8976" lon="3.58024"/>
            <trkpt lat="50.89755" lon="3.57994"/>
            <trkpt lat="50.89739" lon="3.57933"/>
            <trkpt lat="50.89714" lon="3.57862"/>
            <trkpt lat="50.89578" lon="3.57474"/>
            <trkpt lat="50.89554" lon="3.57398"/>
            <trkpt lat="50.89537" lon="3.57352"/>
            <trkpt lat="50.89504" lon="3.57275"/>
            <trkpt lat="50.895" lon="3.57265"/>
            <trkpt lat="50.89485" lon="3.57229"/>
            <trkpt lat="50.89478" lon="3.57208"/>
            <trkpt lat="50.89475" lon="3.57187"/>
            <trkpt lat="50.89424" lon="3.57226"/>
            <trkpt lat="50.89384" lon="3.5725"/>
            <trkpt lat="50.89362" lon="3.57266"/>
            <trkpt lat="50.89344" lon="3.57285"/>
            <trkpt lat="50.89327" lon="3.57306"/>
            <trkpt lat="50.89312" lon="3.57323"/>
            <trkpt lat="50.893" lon="3.57339"/>
            <trkpt lat="50.89289" lon="3.5735"/>
            <trkpt lat="50.89283" lon="3.57354"/>
            <trkpt lat="50.89266" lon="3.57362"/>
            <trkpt lat="50.89201" lon="3.57381"/>
            <trkpt lat="50.89136" lon="3.57402"/>
            <trkpt lat="50.89106" lon="3.57409"/>
            <trkpt lat="50.89074" lon="3.57417"/>
            <trkpt lat="50.89051" lon="3.57421"/>
            <trkpt lat="50.8905" lon="3.57425"/>
            <trkpt lat="50.89045" lon="3.57433"/>
            <trkpt lat="50.89038" lon="3.57439"/>
            <trkpt lat="50.89021" lon="3.57452"/>
            <trkpt lat="50.88987" lon="3.57473"/>
            <trkpt lat="50.88951" lon="3.57488"/>
            <trkpt lat="50.8894" lon="3.57497"/>
            <trkpt lat="50.88937" lon="3.57503"/>
            <trkpt lat="50.88937" lon="3.57503"/>
            <trkpt lat="50.88935" lon="3.5751"/>
            <trkpt lat="50.88928" lon="3.57577"/>
            <trkpt lat="50.88922" lon="3.57652"/>
            <trkpt lat="50.88919" lon="3.57675"/>
            <trkpt lat="50.88918" lon="3.57679"/>
            <trkpt lat="50.88918" lon="3.5768"/>
            <trkpt lat="50.88894" lon="3.57725"/>
            <trkpt lat="50.88884" lon="3.57746"/>
            <trkpt lat="50.88867" lon="3.57771"/>
            <trkpt lat="50.8886" lon="3.57782"/>
            <trkpt lat="50.88771" lon="3.57905"/>
            <trkpt lat="50.88765" lon="3.57913"/>
            <trkpt lat="50.8876" lon="3.5792"/>
            <trkpt lat="50.88752" lon="3.57931"/>
            <trkpt lat="50.88724" lon="3.5797"/>
            <trkpt lat="50.88693" lon="3.5801"/>
            <trkpt lat="50.88677" lon="3.58014"/>
            <trkpt lat="50.88605" lon="3.58014"/>
            <trkpt lat="50.88479" lon="3.58042"/>
            <trkpt lat="50.88448" lon="3.58051"/>
            <trkpt lat="50.88425" lon="3.58061"/>
            <trkpt lat="50.88403" lon="3.58075"/>
            <trkpt lat="50.883" lon="3.58154"/>
            <trkpt lat="50.88281" lon="3.58169"/>
            <trkpt lat="50.88275" lon="3.58174"/>
            <trkpt lat="50.88245" lon="3.58201"/>
            <trkpt lat="50.88177" lon="3.58277"/>
            <trkpt lat="50.88131" lon="3.58331"/>
            <trkpt lat="50.88095" lon="3.58383"/>
            <trkpt lat="50.88089" lon="3.58368"/>
            <trkpt lat="50.88065" lon="3.58313"/>
            <trkpt lat="50.8804" lon="3.58248"/>
            <trkpt lat="50.88028" lon="3.58221"/>
            <trkpt lat="50.88016" lon="3.58204"/>
            <trkpt lat="50.88004" lon="3.58194"/>
            <trkpt lat="50.87985" lon="3.58185"/>
            <trkpt lat="50.87979" lon="3.5818"/>
            <trkpt lat="50.87958" lon="3.58154"/>
            <trkpt lat="50.87933" lon="3.58123"/>
            <trkpt lat="50.8791" lon="3.58097"/>
            <trkpt lat="50.87882" lon="3.58071"/>
            <trkpt lat="50.87824" lon="3.57989"/>
            <trkpt lat="50.87808" lon="3.57968"/>
            <trkpt lat="50.87791" lon="3.57952"/>
            <trkpt lat="50.87774" lon="3.57942"/>
            <trkpt lat="50.87756" lon="3.57943"/>
            <trkpt lat="50.87754" lon="3.57944"/>
            <trkpt lat="50.87753" lon="3.57946"/>
            <trkpt lat="50.87751" lon="3.57948"/>
            <trkpt lat="50.8775" lon="3.57951"/>
            <trkpt lat="50.87748" lon="3.57956"/>
            <trkpt lat="50.87747" lon="3.5796"/>
            <trkpt lat="50.87735" lon="3.58048"/>
            <trkpt lat="50.87726" lon="3.58101"/>
            <trkpt lat="50.87715" lon="3.58154"/>
            <trkpt lat="50.87703" lon="3.58212"/>
            <trkpt lat="50.87699" lon="3.58219"/>
            <trkpt lat="50.87664" lon="3.58269"/>
            <trkpt lat="50.87655" lon="3.58285"/>
            <trkpt lat="50.87651" lon="3.58298"/>
            <trkpt lat="50.87649" lon="3.58312"/>
            <trkpt lat="50.8765" lon="3.58325"/>
            <trkpt lat="50.87652" lon="3.58331"/>
            <trkpt lat="50.87654" lon="3.58334"/>
            <trkpt lat="50.87636" lon="3.58336"/>
            <trkpt lat="50.87624" lon="3.58333"/>
            <trkpt lat="50.87603" lon="3.5832"/>
            <trkpt lat="50.87586" lon="3.58306"/>
            <trkpt lat="50.87574" lon="3.583"/>
            <trkpt lat="50.87557" lon="3.58294"/>
            <trkpt lat="50.87544" lon="3.58285"/>
            <trkpt lat="50.87535" lon="3.58276"/>
            <trkpt lat="50.87514" lon="3.58241"/>
            <trkpt lat="50.87496" lon="3.58197"/>
            <trkpt lat="50.87482" lon="3.58154"/>
            <trkpt lat="50.87478" lon="3.58143"/>
            <trkpt lat="50.87454" lon="3.58062"/>
            <trkpt lat="50.87439" lon="3.57995"/>
            <trkpt lat="50.87424" lon="3.57948"/>
            <trkpt lat="50.87411" lon="3.57914"/>
            <trkpt lat="50.87396" lon="3.57873"/>
            <trkpt lat="50.87392" lon="3.57851"/>
            <trkpt lat="50.87388" lon="3.57827"/>
            <trkpt lat="50.87384" lon="3.57805"/>
            <trkpt lat="50.8738" lon="3.57798"/>
            <trkpt lat="50.87366" lon="3.57799"/>
            <trkpt lat="50.87324" lon="3.5781"/>
            <trkpt lat="50.87266" lon="3.57819"/>
            <trkpt lat="50.87236" lon="3.57833"/>
            <trkpt lat="50.8722" lon="3.57843"/>
            <trkpt lat="50.87155" lon="3.57913"/>
            <trkpt lat="50.87036" lon="3.58058"/>
            <trkpt lat="50.87001" lon="3.58104"/>
            <trkpt lat="50.86959" lon="3.58154"/>
            <trkpt lat="50.86897" lon="3.58228"/>
            <trkpt lat="50.86861" lon="3.5816"/>
            <trkpt lat="50.8686" lon="3.58154"/>
            <trkpt lat="50.86859" lon="3.5815"/>
            <trkpt lat="50.8685" lon="3.58077"/>
            <trkpt lat="50.86842" lon="3.58042"/>
            <trkpt lat="50.86821" lon="3.5792"/>
            <trkpt lat="50.8682" lon="3.57915"/>
            <trkpt lat="50.86781" lon="3.57962"/>
            <trkpt lat="50.86775" lon="3.57968"/>
            <trkpt lat="50.86769" lon="3.57971"/>
            <trkpt lat="50.86727" lon="3.57982"/>
            <trkpt lat="50.86687" lon="3.57985"/>
            <trkpt lat="50.86672" lon="3.57984"/>
            <trkpt lat="50.8667" lon="3.57983"/>
            <trkpt lat="50.86663" lon="3.57977"/>
            <trkpt lat="50.8663" lon="3.57946"/>
            <trkpt lat="50.86608" lon="3.57931"/>
            <trkpt lat="50.86599" lon="3.57922"/>
            <trkpt lat="50.86596" lon="3.57921"/>
            <trkpt lat="50.86592" lon="3.57923"/>
            <trkpt lat="50.86591" lon="3.57926"/>
            <trkpt lat="50.86534" lon="3.57976"/>
            <trkpt lat="50.86531" lon="3.57978"/>
            <trkpt lat="50.86527" lon="3.57981"/>
            <trkpt lat="50.86525" lon="3.57982"/>
            <trkpt lat="50.86522" lon="3.5798"/>
            <trkpt lat="50.86519" lon="3.57977"/>
            <trkpt lat="50.86514" lon="3.57971"/>
            <trkpt lat="50.86512" lon="3.57968"/>
            <trkpt lat="50.8651" lon="3.57966"/>
            <trkpt lat="50.865" lon="3.57963"/>
            <trkpt lat="50.86492" lon="3.57949"/>
            <trkpt lat="50.86483" lon="3.57931"/>
            <trkpt lat="50.86471" lon="3.57913"/>
            <trkpt lat="50.86466" lon="3.57908"/>
            <trkpt lat="50.86461" lon="3.57905"/>
            <trkpt lat="50.86455" lon="3.57904"/>
            <trkpt lat="50.86442" lon="3.57906"/>
            <trkpt lat="50.86434" lon="3.57912"/>
            <trkpt lat="50.86371" lon="3.57972"/>
            <trkpt lat="50.86349" lon="3.57988"/>
            <trkpt lat="50.86327" lon="3.57998"/>
            <trkpt lat="50.86318" lon="3.57998"/>
            <trkpt lat="50.86303" lon="3.5799"/>
            <trkpt lat="50.86288" lon="3.57977"/>
            <trkpt lat="50.86231" lon="3.57906"/>
            <trkpt lat="50.86218" lon="3.57895"/>
            <trkpt lat="50.86191" lon="3.57878"/>
            <trkpt lat="50.86185" lon="3.57877"/>
            <trkpt lat="50.86182" lon="3.57878"/>
            <trkpt lat="50.86177" lon="3.5788"/>
            <trkpt lat="50.86152" lon="3.57898"/>
            <trkpt lat="50.86147" lon="3.579"/>
            <trkpt lat="50.86127" lon="3.57908"/>
            <trkpt lat="50.86109" lon="3.57912"/>
            <trkpt lat="50.86011" lon="3.57922"/>
            <trkpt lat="50.85999" lon="3.57921"/>
            <trkpt lat="50.85993" lon="3.57937"/>
            <trkpt lat="50.85934" lon="3.58106"/>
            <trkpt lat="50.8593" lon="3.58093"/>
            <trkpt lat="50.85927" lon="3.58073"/>
            <trkpt lat="50.85924" lon="3.58038"/>
            <trkpt lat="50.85924" lon="3.58022"/>
            <trkpt lat="50.85927" lon="3.57987"/>
            <trkpt lat="50.85929" lon="3.57967"/>
            <trkpt lat="50.85929" lon="3.57957"/>
            <trkpt lat="50.85927" lon="3.57917"/>
            <trkpt lat="50.85914" lon="3.57812"/>
            <trkpt lat="50.85912" lon="3.57761"/>
            <trkpt lat="50.85915" lon="3.57693"/>
            <trkpt lat="50.85914" lon="3.57652"/>
            <trkpt lat="50.85912" lon="3.57636"/>
            <trkpt lat="50.85911" lon="3.57623"/>
            <trkpt lat="50.85907" lon="3.57592"/>
            <trkpt lat="50.85905" lon="3.57562"/>
            <trkpt lat="50.85904" lon="3.57535"/>
            <trkpt lat="50.85906" lon="3.5752"/>
            <trkpt lat="50.85908" lon="3.57511"/>
            <trkpt lat="50.8591" lon="3.57502"/>
            <trkpt lat="50.85912" lon="3.57497"/>
            <trkpt lat="50.85918" lon="3.57484"/>
            <trkpt lat="50.85988" lon="3.57393"/>
            <trkpt lat="50.86022" lon="3.57338"/>
            <trkpt lat="50.86033" lon="3.57313"/>
            <trkpt lat="50.86036" lon="3.57303"/>
            <trkpt lat="50.86062" lon="3.57191"/>
            <trkpt lat="50.86073" lon="3.57151"/>
            <trkpt lat="50.8608" lon="3.57136"/>
            <trkpt lat="50.86085" lon="3.57117"/>
            <trkpt lat="50.86101" lon="3.57051"/>
            <trkpt lat="50.8611" lon="3.56994"/>
            <trkpt lat="50.86117" lon="3.56906"/>
            <trkpt lat="50.8612" lon="3.5679"/>
            <trkpt lat="50.86124" lon="3.56688"/>
            <trkpt lat="50.86128" lon="3.56575"/>
            <trkpt lat="50.8613" lon="3.56545"/>
            <trkpt lat="50.86119" lon="3.56545"/>
            <trkpt lat="50.86114" lon="3.56548"/>
            <trkpt lat="50.86104" lon="3.56555"/>
            <trkpt lat="50.86085" lon="3.56563"/>
            <trkpt lat="50.8608" lon="3.56562"/>
            <trkpt lat="50.86068" lon="3.56553"/>
            <trkpt lat="50.86026" lon="3.56504"/>
            <trkpt lat="50.86023" lon="3.56504"/>
            <trkpt lat="50.8602" lon="3.56506"/>
            <trkpt lat="50.85997" lon="3.56525"/>
            <trkpt lat="50.85991" lon="3.56531"/>
            <trkpt lat="50.85958" lon="3.56563"/>
            <trkpt lat="50.85944" lon="3.56579"/>
            <trkpt lat="50.85902" lon="3.56622"/>
            <trkpt lat="50.85895" lon="3.5663"/>
            <trkpt lat="50.85882" lon="3.56643"/>
            <trkpt lat="50.85835" lon="3.56675"/>
            <trkpt lat="50.85824" lon="3.56578"/>
            <trkpt lat="50.85819" lon="3.56352"/>
            <trkpt lat="50.85818" lon="3.56336"/>
            <trkpt lat="50.858" lon="3.56342"/>
            <trkpt lat="50.85792" lon="3.56345"/>
            <trkpt lat="50.85681" lon="3.56427"/>
            <trkpt lat="50.85661" lon="3.56438"/>
            <trkpt lat="50.85647" lon="3.5644"/>
            <trkpt lat="50.85641" lon="3.56439"/>
            <trkpt lat="50.85631" lon="3.56436"/>
            <trkpt lat="50.85581" lon="3.56402"/>
            <trkpt lat="50.85538" lon="3.5638"/>
            <trkpt lat="50.85512" lon="3.56369"/>
            <trkpt lat="50.855" lon="3.56393"/>
            <trkpt lat="50.8548" lon="3.56421"/>
            <trkpt lat="50.85469" lon="3.5643"/>
            <trkpt lat="50.8547" lon="3.56401"/>
            <trkpt lat="50.85472" lon="3.56199"/>
            <trkpt lat="50.85474" lon="3.5615"/>
            <trkpt lat="50.85473" lon="3.56103"/>
            <trkpt lat="50.85471" lon="3.56055"/>
            <trkpt lat="50.85464" lon="3.55982"/>
            <trkpt lat="50.85382" lon="3.56023"/>
            <trkpt lat="50.85344" lon="3.56045"/>
            <trkpt lat="50.85297" lon="3.56069"/>
            <trkpt lat="50.85252" lon="3.56086"/>
            <trkpt lat="50.85228" lon="3.56098"/>
            <trkpt lat="50.85192" lon="3.56123"/>
            <trkpt lat="50.85187" lon="3.56127"/>
            <trkpt lat="50.85158" lon="3.5614"/>
            <trkpt lat="50.85144" lon="3.56143"/>
            <trkpt lat="50.85113" lon="3.56144"/>
            <trkpt lat="50.85097" lon="3.56143"/>
            <trkpt lat="50.85075" lon="3.56137"/>
            <trkpt lat="50.85035" lon="3.56125"/>
            <trkpt lat="50.85024" lon="3.56121"/>
            <trkpt lat="50.85002" lon="3.56105"/>
            <trkpt lat="50.84983" lon="3.56079"/>
            <trkpt lat="50.84971" lon="3.56052"/>
            <trkpt lat="50.84947" lon="3.55961"/>
            <trkpt lat="50.84942" lon="3.55958"/>
            <trkpt lat="50.84938" lon="3.55957"/>
            <trkpt lat="50.84936" lon="3.55956"/>
            <trkpt lat="50.84927" lon="3.55954"/>
            <trkpt lat="50.84929" lon="3.55938"/>
            <trkpt lat="50.84934" lon="3.55897"/>
            <trkpt lat="50.84925" lon="3.55814"/>
            <trkpt lat="50.84915" lon="3.5575"/>
            <trkpt lat="50.84907" lon="3.55711"/>
            <trkpt lat="50.84899" lon="3.55684"/>
            <trkpt lat="50.84877" lon="3.5562"/>
            <trkpt lat="50.84829" lon="3.55472"/>
            <trkpt lat="50.84791" lon="3.55358"/>
            <trkpt lat="50.84788" lon="3.55347"/>
            <trkpt lat="50.84775" lon="3.55308"/>
            <trkpt lat="50.84766" lon="3.55282"/>
            <trkpt lat="50.847" lon="3.55124"/>
            <trkpt lat="50.84632" lon="3.54955"/>
            <trkpt lat="50.8462" lon="3.54914"/>
            <trkpt lat="50.84613" lon="3.54888"/>
            <trkpt lat="50.84611" lon="3.54863"/>
            <trkpt lat="50.84611" lon="3.54855"/>
            <trkpt lat="50.84603" lon="3.54732"/>
            <trkpt lat="50.84603" lon="3.54603"/>
            <trkpt lat="50.84598" lon="3.54599"/>
            <trkpt lat="50.84594" lon="3.54593"/>
            <trkpt lat="50.8459" lon="3.54586"/>
            <trkpt lat="50.84541" lon="3.54432"/>
            <trkpt lat="50.84524" lon="3.54387"/>
            <trkpt lat="50.84508" lon="3.54337"/>
            <trkpt lat="50.84496" lon="3.54306"/>
            <trkpt lat="50.84476" lon="3.54259"/>
            <trkpt lat="50.84473" lon="3.54252"/>
            <trkpt lat="50.84451" lon="3.54202"/>
            <trkpt lat="50.84339" lon="3.53944"/>
            <trkpt lat="50.84319" lon="3.53899"/>
            <trkpt lat="50.84243" lon="3.53765"/>
            <trkpt lat="50.84241" lon="3.5376"/>
            <trkpt lat="50.84223" lon="3.53725"/>
            <trkpt lat="50.84158" lon="3.53559"/>
            <trkpt lat="50.84105" lon="3.53416"/>
            <trkpt lat="50.84084" lon="3.53377"/>
            <trkpt lat="50.83999" lon="3.53455"/>
            <trkpt lat="50.83975" lon="3.53474"/>
            <trkpt lat="50.83959" lon="3.53484"/>
            <trkpt lat="50.83908" lon="3.53501"/>
            <trkpt lat="50.83889" lon="3.5351"/>
            <trkpt lat="50.83883" lon="3.53515"/>
            <trkpt lat="50.83878" lon="3.53523"/>
            <trkpt lat="50.83846" lon="3.53578"/>
            <trkpt lat="50.83808" lon="3.53651"/>
            <trkpt lat="50.83797" lon="3.53667"/>
            <trkpt lat="50.83786" lon="3.5368"/>
            <trkpt lat="50.83779" lon="3.53684"/>
            <trkpt lat="50.83759" lon="3.53691"/>
            <trkpt lat="50.83738" lon="3.53694"/>
            <trkpt lat="50.83723" lon="3.53701"/>
            <trkpt lat="50.8369" lon="3.53722"/>
            <trkpt lat="50.83676" lon="3.53722"/>
            <trkpt lat="50.83655" lon="3.53714"/>
            <trkpt lat="50.83624" lon="3.5371"/>
            <trkpt lat="50.83621" lon="3.53688"/>
            <trkpt lat="50.83616" lon="3.53664"/>
            <trkpt lat="50.83604" lon="3.53607"/>
            <trkpt lat="50.83596" lon="3.53583"/>
            <trkpt lat="50.83588" lon="3.53561"/>
            <trkpt lat="50.8358" lon="3.53546"/>
            <trkpt lat="50.83562" lon="3.53516"/>
            <trkpt lat="50.83549" lon="3.53502"/>
            <trkpt lat="50.83431" lon="3.534"/>
            <trkpt lat="50.83409" lon="3.53424"/>
            <trkpt lat="50.83384" lon="3.53455"/>
            <trkpt lat="50.83377" lon="3.53467"/>
            <trkpt lat="50.83343" lon="3.53543"/>
            <trkpt lat="50.83261" lon="3.53716"/>
            <trkpt lat="50.8324" lon="3.53757"/>
            <trkpt lat="50.83238" lon="3.5376"/>
            <trkpt lat="50.83213" lon="3.53805"/>
            <trkpt lat="50.83212" lon="3.53806"/>
            <trkpt lat="50.83199" lon="3.53826"/>
            <trkpt lat="50.83193" lon="3.53836"/>
            <trkpt lat="50.83152" lon="3.53886"/>
            <trkpt lat="50.83114" lon="3.53939"/>
            <trkpt lat="50.83084" lon="3.53983"/>
            <trkpt lat="50.83013" lon="3.54078"/>
            <trkpt lat="50.83007" lon="3.54088"/>
            <trkpt lat="50.83003" lon="3.541"/>
            <trkpt lat="50.82996" lon="3.5413"/>
            <trkpt lat="50.82994" lon="3.54137"/>
            <trkpt lat="50.82996" lon="3.54146"/>
            <trkpt lat="50.83019" lon="3.5424"/>
            <trkpt lat="50.83019" lon="3.54242"/>
            <trkpt lat="50.83021" lon="3.54259"/>
            <trkpt lat="50.83021" lon="3.54276"/>
            <trkpt lat="50.83021" lon="3.54279"/>
            <trkpt lat="50.83017" lon="3.54294"/>
            <trkpt lat="50.82974" lon="3.54354"/>
            <trkpt lat="50.829" lon="3.54449"/>
            <trkpt lat="50.8279" lon="3.54586"/>
            <trkpt lat="50.82774" lon="3.54607"/>
            <trkpt lat="50.82706" lon="3.54682"/>
            <trkpt lat="50.82706" lon="3.54675"/>
            <trkpt lat="50.82703" lon="3.54667"/>
            <trkpt lat="50.82699" lon="3.54659"/>
            <trkpt lat="50.82691" lon="3.54647"/>
            <trkpt lat="50.82683" lon="3.54638"/>
            <trkpt lat="50.82669" lon="3.54625"/>
            <trkpt lat="50.82659" lon="3.54615"/>
            <trkpt lat="50.82646" lon="3.54599"/>
            <trkpt lat="50.82639" lon="3.54586"/>
            <trkpt lat="50.82608" lon="3.54499"/>
            <trkpt lat="50.82576" lon="3.54411"/>
            <trkpt lat="50.82573" lon="3.54402"/>
            <trkpt lat="50.82558" lon="3.54368"/>
            <trkpt lat="50.82555" lon="3.5436"/>
            <trkpt lat="50.82552" lon="3.54353"/>
            <trkpt lat="50.82473" lon="3.54196"/>
            <trkpt lat="50.8245" lon="3.54156"/>
            <trkpt lat="50.82434" lon="3.54135"/>
            <trkpt lat="50.82418" lon="3.54118"/>
            <trkpt lat="50.82357" lon="3.54068"/>
            <trkpt lat="50.82331" lon="3.54051"/>
            <trkpt lat="50.82314" lon="3.54041"/>
            <trkpt lat="50.82299" lon="3.54038"/>
            <trkpt lat="50.82287" lon="3.5404"/>
            <trkpt lat="50.82276" lon="3.54043"/>
            <trkpt lat="50.82275" lon="3.54044"/>
            <trkpt lat="50.82262" lon="3.5405"/>
            <trkpt lat="50.82248" lon="3.54054"/>
            <trkpt lat="50.82194" lon="3.54073"/>
            <trkpt lat="50.82171" lon="3.54078"/>
            <trkpt lat="50.82132" lon="3.54082"/>
            <trkpt lat="50.82108" lon="3.54083"/>
            <trkpt lat="50.82065" lon="3.54091"/>
            <trkpt lat="50.82032" lon="3.54094"/>
            <trkpt lat="50.82008" lon="3.54093"/>
            <trkpt lat="50.81987" lon="3.54086"/>
            <trkpt lat="50.81979" lon="3.54081"/>
            <trkpt lat="50.81962" lon="3.54074"/>
            <trkpt lat="50.81948" lon="3.54065"/>
            <trkpt lat="50.81926" lon="3.54037"/>
            <trkpt lat="50.81923" lon="3.54031"/>
            <trkpt lat="50.8192" lon="3.54027"/>
            <trkpt lat="50.81848" lon="3.53908"/>
            <trkpt lat="50.81812" lon="3.53847"/>
            <trkpt lat="50.81767" lon="3.53771"/>
            <trkpt lat="50.81761" lon="3.5376"/>
            <trkpt lat="50.81746" lon="3.53734"/>
            <trkpt lat="50.8174" lon="3.53723"/>
            <trkpt lat="50.81702" lon="3.53654"/>
            <trkpt lat="50.81694" lon="3.5364"/>
            <trkpt lat="50.8166" lon="3.53569"/>
            <trkpt lat="50.81576" lon="3.53387"/>
            <trkpt lat="50.81455" lon="3.53118"/>
            <trkpt lat="50.81354" lon="3.52891"/>
            <trkpt lat="50.81309" lon="3.52801"/>
            <trkpt lat="50.81271" lon="3.52728"/>
            <trkpt lat="50.81219" lon="3.52635"/>
            <trkpt lat="50.81175" lon="3.52565"/>
            <trkpt lat="50.81017" lon="3.52343"/>
            <trkpt lat="50.80977" lon="3.52284"/>
            <trkpt lat="50.8091" lon="3.52174"/>
            <trkpt lat="50.80869" lon="3.52105"/>
            <trkpt lat="50.80815" lon="3.52011"/>
            <trkpt lat="50.80804" lon="3.51992"/>
            <trkpt lat="50.80798" lon="3.51982"/>
            <trkpt lat="50.80587" lon="3.51628"/>
            <trkpt lat="50.80549" lon="3.51563"/>
            <trkpt lat="50.8046" lon="3.51413"/>
            <trkpt lat="50.80355" lon="3.51243"/>
            <trkpt lat="50.80331" lon="3.51199"/>
            <trkpt lat="50.80327" lon="3.51192"/>
            <trkpt lat="50.80314" lon="3.51171"/>
            <trkpt lat="50.80291" lon="3.51135"/>
            <trkpt lat="50.80258" lon="3.51095"/>
            <trkpt lat="50.80254" lon="3.51091"/>
            <trkpt lat="50.80219" lon="3.51057"/>
            <trkpt lat="50.80195" lon="3.5102"/>
            <trkpt lat="50.80168" lon="3.50965"/>
            <trkpt lat="50.8014" lon="3.50891"/>
            <trkpt lat="50.80136" lon="3.50879"/>
            <trkpt lat="50.80127" lon="3.5085"/>
            <trkpt lat="50.80088" lon="3.50712"/>
            <trkpt lat="50.80088" lon="3.50708"/>
            <trkpt lat="50.80078" lon="3.50671"/>
            <trkpt lat="50.80075" lon="3.50661"/>
            <trkpt lat="50.80066" lon="3.5063"/>
            <trkpt lat="50.80056" lon="3.50603"/>
            <trkpt lat="50.80054" lon="3.50601"/>
            <trkpt lat="50.8002" lon="3.50508"/>
            <trkpt lat="50.8001" lon="3.50477"/>
            <trkpt lat="50.79944" lon="3.50292"/>
            <trkpt lat="50.79939" lon="3.50278"/>
            <trkpt lat="50.79917" lon="3.50224"/>
            <trkpt lat="50.79873" lon="3.50139"/>
            <trkpt lat="50.79862" lon="3.50115"/>
            <trkpt lat="50.79852" lon="3.50096"/>
            <trkpt lat="50.79845" lon="3.50081"/>
            <trkpt lat="50.79846" lon="3.5008"/>
            <trkpt lat="50.79847" lon="3.50078"/>
            <trkpt lat="50.79848" lon="3.50075"/>
            <trkpt lat="50.79849" lon="3.50072"/>
            <trkpt lat="50.79849" lon="3.5007"/>
            <trkpt lat="50.79849" lon="3.50066"/>
            <trkpt lat="50.79849" lon="3.50063"/>
            <trkpt lat="50.79849" lon="3.50058"/>
            <trkpt lat="50.79848" lon="3.50055"/>
            <trkpt lat="50.79846" lon="3.50051"/>
            <trkpt lat="50.79845" lon="3.50048"/>
            <trkpt lat="50.79843" lon="3.50046"/>
            <trkpt lat="50.79841" lon="3.50044"/>
            <trkpt lat="50.79835" lon="3.50042"/>
            <trkpt lat="50.79833" lon="3.50042"/>
            <trkpt lat="50.79828" lon="3.50043"/>
            <trkpt lat="50.79825" lon="3.50045"/>
            <trkpt lat="50.79823" lon="3.50048"/>
            <trkpt lat="50.79821" lon="3.5005"/>
            <trkpt lat="50.7982" lon="3.50054"/>
            <trkpt lat="50.79819" lon="3.50058"/>
            <trkpt lat="50.79819" lon="3.50062"/>
            <trkpt lat="50.79819" lon="3.50066"/>
            <trkpt lat="50.79817" lon="3.50069"/>
            <trkpt lat="50.79798" lon="3.5009"/>
            <trkpt lat="50.79759" lon="3.50128"/>
            <trkpt lat="50.79689" lon="3.50199"/>
            <trkpt lat="50.79587" lon="3.50293"/>
            <trkpt lat="50.79476" lon="3.50398"/>
            <trkpt lat="50.79447" lon="3.50425"/>
            <trkpt lat="50.79437" lon="3.50434"/>
            <trkpt lat="50.79415" lon="3.50455"/>
            <trkpt lat="50.79391" lon="3.50477"/>
            <trkpt lat="50.79365" lon="3.50497"/>
            <trkpt lat="50.79359" lon="3.50503"/>
            <trkpt lat="50.79343" lon="3.50518"/>
            <trkpt lat="50.79331" lon="3.50529"/>
            <trkpt lat="50.79268" lon="3.50587"/>
            <trkpt lat="50.79253" lon="3.50603"/>
            <trkpt lat="50.79241" lon="3.50618"/>
            <trkpt lat="50.79236" lon="3.50627"/>
            <trkpt lat="50.79232" lon="3.50635"/>
            <trkpt lat="50.79228" lon="3.50644"/>
            <trkpt lat="50.79226" lon="3.5065"/>
            <trkpt lat="50.79225" lon="3.50655"/>
            <trkpt lat="50.79221" lon="3.50655"/>
            <trkpt lat="50.79217" lon="3.50655"/>
            <trkpt lat="50.79213" lon="3.50658"/>
            <trkpt lat="50.7921" lon="3.50661"/>
            <trkpt lat="50.79207" lon="3.50665"/>
            <trkpt lat="50.79206" lon="3.50669"/>
            <trkpt lat="50.79205" lon="3.50672"/>
            <trkpt lat="50.79203" lon="3.50678"/>
            <trkpt lat="50.79203" lon="3.50684"/>
            <trkpt lat="50.79194" lon="3.50686"/>
            <trkpt lat="50.79191" lon="3.50687"/>
            <trkpt lat="50.79185" lon="3.5069"/>
            <trkpt lat="50.79177" lon="3.50699"/>
            <trkpt lat="50.79161" lon="3.50717"/>
            <trkpt lat="50.79153" lon="3.50726"/>
            <trkpt lat="50.79124" lon="3.50762"/>
            <trkpt lat="50.79114" lon="3.50774"/>
            <trkpt lat="50.79091" lon="3.50801"/>
            <trkpt lat="50.79084" lon="3.50812"/>
            <trkpt lat="50.79079" lon="3.5082"/>
            <trkpt lat="50.79073" lon="3.50833"/>
            <trkpt lat="50.79069" lon="3.50844"/>
            <trkpt lat="50.79068" lon="3.5085"/>
            <trkpt lat="50.79067" lon="3.50887"/>
            <trkpt lat="50.79067" lon="3.509"/>
            <trkpt lat="50.79068" lon="3.50916"/>
            <trkpt lat="50.79067" lon="3.50921"/>
            <trkpt lat="50.79066" lon="3.50925"/>
            <trkpt lat="50.79064" lon="3.50927"/>
            <trkpt lat="50.79047" lon="3.50939"/>
            <trkpt lat="50.79021" lon="3.50958"/>
            <trkpt lat="50.78992" lon="3.50987"/>
            <trkpt lat="50.78964" lon="3.51011"/>
            <trkpt lat="50.78926" lon="3.51042"/>
            <trkpt lat="50.78899" lon="3.51064"/>
            <trkpt lat="50.78885" lon="3.51076"/>
            <trkpt lat="50.78877" lon="3.51084"/>
            <trkpt lat="50.78869" lon="3.5109"/>
            <trkpt lat="50.78858" lon="3.51101"/>
            <trkpt lat="50.78842" lon="3.51114"/>
            <trkpt lat="50.78834" lon="3.51122"/>
            <trkpt lat="50.78861" lon="3.51182"/>
            <trkpt lat="50.78905" lon="3.51293"/>
            <trkpt lat="50.78911" lon="3.51308"/>
            <trkpt lat="50.78923" lon="3.51339"/>
            <trkpt lat="50.78968" lon="3.51446"/>
            <trkpt lat="50.79015" lon="3.51563"/>
            <trkpt lat="50.79046" lon="3.51641"/>
            <trkpt lat="50.79064" lon="3.51682"/>
            <trkpt lat="50.79083" lon="3.51725"/>
            <trkpt lat="50.79101" lon="3.51771"/>
            <trkpt lat="50.79102" lon="3.51775"/>
            <trkpt lat="50.79103" lon="3.5178"/>
            <trkpt lat="50.79107" lon="3.51792"/>
            <trkpt lat="50.7911" lon="3.518"/>
            <trkpt lat="50.79116" lon="3.51816"/>
            <trkpt lat="50.7911" lon="3.51822"/>
            <trkpt lat="50.79105" lon="3.51832"/>
            <trkpt lat="50.79103" lon="3.51838"/>
            <trkpt lat="50.79102" lon="3.51845"/>
            <trkpt lat="50.79097" lon="3.51928"/>
            <trkpt lat="50.79073" lon="3.52155"/>
            <trkpt lat="50.79062" lon="3.52235"/>
            <trkpt lat="50.79057" lon="3.52267"/>
            <trkpt lat="50.79051" lon="3.52303"/>
            <trkpt lat="50.79037" lon="3.52377"/>
            <trkpt lat="50.7903" lon="3.52454"/>
            <trkpt lat="50.79028" lon="3.52454"/>
            <trkpt lat="50.79027" lon="3.52454"/>
            <trkpt lat="50.79026" lon="3.52456"/>
            <trkpt lat="50.79025" lon="3.52457"/>
            <trkpt lat="50.79024" lon="3.52459"/>
            <trkpt lat="50.79024" lon="3.52461"/>
            <trkpt lat="50.79024" lon="3.52463"/>
            <trkpt lat="50.79025" lon="3.52467"/>
            <trkpt lat="50.79026" lon="3.52468"/>
            <trkpt lat="50.79028" lon="3.52469"/>
            <trkpt lat="50.79029" lon="3.52468"/>
            <trkpt lat="50.79029" lon="3.52475"/>
            <trkpt lat="50.79028" lon="3.52486"/>
            <trkpt lat="50.79033" lon="3.52582"/>
            <trkpt lat="50.79034" lon="3.52587"/>
            <trkpt lat="50.79042" lon="3.52659"/>
            <trkpt lat="50.79042" lon="3.52672"/>
            <trkpt lat="50.79042" lon="3.52691"/>
            <trkpt lat="50.79039" lon="3.5272"/>
            <trkpt lat="50.79034" lon="3.52752"/>
            <trkpt lat="50.79026" lon="3.52791"/>
            <trkpt lat="50.78981" lon="3.52963"/>
            <trkpt lat="50.7898" lon="3.52971"/>
            <trkpt lat="50.78979" lon="3.52978"/>
            <trkpt lat="50.7898" lon="3.52985"/>
            <trkpt lat="50.78981" lon="3.53007"/>
            <trkpt lat="50.78985" lon="3.53036"/>
            <trkpt lat="50.78996" lon="3.53096"/>
            <trkpt lat="50.78997" lon="3.5312"/>
            <trkpt lat="50.78993" lon="3.53154"/>
            <trkpt lat="50.78954" lon="3.53341"/>
            <trkpt lat="50.78932" lon="3.53435"/>
            <trkpt lat="50.78922" lon="3.53473"/>
            <trkpt lat="50.78909" lon="3.53502"/>
            <trkpt lat="50.78896" lon="3.53526"/>
            <trkpt lat="50.7887" lon="3.53566"/>
            <trkpt lat="50.78832" lon="3.53616"/>
            <trkpt lat="50.78826" lon="3.53625"/>
            <trkpt lat="50.7882" lon="3.53636"/>
            <trkpt lat="50.78817" lon="3.53647"/>
            <trkpt lat="50.78812" lon="3.53648"/>
            <trkpt lat="50.78808" lon="3.53649"/>
            <trkpt lat="50.78806" lon="3.53652"/>
            <trkpt lat="50.78804" lon="3.53656"/>
            <trkpt lat="50.78799" lon="3.53677"/>
            <trkpt lat="50.78796" lon="3.53692"/>
            <trkpt lat="50.7879" lon="3.53727"/>
            <trkpt lat="50.78788" lon="3.53735"/>
            <trkpt lat="50.78787" lon="3.5374"/>
            <trkpt lat="50.78772" lon="3.5376"/>
            <trkpt lat="50.78711" lon="3.53842"/>
            <trkpt lat="50.78692" lon="3.53861"/>
            <trkpt lat="50.78679" lon="3.53867"/>
            <trkpt lat="50.78668" lon="3.53868"/>
            <trkpt lat="50.78651" lon="3.53863"/>
            <trkpt lat="50.78635" lon="3.53864"/>
            <trkpt lat="50.78625" lon="3.53871"/>
            <trkpt lat="50.78614" lon="3.53885"/>
            <trkpt lat="50.78591" lon="3.53929"/>
            <trkpt lat="50.78555" lon="3.53972"/>
            <trkpt lat="50.78543" lon="3.53981"/>
            <trkpt lat="50.78538" lon="3.53983"/>
            <trkpt lat="50.78532" lon="3.53986"/>
            <trkpt lat="50.78515" lon="3.53987"/>
            <trkpt lat="50.78511" lon="3.53986"/>
            <trkpt lat="50.78507" lon="3.53985"/>
            <trkpt lat="50.78492" lon="3.53977"/>
            <trkpt lat="50.78487" lon="3.53975"/>
            <trkpt lat="50.78479" lon="3.53978"/>
            <trkpt lat="50.78474" lon="3.53982"/>
            <trkpt lat="50.7847" lon="3.53986"/>
            <trkpt lat="50.7846" lon="3.54003"/>
            <trkpt lat="50.7843" lon="3.54054"/>
            <trkpt lat="50.7841" lon="3.5409"/>
            <trkpt lat="50.7839" lon="3.54132"/>
            <trkpt lat="50.78385" lon="3.54143"/>
            <trkpt lat="50.78362" lon="3.54263"/>
            <trkpt lat="50.78357" lon="3.54293"/>
            <trkpt lat="50.78352" lon="3.54312"/>
            <trkpt lat="50.78339" lon="3.54342"/>
            <trkpt lat="50.78327" lon="3.54361"/>
            <trkpt lat="50.78305" lon="3.54384"/>
            <trkpt lat="50.78285" lon="3.54395"/>
            <trkpt lat="50.78266" lon="3.544"/>
            <trkpt lat="50.78237" lon="3.54403"/>
            <trkpt lat="50.78178" lon="3.5439"/>
            <trkpt lat="50.78145" lon="3.54387"/>
            <trkpt lat="50.7812" lon="3.54386"/>
            <trkpt lat="50.7807" lon="3.54398"/>
            <trkpt lat="50.77977" lon="3.54426"/>
            <trkpt lat="50.77942" lon="3.54443"/>
            <trkpt lat="50.77885" lon="3.54482"/>
            <trkpt lat="50.77881" lon="3.54486"/>
            <trkpt lat="50.77763" lon="3.54594"/>
            <trkpt lat="50.77758" lon="3.54597"/>
            <trkpt lat="50.77728" lon="3.54616"/>
            <trkpt lat="50.77698" lon="3.54632"/>
            <trkpt lat="50.77689" lon="3.54633"/>
            <trkpt lat="50.77682" lon="3.54628"/>
            <trkpt lat="50.77673" lon="3.54614"/>
            <trkpt lat="50.7766" lon="3.54592"/>
            <trkpt lat="50.77649" lon="3.54567"/>
            <trkpt lat="50.77632" lon="3.54542"/>
            <trkpt lat="50.77621" lon="3.54534"/>
            <trkpt lat="50.77611" lon="3.5453"/>
            <trkpt lat="50.77563" lon="3.5453"/>
            <trkpt lat="50.7752" lon="3.54533"/>
            <trkpt lat="50.77449" lon="3.54542"/>
            <trkpt lat="50.77408" lon="3.54544"/>
            <trkpt lat="50.77384" lon="3.54548"/>
            <trkpt lat="50.77343" lon="3.54565"/>
            <trkpt lat="50.77326" lon="3.54569"/>
            <trkpt lat="50.77297" lon="3.54561"/>
            <trkpt lat="50.77285" lon="3.5456"/>
            <trkpt lat="50.77264" lon="3.54562"/>
            <trkpt lat="50.7724" lon="3.54569"/>
            <trkpt lat="50.77224" lon="3.54577"/>
            <trkpt lat="50.77156" lon="3.54614"/>
            <trkpt lat="50.77132" lon="3.54629"/>
            <trkpt lat="50.77118" lon="3.54641"/>
            <trkpt lat="50.77084" lon="3.54692"/>
            <trkpt lat="50.77071" lon="3.54703"/>
            <trkpt lat="50.77057" lon="3.54711"/>
            <trkpt lat="50.77036" lon="3.54717"/>
            <trkpt lat="50.7699" lon="3.54727"/>
            <trkpt lat="50.76939" lon="3.54733"/>
            <trkpt lat="50.76914" lon="3.5474"/>
            <trkpt lat="50.76891" lon="3.54751"/>
            <trkpt lat="50.76879" lon="3.54745"/>
            <trkpt lat="50.76853" lon="3.54731"/>
            <trkpt lat="50.76838" lon="3.54719"/>
            <trkpt lat="50.76777" lon="3.54655"/>
            <trkpt lat="50.76766" lon="3.54644"/>
            <trkpt lat="50.76756" lon="3.54632"/>
            <trkpt lat="50.76734" lon="3.54597"/>
            <trkpt lat="50.7672" lon="3.54578"/>
            <trkpt lat="50.76704" lon="3.54564"/>
            <trkpt lat="50.76686" lon="3.54553"/>
            <trkpt lat="50.76652" lon="3.54534"/>
            <trkpt lat="50.76638" lon="3.54525"/>
            <trkpt lat="50.76628" lon="3.54515"/>
            <trkpt lat="50.76621" lon="3.54504"/>
            <trkpt lat="50.76611" lon="3.54474"/>
            <trkpt lat="50.76605" lon="3.54461"/>
            <trkpt lat="50.76587" lon="3.54438"/>
            <trkpt lat="50.76575" lon="3.54495"/>
            <trkpt lat="50.76565" lon="3.54548"/>
            <trkpt lat="50.76539" lon="3.5467"/>
            <trkpt lat="50.76487" lon="3.54919"/>
            <trkpt lat="50.76459" lon="3.55054"/>
            <trkpt lat="50.76426" lon="3.55211"/>
            <trkpt lat="50.76417" lon="3.5525"/>
            <trkpt lat="50.76396" lon="3.55354"/>
            <trkpt lat="50.76391" lon="3.55375"/>
            <trkpt lat="50.76358" lon="3.55546"/>
            <trkpt lat="50.76355" lon="3.55558"/>
            <trkpt lat="50.76353" lon="3.55571"/>
            <trkpt lat="50.76336" lon="3.55632"/>
            <trkpt lat="50.76327" lon="3.55671"/>
            <trkpt lat="50.76315" lon="3.55712"/>
            <trkpt lat="50.76306" lon="3.55735"/>
            <trkpt lat="50.76298" lon="3.55752"/>
            <trkpt lat="50.76307" lon="3.55765"/>
            <trkpt lat="50.76313" lon="3.55777"/>
            <trkpt lat="50.76326" lon="3.55814"/>
            <trkpt lat="50.76327" lon="3.55843"/>
            <trkpt lat="50.76325" lon="3.55875"/>
            <trkpt lat="50.76322" lon="3.55922"/>
            <trkpt lat="50.76318" lon="3.55957"/>
            <trkpt lat="50.76313" lon="3.56006"/>
            <trkpt lat="50.76311" lon="3.56026"/>
            <trkpt lat="50.7628" lon="3.56355"/>
            <trkpt lat="50.7627" lon="3.56478"/>
            <trkpt lat="50.76267" lon="3.56496"/>
            <trkpt lat="50.76263" lon="3.56508"/>
            <trkpt lat="50.76247" lon="3.56551"/>
            <trkpt lat="50.76235" lon="3.56573"/>
            <trkpt lat="50.76216" lon="3.56596"/>
            <trkpt lat="50.76168" lon="3.56653"/>
            <trkpt lat="50.76154" lon="3.56673"/>
            <trkpt lat="50.7615" lon="3.5668"/>
            <trkpt lat="50.76143" lon="3.56693"/>
            <trkpt lat="50.76137" lon="3.56713"/>
            <trkpt lat="50.76132" lon="3.56736"/>
            <trkpt lat="50.76128" lon="3.56759"/>
            <trkpt lat="50.76121" lon="3.56841"/>
            <trkpt lat="50.76111" lon="3.56917"/>
            <trkpt lat="50.76107" lon="3.56932"/>
            <trkpt lat="50.76093" lon="3.56981"/>
            <trkpt lat="50.76084" lon="3.57"/>
            <trkpt lat="50.76069" lon="3.57026"/>
            <trkpt lat="50.76068" lon="3.57027"/>
            <trkpt lat="50.76053" lon="3.57049"/>
            <trkpt lat="50.76042" lon="3.57068"/>
            <trkpt lat="50.76033" lon="3.57088"/>
            <trkpt lat="50.75955" lon="3.5728"/>
            <trkpt lat="50.75932" lon="3.5734"/>
            <trkpt lat="50.75925" lon="3.5737"/>
            <trkpt lat="50.75922" lon="3.5739"/>
            <trkpt lat="50.7592" lon="3.57409"/>
            <trkpt lat="50.75919" lon="3.57417"/>
            <trkpt lat="50.75921" lon="3.57441"/>
            <trkpt lat="50.75926" lon="3.57478"/>
            <trkpt lat="50.75954" lon="3.57584"/>
            <trkpt lat="50.75967" lon="3.57617"/>
            <trkpt lat="50.75977" lon="3.57637"/>
            <trkpt lat="50.75996" lon="3.5766"/>
            <trkpt lat="50.76008" lon="3.57669"/>
            <trkpt lat="50.76025" lon="3.5768"/>
            <trkpt lat="50.76079" lon="3.57704"/>
            <trkpt lat="50.76117" lon="3.57731"/>
            <trkpt lat="50.76132" lon="3.57748"/>
            <trkpt lat="50.76137" lon="3.57755"/>
            <trkpt lat="50.7615" lon="3.57774"/>
            <trkpt lat="50.76166" lon="3.57807"/>
            <trkpt lat="50.76204" lon="3.57886"/>
            <trkpt lat="50.76293" lon="3.58071"/>
            <trkpt lat="50.7633" lon="3.58154"/>
            <trkpt lat="50.7635" lon="3.582"/>
            <trkpt lat="50.76409" lon="3.58333"/>
            <trkpt lat="50.76423" lon="3.58366"/>
            <trkpt lat="50.76451" lon="3.58437"/>
            <trkpt lat="50.76467" lon="3.58489"/>
            <trkpt lat="50.76474" lon="3.58524"/>
            <trkpt lat="50.7648" lon="3.58562"/>
            <trkpt lat="50.76484" lon="3.5862"/>
            <trkpt lat="50.76482" lon="3.58629"/>
            <trkpt lat="50.7648" lon="3.58674"/>
            <trkpt lat="50.76478" lon="3.58708"/>
            <trkpt lat="50.76478" lon="3.58738"/>
            <trkpt lat="50.76482" lon="3.58772"/>
            <trkpt lat="50.76485" lon="3.58777"/>
            <trkpt lat="50.76497" lon="3.58856"/>
            <trkpt lat="50.76501" lon="3.58872"/>
            <trkpt lat="50.76504" lon="3.58883"/>
            <trkpt lat="50.76515" lon="3.58916"/>
            <trkpt lat="50.76546" lon="3.59007"/>
            <trkpt lat="50.76562" lon="3.59045"/>
            <trkpt lat="50.76588" lon="3.59099"/>
            <trkpt lat="50.76601" lon="3.59131"/>
            <trkpt lat="50.76616" lon="3.59181"/>
            <trkpt lat="50.76649" lon="3.59322"/>
            <trkpt lat="50.76689" lon="3.595"/>
            <trkpt lat="50.767" lon="3.59558"/>
            <trkpt lat="50.76718" lon="3.59641"/>
            <trkpt lat="50.76729" lon="3.59704"/>
            <trkpt lat="50.76745" lon="3.59979"/>
            <trkpt lat="50.76746" lon="3.60011"/>
            <trkpt lat="50.76748" lon="3.60065"/>
            <trkpt lat="50.76747" lon="3.60073"/>
            <trkpt lat="50.76746" lon="3.60105"/>
            <trkpt lat="50.76743" lon="3.60125"/>
            <trkpt lat="50.76731" lon="3.60176"/>
            <trkpt lat="50.767" lon="3.60284"/>
            <trkpt lat="50.76684" lon="3.60352"/>
            <trkpt lat="50.7668" lon="3.60366"/>
            <trkpt lat="50.76668" lon="3.60411"/>
            <trkpt lat="50.76634" lon="3.60531"/>
            <trkpt lat="50.76623" lon="3.60591"/>
            <trkpt lat="50.76619" lon="3.60629"/>
            <trkpt lat="50.76617" lon="3.60664"/>
            <trkpt lat="50.76609" lon="3.60773"/>
            <trkpt lat="50.76607" lon="3.60839"/>
            <trkpt lat="50.76607" lon="3.60859"/>
            <trkpt lat="50.76608" lon="3.60893"/>
            <trkpt lat="50.76614" lon="3.60932"/>
            <trkpt lat="50.76648" lon="3.61106"/>
            <trkpt lat="50.76653" lon="3.61132"/>
            <trkpt lat="50.76653" lon="3.61141"/>
            <trkpt lat="50.76656" lon="3.61174"/>
            <trkpt lat="50.7666" lon="3.61291"/>
            <trkpt lat="50.76669" lon="3.61537"/>
            <trkpt lat="50.76666" lon="3.61653"/>
            <trkpt lat="50.76665" lon="3.61699"/>
            <trkpt lat="50.76667" lon="3.61751"/>
            <trkpt lat="50.76671" lon="3.61784"/>
            <trkpt lat="50.76678" lon="3.6181"/>
            <trkpt lat="50.76683" lon="3.61825"/>
            <trkpt lat="50.76708" lon="3.61893"/>
            <trkpt lat="50.7672" lon="3.61931"/>
            <trkpt lat="50.76728" lon="3.61951"/>
            <trkpt lat="50.76745" lon="3.62002"/>
            <trkpt lat="50.76773" lon="3.62068"/>
            <trkpt lat="50.76809" lon="3.62127"/>
            <trkpt lat="50.76823" lon="3.62148"/>
            <trkpt lat="50.76834" lon="3.62171"/>
            <trkpt lat="50.76864" lon="3.62249"/>
            <trkpt lat="50.76866" lon="3.62255"/>
            <trkpt lat="50.76916" lon="3.62424"/>
            <trkpt lat="50.76949" lon="3.62549"/>
            <trkpt lat="50.76956" lon="3.62576"/>
            <trkpt lat="50.76972" lon="3.62645"/>
            <trkpt lat="50.76987" lon="3.62715"/>
            <trkpt lat="50.77048" lon="3.63009"/>
            <trkpt lat="50.77052" lon="3.63038"/>
            <trkpt lat="50.77054" lon="3.63051"/>
            <trkpt lat="50.77085" lon="3.63389"/>
            <trkpt lat="50.77087" lon="3.63418"/>
            <trkpt lat="50.77112" lon="3.6366"/>
            <trkpt lat="50.77117" lon="3.63723"/>
            <trkpt lat="50.7712" lon="3.63765"/>
            <trkpt lat="50.77129" lon="3.63844"/>
            <trkpt lat="50.77133" lon="3.63885"/>
            <trkpt lat="50.77139" lon="3.63936"/>
            <trkpt lat="50.77131" lon="3.63982"/>
            <trkpt lat="50.77121" lon="3.64016"/>
            <trkpt lat="50.77108" lon="3.64091"/>
            <trkpt lat="50.77108" lon="3.64106"/>
            <trkpt lat="50.77111" lon="3.64157"/>
            <trkpt lat="50.77116" lon="3.64174"/>
            <trkpt lat="50.7713" lon="3.64232"/>
            <trkpt lat="50.77167" lon="3.64368"/>
            <trkpt lat="50.77187" lon="3.64452"/>
            <trkpt lat="50.77187" lon="3.64466"/>
            <trkpt lat="50.77182" lon="3.64482"/>
            <trkpt lat="50.77162" lon="3.64581"/>
            <trkpt lat="50.77158" lon="3.64598"/>
            <trkpt lat="50.77152" lon="3.64626"/>
            <trkpt lat="50.7713" lon="3.64728"/>
            <trkpt lat="50.77126" lon="3.64746"/>
            <trkpt lat="50.77122" lon="3.64761"/>
            <trkpt lat="50.77119" lon="3.64779"/>
            <trkpt lat="50.77118" lon="3.64787"/>
            <trkpt lat="50.77114" lon="3.64807"/>
            <trkpt lat="50.77113" lon="3.64815"/>
            <trkpt lat="50.77113" lon="3.64824"/>
            <trkpt lat="50.77113" lon="3.64834"/>
            <trkpt lat="50.77113" lon="3.64839"/>
            <trkpt lat="50.77113" lon="3.6485"/>
            <trkpt lat="50.77113" lon="3.64852"/>
            <trkpt lat="50.77116" lon="3.64862"/>
            <trkpt lat="50.77119" lon="3.64911"/>
            <trkpt lat="50.77125" lon="3.65063"/>
            <trkpt lat="50.77128" lon="3.65103"/>
            <trkpt lat="50.77133" lon="3.65175"/>
            <trkpt lat="50.77149" lon="3.6542"/>
            <trkpt lat="50.77166" lon="3.65613"/>
            <trkpt lat="50.77183" lon="3.65924"/>
            <trkpt lat="50.7719" lon="3.66014"/>
            <trkpt lat="50.77193" lon="3.66048"/>
            <trkpt lat="50.77207" lon="3.66066"/>
            <trkpt lat="50.77231" lon="3.66084"/>
            <trkpt lat="50.77242" lon="3.66093"/>
            <trkpt lat="50.77245" lon="3.66095"/>
            <trkpt lat="50.77263" lon="3.66106"/>
            <trkpt lat="50.77454" lon="3.66226"/>
            <trkpt lat="50.77459" lon="3.66229"/>
            <trkpt lat="50.77561" lon="3.66298"/>
            <trkpt lat="50.77626" lon="3.6634"/>
            <trkpt lat="50.77595" lon="3.66388"/>
            <trkpt lat="50.77573" lon="3.66423"/>
            <trkpt lat="50.77538" lon="3.66478"/>
            <trkpt lat="50.77482" lon="3.66556"/>
            <trkpt lat="50.77461" lon="3.66579"/>
            <trkpt lat="50.77439" lon="3.66601"/>
            <trkpt lat="50.77399" lon="3.66627"/>
            <trkpt lat="50.77377" lon="3.66651"/>
            <trkpt lat="50.77337" lon="3.66706"/>
            <trkpt lat="50.77281" lon="3.66818"/>
            <trkpt lat="50.7722" lon="3.66943"/>
            <trkpt lat="50.77212" lon="3.66962"/>
            <trkpt lat="50.77188" lon="3.67004"/>
            <trkpt lat="50.77177" lon="3.67022"/>
            <trkpt lat="50.77159" lon="3.67046"/>
            <trkpt lat="50.77133" lon="3.67087"/>
            <trkpt lat="50.77112" lon="3.67124"/>
            <trkpt lat="50.77064" lon="3.67216"/>
            <trkpt lat="50.77037" lon="3.67268"/>
            <trkpt lat="50.7703" lon="3.67279"/>
            <trkpt lat="50.77026" lon="3.67286"/>
            <trkpt lat="50.77023" lon="3.67292"/>
            <trkpt lat="50.76965" lon="3.6737"/>
            <trkpt lat="50.76939" lon="3.67404"/>
            <trkpt lat="50.76868" lon="3.67501"/>
            <trkpt lat="50.76709" lon="3.67722"/>
            <trkpt lat="50.76703" lon="3.6773"/>
            <trkpt lat="50.76599" lon="3.67842"/>
            <trkpt lat="50.76577" lon="3.67864"/>
            <trkpt lat="50.76559" lon="3.6788"/>
            <trkpt lat="50.76539" lon="3.67893"/>
            <trkpt lat="50.76522" lon="3.67901"/>
            <trkpt lat="50.76497" lon="3.67911"/>
            <trkpt lat="50.76365" lon="3.67952"/>
            <trkpt lat="50.76344" lon="3.67958"/>
            <trkpt lat="50.76322" lon="3.67964"/>
            <trkpt lat="50.76244" lon="3.67986"/>
            <trkpt lat="50.7623" lon="3.67988"/>
            <trkpt lat="50.7622" lon="3.67988"/>
            <trkpt lat="50.76207" lon="3.67988"/>
            <trkpt lat="50.76176" lon="3.67984"/>
            <trkpt lat="50.76143" lon="3.67971"/>
            <trkpt lat="50.76123" lon="3.6796"/>
            <trkpt lat="50.76083" lon="3.67938"/>
            <trkpt lat="50.76053" lon="3.67931"/>
            <trkpt lat="50.7604" lon="3.67929"/>
            <trkpt lat="50.76017" lon="3.67928"/>
            <trkpt lat="50.75965" lon="3.67929"/>
            <trkpt lat="50.75837" lon="3.6794"/>
            <trkpt lat="50.75747" lon="3.67938"/>
            <trkpt lat="50.75684" lon="3.67942"/>
            <trkpt lat="50.75651" lon="3.67944"/>
            <trkpt lat="50.7562" lon="3.67942"/>
            <trkpt lat="50.7561" lon="3.67937"/>
            <trkpt lat="50.75589" lon="3.67913"/>
            <trkpt lat="50.75463" lon="3.67756"/>
            <trkpt lat="50.75451" lon="3.67748"/>
            <trkpt lat="50.75449" lon="3.67747"/>
            <trkpt lat="50.75288" lon="3.67679"/>
            <trkpt lat="50.75249" lon="3.67658"/>
            <trkpt lat="50.75085" lon="3.67554"/>
            <trkpt lat="50.75062" lon="3.67549"/>
            <trkpt lat="50.75047" lon="3.67548"/>
            <trkpt lat="50.74979" lon="3.67514"/>
            <trkpt lat="50.7495" lon="3.67501"/>
            <trkpt lat="50.7486" lon="3.67473"/>
            <trkpt lat="50.74843" lon="3.67465"/>
            <trkpt lat="50.74824" lon="3.67458"/>
            <trkpt lat="50.74783" lon="3.67452"/>
            <trkpt lat="50.74741" lon="3.6745"/>
            <trkpt lat="50.74726" lon="3.67448"/>
            <trkpt lat="50.74712" lon="3.67443"/>
            <trkpt lat="50.74691" lon="3.67431"/>
            <trkpt lat="50.7468" lon="3.67424"/>
            <trkpt lat="50.74671" lon="3.67415"/>
            <trkpt lat="50.74661" lon="3.67407"/>
            <trkpt lat="50.74649" lon="3.67401"/>
            <trkpt lat="50.74625" lon="3.67394"/>
            <trkpt lat="50.7461" lon="3.67391"/>
            <trkpt lat="50.74574" lon="3.67396"/>
            <trkpt lat="50.74567" lon="3.67396"/>
            <trkpt lat="50.74559" lon="3.67394"/>
            <trkpt lat="50.74553" lon="3.67389"/>
            <trkpt lat="50.74531" lon="3.67357"/>
            <trkpt lat="50.74529" lon="3.67355"/>
            <trkpt lat="50.74525" lon="3.67353"/>
            <trkpt lat="50.74518" lon="3.67352"/>
            <trkpt lat="50.74513" lon="3.67352"/>
            <trkpt lat="50.74507" lon="3.67355"/>
            <trkpt lat="50.74503" lon="3.6736"/>
            <trkpt lat="50.745" lon="3.67367"/>
            <trkpt lat="50.745" lon="3.67372"/>
            <trkpt lat="50.745" lon="3.6738"/>
            <trkpt lat="50.74505" lon="3.67401"/>
            <trkpt lat="50.74509" lon="3.67415"/>
            <trkpt lat="50.7451" lon="3.67422"/>
            <trkpt lat="50.7451" lon="3.67427"/>
            <trkpt lat="50.7451" lon="3.67432"/>
            <trkpt lat="50.74508" lon="3.67437"/>
            <trkpt lat="50.74501" lon="3.67449"/>
            <trkpt lat="50.74479" lon="3.67474"/>
            <trkpt lat="50.74458" lon="3.67495"/>
            <trkpt lat="50.74441" lon="3.6751"/>
            <trkpt lat="50.74407" lon="3.67537"/>
            <trkpt lat="50.7438" lon="3.67564"/>
            <trkpt lat="50.74277" lon="3.67685"/>
            <trkpt lat="50.74142" lon="3.67867"/>
            <trkpt lat="50.74112" lon="3.67898"/>
            <trkpt lat="50.7408" lon="3.67929"/>
            <trkpt lat="50.74036" lon="3.67959"/>
            <trkpt lat="50.73933" lon="3.68018"/>
            <trkpt lat="50.73833" lon="3.68067"/>
            <trkpt lat="50.73775" lon="3.68097"/>
            <trkpt lat="50.73732" lon="3.68108"/>
            <trkpt lat="50.73633" lon="3.68165"/>
            <trkpt lat="50.73583" lon="3.68198"/>
            <trkpt lat="50.73566" lon="3.68208"/>
            <trkpt lat="50.73548" lon="3.68213"/>
            <trkpt lat="50.73537" lon="3.68214"/>
            <trkpt lat="50.73531" lon="3.68214"/>
            <trkpt lat="50.73529" lon="3.68213"/>
            <trkpt lat="50.73524" lon="3.68209"/>
            <trkpt lat="50.73493" lon="3.68181"/>
            <trkpt lat="50.73486" lon="3.68176"/>
            <trkpt lat="50.73451" lon="3.68142"/>
            <trkpt lat="50.73445" lon="3.68136"/>
            <trkpt lat="50.73433" lon="3.68115"/>
            <trkpt lat="50.73423" lon="3.68091"/>
            <trkpt lat="50.73381" lon="3.67983"/>
            <trkpt lat="50.73358" lon="3.68014"/>
            <trkpt lat="50.73334" lon="3.68049"/>
            <trkpt lat="50.73318" lon="3.68071"/>
            <trkpt lat="50.7328" lon="3.68134"/>
            <trkpt lat="50.73256" lon="3.68177"/>
            <trkpt lat="50.73242" lon="3.68206"/>
            <trkpt lat="50.73235" lon="3.68225"/>
            <trkpt lat="50.73228" lon="3.68247"/>
            <trkpt lat="50.73212" lon="3.68305"/>
            <trkpt lat="50.73207" lon="3.68327"/>
            <trkpt lat="50.73204" lon="3.68327"/>
            <trkpt lat="50.732" lon="3.68328"/>
            <trkpt lat="50.73197" lon="3.6833"/>
            <trkpt lat="50.73169" lon="3.6835"/>
            <trkpt lat="50.73058" lon="3.68439"/>
            <trkpt lat="50.73041" lon="3.68449"/>
            <trkpt lat="50.73009" lon="3.68465"/>
            <trkpt lat="50.72988" lon="3.6847"/>
            <trkpt lat="50.72891" lon="3.68476"/>
            <trkpt lat="50.72798" lon="3.68473"/>
            <trkpt lat="50.72766" lon="3.68473"/>
            <trkpt lat="50.72702" lon="3.68466"/>
            <trkpt lat="50.72639" lon="3.68455"/>
            <trkpt lat="50.72601" lon="3.68446"/>
            <trkpt lat="50.72587" lon="3.68441"/>
            <trkpt lat="50.72575" lon="3.68435"/>
            <trkpt lat="50.72545" lon="3.68418"/>
            <trkpt lat="50.72486" lon="3.68384"/>
            <trkpt lat="50.72461" lon="3.6837"/>
            <trkpt lat="50.72393" lon="3.68331"/>
            <trkpt lat="50.72289" lon="3.6828"/>
            <trkpt lat="50.72208" lon="3.68249"/>
            <trkpt lat="50.72095" lon="3.68215"/>
            <trkpt lat="50.72073" lon="3.68208"/>
            <trkpt lat="50.72068" lon="3.68206"/>
            <trkpt lat="50.72001" lon="3.68186"/>
            <trkpt lat="50.71941" lon="3.6817"/>
            <trkpt lat="50.71895" lon="3.6816"/>
            <trkpt lat="50.71874" lon="3.68155"/>
            <trkpt lat="50.71817" lon="3.68147"/>
            <trkpt lat="50.71772" lon="3.68142"/>
            <trkpt lat="50.71744" lon="3.68144"/>
            <trkpt lat="50.71712" lon="3.68156"/>
            <trkpt lat="50.71699" lon="3.68164"/>
            <trkpt lat="50.71676" lon="3.68183"/>
            <trkpt lat="50.71642" lon="3.68216"/>
            <trkpt lat="50.71606" lon="3.68254"/>
            <trkpt lat="50.71587" lon="3.68271"/>
            <trkpt lat="50.71555" lon="3.68295"/>
            <trkpt lat="50.71536" lon="3.68305"/>
            <trkpt lat="50.71528" lon="3.68308"/>
            <trkpt lat="50.71515" lon="3.68308"/>
            <trkpt lat="50.71503" lon="3.68307"/>
            <trkpt lat="50.71497" lon="3.68305"/>
            <trkpt lat="50.71474" lon="3.68297"/>
            <trkpt lat="50.71428" lon="3.68271"/>
            <trkpt lat="50.71309" lon="3.68193"/>
            <trkpt lat="50.71289" lon="3.68177"/>
            <trkpt lat="50.71251" lon="3.68147"/>
            <trkpt lat="50.71209" lon="3.68111"/>
            <trkpt lat="50.71112" lon="3.68025"/>
            <trkpt lat="50.71064" lon="3.67985"/>
            <trkpt lat="50.71033" lon="3.67967"/>
            <trkpt lat="50.7103" lon="3.67966"/>
            <trkpt lat="50.71002" lon="3.67956"/>
            <trkpt lat="50.70933" lon="3.67941"/>
            <trkpt lat="50.70867" lon="3.67936"/>
            <trkpt lat="50.70808" lon="3.67936"/>
            <trkpt lat="50.70752" lon="3.67946"/>
            <trkpt lat="50.70672" lon="3.67964"/>
            <trkpt lat="50.70655" lon="3.67975"/>
            <trkpt lat="50.7065" lon="3.67982"/>
            <trkpt lat="50.70647" lon="3.67992"/>
            <trkpt lat="50.70646" lon="3.68031"/>
            <trkpt lat="50.70654" lon="3.68224"/>
            <trkpt lat="50.70656" lon="3.68352"/>
            <trkpt lat="50.70655" lon="3.68377"/>
            <trkpt lat="50.70653" lon="3.684"/>
            <trkpt lat="50.70647" lon="3.68433"/>
            <trkpt lat="50.70644" lon="3.68448"/>
            <trkpt lat="50.70634" lon="3.68504"/>
            <trkpt lat="50.70617" lon="3.68582"/>
            <trkpt lat="50.70617" lon="3.68597"/>
            <trkpt lat="50.7062" lon="3.68613"/>
            <trkpt lat="50.70624" lon="3.68625"/>
            <trkpt lat="50.70632" lon="3.68641"/>
            <trkpt lat="50.70643" lon="3.68659"/>
            <trkpt lat="50.70684" lon="3.68713"/>
            <trkpt lat="50.70734" lon="3.68784"/>
            <trkpt lat="50.70741" lon="3.68796"/>
            <trkpt lat="50.70744" lon="3.68806"/>
            <trkpt lat="50.70745" lon="3.68817"/>
            <trkpt lat="50.70744" lon="3.68829"/>
            <trkpt lat="50.70743" lon="3.68843"/>
            <trkpt lat="50.70742" lon="3.68848"/>
            <trkpt lat="50.7074" lon="3.68857"/>
            <trkpt lat="50.70739" lon="3.68861"/>
            <trkpt lat="50.70728" lon="3.68885"/>
            <trkpt lat="50.70695" lon="3.68951"/>
            <trkpt lat="50.70666" lon="3.68999"/>
            <trkpt lat="50.7065" lon="3.6902"/>
            <trkpt lat="50.70606" lon="3.69084"/>
            <trkpt lat="50.70581" lon="3.69119"/>
            <trkpt lat="50.70562" lon="3.69141"/>
            <trkpt lat="50.70345" lon="3.69397"/>
            <trkpt lat="50.70333" lon="3.69411"/>
            <trkpt lat="50.70308" lon="3.69446"/>
            <trkpt lat="50.70287" lon="3.6948"/>
            <trkpt lat="50.70235" lon="3.69576"/>
            <trkpt lat="50.70223" lon="3.69594"/>
            <trkpt lat="50.70208" lon="3.69616"/>
            <trkpt lat="50.70172" lon="3.6966"/>
            <trkpt lat="50.70165" lon="3.69671"/>
            <trkpt lat="50.70089" lon="3.69843"/>
            <trkpt lat="50.70075" lon="3.69869"/>
            <trkpt lat="50.70066" lon="3.69883"/>
            <trkpt lat="50.70057" lon="3.69894"/>
            <trkpt lat="50.70031" lon="3.69917"/>
            <trkpt lat="50.70014" lon="3.69928"/>
            <trkpt lat="50.70003" lon="3.69937"/>
            <trkpt lat="50.69998" lon="3.69943"/>
            <trkpt lat="50.69993" lon="3.69952"/>
            <trkpt lat="50.69914" lon="3.70146"/>
            <trkpt lat="50.69887" lon="3.70215"/>
            <trkpt lat="50.69879" lon="3.7023"/>
            <trkpt lat="50.6987" lon="3.70242"/>
            <trkpt lat="50.69864" lon="3.70247"/>
            <trkpt lat="50.69796" lon="3.70311"/>
            <trkpt lat="50.69766" lon="3.70346"/>
            <trkpt lat="50.69736" lon="3.7039"/>
            <trkpt lat="50.69628" lon="3.70544"/>
            <trkpt lat="50.69612" lon="3.70569"/>
            <trkpt lat="50.69598" lon="3.70597"/>
            <trkpt lat="50.69587" lon="3.70624"/>
            <trkpt lat="50.69581" lon="3.70635"/>
            <trkpt lat="50.69578" lon="3.7064"/>
            <trkpt lat="50.69577" lon="3.70641"/>
            <trkpt lat="50.69572" lon="3.70647"/>
            <trkpt lat="50.69567" lon="3.70638"/>
            <trkpt lat="50.69558" lon="3.70625"/>
            <trkpt lat="50.69539" lon="3.70607"/>
            <trkpt lat="50.69461" lon="3.70538"/>
            <trkpt lat="50.6945" lon="3.70525"/>
            <trkpt lat="50.69445" lon="3.70517"/>
            <trkpt lat="50.69442" lon="3.70506"/>
            <trkpt lat="50.69319" lon="3.69844"/>
            <trkpt lat="50.69263" lon="3.69597"/>
            <trkpt lat="50.69226" lon="3.69429"/>
            <trkpt lat="50.69204" lon="3.69293"/>
            <trkpt lat="50.69204" lon="3.69281"/>
            <trkpt lat="50.69206" lon="3.69258"/>
            <trkpt lat="50.69218" lon="3.69141"/>
            <trkpt lat="50.69225" lon="3.69066"/>
            <trkpt lat="50.69225" lon="3.69056"/>
            <trkpt lat="50.69167" lon="3.68722"/>
            <trkpt lat="50.69162" lon="3.68677"/>
            <trkpt lat="50.69162" lon="3.68644"/>
            <trkpt lat="50.69166" lon="3.68615"/>
            <trkpt lat="50.69168" lon="3.68604"/>
            <trkpt lat="50.69248" lon="3.68186"/>
            <trkpt lat="50.69266" lon="3.68093"/>
            <trkpt lat="50.69278" lon="3.68026"/>
            <trkpt lat="50.6928" lon="3.68019"/>
            <trkpt lat="50.69284" lon="3.68002"/>
            <trkpt lat="50.69296" lon="3.6797"/>
            <trkpt lat="50.69324" lon="3.67903"/>
            <trkpt lat="50.69326" lon="3.67897"/>
            <trkpt lat="50.69329" lon="3.67892"/>
            <trkpt lat="50.69356" lon="3.67857"/>
            <trkpt lat="50.69363" lon="3.67832"/>
            <trkpt lat="50.69393" lon="3.67776"/>
            <trkpt lat="50.69402" lon="3.67755"/>
            <trkpt lat="50.69406" lon="3.67736"/>
            <trkpt lat="50.69409" lon="3.67722"/>
            <trkpt lat="50.6941" lon="3.67698"/>
            <trkpt lat="50.69409" lon="3.67684"/>
            <trkpt lat="50.69406" lon="3.67666"/>
            <trkpt lat="50.69399" lon="3.67643"/>
            <trkpt lat="50.69384" lon="3.67606"/>
            <trkpt lat="50.69372" lon="3.67584"/>
            <trkpt lat="50.69355" lon="3.67562"/>
            <trkpt lat="50.69344" lon="3.67553"/>
            <trkpt lat="50.69323" lon="3.67541"/>
            <trkpt lat="50.69299" lon="3.6753"/>
            <trkpt lat="50.69255" lon="3.67504"/>
            <trkpt lat="50.69243" lon="3.67492"/>
            <trkpt lat="50.69229" lon="3.67474"/>
            <trkpt lat="50.69216" lon="3.67456"/>
            <trkpt lat="50.69209" lon="3.67441"/>
            <trkpt lat="50.69171" lon="3.67335"/>
            <trkpt lat="50.69141" lon="3.67238"/>
            <trkpt lat="50.69116" lon="3.67162"/>
            <trkpt lat="50.69092" lon="3.67106"/>
            <trkpt lat="50.69069" lon="3.67053"/>
            <trkpt lat="50.6905" lon="3.67021"/>
            <trkpt lat="50.69012" lon="3.66943"/>
            <trkpt lat="50.69012" lon="3.66943"/>
            <trkpt lat="50.69007" lon="3.66928"/>
            <trkpt lat="50.69005" lon="3.66918"/>
            <trkpt lat="50.69004" lon="3.66904"/>
            <trkpt lat="50.69004" lon="3.66885"/>
            <trkpt lat="50.69004" lon="3.66881"/>
            <trkpt lat="50.69005" lon="3.66864"/>
            <trkpt lat="50.69005" lon="3.6686"/>
            <trkpt lat="50.69007" lon="3.66849"/>
            <trkpt lat="50.69092" lon="3.66614"/>
            <trkpt lat="50.69097" lon="3.66599"/>
            <trkpt lat="50.69103" lon="3.66571"/>
            <trkpt lat="50.69103" lon="3.66569"/>
            <trkpt lat="50.69092" lon="3.66499"/>
            <trkpt lat="50.69083" lon="3.66445"/>
            <trkpt lat="50.69076" lon="3.66407"/>
            <trkpt lat="50.69075" lon="3.66402"/>
            <trkpt lat="50.69069" lon="3.66354"/>
            <trkpt lat="50.69052" lon="3.66244"/>
            <trkpt lat="50.69049" lon="3.66219"/>
            <trkpt lat="50.69043" lon="3.66163"/>
            <trkpt lat="50.69042" lon="3.66155"/>
            <trkpt lat="50.6905" lon="3.66082"/>
            <trkpt lat="50.69058" lon="3.6602"/>
            <trkpt lat="50.69059" lon="3.6601"/>
            <trkpt lat="50.69057" lon="3.66001"/>
            <trkpt lat="50.69038" lon="3.65955"/>
            <trkpt lat="50.69035" lon="3.6595"/>
            <trkpt lat="50.68912" lon="3.65847"/>
            <trkpt lat="50.68873" lon="3.65832"/>
            <trkpt lat="50.68864" lon="3.65839"/>
            <trkpt lat="50.68851" lon="3.65846"/>
            <trkpt lat="50.6877" lon="3.6587"/>
            <trkpt lat="50.68764" lon="3.65875"/>
            <trkpt lat="50.68743" lon="3.65899"/>
            <trkpt lat="50.68742" lon="3.65901"/>
            <trkpt lat="50.68733" lon="3.65923"/>
            <trkpt lat="50.68731" lon="3.65928"/>
            <trkpt lat="50.68701" lon="3.65916"/>
            <trkpt lat="50.68645" lon="3.65862"/>
            <trkpt lat="50.68639" lon="3.65857"/>
            <trkpt lat="50.68635" lon="3.65854"/>
            <trkpt lat="50.68632" lon="3.65854"/>
            <trkpt lat="50.6863" lon="3.65854"/>
            <trkpt lat="50.6861" lon="3.65858"/>
            <trkpt lat="50.68531" lon="3.65877"/>
            <trkpt lat="50.68473" lon="3.65881"/>
            <trkpt lat="50.68469" lon="3.65883"/>
            <trkpt lat="50.68463" lon="3.65888"/>
            <trkpt lat="50.6845" lon="3.65897"/>
            <trkpt lat="50.68428" lon="3.65887"/>
            <trkpt lat="50.68367" lon="3.65873"/>
            <trkpt lat="50.68356" lon="3.65869"/>
            <trkpt lat="50.6823" lon="3.6576"/>
            <trkpt lat="50.68218" lon="3.65744"/>
            <trkpt lat="50.68203" lon="3.65715"/>
            <trkpt lat="50.68168" lon="3.65662"/>
            <trkpt lat="50.68151" lon="3.65637"/>
            <trkpt lat="50.68144" lon="3.65631"/>
            <trkpt lat="50.68138" lon="3.65628"/>
            <trkpt lat="50.68132" lon="3.65625"/>
            <trkpt lat="50.68126" lon="3.65625"/>
            <trkpt lat="50.68119" lon="3.65626"/>
            <trkpt lat="50.68069" lon="3.65647"/>
            <trkpt lat="50.68049" lon="3.6565"/>
            <trkpt lat="50.68018" lon="3.65645"/>
            <trkpt lat="50.6796" lon="3.65618"/>
            <trkpt lat="50.67953" lon="3.65619"/>
            <trkpt lat="50.67948" lon="3.6562"/>
            <trkpt lat="50.6791" lon="3.65637"/>
            <trkpt lat="50.67894" lon="3.65642"/>
            <trkpt lat="50.67887" lon="3.65643"/>
            <trkpt lat="50.67871" lon="3.65639"/>
            <trkpt lat="50.67842" lon="3.65632"/>
            <trkpt lat="50.678" lon="3.65617"/>
            <trkpt lat="50.6776" lon="3.65599"/>
            <trkpt lat="50.67716" lon="3.65576"/>
            <trkpt lat="50.67711" lon="3.65574"/>
            <trkpt lat="50.6771" lon="3.65574"/>
            <trkpt lat="50.6771" lon="3.65573"/>
            <trkpt lat="50.67706" lon="3.65596"/>
            <trkpt lat="50.67679" lon="3.6573"/>
            <trkpt lat="50.67679" lon="3.65731"/>
            <trkpt lat="50.67663" lon="3.6573"/>
            <trkpt lat="50.67638" lon="3.65729"/>
            <trkpt lat="50.67582" lon="3.6573"/>
            <trkpt lat="50.67578" lon="3.65732"/>
            <trkpt lat="50.67442" lon="3.65812"/>
            <trkpt lat="50.67428" lon="3.65816"/>
            <trkpt lat="50.67418" lon="3.65813"/>
            <trkpt lat="50.67355" lon="3.65763"/>
            <trkpt lat="50.67345" lon="3.65758"/>
            <trkpt lat="50.67339" lon="3.65754"/>
            <trkpt lat="50.67305" lon="3.65741"/>
            <trkpt lat="50.67285" lon="3.65729"/>
            <trkpt lat="50.6727" lon="3.65717"/>
            <trkpt lat="50.67174" lon="3.65626"/>
            <trkpt lat="50.67159" lon="3.65614"/>
            <trkpt lat="50.67152" lon="3.65611"/>
            <trkpt lat="50.67143" lon="3.65612"/>
            <trkpt lat="50.67136" lon="3.65613"/>
            <trkpt lat="50.67132" lon="3.65615"/>
            <trkpt lat="50.67127" lon="3.65619"/>
            <trkpt lat="50.67122" lon="3.65623"/>
            <trkpt lat="50.67105" lon="3.65644"/>
            <trkpt lat="50.671" lon="3.65649"/>
            <trkpt lat="50.67094" lon="3.65652"/>
            <trkpt lat="50.67081" lon="3.65656"/>
            <trkpt lat="50.67063" lon="3.65655"/>
            <trkpt lat="50.67044" lon="3.65651"/>
            <trkpt lat="50.66943" lon="3.65604"/>
            <trkpt lat="50.66895" lon="3.65588"/>
            <trkpt lat="50.66882" lon="3.65584"/>
            <trkpt lat="50.66834" lon="3.65577"/>
            <trkpt lat="50.66822" lon="3.65577"/>
            <trkpt lat="50.66794" lon="3.65586"/>
            <trkpt lat="50.66764" lon="3.656"/>
            <trkpt lat="50.66704" lon="3.6564"/>
            <trkpt lat="50.66675" lon="3.65589"/>
            <trkpt lat="50.66658" lon="3.65559"/>
            <trkpt lat="50.66644" lon="3.65538"/>
            <trkpt lat="50.66632" lon="3.65522"/>
            <trkpt lat="50.66623" lon="3.65513"/>
            <trkpt lat="50.66609" lon="3.65504"/>
            <trkpt lat="50.66601" lon="3.65501"/>
            <trkpt lat="50.66595" lon="3.655"/>
            <trkpt lat="50.66592" lon="3.65501"/>
            <trkpt lat="50.66587" lon="3.65502"/>
            <trkpt lat="50.66579" lon="3.65505"/>
            <trkpt lat="50.66567" lon="3.65514"/>
            <trkpt lat="50.66559" lon="3.65521"/>
            <trkpt lat="50.66549" lon="3.65532"/>
            <trkpt lat="50.66536" lon="3.65554"/>
            <trkpt lat="50.66523" lon="3.65581"/>
            <trkpt lat="50.66512" lon="3.65598"/>
            <trkpt lat="50.66504" lon="3.65608"/>
            <trkpt lat="50.66499" lon="3.6561"/>
            <trkpt lat="50.66491" lon="3.65609"/>
            <trkpt lat="50.66482" lon="3.65602"/>
            <trkpt lat="50.66478" lon="3.65596"/>
            <trkpt lat="50.66469" lon="3.65575"/>
            <trkpt lat="50.66459" lon="3.65555"/>
            <trkpt lat="50.66454" lon="3.65548"/>
            <trkpt lat="50.66441" lon="3.65538"/>
            <trkpt lat="50.66434" lon="3.65533"/>
            <trkpt lat="50.66422" lon="3.65527"/>
            <trkpt lat="50.66412" lon="3.65527"/>
            <trkpt lat="50.66402" lon="3.65515"/>
            <trkpt lat="50.6639" lon="3.65502"/>
            <trkpt lat="50.66384" lon="3.65495"/>
            <trkpt lat="50.66376" lon="3.65481"/>
            <trkpt lat="50.66373" lon="3.65472"/>
            <trkpt lat="50.66371" lon="3.65463"/>
            <trkpt lat="50.66367" lon="3.65428"/>
            <trkpt lat="50.66366" lon="3.65402"/>
            <trkpt lat="50.66366" lon="3.65306"/>
            <trkpt lat="50.66365" lon="3.6525"/>
            <trkpt lat="50.66364" lon="3.65164"/>
            <trkpt lat="50.66362" lon="3.65148"/>
            <trkpt lat="50.66351" lon="3.65156"/>
            <trkpt lat="50.66346" lon="3.65159"/>
            <trkpt lat="50.66311" lon="3.65169"/>
            <trkpt lat="50.66288" lon="3.65171"/>
            <trkpt lat="50.66262" lon="3.65169"/>
            <trkpt lat="50.6616" lon="3.65151"/>
            <trkpt lat="50.66148" lon="3.65145"/>
            <trkpt lat="50.66139" lon="3.65167"/>
            <trkpt lat="50.66057" lon="3.65392"/>
            <trkpt lat="50.66" lon="3.65544"/>
            <trkpt lat="50.65988" lon="3.65575"/>
            <trkpt lat="50.65971" lon="3.65607"/>
            <trkpt lat="50.65937" lon="3.65665"/>
            <trkpt lat="50.65896" lon="3.65737"/>
            <trkpt lat="50.65877" lon="3.65769"/>
            <trkpt lat="50.65791" lon="3.65902"/>
            <trkpt lat="50.65785" lon="3.65911"/>
            <trkpt lat="50.65776" lon="3.65927"/>
            <trkpt lat="50.65752" lon="3.65967"/>
            <trkpt lat="50.65713" lon="3.66044"/>
            <trkpt lat="50.65582" lon="3.66317"/>
            <trkpt lat="50.65546" lon="3.66395"/>
            <trkpt lat="50.65534" lon="3.66436"/>
            <trkpt lat="50.65524" lon="3.66476"/>
            <trkpt lat="50.6549" lon="3.66668"/>
            <trkpt lat="50.65484" lon="3.66692"/>
            <trkpt lat="50.65471" lon="3.66737"/>
            <trkpt lat="50.65462" lon="3.66763"/>
            <trkpt lat="50.6546" lon="3.66771"/>
            <trkpt lat="50.65444" lon="3.66814"/>
            <trkpt lat="50.65432" lon="3.66846"/>
            <trkpt lat="50.65416" lon="3.66913"/>
            <trkpt lat="50.65408" lon="3.66943"/>
            <trkpt lat="50.65399" lon="3.66976"/>
            <trkpt lat="50.65398" lon="3.66981"/>
            <trkpt lat="50.65391" lon="3.67011"/>
            <trkpt lat="50.65382" lon="3.67042"/>
            <trkpt lat="50.6537" lon="3.67077"/>
            <trkpt lat="50.65355" lon="3.67115"/>
            <trkpt lat="50.65323" lon="3.67176"/>
            <trkpt lat="50.65319" lon="3.67183"/>
            <trkpt lat="50.65277" lon="3.67263"/>
            <trkpt lat="50.65266" lon="3.67283"/>
            <trkpt lat="50.65251" lon="3.67312"/>
            <trkpt lat="50.65222" lon="3.67365"/>
            <trkpt lat="50.6522" lon="3.67364"/>
            <trkpt lat="50.65218" lon="3.67363"/>
            <trkpt lat="50.65217" lon="3.67363"/>
            <trkpt lat="50.65215" lon="3.67364"/>
            <trkpt lat="50.6521" lon="3.67367"/>
            <trkpt lat="50.65207" lon="3.6737"/>
            <trkpt lat="50.65191" lon="3.67388"/>
            <trkpt lat="50.65113" lon="3.67478"/>
            <trkpt lat="50.65052" lon="3.67555"/>
            <trkpt lat="50.64936" lon="3.67714"/>
            <trkpt lat="50.64927" lon="3.67727"/>
            <trkpt lat="50.64887" lon="3.67778"/>
            <trkpt lat="50.64877" lon="3.6779"/>
            <trkpt lat="50.64868" lon="3.67801"/>
            <trkpt lat="50.64862" lon="3.67809"/>
            <trkpt lat="50.64845" lon="3.67826"/>
            <trkpt lat="50.64758" lon="3.67902"/>
            <trkpt lat="50.64745" lon="3.67914"/>
            <trkpt lat="50.64743" lon="3.67915"/>
            <trkpt lat="50.6474" lon="3.67916"/>
            <trkpt lat="50.64724" lon="3.67915"/>
            <trkpt lat="50.64697" lon="3.67908"/>
            <trkpt lat="50.64694" lon="3.67907"/>
            <trkpt lat="50.6466" lon="3.67894"/>
            <trkpt lat="50.64654" lon="3.67892"/>
            <trkpt lat="50.64595" lon="3.67857"/>
            <trkpt lat="50.64545" lon="3.67824"/>
            <trkpt lat="50.64515" lon="3.67808"/>
            <trkpt lat="50.64485" lon="3.67798"/>
            <trkpt lat="50.64438" lon="3.67791"/>
            <trkpt lat="50.6437" lon="3.67781"/>
            <trkpt lat="50.64348" lon="3.67782"/>
            <trkpt lat="50.64323" lon="3.67781"/>
            <trkpt lat="50.64293" lon="3.67785"/>
            <trkpt lat="50.64252" lon="3.67799"/>
            <trkpt lat="50.64216" lon="3.67823"/>
            <trkpt lat="50.64131" lon="3.67871"/>
            <trkpt lat="50.64058" lon="3.67909"/>
            <trkpt lat="50.64033" lon="3.67923"/>
            <trkpt lat="50.63926" lon="3.67978"/>
            <trkpt lat="50.63885" lon="3.67999"/>
            <trkpt lat="50.63844" lon="3.68022"/>
            <trkpt lat="50.63802" lon="3.68041"/>
            <trkpt lat="50.63796" lon="3.68051"/>
            <trkpt lat="50.63785" lon="3.68077"/>
            <trkpt lat="50.6375" lon="3.68178"/>
            <trkpt lat="50.63745" lon="3.68199"/>
            <trkpt lat="50.63723" lon="3.68246"/>
            <trkpt lat="50.63716" lon="3.68272"/>
            <trkpt lat="50.63711" lon="3.68369"/>
            <trkpt lat="50.63712" lon="3.68387"/>
            <trkpt lat="50.6372" lon="3.68459"/>
            <trkpt lat="50.6371" lon="3.68505"/>
            <trkpt lat="50.63725" lon="3.68516"/>
            <trkpt lat="50.63726" lon="3.68521"/>
            <trkpt lat="50.63727" lon="3.68634"/>
            <trkpt lat="50.63719" lon="3.68709"/>
            <trkpt lat="50.63718" lon="3.68725"/>
            <trkpt lat="50.63717" lon="3.68742"/>
            <trkpt lat="50.63712" lon="3.68802"/>
            <trkpt lat="50.63702" lon="3.6886"/>
            <trkpt lat="50.63701" lon="3.68864"/>
            <trkpt lat="50.63643" lon="3.69141"/>
            <trkpt lat="50.63635" lon="3.69176"/>
            <trkpt lat="50.63633" lon="3.69186"/>
            <trkpt lat="50.63631" lon="3.69194"/>
            <trkpt lat="50.63623" lon="3.69228"/>
            <trkpt lat="50.63596" lon="3.69348"/>
            <trkpt lat="50.63578" lon="3.69438"/>
            <trkpt lat="50.6346" lon="3.69983"/>
            <trkpt lat="50.63459" lon="3.6999"/>
            <trkpt lat="50.63457" lon="3.70013"/>
            <trkpt lat="50.634" lon="3.70001"/>
            <trkpt lat="50.63394" lon="3.69999"/>
            <trkpt lat="50.63327" lon="3.69982"/>
            <trkpt lat="50.63176" lon="3.6995"/>
            <trkpt lat="50.62822" lon="3.69888"/>
            <trkpt lat="50.62811" lon="3.69891"/>
            <trkpt lat="50.62804" lon="3.69895"/>
            <trkpt lat="50.62799" lon="3.69898"/>
            <trkpt lat="50.62792" lon="3.69907"/>
            <trkpt lat="50.62749" lon="3.69981"/>
            <trkpt lat="50.62575" lon="3.703"/>
            <trkpt lat="50.62564" lon="3.70321"/>
            <trkpt lat="50.6256" lon="3.70332"/>
            <trkpt lat="50.62532" lon="3.70316"/>
            <trkpt lat="50.62518" lon="3.7031"/>
            <trkpt lat="50.625" lon="3.70308"/>
            <trkpt lat="50.62495" lon="3.70307"/>
            <trkpt lat="50.62469" lon="3.70305"/>
            <trkpt lat="50.6245" lon="3.70309"/>
            <trkpt lat="50.62422" lon="3.70319"/>
            <trkpt lat="50.62409" lon="3.70326"/>
            <trkpt lat="50.62243" lon="3.7042"/>
            <trkpt lat="50.62217" lon="3.70439"/>
            <trkpt lat="50.62194" lon="3.70461"/>
            <trkpt lat="50.62186" lon="3.70471"/>
            <trkpt lat="50.62182" lon="3.70474"/>
            <trkpt lat="50.62176" lon="3.70474"/>
            <trkpt lat="50.62147" lon="3.70463"/>
            <trkpt lat="50.62142" lon="3.70463"/>
            <trkpt lat="50.62133" lon="3.70465"/>
            <trkpt lat="50.6211" lon="3.70478"/>
            <trkpt lat="50.621" lon="3.70484"/>
            <trkpt lat="50.62092" lon="3.70489"/>
            <trkpt lat="50.62085" lon="3.70496"/>
            <trkpt lat="50.62068" lon="3.70511"/>
            <trkpt lat="50.62045" lon="3.70541"/>
            <trkpt lat="50.62038" lon="3.70547"/>
            <trkpt lat="50.62007" lon="3.70567"/>
            <trkpt lat="50.61995" lon="3.70575"/>
            <trkpt lat="50.61983" lon="3.70582"/>
            <trkpt lat="50.61978" lon="3.70586"/>
            <trkpt lat="50.61871" lon="3.70656"/>
            <trkpt lat="50.61858" lon="3.70663"/>
            <trkpt lat="50.61851" lon="3.70668"/>
            <trkpt lat="50.61856" lon="3.70687"/>
            <trkpt lat="50.61848" lon="3.707"/>
            <trkpt lat="50.6183" lon="3.70732"/>
            <trkpt lat="50.61827" lon="3.70738"/>
            <trkpt lat="50.61813" lon="3.70769"/>
            <trkpt lat="50.61787" lon="3.70826"/>
            <trkpt lat="50.61761" lon="3.70903"/>
            <trkpt lat="50.61755" lon="3.7093"/>
            <trkpt lat="50.6175" lon="3.70967"/>
            <trkpt lat="50.61742" lon="3.7101"/>
            <trkpt lat="50.61725" lon="3.71051"/>
            <trkpt lat="50.61711" lon="3.71075"/>
            <trkpt lat="50.61692" lon="3.71105"/>
            <trkpt lat="50.61654" lon="3.71156"/>
            <trkpt lat="50.61626" lon="3.71186"/>
            <trkpt lat="50.61589" lon="3.71218"/>
            <trkpt lat="50.61571" lon="3.71227"/>
            <trkpt lat="50.61495" lon="3.71254"/>
            <trkpt lat="50.61443" lon="3.71275"/>
            <trkpt lat="50.61432" lon="3.71279"/>
            <trkpt lat="50.61408" lon="3.71278"/>
            <trkpt lat="50.61183" lon="3.71231"/>
            <trkpt lat="50.61159" lon="3.71224"/>
            <trkpt lat="50.61156" lon="3.71222"/>
            <trkpt lat="50.61148" lon="3.71215"/>
            <trkpt lat="50.61144" lon="3.71212"/>
            <trkpt lat="50.61138" lon="3.71203"/>
            <trkpt lat="50.61115" lon="3.71169"/>
            <trkpt lat="50.61112" lon="3.71164"/>
            <trkpt lat="50.61096" lon="3.71138"/>
            <trkpt lat="50.61084" lon="3.71121"/>
            <trkpt lat="50.61081" lon="3.71117"/>
            <trkpt lat="50.61066" lon="3.71101"/>
            <trkpt lat="50.60998" lon="3.71036"/>
            <trkpt lat="50.60974" lon="3.71015"/>
            <trkpt lat="50.60934" lon="3.70985"/>
            <trkpt lat="50.60919" lon="3.70971"/>
            <trkpt lat="50.60901" lon="3.70969"/>
            <trkpt lat="50.60881" lon="3.70972"/>
            <trkpt lat="50.6081" lon="3.70995"/>
            <trkpt lat="50.60798" lon="3.70996"/>
            <trkpt lat="50.60699" lon="3.70991"/>
            <trkpt lat="50.60657" lon="3.70996"/>
            <trkpt lat="50.60635" lon="3.71003"/>
            <trkpt lat="50.6056" lon="3.7101"/>
            <trkpt lat="50.60518" lon="3.71013"/>
            <trkpt lat="50.60489" lon="3.71011"/>
            <trkpt lat="50.6047" lon="3.71007"/>
            <trkpt lat="50.60438" lon="3.70994"/>
            <trkpt lat="50.60407" lon="3.70986"/>
            <trkpt lat="50.60381" lon="3.70975"/>
            <trkpt lat="50.60357" lon="3.70963"/>
            <trkpt lat="50.60303" lon="3.70927"/>
            <trkpt lat="50.60173" lon="3.7084"/>
            <trkpt lat="50.6015" lon="3.7093"/>
            <trkpt lat="50.60133" lon="3.71004"/>
            <trkpt lat="50.60109" lon="3.71063"/>
            <trkpt lat="50.6008" lon="3.71131"/>
            <trkpt lat="50.60073" lon="3.71149"/>
            <trkpt lat="50.60068" lon="3.71161"/>
            <trkpt lat="50.60066" lon="3.71167"/>
            <trkpt lat="50.60063" lon="3.71173"/>
            <trkpt lat="50.60054" lon="3.71191"/>
            <trkpt lat="50.60021" lon="3.7123"/>
            <trkpt lat="50.59975" lon="3.71285"/>
            <trkpt lat="50.59966" lon="3.71298"/>
            <trkpt lat="50.59953" lon="3.7131"/>
            <trkpt lat="50.59935" lon="3.71338"/>
            <trkpt lat="50.59934" lon="3.71338"/>
            <trkpt lat="50.59921" lon="3.71366"/>
            <trkpt lat="50.59912" lon="3.71392"/>
            <trkpt lat="50.59899" lon="3.71461"/>
            <trkpt lat="50.59851" lon="3.71684"/>
            <trkpt lat="50.59837" lon="3.71763"/>
            <trkpt lat="50.59832" lon="3.71782"/>
            <trkpt lat="50.5982" lon="3.71805"/>
            <trkpt lat="50.59814" lon="3.71812"/>
            <trkpt lat="50.5981" lon="3.71816"/>
            <trkpt lat="50.59765" lon="3.71848"/>
            <trkpt lat="50.59759" lon="3.71855"/>
            <trkpt lat="50.59756" lon="3.71863"/>
            <trkpt lat="50.59754" lon="3.71867"/>
            <trkpt lat="50.59728" lon="3.71926"/>
            <trkpt lat="50.5972" lon="3.71939"/>
            <trkpt lat="50.59714" lon="3.71947"/>
            <trkpt lat="50.59695" lon="3.71964"/>
            <trkpt lat="50.59605" lon="3.72017"/>
            <trkpt lat="50.59546" lon="3.72052"/>
            <trkpt lat="50.59521" lon="3.72068"/>
            <trkpt lat="50.5951" lon="3.72077"/>
            <trkpt lat="50.59489" lon="3.72099"/>
            <trkpt lat="50.59488" lon="3.72099"/>
            <trkpt lat="50.59469" lon="3.72124"/>
            <trkpt lat="50.59423" lon="3.72187"/>
            <trkpt lat="50.59404" lon="3.72207"/>
            <trkpt lat="50.59355" lon="3.72252"/>
            <trkpt lat="50.59338" lon="3.72263"/>
            <trkpt lat="50.59327" lon="3.72266"/>
            <trkpt lat="50.59309" lon="3.72269"/>
            <trkpt lat="50.59218" lon="3.72275"/>
            <trkpt lat="50.59221" lon="3.72312"/>
            <trkpt lat="50.59224" lon="3.72333"/>
            <trkpt lat="50.59255" lon="3.72444"/>
            <trkpt lat="50.5933" lon="3.72695"/>
            <trkpt lat="50.59339" lon="3.7274"/>
            <trkpt lat="50.5934" lon="3.72766"/>
            <trkpt lat="50.5934" lon="3.72811"/>
            <trkpt lat="50.59338" lon="3.72849"/>
            <trkpt lat="50.59335" lon="3.72888"/>
            <trkpt lat="50.59331" lon="3.73019"/>
            <trkpt lat="50.59332" lon="3.73259"/>
            <trkpt lat="50.59334" lon="3.73327"/>
            <trkpt lat="50.59338" lon="3.73516"/>
            <trkpt lat="50.59338" lon="3.73535"/>
            <trkpt lat="50.59341" lon="3.73609"/>
            <trkpt lat="50.59338" lon="3.73637"/>
            <trkpt lat="50.59302" lon="3.73831"/>
            <trkpt lat="50.59299" lon="3.73859"/>
            <trkpt lat="50.59299" lon="3.73891"/>
            <trkpt lat="50.59301" lon="3.73916"/>
            <trkpt lat="50.59304" lon="3.73963"/>
            <trkpt lat="50.59304" lon="3.73975"/>
            <trkpt lat="50.59304" lon="3.73986"/>
            <trkpt lat="50.593" lon="3.74002"/>
            <trkpt lat="50.59255" lon="3.74146"/>
            <trkpt lat="50.59231" lon="3.74222"/>
            <trkpt lat="50.59225" lon="3.74243"/>
            <trkpt lat="50.59206" lon="3.7431"/>
            <trkpt lat="50.592" lon="3.7433"/>
            <trkpt lat="50.59184" lon="3.74388"/>
            <trkpt lat="50.59183" lon="3.74393"/>
            <trkpt lat="50.59179" lon="3.74459"/>
            <trkpt lat="50.5918" lon="3.74495"/>
            <trkpt lat="50.59178" lon="3.74529"/>
            <trkpt lat="50.59174" lon="3.74563"/>
            <trkpt lat="50.59148" lon="3.74662"/>
            <trkpt lat="50.59144" lon="3.74688"/>
            <trkpt lat="50.59143" lon="3.74708"/>
            <trkpt lat="50.59144" lon="3.74724"/>
            <trkpt lat="50.59147" lon="3.74739"/>
            <trkpt lat="50.59161" lon="3.74768"/>
            <trkpt lat="50.59174" lon="3.74781"/>
            <trkpt lat="50.59255" lon="3.74848"/>
            <trkpt lat="50.5931" lon="3.74895"/>
            <trkpt lat="50.59336" lon="3.74921"/>
            <trkpt lat="50.59349" lon="3.74937"/>
            <trkpt lat="50.59356" lon="3.74949"/>
            <trkpt lat="50.59371" lon="3.74977"/>
            <trkpt lat="50.59404" lon="3.75027"/>
            <trkpt lat="50.59467" lon="3.75111"/>
            <trkpt lat="50.5943" lon="3.7518"/>
            <trkpt lat="50.5938" lon="3.7528"/>
            <trkpt lat="50.5934" lon="3.75371"/>
            <trkpt lat="50.59336" lon="3.75384"/>
            <trkpt lat="50.59336" lon="3.75394"/>
            <trkpt lat="50.59337" lon="3.7542"/>
            <trkpt lat="50.59338" lon="3.75433"/>
            <trkpt lat="50.59337" lon="3.75443"/>
            <trkpt lat="50.59335" lon="3.75454"/>
            <trkpt lat="50.59306" lon="3.75541"/>
            <trkpt lat="50.59294" lon="3.75577"/>
            <trkpt lat="50.59277" lon="3.75643"/>
            <trkpt lat="50.59257" lon="3.75732"/>
            <trkpt lat="50.59239" lon="3.75812"/>
            <trkpt lat="50.59234" lon="3.75837"/>
            <trkpt lat="50.59232" lon="3.75851"/>
            <trkpt lat="50.59232" lon="3.75862"/>
            <trkpt lat="50.59232" lon="3.75871"/>
            <trkpt lat="50.59233" lon="3.7588"/>
            <trkpt lat="50.59235" lon="3.75906"/>
            <trkpt lat="50.59238" lon="3.7594"/>
            <trkpt lat="50.59239" lon="3.76085"/>
            <trkpt lat="50.59238" lon="3.76144"/>
            <trkpt lat="50.59234" lon="3.76223"/>
            <trkpt lat="50.59236" lon="3.76254"/>
            <trkpt lat="50.59243" lon="3.76313"/>
            <trkpt lat="50.59256" lon="3.76398"/>
            <trkpt lat="50.59257" lon="3.76413"/>
            <trkpt lat="50.59257" lon="3.76445"/>
            <trkpt lat="50.59254" lon="3.76504"/>
            <trkpt lat="50.59165" lon="3.77333"/>
            <trkpt lat="50.59165" lon="3.77338"/>
            <trkpt lat="50.59157" lon="3.77389"/>
            <trkpt lat="50.59144" lon="3.77489"/>
            <trkpt lat="50.5912" lon="3.77665"/>
            <trkpt lat="50.59116" lon="3.77687"/>
            <trkpt lat="50.59104" lon="3.77735"/>
            <trkpt lat="50.5908" lon="3.77829"/>
            <trkpt lat="50.59055" lon="3.7793"/>
            <trkpt lat="50.59003" lon="3.78135"/>
            <trkpt lat="50.58994" lon="3.78167"/>
            <trkpt lat="50.58981" lon="3.78204"/>
            <trkpt lat="50.58974" lon="3.78218"/>
            <trkpt lat="50.58932" lon="3.78306"/>
            <trkpt lat="50.58869" lon="3.78411"/>
            <trkpt lat="50.58864" lon="3.78418"/>
            <trkpt lat="50.58858" lon="3.78428"/>
            <trkpt lat="50.5885" lon="3.78441"/>
            <trkpt lat="50.58832" lon="3.78473"/>
            <trkpt lat="50.58827" lon="3.78486"/>
            <trkpt lat="50.58823" lon="3.785"/>
            <trkpt lat="50.58814" lon="3.78558"/>
            <trkpt lat="50.58809" lon="3.78596"/>
            <trkpt lat="50.58792" lon="3.78672"/>
            <trkpt lat="50.58779" lon="3.7871"/>
            <trkpt lat="50.58775" lon="3.78718"/>
            <trkpt lat="50.58725" lon="3.78824"/>
            <trkpt lat="50.58692" lon="3.78886"/>
            <trkpt lat="50.58681" lon="3.78908"/>
            <trkpt lat="50.58649" lon="3.78975"/>
            <trkpt lat="50.586" lon="3.79069"/>
            <trkpt lat="50.58557" lon="3.79141"/>
            <trkpt lat="50.58533" lon="3.79175"/>
            <trkpt lat="50.58524" lon="3.7919"/>
            <trkpt lat="50.58515" lon="3.79214"/>
            <trkpt lat="50.5851" lon="3.79233"/>
            <trkpt lat="50.58505" lon="3.79267"/>
            <trkpt lat="50.58504" lon="3.79282"/>
            <trkpt lat="50.58511" lon="3.79406"/>
            <trkpt lat="50.58511" lon="3.79435"/>
            <trkpt lat="50.58508" lon="3.7948"/>
            <trkpt lat="50.58498" lon="3.79537"/>
            <trkpt lat="50.58495" lon="3.79549"/>
            <trkpt lat="50.58494" lon="3.79555"/>
            <trkpt lat="50.58461" lon="3.79684"/>
            <trkpt lat="50.58457" lon="3.79701"/>
            <trkpt lat="50.58439" lon="3.79781"/>
            <trkpt lat="50.5843" lon="3.79813"/>
            <trkpt lat="50.58408" lon="3.79913"/>
            <trkpt lat="50.58338" lon="3.80127"/>
            <trkpt lat="50.58326" lon="3.80164"/>
            <trkpt lat="50.58315" lon="3.80183"/>
            <trkpt lat="50.58309" lon="3.80191"/>
            <trkpt lat="50.58302" lon="3.80195"/>
            <trkpt lat="50.58292" lon="3.802"/>
            <trkpt lat="50.58276" lon="3.80199"/>
            <trkpt lat="50.58247" lon="3.80204"/>
            <trkpt lat="50.58285" lon="3.80251"/>
            <trkpt lat="50.583" lon="3.80268"/>
            <trkpt lat="50.58389" lon="3.80352"/>
            <trkpt lat="50.58401" lon="3.80362"/>
            <trkpt lat="50.58491" lon="3.80443"/>
            <trkpt lat="50.58552" lon="3.80491"/>
            <trkpt lat="50.58561" lon="3.80498"/>
            <trkpt lat="50.58603" lon="3.80531"/>
            <trkpt lat="50.58607" lon="3.80535"/>
            <trkpt lat="50.58609" lon="3.80538"/>
            <trkpt lat="50.58609" lon="3.80539"/>
            <trkpt lat="50.5861" lon="3.80544"/>
            <trkpt lat="50.58609" lon="3.80562"/>
            <trkpt lat="50.58608" lon="3.80569"/>
            <trkpt lat="50.58597" lon="3.80615"/>
            <trkpt lat="50.58608" lon="3.80625"/>
            <trkpt lat="50.58612" lon="3.80632"/>
            <trkpt lat="50.5863" lon="3.80665"/>
            <trkpt lat="50.58655" lon="3.80707"/>
            <trkpt lat="50.58669" lon="3.80733"/>
            <trkpt lat="50.58685" lon="3.8076"/>
            <trkpt lat="50.58723" lon="3.80817"/>
            <trkpt lat="50.58726" lon="3.80822"/>
            <trkpt lat="50.58729" lon="3.80829"/>
            <trkpt lat="50.5873" lon="3.80839"/>
            <trkpt lat="50.58729" lon="3.8085"/>
            <trkpt lat="50.58726" lon="3.80859"/>
            <trkpt lat="50.5871" lon="3.80904"/>
            <trkpt lat="50.5868" lon="3.80974"/>
            <trkpt lat="50.58673" lon="3.81001"/>
            <trkpt lat="50.58671" lon="3.81013"/>
            <trkpt lat="50.58667" lon="3.81055"/>
            <trkpt lat="50.58668" lon="3.81089"/>
            <trkpt lat="50.58669" lon="3.811"/>
            <trkpt lat="50.58676" lon="3.81133"/>
            <trkpt lat="50.58684" lon="3.81162"/>
            <trkpt lat="50.58688" lon="3.81173"/>
            <trkpt lat="50.58733" lon="3.81288"/>
            <trkpt lat="50.58745" lon="3.81318"/>
            <trkpt lat="50.58756" lon="3.81348"/>
            <trkpt lat="50.58801" lon="3.81445"/>
            <trkpt lat="50.58869" lon="3.81602"/>
            <trkpt lat="50.58886" lon="3.81645"/>
            <trkpt lat="50.58919" lon="3.81722"/>
            <trkpt lat="50.58939" lon="3.81768"/>
            <trkpt lat="50.58961" lon="3.8182"/>
            <trkpt lat="50.58964" lon="3.81836"/>
            <trkpt lat="50.58984" lon="3.81884"/>
            <trkpt lat="50.59019" lon="3.81966"/>
            <trkpt lat="50.59039" lon="3.82014"/>
            <trkpt lat="50.59043" lon="3.82024"/>
            <trkpt lat="50.59076" lon="3.82102"/>
            <trkpt lat="50.59088" lon="3.82107"/>
            <trkpt lat="50.59128" lon="3.82201"/>
            <trkpt lat="50.59181" lon="3.82323"/>
            <trkpt lat="50.59182" lon="3.82324"/>
            <trkpt lat="50.59453" lon="3.82961"/>
            <trkpt lat="50.59457" lon="3.82979"/>
            <trkpt lat="50.59462" lon="3.82999"/>
            <trkpt lat="50.59464" lon="3.83013"/>
            <trkpt lat="50.59466" lon="3.83025"/>
            <trkpt lat="50.59465" lon="3.83036"/>
            <trkpt lat="50.59464" lon="3.83042"/>
            <trkpt lat="50.59465" lon="3.8305"/>
            <trkpt lat="50.59466" lon="3.83055"/>
            <trkpt lat="50.59468" lon="3.83063"/>
            <trkpt lat="50.59472" lon="3.8307"/>
            <trkpt lat="50.59474" lon="3.83073"/>
            <trkpt lat="50.59477" lon="3.83076"/>
            <trkpt lat="50.59484" lon="3.83078"/>
            <trkpt lat="50.59488" lon="3.8308"/>
            <trkpt lat="50.59492" lon="3.83079"/>
            <trkpt lat="50.59494" lon="3.83078"/>
            <trkpt lat="50.59496" lon="3.83077"/>
            <trkpt lat="50.59501" lon="3.83073"/>
            <trkpt lat="50.59513" lon="3.83074"/>
            <trkpt lat="50.59516" lon="3.83075"/>
            <trkpt lat="50.59523" lon="3.83079"/>
            <trkpt lat="50.59564" lon="3.83105"/>
            <trkpt lat="50.5957" lon="3.83106"/>
            <trkpt lat="50.59964" lon="3.83399"/>
            <trkpt lat="50.59978" lon="3.83409"/>
            <trkpt lat="50.5999" lon="3.83418"/>
            <trkpt lat="50.59997" lon="3.83423"/>
            <trkpt lat="50.60018" lon="3.83438"/>
            <trkpt lat="50.60002" lon="3.83498"/>
            <trkpt lat="50.6" lon="3.83508"/>
            <trkpt lat="50.6" lon="3.83518"/>
            <trkpt lat="50.60001" lon="3.83533"/>
            <trkpt lat="50.60053" lon="3.83827"/>
            <trkpt lat="50.60095" lon="3.84018"/>
            <trkpt lat="50.60115" lon="3.84108"/>
            <trkpt lat="50.60143" lon="3.84212"/>
            <trkpt lat="50.60134" lon="3.84223"/>
            <trkpt lat="50.60132" lon="3.84225"/>
            <trkpt lat="50.60068" lon="3.84282"/>
            <trkpt lat="50.60044" lon="3.84298"/>
            <trkpt lat="50.59988" lon="3.84322"/>
            <trkpt lat="50.59971" lon="3.84336"/>
            <trkpt lat="50.59919" lon="3.84384"/>
            <trkpt lat="50.59863" lon="3.84435"/>
            <trkpt lat="50.5985" lon="3.84446"/>
            <trkpt lat="50.59838" lon="3.84457"/>
            <trkpt lat="50.598" lon="3.84505"/>
            <trkpt lat="50.59788" lon="3.84521"/>
            <trkpt lat="50.5977" lon="3.84546"/>
            <trkpt lat="50.59718" lon="3.84637"/>
            <trkpt lat="50.59689" lon="3.84693"/>
            <trkpt lat="50.5963" lon="3.84813"/>
            <trkpt lat="50.59618" lon="3.84841"/>
            <trkpt lat="50.596" lon="3.84896"/>
            <trkpt lat="50.59586" lon="3.8494"/>
            <trkpt lat="50.59556" lon="3.85045"/>
            <trkpt lat="50.59511" lon="3.85205"/>
            <trkpt lat="50.59587" lon="3.85242"/>
            <trkpt lat="50.59657" lon="3.85275"/>
            <trkpt lat="50.59671" lon="3.85282"/>
            <trkpt lat="50.59699" lon="3.85297"/>
            <trkpt lat="50.5971" lon="3.853"/>
            <trkpt lat="50.59722" lon="3.853"/>
            <trkpt lat="50.59726" lon="3.85299"/>
            <trkpt lat="50.59733" lon="3.85293"/>
            <trkpt lat="50.59748" lon="3.85278"/>
            <trkpt lat="50.59784" lon="3.85227"/>
            <trkpt lat="50.59791" lon="3.8522"/>
            <trkpt lat="50.59798" lon="3.85215"/>
            <trkpt lat="50.5981" lon="3.85213"/>
            <trkpt lat="50.59815" lon="3.85213"/>
            <trkpt lat="50.59818" lon="3.85215"/>
            <trkpt lat="50.59823" lon="3.85218"/>
            <trkpt lat="50.59833" lon="3.8523"/>
            <trkpt lat="50.59837" lon="3.85235"/>
            <trkpt lat="50.59852" lon="3.85262"/>
            <trkpt lat="50.5986" lon="3.85282"/>
            <trkpt lat="50.59891" lon="3.85358"/>
            <trkpt lat="50.599" lon="3.85382"/>
            <trkpt lat="50.59906" lon="3.85409"/>
            <trkpt lat="50.59909" lon="3.85446"/>
            <trkpt lat="50.59909" lon="3.85456"/>
            <trkpt lat="50.59908" lon="3.85474"/>
            <trkpt lat="50.59905" lon="3.85491"/>
            <trkpt lat="50.59899" lon="3.85514"/>
            <trkpt lat="50.59897" lon="3.85525"/>
            <trkpt lat="50.59896" lon="3.8556"/>
            <trkpt lat="50.59896" lon="3.85596"/>
            <trkpt lat="50.59897" lon="3.85606"/>
            <trkpt lat="50.59899" lon="3.85612"/>
            <trkpt lat="50.59901" lon="3.85618"/>
            <trkpt lat="50.59904" lon="3.85624"/>
            <trkpt lat="50.59936" lon="3.85666"/>
            <trkpt lat="50.5996" lon="3.85697"/>
            <trkpt lat="50.59973" lon="3.85721"/>
            <trkpt lat="50.59992" lon="3.85755"/>
            <trkpt lat="50.59997" lon="3.85767"/>
            <trkpt lat="50.60001" lon="3.85776"/>
            <trkpt lat="50.60006" lon="3.85791"/>
            <trkpt lat="50.60013" lon="3.8581"/>
            <trkpt lat="50.60015" lon="3.85816"/>
            <trkpt lat="50.60024" lon="3.85853"/>
            <trkpt lat="50.60066" lon="3.85994"/>
            <trkpt lat="50.60085" lon="3.86046"/>
            <trkpt lat="50.60133" lon="3.86138"/>
            <trkpt lat="50.6014" lon="3.86154"/>
            <trkpt lat="50.60241" lon="3.86448"/>
            <trkpt lat="50.60245" lon="3.8646"/>
            <trkpt lat="50.60248" lon="3.86478"/>
            <trkpt lat="50.6028" lon="3.86719"/>
            <trkpt lat="50.60292" lon="3.86813"/>
            <trkpt lat="50.60303" lon="3.86886"/>
            <trkpt lat="50.60304" lon="3.86895"/>
            <trkpt lat="50.60324" lon="3.87032"/>
            <trkpt lat="50.60329" lon="3.87058"/>
            <trkpt lat="50.60351" lon="3.87139"/>
            <trkpt lat="50.60373" lon="3.87214"/>
            <trkpt lat="50.60375" lon="3.8722"/>
            <trkpt lat="50.60391" lon="3.87262"/>
            <trkpt lat="50.60439" lon="3.87381"/>
            <trkpt lat="50.6044" lon="3.87386"/>
            <trkpt lat="50.60445" lon="3.87402"/>
            <trkpt lat="50.60447" lon="3.87411"/>
            <trkpt lat="50.60468" lon="3.87487"/>
            <trkpt lat="50.606" lon="3.87983"/>
            <trkpt lat="50.60605" lon="3.88002"/>
            <trkpt lat="50.60578" lon="3.88029"/>
            <trkpt lat="50.60555" lon="3.88055"/>
            <trkpt lat="50.60545" lon="3.8807"/>
            <trkpt lat="50.60534" lon="3.88086"/>
            <trkpt lat="50.6046" lon="3.88216"/>
            <trkpt lat="50.60453" lon="3.8823"/>
            <trkpt lat="50.60423" lon="3.88283"/>
            <trkpt lat="50.60408" lon="3.88319"/>
            <trkpt lat="50.60406" lon="3.88332"/>
            <trkpt lat="50.60406" lon="3.88347"/>
            <trkpt lat="50.60407" lon="3.88353"/>
            <trkpt lat="50.60407" lon="3.88355"/>
            <trkpt lat="50.6041" lon="3.88371"/>
            <trkpt lat="50.60413" lon="3.88377"/>
            <trkpt lat="50.60422" lon="3.88395"/>
            <trkpt lat="50.60438" lon="3.88417"/>
            <trkpt lat="50.60445" lon="3.88429"/>
            <trkpt lat="50.60478" lon="3.88481"/>
            <trkpt lat="50.60499" lon="3.88527"/>
            <trkpt lat="50.6051" lon="3.88556"/>
            <trkpt lat="50.60517" lon="3.88584"/>
            <trkpt lat="50.60519" lon="3.88601"/>
            <trkpt lat="50.60521" lon="3.88633"/>
            <trkpt lat="50.6052" lon="3.88641"/>
            <trkpt lat="50.60518" lon="3.88648"/>
            <trkpt lat="50.60515" lon="3.88654"/>
            <trkpt lat="50.60511" lon="3.88659"/>
            <trkpt lat="50.60436" lon="3.88744"/>
            <trkpt lat="50.6043" lon="3.88755"/>
            <trkpt lat="50.60408" lon="3.88792"/>
            <trkpt lat="50.60395" lon="3.88814"/>
            <trkpt lat="50.60348" lon="3.88911"/>
            <trkpt lat="50.60346" lon="3.88916"/>
            <trkpt lat="50.60315" lon="3.88987"/>
            <trkpt lat="50.60303" lon="3.89016"/>
            <trkpt lat="50.60302" lon="3.89018"/>
            <trkpt lat="50.60279" lon="3.89083"/>
            <trkpt lat="50.60224" lon="3.89297"/>
            <trkpt lat="50.60218" lon="3.89323"/>
            <trkpt lat="50.60213" lon="3.89339"/>
            <trkpt lat="50.60209" lon="3.89349"/>
            <trkpt lat="50.60198" lon="3.89373"/>
            <trkpt lat="50.6019" lon="3.89387"/>
            <trkpt lat="50.60183" lon="3.89395"/>
            <trkpt lat="50.60165" lon="3.89411"/>
            <trkpt lat="50.59839" lon="3.89541"/>
            <trkpt lat="50.59812" lon="3.89549"/>
            <trkpt lat="50.59811" lon="3.89549"/>
            <trkpt lat="50.59807" lon="3.89548"/>
            <trkpt lat="50.59785" lon="3.89545"/>
            <trkpt lat="50.59491" lon="3.89465"/>
            <trkpt lat="50.59337" lon="3.89426"/>
            <trkpt lat="50.59067" lon="3.8937"/>
            <trkpt lat="50.59047" lon="3.89366"/>
            <trkpt lat="50.59004" lon="3.89362"/>
            <trkpt lat="50.58979" lon="3.89359"/>
            <trkpt lat="50.58966" lon="3.89357"/>
            <trkpt lat="50.58863" lon="3.89345"/>
            <trkpt lat="50.58841" lon="3.89342"/>
            <trkpt lat="50.58837" lon="3.89385"/>
            <trkpt lat="50.58817" lon="3.89571"/>
            <trkpt lat="50.58814" lon="3.89612"/>
            <trkpt lat="50.58817" lon="3.89629"/>
            <trkpt lat="50.58825" lon="3.89643"/>
            <trkpt lat="50.58828" lon="3.89648"/>
            <trkpt lat="50.58988" lon="3.89861"/>
            <trkpt lat="50.59055" lon="3.89952"/>
            <trkpt lat="50.59083" lon="3.89996"/>
            <trkpt lat="50.59088" lon="3.90004"/>
            <trkpt lat="50.59149" lon="3.90114"/>
            <trkpt lat="50.59229" lon="3.90267"/>
            <trkpt lat="50.59263" lon="3.90329"/>
            <trkpt lat="50.59386" lon="3.9056"/>
            <trkpt lat="50.594" lon="3.90585"/>
            <trkpt lat="50.59419" lon="3.90614"/>
            <trkpt lat="50.59514" lon="3.90738"/>
            <trkpt lat="50.59645" lon="3.9096"/>
            <trkpt lat="50.59674" lon="3.91"/>
            <trkpt lat="50.59706" lon="3.91039"/>
            <trkpt lat="50.59728" lon="3.91056"/>
            <trkpt lat="50.59819" lon="3.91109"/>
            <trkpt lat="50.59822" lon="3.91113"/>
            <trkpt lat="50.59823" lon="3.91115"/>
            <trkpt lat="50.59827" lon="3.91122"/>
            <trkpt lat="50.59837" lon="3.9117"/>
            <trkpt lat="50.59864" lon="3.91283"/>
            <trkpt lat="50.59872" lon="3.91307"/>
            <trkpt lat="50.59885" lon="3.91331"/>
            <trkpt lat="50.59899" lon="3.91351"/>
            <trkpt lat="50.5993" lon="3.91385"/>
            <trkpt lat="50.60139" lon="3.91585"/>
            <trkpt lat="50.60151" lon="3.91587"/>
            <trkpt lat="50.60303" lon="3.91934"/>
            <trkpt lat="50.60588" lon="3.92584"/>
            <trkpt lat="50.60495" lon="3.92716"/>
            <trkpt lat="50.60474" lon="3.9275"/>
            <trkpt lat="50.60411" lon="3.9286"/>
            <trkpt lat="50.60369" lon="3.92945"/>
            <trkpt lat="50.60303" lon="3.93085"/>
            <trkpt lat="50.60292" lon="3.93107"/>
            <trkpt lat="50.60274" lon="3.93145"/>
            <trkpt lat="50.60218" lon="3.93263"/>
            <trkpt lat="50.60229" lon="3.93276"/>
            <trkpt lat="50.60234" lon="3.93284"/>
            <trkpt lat="50.60224" lon="3.93311"/>
            <trkpt lat="50.60175" lon="3.9344"/>
            <trkpt lat="50.60155" lon="3.93485"/>
            <trkpt lat="50.60139" lon="3.93515"/>
            <trkpt lat="50.60078" lon="3.93614"/>
            <trkpt lat="50.59993" lon="3.93753"/>
            <trkpt lat="50.59949" lon="3.9383"/>
            <trkpt lat="50.59944" lon="3.93841"/>
            <trkpt lat="50.59942" lon="3.9385"/>
            <trkpt lat="50.5994" lon="3.93857"/>
            <trkpt lat="50.5994" lon="3.93864"/>
            <trkpt lat="50.5994" lon="3.93869"/>
            <trkpt lat="50.5994" lon="3.93876"/>
            <trkpt lat="50.59941" lon="3.93881"/>
            <trkpt lat="50.59942" lon="3.93886"/>
            <trkpt lat="50.59943" lon="3.9389"/>
            <trkpt lat="50.59964" lon="3.93925"/>
            <trkpt lat="50.59966" lon="3.93929"/>
            <trkpt lat="50.59968" lon="3.93937"/>
            <trkpt lat="50.59964" lon="3.93938"/>
            <trkpt lat="50.59959" lon="3.93943"/>
            <trkpt lat="50.59949" lon="3.93964"/>
            <trkpt lat="50.59895" lon="3.94037"/>
            <trkpt lat="50.59848" lon="3.94102"/>
            <trkpt lat="50.59838" lon="3.94111"/>
            <trkpt lat="50.59834" lon="3.94113"/>
            <trkpt lat="50.59825" lon="3.94112"/>
            <trkpt lat="50.59822" lon="3.94111"/>
            <trkpt lat="50.59818" lon="3.9411"/>
            <trkpt lat="50.59812" lon="3.94105"/>
            <trkpt lat="50.59796" lon="3.94085"/>
            <trkpt lat="50.59752" lon="3.94029"/>
            <trkpt lat="50.59731" lon="3.94003"/>
            <trkpt lat="50.59716" lon="3.93988"/>
            <trkpt lat="50.59682" lon="3.93961"/>
            <trkpt lat="50.59675" lon="3.93986"/>
            <trkpt lat="50.59673" lon="3.93997"/>
            <trkpt lat="50.5967" lon="3.94021"/>
            <trkpt lat="50.59669" lon="3.94029"/>
            <trkpt lat="50.59667" lon="3.94066"/>
            <trkpt lat="50.59673" lon="3.94228"/>
            <trkpt lat="50.59671" lon="3.94261"/>
            <trkpt lat="50.59639" lon="3.94445"/>
            <trkpt lat="50.59632" lon="3.94479"/>
            <trkpt lat="50.59576" lon="3.94665"/>
            <trkpt lat="50.59504" lon="3.94879"/>
            <trkpt lat="50.59475" lon="3.94978"/>
            <trkpt lat="50.59442" lon="3.95101"/>
            <trkpt lat="50.59405" lon="3.95251"/>
            <trkpt lat="50.5939" lon="3.95314"/>
            <trkpt lat="50.5936" lon="3.95477"/>
            <trkpt lat="50.59355" lon="3.95508"/>
            <trkpt lat="50.59327" lon="3.95648"/>
            <trkpt lat="50.5931" lon="3.95745"/>
            <trkpt lat="50.59292" lon="3.95868"/>
            <trkpt lat="50.59286" lon="3.95899"/>
            <trkpt lat="50.59263" lon="3.95966"/>
            <trkpt lat="50.59211" lon="3.96103"/>
            <trkpt lat="50.59201" lon="3.96119"/>
            <trkpt lat="50.592" lon="3.96122"/>
            <trkpt lat="50.59193" lon="3.96128"/>
            <trkpt lat="50.59185" lon="3.96135"/>
            <trkpt lat="50.59026" lon="3.96205"/>
            <trkpt lat="50.5902" lon="3.96207"/>
            <trkpt lat="50.59028" lon="3.96266"/>
            <trkpt lat="50.59037" lon="3.96324"/>
            <trkpt lat="50.59053" lon="3.96399"/>
            <trkpt lat="50.59062" lon="3.96427"/>
            <trkpt lat="50.5908" lon="3.96484"/>
            <trkpt lat="50.59095" lon="3.96518"/>
            <trkpt lat="50.59136" lon="3.96592"/>
            <trkpt lat="50.5914" lon="3.96603"/>
            <trkpt lat="50.59148" lon="3.96636"/>
            <trkpt lat="50.59159" lon="3.96679"/>
            <trkpt lat="50.59165" lon="3.96709"/>
            <trkpt lat="50.59172" lon="3.96739"/>
            <trkpt lat="50.59162" lon="3.96751"/>
            <trkpt lat="50.59155" lon="3.96763"/>
            <trkpt lat="50.59151" lon="3.96771"/>
            <trkpt lat="50.59145" lon="3.96789"/>
            <trkpt lat="50.59143" lon="3.96796"/>
            <trkpt lat="50.59141" lon="3.96806"/>
            <trkpt lat="50.591" lon="3.97092"/>
            <trkpt lat="50.59097" lon="3.97138"/>
            <trkpt lat="50.59098" lon="3.9715"/>
            <trkpt lat="50.59109" lon="3.97203"/>
            <trkpt lat="50.59111" lon="3.97217"/>
            <trkpt lat="50.59111" lon="3.97226"/>
            <trkpt lat="50.59109" lon="3.97243"/>
            <trkpt lat="50.59107" lon="3.97249"/>
            <trkpt lat="50.59076" lon="3.97323"/>
            <trkpt lat="50.59069" lon="3.97353"/>
            <trkpt lat="50.5906" lon="3.97451"/>
            <trkpt lat="50.59054" lon="3.97505"/>
            <trkpt lat="50.59054" lon="3.97535"/>
            <trkpt lat="50.59056" lon="3.97545"/>
            <trkpt lat="50.5909" lon="3.97705"/>
            <trkpt lat="50.59091" lon="3.97709"/>
            <trkpt lat="50.5912" lon="3.97854"/>
            <trkpt lat="50.59187" lon="3.9786"/>
            <trkpt lat="50.59247" lon="3.97871"/>
            <trkpt lat="50.59308" lon="3.97886"/>
            <trkpt lat="50.59407" lon="3.97904"/>
            <trkpt lat="50.5942" lon="3.97917"/>
            <trkpt lat="50.59473" lon="3.97988"/>
            <trkpt lat="50.59479" lon="3.97999"/>
            <trkpt lat="50.59484" lon="3.98008"/>
            <trkpt lat="50.59509" lon="3.98089"/>
            <trkpt lat="50.59518" lon="3.98128"/>
            <trkpt lat="50.59523" lon="3.98137"/>
            <trkpt lat="50.59527" lon="3.98142"/>
            <trkpt lat="50.59531" lon="3.98146"/>
            <trkpt lat="50.59538" lon="3.98146"/>
            <trkpt lat="50.59545" lon="3.98143"/>
            <trkpt lat="50.59588" lon="3.98122"/>
            <trkpt lat="50.59621" lon="3.98114"/>
            <trkpt lat="50.59681" lon="3.98091"/>
            <trkpt lat="50.59732" lon="3.98076"/>
            <trkpt lat="50.59737" lon="3.98096"/>
            <trkpt lat="50.59743" lon="3.98136"/>
            <trkpt lat="50.59747" lon="3.98195"/>
            <trkpt lat="50.5975" lon="3.98212"/>
            <trkpt lat="50.5976" lon="3.98254"/>
            <trkpt lat="50.59779" lon="3.98349"/>
            <trkpt lat="50.59785" lon="3.98367"/>
            <trkpt lat="50.59795" lon="3.98387"/>
            <trkpt lat="50.59802" lon="3.98398"/>
            <trkpt lat="50.59812" lon="3.9843"/>
            <trkpt lat="50.59861" lon="3.98629"/>
            <trkpt lat="50.59886" lon="3.98729"/>
            <trkpt lat="50.59912" lon="3.988"/>
            <trkpt lat="50.59919" lon="3.98824"/>
            <trkpt lat="50.59924" lon="3.98853"/>
            <trkpt lat="50.59949" lon="3.99032"/>
            <trkpt lat="50.59958" lon="3.99083"/>
            <trkpt lat="50.59965" lon="3.99109"/>
            <trkpt lat="50.59984" lon="3.99161"/>
            <trkpt lat="50.59991" lon="3.9919"/>
            <trkpt lat="50.59995" lon="3.99214"/>
            <trkpt lat="50.60001" lon="3.99344"/>
            <trkpt lat="50.60004" lon="3.99375"/>
            <trkpt lat="50.60007" lon="3.99392"/>
            <trkpt lat="50.60016" lon="3.99421"/>
            <trkpt lat="50.6004" lon="3.99472"/>
            <trkpt lat="50.60059" lon="3.99521"/>
            <trkpt lat="50.60013" lon="3.99681"/>
            <trkpt lat="50.59994" lon="3.99734"/>
            <trkpt lat="50.59953" lon="3.99829"/>
            <trkpt lat="50.59921" lon="3.99902"/>
            <trkpt lat="50.59895" lon="3.9996"/>
            <trkpt lat="50.59891" lon="3.9997"/>
            <trkpt lat="50.59889" lon="3.99978"/>
            <trkpt lat="50.59887" lon="3.99992"/>
            <trkpt lat="50.59887" lon="4.00018"/>
            <trkpt lat="50.5989" lon="4.00052"/>
            <trkpt lat="50.59898" lon="4.00097"/>
            <trkpt lat="50.59903" lon="4.00142"/>
            <trkpt lat="50.59903" lon="4.0015"/>
            <trkpt lat="50.59902" lon="4.00163"/>
            <trkpt lat="50.59928" lon="4.0018"/>
            <trkpt lat="50.59952" lon="4.00198"/>
            <trkpt lat="50.59961" lon="4.00207"/>
            <trkpt lat="50.59976" lon="4.00229"/>
            <trkpt lat="50.59985" lon="4.00245"/>
            <trkpt lat="50.60025" lon="4.00338"/>
            <trkpt lat="50.60056" lon="4.00406"/>
            <trkpt lat="50.60089" lon="4.00467"/>
            <trkpt lat="50.60097" lon="4.00485"/>
            <trkpt lat="50.60105" lon="4.00499"/>
            <trkpt lat="50.60122" lon="4.00545"/>
            <trkpt lat="50.60161" lon="4.00689"/>
            <trkpt lat="50.60173" lon="4.00728"/>
            <trkpt lat="50.60192" lon="4.0078"/>
            <trkpt lat="50.60213" lon="4.0083"/>
            <trkpt lat="50.6023" lon="4.00873"/>
            <trkpt lat="50.60252" lon="4.00945"/>
            <trkpt lat="50.6027" lon="4.01012"/>
            <trkpt lat="50.60291" lon="4.0115"/>
            <trkpt lat="50.60303" lon="4.01192"/>
            <trkpt lat="50.60305" lon="4.01201"/>
            <trkpt lat="50.60308" lon="4.01218"/>
            <trkpt lat="50.60372" lon="4.01447"/>
            <trkpt lat="50.60412" lon="4.01576"/>
            <trkpt lat="50.60413" lon="4.01578"/>
            <trkpt lat="50.60462" lon="4.01666"/>
            <trkpt lat="50.60514" lon="4.0176"/>
            <trkpt lat="50.6049" lon="4.01813"/>
            <trkpt lat="50.60465" lon="4.01869"/>
            <trkpt lat="50.60361" lon="4.021"/>
            <trkpt lat="50.60312" lon="4.02207"/>
            <trkpt lat="50.60304" lon="4.02226"/>
            <trkpt lat="50.60303" lon="4.02228"/>
            <trkpt lat="50.60213" lon="4.02427"/>
            <trkpt lat="50.60184" lon="4.02495"/>
            <trkpt lat="50.60168" lon="4.02531"/>
            <trkpt lat="50.60152" lon="4.02566"/>
            <trkpt lat="50.60178" lon="4.02593"/>
            <trkpt lat="50.60192" lon="4.02611"/>
            <trkpt lat="50.60218" lon="4.02656"/>
            <trkpt lat="50.60243" lon="4.02735"/>
            <trkpt lat="50.60259" lon="4.02789"/>
            <trkpt lat="50.60285" lon="4.02897"/>
            <trkpt lat="50.60294" lon="4.02927"/>
            <trkpt lat="50.60303" lon="4.02954"/>
            <trkpt lat="50.60313" lon="4.02983"/>
            <trkpt lat="50.60334" lon="4.0304"/>
            <trkpt lat="50.60355" lon="4.03092"/>
            <trkpt lat="50.60395" lon="4.03201"/>
            <trkpt lat="50.60414" lon="4.03256"/>
            <trkpt lat="50.60426" lon="4.03295"/>
            <trkpt lat="50.60442" lon="4.03357"/>
            <trkpt lat="50.6048" lon="4.03542"/>
            <trkpt lat="50.60492" lon="4.03593"/>
            <trkpt lat="50.60503" lon="4.0363"/>
            <trkpt lat="50.60515" lon="4.0366"/>
            <trkpt lat="50.60536" lon="4.03705"/>
            <trkpt lat="50.60545" lon="4.03726"/>
            <trkpt lat="50.60552" lon="4.03748"/>
            <trkpt lat="50.60589" lon="4.03882"/>
            <trkpt lat="50.60605" lon="4.03926"/>
            <trkpt lat="50.60626" lon="4.03962"/>
            <trkpt lat="50.60638" lon="4.0398"/>
            <trkpt lat="50.60666" lon="4.04017"/>
            <trkpt lat="50.60678" lon="4.0403"/>
            <trkpt lat="50.60681" lon="4.04036"/>
            <trkpt lat="50.60684" lon="4.04042"/>
            <trkpt lat="50.6071" lon="4.04129"/>
            <trkpt lat="50.60714" lon="4.04149"/>
            <trkpt lat="50.60717" lon="4.04167"/>
            <trkpt lat="50.60717" lon="4.04176"/>
            <trkpt lat="50.60737" lon="4.04202"/>
            <trkpt lat="50.60773" lon="4.04246"/>
            <trkpt lat="50.60787" lon="4.04256"/>
            <trkpt lat="50.60802" lon="4.04293"/>
            <trkpt lat="50.60803" lon="4.04297"/>
            <trkpt lat="50.60808" lon="4.04305"/>
            <trkpt lat="50.60813" lon="4.04314"/>
            <trkpt lat="50.60819" lon="4.04321"/>
            <trkpt lat="50.60854" lon="4.04337"/>
            <trkpt lat="50.60877" lon="4.0435"/>
            <trkpt lat="50.60881" lon="4.04353"/>
            <trkpt lat="50.60883" lon="4.04356"/>
            <trkpt lat="50.60887" lon="4.04361"/>
            <trkpt lat="50.60889" lon="4.0437"/>
            <trkpt lat="50.60886" lon="4.04408"/>
            <trkpt lat="50.60885" lon="4.04415"/>
            <trkpt lat="50.60883" lon="4.04432"/>
            <trkpt lat="50.60873" lon="4.04512"/>
            <trkpt lat="50.60857" lon="4.04631"/>
            <trkpt lat="50.60839" lon="4.04771"/>
            <trkpt lat="50.60835" lon="4.04814"/>
            <trkpt lat="50.60819" lon="4.05185"/>
            <trkpt lat="50.60818" lon="4.0529"/>
            <trkpt lat="50.60819" lon="4.05305"/>
            <trkpt lat="50.6082" lon="4.05324"/>
            <trkpt lat="50.60826" lon="4.05355"/>
            <trkpt lat="50.60834" lon="4.0539"/>
            <trkpt lat="50.60846" lon="4.05422"/>
            <trkpt lat="50.60856" lon="4.05445"/>
            <trkpt lat="50.60875" lon="4.05478"/>
            <trkpt lat="50.60967" lon="4.05596"/>
            <trkpt lat="50.61011" lon="4.05646"/>
            <trkpt lat="50.61015" lon="4.05655"/>
            <trkpt lat="50.61018" lon="4.05665"/>
            <trkpt lat="50.61019" lon="4.05681"/>
            <trkpt lat="50.60982" lon="4.05693"/>
            <trkpt lat="50.60952" lon="4.05702"/>
            <trkpt lat="50.60819" lon="4.05744"/>
            <trkpt lat="50.60691" lon="4.05781"/>
            <trkpt lat="50.6069" lon="4.05809"/>
            <trkpt lat="50.60683" lon="4.05842"/>
            <trkpt lat="50.60676" lon="4.05879"/>
            <trkpt lat="50.60674" lon="4.05913"/>
            <trkpt lat="50.60674" lon="4.05949"/>
            <trkpt lat="50.60681" lon="4.0606"/>
            <trkpt lat="50.60681" lon="4.06084"/>
            <trkpt lat="50.60679" lon="4.06117"/>
            <trkpt lat="50.60664" lon="4.06208"/>
            <trkpt lat="50.60602" lon="4.06494"/>
            <trkpt lat="50.60585" lon="4.06571"/>
            <trkpt lat="50.60599" lon="4.06584"/>
            <trkpt lat="50.60687" lon="4.06655"/>
            <trkpt lat="50.60723" lon="4.06688"/>
            <trkpt lat="50.60741" lon="4.06704"/>
            <trkpt lat="50.60749" lon="4.06717"/>
            <trkpt lat="50.60754" lon="4.06727"/>
            <trkpt lat="50.60758" lon="4.06736"/>
            <trkpt lat="50.6082" lon="4.0697"/>
            <trkpt lat="50.60833" lon="4.07026"/>
            <trkpt lat="50.60841" lon="4.07064"/>
            <trkpt lat="50.60854" lon="4.07139"/>
            <trkpt lat="50.60854" lon="4.07149"/>
            <trkpt lat="50.60853" lon="4.07162"/>
            <trkpt lat="50.60849" lon="4.07183"/>
            <trkpt lat="50.60842" lon="4.07203"/>
            <trkpt lat="50.60825" lon="4.07234"/>
            <trkpt lat="50.60819" lon="4.07282"/>
            <trkpt lat="50.60839" lon="4.07527"/>
            <trkpt lat="50.60839" lon="4.0755"/>
            <trkpt lat="50.60837" lon="4.07568"/>
            <trkpt lat="50.60827" lon="4.07629"/>
            <trkpt lat="50.60827" lon="4.07648"/>
            <trkpt lat="50.60834" lon="4.07718"/>
            <trkpt lat="50.60841" lon="4.07758"/>
            <trkpt lat="50.60852" lon="4.07814"/>
            <trkpt lat="50.60869" lon="4.07891"/>
            <trkpt lat="50.6087" lon="4.07892"/>
            <trkpt lat="50.60879" lon="4.07904"/>
            <trkpt lat="50.60886" lon="4.07918"/>
            <trkpt lat="50.60896" lon="4.0794"/>
            <trkpt lat="50.60909" lon="4.07986"/>
            <trkpt lat="50.60997" lon="4.08322"/>
            <trkpt lat="50.61008" lon="4.08364"/>
            <trkpt lat="50.6106" lon="4.08523"/>
            <trkpt lat="50.61102" lon="4.08675"/>
            <trkpt lat="50.61105" lon="4.08691"/>
            <trkpt lat="50.61106" lon="4.08695"/>
            <trkpt lat="50.61108" lon="4.08722"/>
            <trkpt lat="50.61117" lon="4.08871"/>
            <trkpt lat="50.61123" lon="4.08897"/>
            <trkpt lat="50.61126" lon="4.08909"/>
            <trkpt lat="50.61135" lon="4.08953"/>
            <trkpt lat="50.61172" lon="4.09157"/>
            <trkpt lat="50.61188" lon="4.09221"/>
            <trkpt lat="50.61189" lon="4.09225"/>
            <trkpt lat="50.61191" lon="4.09247"/>
            <trkpt lat="50.61189" lon="4.09267"/>
            <trkpt lat="50.61172" lon="4.09372"/>
            <trkpt lat="50.61169" lon="4.09393"/>
            <trkpt lat="50.61163" lon="4.0953"/>
            <trkpt lat="50.61161" lon="4.09549"/>
            <trkpt lat="50.61157" lon="4.09562"/>
            <trkpt lat="50.61133" lon="4.09615"/>
            <trkpt lat="50.61126" lon="4.09637"/>
            <trkpt lat="50.61124" lon="4.09663"/>
            <trkpt lat="50.61124" lon="4.09696"/>
            <trkpt lat="50.61128" lon="4.09759"/>
            <trkpt lat="50.61152" lon="4.10056"/>
            <trkpt lat="50.61151" lon="4.10079"/>
            <trkpt lat="50.61147" lon="4.1012"/>
            <trkpt lat="50.61141" lon="4.10146"/>
            <trkpt lat="50.61133" lon="4.1016"/>
            <trkpt lat="50.61121" lon="4.10179"/>
            <trkpt lat="50.6109" lon="4.10218"/>
            <trkpt lat="50.61157" lon="4.10358"/>
            <trkpt lat="50.6117" lon="4.10382"/>
            <trkpt lat="50.61183" lon="4.10402"/>
            <trkpt lat="50.61375" lon="4.10642"/>
            <trkpt lat="50.61425" lon="4.1069"/>
            <trkpt lat="50.61472" lon="4.10742"/>
            <trkpt lat="50.61533" lon="4.10792"/>
            <trkpt lat="50.61552" lon="4.10804"/>
            <trkpt lat="50.6157" lon="4.10811"/>
            <trkpt lat="50.61585" lon="4.10812"/>
            <trkpt lat="50.61603" lon="4.10809"/>
            <trkpt lat="50.61617" lon="4.10799"/>
            <trkpt lat="50.61627" lon="4.10788"/>
            <trkpt lat="50.61648" lon="4.10773"/>
            <trkpt lat="50.61664" lon="4.10766"/>
            <trkpt lat="50.61677" lon="4.10765"/>
            <trkpt lat="50.61687" lon="4.10769"/>
            <trkpt lat="50.61728" lon="4.10788"/>
            <trkpt lat="50.61748" lon="4.10806"/>
            <trkpt lat="50.61735" lon="4.10854"/>
            <trkpt lat="50.61729" lon="4.10873"/>
            <trkpt lat="50.61721" lon="4.10889"/>
            <trkpt lat="50.61719" lon="4.10892"/>
            <trkpt lat="50.61629" lon="4.11031"/>
            <trkpt lat="50.61588" lon="4.11093"/>
            <trkpt lat="50.61573" lon="4.11125"/>
            <trkpt lat="50.61568" lon="4.11141"/>
            <trkpt lat="50.61565" lon="4.11161"/>
            <trkpt lat="50.61565" lon="4.11186"/>
            <trkpt lat="50.6157" lon="4.11247"/>
            <trkpt lat="50.61577" lon="4.11317"/>
            <trkpt lat="50.61579" lon="4.1135"/>
            <trkpt lat="50.61579" lon="4.11433"/>
            <trkpt lat="50.61577" lon="4.11482"/>
            <trkpt lat="50.6156" lon="4.11608"/>
            <trkpt lat="50.61557" lon="4.11638"/>
            <trkpt lat="50.61556" lon="4.11666"/>
            <trkpt lat="50.61559" lon="4.11696"/>
            <trkpt lat="50.61561" lon="4.11717"/>
            <trkpt lat="50.61568" lon="4.11742"/>
            <trkpt lat="50.61576" lon="4.11764"/>
            <trkpt lat="50.61601" lon="4.11823"/>
            <trkpt lat="50.61614" lon="4.11857"/>
            <trkpt lat="50.61638" lon="4.11939"/>
            <trkpt lat="50.61646" lon="4.11962"/>
            <trkpt lat="50.61661" lon="4.12"/>
            <trkpt lat="50.61668" lon="4.12022"/>
            <trkpt lat="50.61671" lon="4.1204"/>
            <trkpt lat="50.6167" lon="4.12043"/>
            <trkpt lat="50.6167" lon="4.12047"/>
            <trkpt lat="50.61666" lon="4.12076"/>
            <trkpt lat="50.61655" lon="4.12131"/>
            <trkpt lat="50.6165" lon="4.12197"/>
            <trkpt lat="50.61648" lon="4.12208"/>
            <trkpt lat="50.61646" lon="4.12217"/>
            <trkpt lat="50.61642" lon="4.12229"/>
            <trkpt lat="50.61636" lon="4.12247"/>
            <trkpt lat="50.61618" lon="4.12283"/>
            <trkpt lat="50.61601" lon="4.12326"/>
            <trkpt lat="50.61584" lon="4.12387"/>
            <trkpt lat="50.61568" lon="4.12473"/>
            <trkpt lat="50.61553" lon="4.1254"/>
            <trkpt lat="50.61529" lon="4.12601"/>
            <trkpt lat="50.61518" lon="4.1264"/>
            <trkpt lat="50.61496" lon="4.1273"/>
            <trkpt lat="50.61491" lon="4.12761"/>
            <trkpt lat="50.61487" lon="4.12787"/>
            <trkpt lat="50.61476" lon="4.12937"/>
            <trkpt lat="50.61464" lon="4.13086"/>
            <trkpt lat="50.61459" lon="4.13142"/>
            <trkpt lat="50.61459" lon="4.13151"/>
            <trkpt lat="50.61459" lon="4.1317"/>
            <trkpt lat="50.6145" lon="4.13246"/>
            <trkpt lat="50.61439" lon="4.13307"/>
            <trkpt lat="50.61423" lon="4.13381"/>
            <trkpt lat="50.61469" lon="4.13436"/>
            <trkpt lat="50.61424" lon="4.13594"/>
            <trkpt lat="50.61409" lon="4.13646"/>
            <trkpt lat="50.61404" lon="4.13663"/>
            <trkpt lat="50.61398" lon="4.13674"/>
            <trkpt lat="50.61392" lon="4.13683"/>
            <trkpt lat="50.61374" lon="4.13713"/>
            <trkpt lat="50.61354" lon="4.13744"/>
            <trkpt lat="50.6134" lon="4.13771"/>
            <trkpt lat="50.61334" lon="4.13786"/>
            <trkpt lat="50.61328" lon="4.1381"/>
            <trkpt lat="50.61326" lon="4.13819"/>
            <trkpt lat="50.61321" lon="4.13847"/>
            <trkpt lat="50.61315" lon="4.13912"/>
            <trkpt lat="50.61307" lon="4.14031"/>
            <trkpt lat="50.61306" lon="4.14043"/>
            <trkpt lat="50.61303" lon="4.14052"/>
            <trkpt lat="50.61297" lon="4.14064"/>
            <trkpt lat="50.61294" lon="4.14068"/>
            <trkpt lat="50.61282" lon="4.14084"/>
            <trkpt lat="50.61271" lon="4.14093"/>
            <trkpt lat="50.61268" lon="4.14094"/>
            <trkpt lat="50.61263" lon="4.14094"/>
            <trkpt lat="50.61226" lon="4.14081"/>
            <trkpt lat="50.61163" lon="4.14057"/>
            <trkpt lat="50.6115" lon="4.14054"/>
            <trkpt lat="50.61131" lon="4.14051"/>
            <trkpt lat="50.61062" lon="4.14046"/>
            <trkpt lat="50.6106" lon="4.14046"/>
            <trkpt lat="50.61059" lon="4.14046"/>
            <trkpt lat="50.61059" lon="4.14047"/>
            <trkpt lat="50.61052" lon="4.14067"/>
            <trkpt lat="50.61052" lon="4.1407"/>
            <trkpt lat="50.6105" lon="4.1408"/>
            <trkpt lat="50.61048" lon="4.14083"/>
            <trkpt lat="50.61042" lon="4.14084"/>
            <trkpt lat="50.60993" lon="4.14077"/>
            <trkpt lat="50.60983" lon="4.14076"/>
            <trkpt lat="50.60979" lon="4.14077"/>
            <trkpt lat="50.60971" lon="4.14081"/>
            <trkpt lat="50.60926" lon="4.14105"/>
            <trkpt lat="50.60876" lon="4.14119"/>
            <trkpt lat="50.60866" lon="4.14127"/>
            <trkpt lat="50.6085" lon="4.14141"/>
            <trkpt lat="50.60834" lon="4.14163"/>
            <trkpt lat="50.60818" lon="4.14193"/>
            <trkpt lat="50.608" lon="4.14231"/>
            <trkpt lat="50.60792" lon="4.14245"/>
            <trkpt lat="50.60785" lon="4.14255"/>
            <trkpt lat="50.60766" lon="4.14277"/>
            <trkpt lat="50.60739" lon="4.14305"/>
            <trkpt lat="50.60685" lon="4.14355"/>
            <trkpt lat="50.60663" lon="4.14378"/>
            <trkpt lat="50.60661" lon="4.14373"/>
            <trkpt lat="50.60658" lon="4.14372"/>
            <trkpt lat="50.60653" lon="4.1437"/>
            <trkpt lat="50.60648" lon="4.14373"/>
            <trkpt lat="50.60646" lon="4.14374"/>
            <trkpt lat="50.60645" lon="4.14377"/>
            <trkpt lat="50.60643" lon="4.14381"/>
            <trkpt lat="50.60643" lon="4.14384"/>
            <trkpt lat="50.60643" lon="4.14388"/>
            <trkpt lat="50.60644" lon="4.14392"/>
            <trkpt lat="50.60645" lon="4.14397"/>
            <trkpt lat="50.60647" lon="4.144"/>
            <trkpt lat="50.60643" lon="4.14414"/>
            <trkpt lat="50.60637" lon="4.14428"/>
            <trkpt lat="50.60626" lon="4.14467"/>
            <trkpt lat="50.60615" lon="4.14518"/>
            <trkpt lat="50.60613" lon="4.14548"/>
            <trkpt lat="50.60611" lon="4.14576"/>
            <trkpt lat="50.60615" lon="4.14604"/>
            <trkpt lat="50.60632" lon="4.147"/>
            <trkpt lat="50.60685" lon="4.14966"/>
            <trkpt lat="50.60711" lon="4.15085"/>
            <trkpt lat="50.60719" lon="4.15123"/>
            <trkpt lat="50.60732" lon="4.15184"/>
            <trkpt lat="50.60752" lon="4.15283"/>
            <trkpt lat="50.60771" lon="4.15374"/>
            <trkpt lat="50.60775" lon="4.15396"/>
            <trkpt lat="50.60796" lon="4.155"/>
            <trkpt lat="50.60813" lon="4.15589"/>
            <trkpt lat="50.60817" lon="4.15608"/>
            <trkpt lat="50.60849" lon="4.15769"/>
            <trkpt lat="50.60886" lon="4.15956"/>
            <trkpt lat="50.60912" lon="4.16075"/>
            <trkpt lat="50.60941" lon="4.16228"/>
            <trkpt lat="50.60952" lon="4.16292"/>
            <trkpt lat="50.60956" lon="4.16328"/>
            <trkpt lat="50.60963" lon="4.16401"/>
            <trkpt lat="50.60965" lon="4.16444"/>
            <trkpt lat="50.60965" lon="4.16462"/>
            <trkpt lat="50.60965" lon="4.16506"/>
            <trkpt lat="50.60964" lon="4.16629"/>
            <trkpt lat="50.60963" lon="4.16661"/>
            <trkpt lat="50.60962" lon="4.16723"/>
            <trkpt lat="50.60959" lon="4.1685"/>
            <trkpt lat="50.60959" lon="4.16867"/>
            <trkpt lat="50.60956" lon="4.16961"/>
            <trkpt lat="50.60949" lon="4.17028"/>
            <trkpt lat="50.60937" lon="4.17125"/>
            <trkpt lat="50.60922" lon="4.17224"/>
            <trkpt lat="50.60916" lon="4.1725"/>
            <trkpt lat="50.60907" lon="4.17278"/>
            <trkpt lat="50.60902" lon="4.17294"/>
            <trkpt lat="50.60887" lon="4.17327"/>
            <trkpt lat="50.60883" lon="4.17333"/>
            <trkpt lat="50.60868" lon="4.17358"/>
            <trkpt lat="50.60865" lon="4.17364"/>
            <trkpt lat="50.60861" lon="4.1737"/>
            <trkpt lat="50.60849" lon="4.17383"/>
            <trkpt lat="50.60827" lon="4.17408"/>
            <trkpt lat="50.6082" lon="4.17414"/>
            <trkpt lat="50.60747" lon="4.1748"/>
            <trkpt lat="50.60697" lon="4.17525"/>
            <trkpt lat="50.60687" lon="4.17536"/>
            <trkpt lat="50.60679" lon="4.17548"/>
            <trkpt lat="50.60675" lon="4.17554"/>
            <trkpt lat="50.60504" lon="4.1783"/>
            <trkpt lat="50.60345" lon="4.1809"/>
            <trkpt lat="50.60303" lon="4.1816"/>
            <trkpt lat="50.60247" lon="4.18252"/>
            <trkpt lat="50.60228" lon="4.18285"/>
            <trkpt lat="50.60206" lon="4.18322"/>
            <trkpt lat="50.60167" lon="4.18385"/>
            <trkpt lat="50.60154" lon="4.18404"/>
            <trkpt lat="50.60148" lon="4.18411"/>
            <trkpt lat="50.60144" lon="4.18418"/>
            <trkpt lat="50.6014" lon="4.18424"/>
            <trkpt lat="50.60092" lon="4.18479"/>
            <trkpt lat="50.60046" lon="4.18523"/>
            <trkpt lat="50.60023" lon="4.18539"/>
            <trkpt lat="50.6001" lon="4.18544"/>
            <trkpt lat="50.6001" lon="4.18546"/>
            <trkpt lat="50.60009" lon="4.18549"/>
            <trkpt lat="50.6001" lon="4.18555"/>
            <trkpt lat="50.60015" lon="4.18578"/>
            <trkpt lat="50.60019" lon="4.18595"/>
            <trkpt lat="50.60036" lon="4.18636"/>
            <trkpt lat="50.60043" lon="4.18657"/>
            <trkpt lat="50.60046" lon="4.18668"/>
            <trkpt lat="50.60047" lon="4.18678"/>
            <trkpt lat="50.60048" lon="4.18686"/>
            <trkpt lat="50.60048" lon="4.18693"/>
            <trkpt lat="50.60045" lon="4.18702"/>
            <trkpt lat="50.60045" lon="4.18703"/>
            <trkpt lat="50.60027" lon="4.18738"/>
            <trkpt lat="50.60004" lon="4.18775"/>
            <trkpt lat="50.59949" lon="4.18848"/>
            <trkpt lat="50.59935" lon="4.18865"/>
            <trkpt lat="50.59927" lon="4.18874"/>
            <trkpt lat="50.5992" lon="4.18877"/>
            <trkpt lat="50.59917" lon="4.1888"/>
            <trkpt lat="50.59889" lon="4.18884"/>
            <trkpt lat="50.5988" lon="4.18898"/>
            <trkpt lat="50.59877" lon="4.18917"/>
            <trkpt lat="50.59876" lon="4.18923"/>
            <trkpt lat="50.59874" lon="4.18952"/>
            <trkpt lat="50.59874" lon="4.18961"/>
            <trkpt lat="50.59875" lon="4.18987"/>
            <trkpt lat="50.5988" lon="4.19018"/>
            <trkpt lat="50.59887" lon="4.19041"/>
            <trkpt lat="50.59896" lon="4.1906"/>
            <trkpt lat="50.59906" lon="4.19078"/>
            <trkpt lat="50.59923" lon="4.19101"/>
            <trkpt lat="50.59926" lon="4.19105"/>
            <trkpt lat="50.59945" lon="4.19128"/>
            <trkpt lat="50.59966" lon="4.1915"/>
            <trkpt lat="50.60028" lon="4.19205"/>
            <trkpt lat="50.60055" lon="4.19236"/>
            <trkpt lat="50.60089" lon="4.19288"/>
            <trkpt lat="50.60117" lon="4.19338"/>
            <trkpt lat="50.60195" lon="4.19477"/>
            <trkpt lat="50.60227" lon="4.19534"/>
            <trkpt lat="50.60246" lon="4.19573"/>
            <trkpt lat="50.60261" lon="4.19618"/>
            <trkpt lat="50.60274" lon="4.19675"/>
            <trkpt lat="50.60274" lon="4.19678"/>
            <trkpt lat="50.6028" lon="4.19713"/>
            <trkpt lat="50.60289" lon="4.19782"/>
            <trkpt lat="50.603" lon="4.19823"/>
            <trkpt lat="50.60303" lon="4.19827"/>
            <trkpt lat="50.60331" lon="4.19878"/>
            <trkpt lat="50.60346" lon="4.199"/>
            <trkpt lat="50.60369" lon="4.19945"/>
            <trkpt lat="50.60429" lon="4.20069"/>
            <trkpt lat="50.60441" lon="4.20093"/>
            <trkpt lat="50.60444" lon="4.20099"/>
            <trkpt lat="50.6047" lon="4.20141"/>
            <trkpt lat="50.60471" lon="4.20145"/>
            <trkpt lat="50.60489" lon="4.20185"/>
            <trkpt lat="50.60506" lon="4.20228"/>
            <trkpt lat="50.60521" lon="4.20276"/>
            <trkpt lat="50.60539" lon="4.20324"/>
            <trkpt lat="50.60628" lon="4.20525"/>
            <trkpt lat="50.6064" lon="4.20553"/>
            <trkpt lat="50.6065" lon="4.2058"/>
            <trkpt lat="50.60655" lon="4.20595"/>
            <trkpt lat="50.6068" lon="4.20681"/>
            <trkpt lat="50.60686" lon="4.20698"/>
            <trkpt lat="50.60693" lon="4.20715"/>
            <trkpt lat="50.60735" lon="4.20777"/>
            <trkpt lat="50.6074" lon="4.20788"/>
            <trkpt lat="50.60743" lon="4.20801"/>
            <trkpt lat="50.60751" lon="4.20895"/>
            <trkpt lat="50.60758" lon="4.21005"/>
            <trkpt lat="50.60762" lon="4.21041"/>
            <trkpt lat="50.60769" lon="4.21081"/>
            <trkpt lat="50.60772" lon="4.21089"/>
            <trkpt lat="50.60776" lon="4.21094"/>
            <trkpt lat="50.60864" lon="4.21146"/>
            <trkpt lat="50.60865" lon="4.21148"/>
            <trkpt lat="50.60866" lon="4.21152"/>
            <trkpt lat="50.60872" lon="4.21236"/>
            <trkpt lat="50.60875" lon="4.21278"/>
            <trkpt lat="50.60879" lon="4.21361"/>
            <trkpt lat="50.60878" lon="4.21426"/>
            <trkpt lat="50.60875" lon="4.21507"/>
            <trkpt lat="50.60877" lon="4.21592"/>
            <trkpt lat="50.60877" lon="4.21604"/>
            <trkpt lat="50.60874" lon="4.21675"/>
            <trkpt lat="50.6087" lon="4.21712"/>
            <trkpt lat="50.60861" lon="4.21781"/>
            <trkpt lat="50.60855" lon="4.21825"/>
            <trkpt lat="50.60851" lon="4.21867"/>
            <trkpt lat="50.6085" lon="4.21875"/>
            <trkpt lat="50.60849" lon="4.21882"/>
            <trkpt lat="50.60845" lon="4.21894"/>
            <trkpt lat="50.60844" lon="4.21899"/>
            <trkpt lat="50.60841" lon="4.21905"/>
            <trkpt lat="50.60838" lon="4.2191"/>
            <trkpt lat="50.60833" lon="4.21919"/>
            <trkpt lat="50.60812" lon="4.21951"/>
            <trkpt lat="50.60797" lon="4.21973"/>
            <trkpt lat="50.60791" lon="4.21988"/>
            <trkpt lat="50.60789" lon="4.21996"/>
            <trkpt lat="50.6079" lon="4.22004"/>
            <trkpt lat="50.60792" lon="4.22016"/>
            <trkpt lat="50.60796" lon="4.22028"/>
            <trkpt lat="50.60801" lon="4.22047"/>
            <trkpt lat="50.60801" lon="4.2205"/>
            <trkpt lat="50.60802" lon="4.2206"/>
            <trkpt lat="50.60799" lon="4.22074"/>
            <trkpt lat="50.60796" lon="4.22081"/>
            <trkpt lat="50.60794" lon="4.22086"/>
            <trkpt lat="50.60779" lon="4.22138"/>
            <trkpt lat="50.60772" lon="4.22152"/>
            <trkpt lat="50.60763" lon="4.22166"/>
            <trkpt lat="50.60752" lon="4.22188"/>
            <trkpt lat="50.60742" lon="4.22204"/>
            <trkpt lat="50.60737" lon="4.2222"/>
            <trkpt lat="50.60733" lon="4.22235"/>
            <trkpt lat="50.60731" lon="4.22264"/>
            <trkpt lat="50.60679" lon="4.22255"/>
            <trkpt lat="50.60639" lon="4.22245"/>
            <trkpt lat="50.60635" lon="4.22244"/>
            <trkpt lat="50.60615" lon="4.22235"/>
            <trkpt lat="50.60488" lon="4.22161"/>
            <trkpt lat="50.60369" lon="4.22143"/>
            <trkpt lat="50.60338" lon="4.22141"/>
            <trkpt lat="50.60303" lon="4.22136"/>
            <trkpt lat="50.6004" lon="4.221"/>
            <trkpt lat="50.59916" lon="4.22072"/>
            <trkpt lat="50.59222" lon="4.21897"/>
            <trkpt lat="50.59121" lon="4.21875"/>
            <trkpt lat="50.59049" lon="4.21859"/>
            <trkpt lat="50.58973" lon="4.2184"/>
            <trkpt lat="50.58929" lon="4.21823"/>
            <trkpt lat="50.58776" lon="4.21774"/>
            <trkpt lat="50.58733" lon="4.21761"/>
            <trkpt lat="50.5862" lon="4.21736"/>
            <trkpt lat="50.58516" lon="4.21719"/>
            <trkpt lat="50.58467" lon="4.2171"/>
            <trkpt lat="50.58461" lon="4.21767"/>
            <trkpt lat="50.58457" lon="4.21811"/>
            <trkpt lat="50.58457" lon="4.21816"/>
            <trkpt lat="50.58456" lon="4.21824"/>
            <trkpt lat="50.58452" lon="4.21875"/>
            <trkpt lat="50.58452" lon="4.21882"/>
            <trkpt lat="50.58451" lon="4.21892"/>
            <trkpt lat="50.58449" lon="4.21931"/>
            <trkpt lat="50.58441" lon="4.22078"/>
            <trkpt lat="50.58432" lon="4.22075"/>
            <trkpt lat="50.58375" lon="4.22049"/>
            <trkpt lat="50.58312" lon="4.22017"/>
            <trkpt lat="50.58302" lon="4.22011"/>
            <trkpt lat="50.58291" lon="4.22003"/>
            <trkpt lat="50.58282" lon="4.21998"/>
            <trkpt lat="50.58234" lon="4.21969"/>
            <trkpt lat="50.58179" lon="4.21945"/>
            <trkpt lat="50.58142" lon="4.21933"/>
            <trkpt lat="50.58114" lon="4.21926"/>
            <trkpt lat="50.58105" lon="4.21924"/>
            <trkpt lat="50.58044" lon="4.21915"/>
            <trkpt lat="50.57983" lon="4.21913"/>
            <trkpt lat="50.57758" lon="4.2192"/>
            <trkpt lat="50.57431" lon="4.21933"/>
            <trkpt lat="50.5739" lon="4.21936"/>
            <trkpt lat="50.57361" lon="4.21943"/>
            <trkpt lat="50.57328" lon="4.21953"/>
            <trkpt lat="50.57305" lon="4.21963"/>
            <trkpt lat="50.57273" lon="4.21983"/>
            <trkpt lat="50.57237" lon="4.22011"/>
            <trkpt lat="50.572" lon="4.22048"/>
            <trkpt lat="50.57156" lon="4.22095"/>
            <trkpt lat="50.57112" lon="4.22147"/>
            <trkpt lat="50.57074" lon="4.22189"/>
            <trkpt lat="50.57056" lon="4.22206"/>
            <trkpt lat="50.5705" lon="4.22214"/>
            <trkpt lat="50.57016" lon="4.22241"/>
            <trkpt lat="50.5699" lon="4.2226"/>
            <trkpt lat="50.56939" lon="4.22288"/>
            <trkpt lat="50.56904" lon="4.22301"/>
            <trkpt lat="50.56877" lon="4.22307"/>
            <trkpt lat="50.56846" lon="4.22311"/>
            <trkpt lat="50.56813" lon="4.22315"/>
            <trkpt lat="50.56815" lon="4.22347"/>
            <trkpt lat="50.56819" lon="4.22443"/>
            <trkpt lat="50.56819" lon="4.22454"/>
            <trkpt lat="50.56821" lon="4.22525"/>
            <trkpt lat="50.56821" lon="4.22602"/>
            <trkpt lat="50.56819" lon="4.22653"/>
            <trkpt lat="50.56813" lon="4.22715"/>
            <trkpt lat="50.56811" lon="4.22725"/>
            <trkpt lat="50.56806" lon="4.22754"/>
            <trkpt lat="50.56797" lon="4.22799"/>
            <trkpt lat="50.56783" lon="4.22848"/>
            <trkpt lat="50.56751" lon="4.22938"/>
            <trkpt lat="50.56727" lon="4.23015"/>
            <trkpt lat="50.56714" lon="4.23065"/>
            <trkpt lat="50.56705" lon="4.23114"/>
            <trkpt lat="50.56678" lon="4.23284"/>
            <trkpt lat="50.56662" lon="4.23389"/>
            <trkpt lat="50.56658" lon="4.23406"/>
            <trkpt lat="50.56648" lon="4.23438"/>
            <trkpt lat="50.56633" lon="4.23467"/>
            <trkpt lat="50.56614" lon="4.23497"/>
            <trkpt lat="50.56568" lon="4.23553"/>
            <trkpt lat="50.56563" lon="4.23562"/>
            <trkpt lat="50.56561" lon="4.23566"/>
            <trkpt lat="50.56543" lon="4.23613"/>
            <trkpt lat="50.56541" lon="4.23616"/>
            <trkpt lat="50.5654" lon="4.23618"/>
            <trkpt lat="50.56536" lon="4.23621"/>
            <trkpt lat="50.56528" lon="4.23625"/>
            <trkpt lat="50.56525" lon="4.23625"/>
            <trkpt lat="50.56522" lon="4.23624"/>
            <trkpt lat="50.56472" lon="4.236"/>
            <trkpt lat="50.56451" lon="4.23594"/>
            <trkpt lat="50.56444" lon="4.23592"/>
            <trkpt lat="50.56437" lon="4.23591"/>
            <trkpt lat="50.56431" lon="4.23593"/>
            <trkpt lat="50.56425" lon="4.23597"/>
            <trkpt lat="50.56419" lon="4.23603"/>
            <trkpt lat="50.56414" lon="4.23612"/>
            <trkpt lat="50.56398" lon="4.23642"/>
            <trkpt lat="50.56357" lon="4.23726"/>
            <trkpt lat="50.56327" lon="4.23794"/>
            <trkpt lat="50.5631" lon="4.23843"/>
            <trkpt lat="50.56294" lon="4.239"/>
            <trkpt lat="50.5628" lon="4.23956"/>
            <trkpt lat="50.56272" lon="4.24"/>
            <trkpt lat="50.56265" lon="4.24051"/>
            <trkpt lat="50.56263" lon="4.24072"/>
            <trkpt lat="50.56258" lon="4.24139"/>
            <trkpt lat="50.56229" lon="4.24403"/>
            <trkpt lat="50.56223" lon="4.24477"/>
            <trkpt lat="50.56211" lon="4.24617"/>
            <trkpt lat="50.56201" lon="4.24748"/>
            <trkpt lat="50.562" lon="4.24767"/>
            <trkpt lat="50.56198" lon="4.24789"/>
            <trkpt lat="50.56192" lon="4.24876"/>
            <trkpt lat="50.56183" lon="4.24972"/>
            <trkpt lat="50.56183" lon="4.24982"/>
            <trkpt lat="50.56183" lon="4.24988"/>
            <trkpt lat="50.56185" lon="4.24994"/>
            <trkpt lat="50.5619" lon="4.25002"/>
            <trkpt lat="50.56205" lon="4.25015"/>
            <trkpt lat="50.56246" lon="4.25046"/>
            <trkpt lat="50.56242" lon="4.2506"/>
            <trkpt lat="50.56238" lon="4.2507"/>
            <trkpt lat="50.56225" lon="4.25098"/>
            <trkpt lat="50.56222" lon="4.25108"/>
            <trkpt lat="50.5622" lon="4.25122"/>
            <trkpt lat="50.5622" lon="4.25137"/>
            <trkpt lat="50.5622" lon="4.2515"/>
            <trkpt lat="50.56229" lon="4.25205"/>
            <trkpt lat="50.56239" lon="4.25254"/>
            <trkpt lat="50.56242" lon="4.25287"/>
            <trkpt lat="50.56241" lon="4.25303"/>
            <trkpt lat="50.56238" lon="4.25318"/>
            <trkpt lat="50.56232" lon="4.25347"/>
            <trkpt lat="50.5623" lon="4.25359"/>
            <trkpt lat="50.5623" lon="4.25367"/>
            <trkpt lat="50.56231" lon="4.25374"/>
            <trkpt lat="50.56239" lon="4.25397"/>
            <trkpt lat="50.56245" lon="4.25418"/>
            <trkpt lat="50.56254" lon="4.25461"/>
            <trkpt lat="50.5626" lon="4.25505"/>
            <trkpt lat="50.56264" lon="4.25534"/>
            <trkpt lat="50.56265" lon="4.25548"/>
            <trkpt lat="50.56266" lon="4.25564"/>
            <trkpt lat="50.5627" lon="4.25651"/>
            <trkpt lat="50.56274" lon="4.25716"/>
            <trkpt lat="50.56278" lon="4.25785"/>
            <trkpt lat="50.56278" lon="4.25793"/>
            <trkpt lat="50.56278" lon="4.2584"/>
            <trkpt lat="50.56275" lon="4.25869"/>
            <trkpt lat="50.56267" lon="4.25912"/>
            <trkpt lat="50.56254" lon="4.25947"/>
            <trkpt lat="50.56247" lon="4.25969"/>
            <trkpt lat="50.56241" lon="4.25993"/>
            <trkpt lat="50.56233" lon="4.26041"/>
            <trkpt lat="50.56215" lon="4.26116"/>
            <trkpt lat="50.56206" lon="4.26156"/>
            <trkpt lat="50.56198" lon="4.26204"/>
            <trkpt lat="50.56195" lon="4.2627"/>
            <trkpt lat="50.56188" lon="4.26435"/>
            <trkpt lat="50.56184" lon="4.26528"/>
            <trkpt lat="50.56177" lon="4.26673"/>
            <trkpt lat="50.56174" lon="4.26775"/>
            <trkpt lat="50.56173" lon="4.26798"/>
            <trkpt lat="50.56173" lon="4.26812"/>
            <trkpt lat="50.56172" lon="4.26859"/>
            <trkpt lat="50.5617" lon="4.26919"/>
            <trkpt lat="50.56169" lon="4.26927"/>
            <trkpt lat="50.56169" lon="4.26943"/>
            <trkpt lat="50.56168" lon="4.2696"/>
            <trkpt lat="50.5616" lon="4.27062"/>
            <trkpt lat="50.56154" lon="4.27128"/>
            <trkpt lat="50.56147" lon="4.27256"/>
            <trkpt lat="50.56146" lon="4.27431"/>
            <trkpt lat="50.56139" lon="4.27591"/>
            <trkpt lat="50.56139" lon="4.27679"/>
            <trkpt lat="50.56133" lon="4.27829"/>
            <trkpt lat="50.56132" lon="4.27868"/>
            <trkpt lat="50.5616" lon="4.27889"/>
            <trkpt lat="50.56315" lon="4.28003"/>
            <trkpt lat="50.56344" lon="4.28024"/>
            <trkpt lat="50.56355" lon="4.2803"/>
            <trkpt lat="50.56364" lon="4.28037"/>
            <trkpt lat="50.56415" lon="4.28074"/>
            <trkpt lat="50.56441" lon="4.28093"/>
            <trkpt lat="50.5646" lon="4.28106"/>
            <trkpt lat="50.56475" lon="4.28119"/>
            <trkpt lat="50.56484" lon="4.28125"/>
            <trkpt lat="50.56495" lon="4.28133"/>
            <trkpt lat="50.56527" lon="4.28157"/>
            <trkpt lat="50.56524" lon="4.28171"/>
            <trkpt lat="50.5652" lon="4.28186"/>
            <trkpt lat="50.56508" lon="4.28217"/>
            <trkpt lat="50.56495" lon="4.28245"/>
            <trkpt lat="50.56481" lon="4.28267"/>
            <trkpt lat="50.56471" lon="4.28277"/>
            <trkpt lat="50.56458" lon="4.28291"/>
            <trkpt lat="50.5643" lon="4.28315"/>
            <trkpt lat="50.56421" lon="4.28326"/>
            <trkpt lat="50.56414" lon="4.28339"/>
            <trkpt lat="50.56399" lon="4.28376"/>
            <trkpt lat="50.56376" lon="4.28419"/>
            <trkpt lat="50.56344" lon="4.28467"/>
            <trkpt lat="50.56317" lon="4.28507"/>
            <trkpt lat="50.5629" lon="4.28555"/>
            <trkpt lat="50.56259" lon="4.28621"/>
            <trkpt lat="50.56237" lon="4.28659"/>
            <trkpt lat="50.56234" lon="4.28663"/>
            <trkpt lat="50.56224" lon="4.28675"/>
            <trkpt lat="50.56117" lon="4.28821"/>
            <trkpt lat="50.56102" lon="4.28842"/>
            <trkpt lat="50.56081" lon="4.28874"/>
            <trkpt lat="50.56068" lon="4.28905"/>
            <trkpt lat="50.56061" lon="4.2893"/>
            <trkpt lat="50.56058" lon="4.28955"/>
            <trkpt lat="50.56059" lon="4.28975"/>
            <trkpt lat="50.56079" lon="4.29089"/>
            <trkpt lat="50.56085" lon="4.29136"/>
            <trkpt lat="50.56089" lon="4.29202"/>
            <trkpt lat="50.56091" lon="4.29378"/>
            <trkpt lat="50.56088" lon="4.29499"/>
            <trkpt lat="50.56083" lon="4.29642"/>
            <trkpt lat="50.56077" lon="4.29784"/>
            <trkpt lat="50.56066" lon="4.29964"/>
            <trkpt lat="50.56065" lon="4.30008"/>
            <trkpt lat="50.56066" lon="4.30027"/>
            <trkpt lat="50.56069" lon="4.30045"/>
            <trkpt lat="50.5608" lon="4.30092"/>
            <trkpt lat="50.56102" lon="4.3015"/>
            <trkpt lat="50.56109" lon="4.30169"/>
            <trkpt lat="50.56119" lon="4.30204"/>
            <trkpt lat="50.56125" lon="4.30236"/>
            <trkpt lat="50.56129" lon="4.3027"/>
            <trkpt lat="50.56132" lon="4.30316"/>
            <trkpt lat="50.56138" lon="4.30365"/>
            <trkpt lat="50.56152" lon="4.30446"/>
            <trkpt lat="50.56156" lon="4.30474"/>
            <trkpt lat="50.56161" lon="4.30506"/>
            <trkpt lat="50.56162" lon="4.3054"/>
            <trkpt lat="50.56161" lon="4.30568"/>
            <trkpt lat="50.56156" lon="4.30632"/>
            <trkpt lat="50.56154" lon="4.30664"/>
            <trkpt lat="50.56153" lon="4.30668"/>
            <trkpt lat="50.56145" lon="4.30677"/>
            <trkpt lat="50.56133" lon="4.30684"/>
            <trkpt lat="50.56109" lon="4.30699"/>
            <trkpt lat="50.56068" lon="4.30726"/>
            <trkpt lat="50.56064" lon="4.30728"/>
            <trkpt lat="50.56054" lon="4.30733"/>
            <trkpt lat="50.56025" lon="4.30746"/>
            <trkpt lat="50.55914" lon="4.3078"/>
            <trkpt lat="50.55908" lon="4.30782"/>
            <trkpt lat="50.55844" lon="4.30804"/>
            <trkpt lat="50.55795" lon="4.30818"/>
            <trkpt lat="50.55755" lon="4.30831"/>
            <trkpt lat="50.55718" lon="4.30847"/>
            <trkpt lat="50.55695" lon="4.30862"/>
            <trkpt lat="50.55678" lon="4.30878"/>
            <trkpt lat="50.55668" lon="4.30887"/>
            <trkpt lat="50.55662" lon="4.30894"/>
            <trkpt lat="50.55593" lon="4.30959"/>
            <trkpt lat="50.55517" lon="4.31033"/>
            <trkpt lat="50.55491" lon="4.31053"/>
            <trkpt lat="50.55488" lon="4.31051"/>
            <trkpt lat="50.55485" lon="4.31049"/>
            <trkpt lat="50.55481" lon="4.31049"/>
            <trkpt lat="50.55479" lon="4.31051"/>
            <trkpt lat="50.55468" lon="4.31024"/>
            <trkpt lat="50.55428" lon="4.30938"/>
            <trkpt lat="50.55409" lon="4.30895"/>
            <trkpt lat="50.55386" lon="4.30846"/>
            <trkpt lat="50.55375" lon="4.30808"/>
            <trkpt lat="50.55332" lon="4.30668"/>
            <trkpt lat="50.5533" lon="4.30664"/>
            <trkpt lat="50.55321" lon="4.30627"/>
            <trkpt lat="50.55309" lon="4.30594"/>
            <trkpt lat="50.55292" lon="4.3055"/>
            <trkpt lat="50.55289" lon="4.30542"/>
            <trkpt lat="50.55272" lon="4.30506"/>
            <trkpt lat="50.55264" lon="4.30495"/>
            <trkpt lat="50.55252" lon="4.30481"/>
            <trkpt lat="50.55229" lon="4.30462"/>
            <trkpt lat="50.55212" lon="4.30455"/>
            <trkpt lat="50.55192" lon="4.30454"/>
            <trkpt lat="50.55176" lon="4.30456"/>
            <trkpt lat="50.55163" lon="4.30462"/>
            <trkpt lat="50.55156" lon="4.30466"/>
            <trkpt lat="50.5514" lon="4.3048"/>
            <trkpt lat="50.55136" lon="4.30482"/>
            <trkpt lat="50.55133" lon="4.30484"/>
            <trkpt lat="50.55128" lon="4.30485"/>
            <trkpt lat="50.55123" lon="4.30485"/>
            <trkpt lat="50.55118" lon="4.30509"/>
            <trkpt lat="50.55113" lon="4.3053"/>
            <trkpt lat="50.55104" lon="4.30559"/>
            <trkpt lat="50.55096" lon="4.30579"/>
            <trkpt lat="50.55089" lon="4.30592"/>
            <trkpt lat="50.55081" lon="4.30602"/>
            <trkpt lat="50.55062" lon="4.30622"/>
            <trkpt lat="50.55021" lon="4.30653"/>
            <trkpt lat="50.55006" lon="4.30664"/>
            <trkpt lat="50.54995" lon="4.30671"/>
            <trkpt lat="50.54984" lon="4.30682"/>
            <trkpt lat="50.54979" lon="4.30688"/>
            <trkpt lat="50.54949" lon="4.30742"/>
            <trkpt lat="50.54931" lon="4.30766"/>
            <trkpt lat="50.54912" lon="4.30785"/>
            <trkpt lat="50.549" lon="4.30793"/>
            <trkpt lat="50.54846" lon="4.30818"/>
            <trkpt lat="50.5482" lon="4.30824"/>
            <trkpt lat="50.54798" lon="4.30823"/>
            <trkpt lat="50.54789" lon="4.30825"/>
            <trkpt lat="50.54775" lon="4.30832"/>
            <trkpt lat="50.54765" lon="4.30839"/>
            <trkpt lat="50.54742" lon="4.30862"/>
            <trkpt lat="50.54737" lon="4.30867"/>
            <trkpt lat="50.5473" lon="4.30871"/>
            <trkpt lat="50.54723" lon="4.30874"/>
            <trkpt lat="50.54713" lon="4.30876"/>
            <trkpt lat="50.54672" lon="4.30874"/>
            <trkpt lat="50.54656" lon="4.30875"/>
            <trkpt lat="50.54646" lon="4.30878"/>
            <trkpt lat="50.54639" lon="4.30879"/>
            <trkpt lat="50.54624" lon="4.30885"/>
            <trkpt lat="50.54576" lon="4.30916"/>
            <trkpt lat="50.54536" lon="4.30932"/>
            <trkpt lat="50.54494" lon="4.30945"/>
            <trkpt lat="50.54434" lon="4.30969"/>
            <trkpt lat="50.5442" lon="4.30976"/>
            <trkpt lat="50.54391" lon="4.30986"/>
            <trkpt lat="50.54387" lon="4.30988"/>
            <trkpt lat="50.54381" lon="4.30989"/>
            <trkpt lat="50.5436" lon="4.3099"/>
            <trkpt lat="50.54349" lon="4.30985"/>
            <trkpt lat="50.5434" lon="4.30978"/>
            <trkpt lat="50.54332" lon="4.3097"/>
            <trkpt lat="50.54235" lon="4.30867"/>
            <trkpt lat="50.54171" lon="4.30811"/>
            <trkpt lat="50.54154" lon="4.30799"/>
            <trkpt lat="50.54125" lon="4.30788"/>
            <trkpt lat="50.54076" lon="4.3078"/>
            <trkpt lat="50.54021" lon="4.30778"/>
            <trkpt lat="50.54002" lon="4.30775"/>
            <trkpt lat="50.53912" lon="4.30752"/>
            <trkpt lat="50.5385" lon="4.30738"/>
            <trkpt lat="50.53827" lon="4.30736"/>
            <trkpt lat="50.53815" lon="4.30738"/>
            <trkpt lat="50.53798" lon="4.30748"/>
            <trkpt lat="50.53743" lon="4.30797"/>
            <trkpt lat="50.53733" lon="4.30763"/>
            <trkpt lat="50.53711" lon="4.3067"/>
            <trkpt lat="50.53709" lon="4.30664"/>
            <trkpt lat="50.53701" lon="4.30628"/>
            <trkpt lat="50.537" lon="4.30622"/>
            <trkpt lat="50.53683" lon="4.30569"/>
            <trkpt lat="50.53656" lon="4.30512"/>
            <trkpt lat="50.53637" lon="4.30469"/>
            <trkpt lat="50.53633" lon="4.30452"/>
            <trkpt lat="50.53627" lon="4.30408"/>
            <trkpt lat="50.53619" lon="4.30348"/>
            <trkpt lat="50.53614" lon="4.30327"/>
            <trkpt lat="50.53598" lon="4.30273"/>
            <trkpt lat="50.53589" lon="4.30253"/>
            <trkpt lat="50.53583" lon="4.30238"/>
            <trkpt lat="50.53571" lon="4.30216"/>
            <trkpt lat="50.5351" lon="4.30127"/>
            <trkpt lat="50.53464" lon="4.30056"/>
            <trkpt lat="50.53414" lon="4.29982"/>
            <trkpt lat="50.53296" lon="4.29825"/>
            <trkpt lat="50.53201" lon="4.29712"/>
            <trkpt lat="50.53157" lon="4.29656"/>
            <trkpt lat="50.53134" lon="4.29626"/>
            <trkpt lat="50.53081" lon="4.2954"/>
            <trkpt lat="50.53061" lon="4.29498"/>
            <trkpt lat="50.52979" lon="4.29347"/>
            <trkpt lat="50.52939" lon="4.29273"/>
            <trkpt lat="50.52903" lon="4.29197"/>
            <trkpt lat="50.52893" lon="4.29173"/>
            <trkpt lat="50.52778" lon="4.28816"/>
            <trkpt lat="50.52742" lon="4.28708"/>
            <trkpt lat="50.52706" lon="4.2861"/>
            <trkpt lat="50.52694" lon="4.28582"/>
            <trkpt lat="50.52685" lon="4.28563"/>
            <trkpt lat="50.5268" lon="4.28553"/>
            <trkpt lat="50.52639" lon="4.28494"/>
            <trkpt lat="50.52616" lon="4.28467"/>
            <trkpt lat="50.52616" lon="4.28467"/>
            <trkpt lat="50.52591" lon="4.28442"/>
            <trkpt lat="50.52551" lon="4.28407"/>
            <trkpt lat="50.52539" lon="4.28402"/>
            <trkpt lat="50.52507" lon="4.28396"/>
            <trkpt lat="50.5243" lon="4.28392"/>
            <trkpt lat="50.5241" lon="4.28386"/>
            <trkpt lat="50.52387" lon="4.28373"/>
            <trkpt lat="50.52372" lon="4.2836"/>
            <trkpt lat="50.52358" lon="4.28345"/>
            <trkpt lat="50.52341" lon="4.28322"/>
            <trkpt lat="50.52312" lon="4.2829"/>
            <trkpt lat="50.52261" lon="4.28243"/>
            <trkpt lat="50.5225" lon="4.28253"/>
            <trkpt lat="50.52244" lon="4.28257"/>
            <trkpt lat="50.52211" lon="4.28274"/>
            <trkpt lat="50.52175" lon="4.28286"/>
            <trkpt lat="50.52149" lon="4.28294"/>
            <trkpt lat="50.52113" lon="4.28299"/>
            <trkpt lat="50.52077" lon="4.28298"/>
            <trkpt lat="50.52014" lon="4.28289"/>
            <trkpt lat="50.51966" lon="4.28283"/>
            <trkpt lat="50.51902" lon="4.28285"/>
            <trkpt lat="50.5188" lon="4.28289"/>
            <trkpt lat="50.5184" lon="4.28293"/>
            <trkpt lat="50.51793" lon="4.28301"/>
            <trkpt lat="50.51788" lon="4.28304"/>
            <trkpt lat="50.51783" lon="4.28308"/>
            <trkpt lat="50.51778" lon="4.28317"/>
            <trkpt lat="50.51755" lon="4.28372"/>
            <trkpt lat="50.5175" lon="4.28383"/>
            <trkpt lat="50.51744" lon="4.28394"/>
            <trkpt lat="50.51737" lon="4.28403"/>
            <trkpt lat="50.51729" lon="4.2841"/>
            <trkpt lat="50.51712" lon="4.28417"/>
            <trkpt lat="50.51656" lon="4.28432"/>
            <trkpt lat="50.51623" lon="4.28437"/>
            <trkpt lat="50.51606" lon="4.28437"/>
            <trkpt lat="50.51583" lon="4.28439"/>
            <trkpt lat="50.51526" lon="4.28441"/>
            <trkpt lat="50.51514" lon="4.28442"/>
            <trkpt lat="50.51421" lon="4.28452"/>
            <trkpt lat="50.51406" lon="4.28466"/>
            <trkpt lat="50.51406" lon="4.28467"/>
            <trkpt lat="50.51393" lon="4.28484"/>
            <trkpt lat="50.51389" lon="4.28491"/>
            <trkpt lat="50.51385" lon="4.285"/>
            <trkpt lat="50.51377" lon="4.28527"/>
            <trkpt lat="50.51367" lon="4.28658"/>
            <trkpt lat="50.51365" lon="4.2873"/>
            <trkpt lat="50.51362" lon="4.28746"/>
            <trkpt lat="50.51345" lon="4.288"/>
            <trkpt lat="50.51334" lon="4.2883"/>
            <trkpt lat="50.5132" lon="4.28859"/>
            <trkpt lat="50.51313" lon="4.2887"/>
            <trkpt lat="50.51209" lon="4.28971"/>
            <trkpt lat="50.51159" lon="4.29013"/>
            <trkpt lat="50.51092" lon="4.29068"/>
            <trkpt lat="50.51088" lon="4.29072"/>
            <trkpt lat="50.51085" lon="4.29076"/>
            <trkpt lat="50.51083" lon="4.2908"/>
            <trkpt lat="50.5108" lon="4.29087"/>
            <trkpt lat="50.51054" lon="4.29138"/>
            <trkpt lat="50.51021" lon="4.29211"/>
            <trkpt lat="50.51007" lon="4.29248"/>
            <trkpt lat="50.50999" lon="4.29274"/>
            <trkpt lat="50.50994" lon="4.29314"/>
            <trkpt lat="50.50988" lon="4.2934"/>
            <trkpt lat="50.50979" lon="4.29362"/>
            <trkpt lat="50.50943" lon="4.29432"/>
            <trkpt lat="50.50932" lon="4.29454"/>
            <trkpt lat="50.50913" lon="4.29488"/>
            <trkpt lat="50.50898" lon="4.29509"/>
            <trkpt lat="50.50804" lon="4.29602"/>
            <trkpt lat="50.50767" lon="4.29636"/>
            <trkpt lat="50.5075" lon="4.29653"/>
            <trkpt lat="50.50648" lon="4.29754"/>
            <trkpt lat="50.50575" lon="4.29835"/>
            <trkpt lat="50.50532" lon="4.29883"/>
            <trkpt lat="50.50524" lon="4.29889"/>
            <trkpt lat="50.50518" lon="4.29891"/>
            <trkpt lat="50.50514" lon="4.29893"/>
            <trkpt lat="50.50508" lon="4.29894"/>
            <trkpt lat="50.50496" lon="4.29895"/>
            <trkpt lat="50.50497" lon="4.29892"/>
            <trkpt lat="50.50497" lon="4.2989"/>
            <trkpt lat="50.50496" lon="4.29889"/>
            <trkpt lat="50.50495" lon="4.29885"/>
            <trkpt lat="50.50494" lon="4.29884"/>
            <trkpt lat="50.50493" lon="4.29882"/>
            <trkpt lat="50.50492" lon="4.29882"/>
            <trkpt lat="50.5049" lon="4.29883"/>
            <trkpt lat="50.50475" lon="4.29864"/>
            <trkpt lat="50.50398" lon="4.29792"/>
            <trkpt lat="50.50354" lon="4.29729"/>
            <trkpt lat="50.5033" lon="4.29687"/>
            <trkpt lat="50.50306" lon="4.29645"/>
            <trkpt lat="50.50299" lon="4.29627"/>
            <trkpt lat="50.5029" lon="4.29567"/>
            <trkpt lat="50.50287" lon="4.29539"/>
            <trkpt lat="50.50281" lon="4.29508"/>
            <trkpt lat="50.50279" lon="4.29498"/>
            <trkpt lat="50.50276" lon="4.29485"/>
            <trkpt lat="50.5027" lon="4.29464"/>
            <trkpt lat="50.50264" lon="4.2944"/>
            <trkpt lat="50.5026" lon="4.29426"/>
            <trkpt lat="50.50248" lon="4.2938"/>
            <trkpt lat="50.50238" lon="4.29354"/>
            <trkpt lat="50.50232" lon="4.29344"/>
            <trkpt lat="50.50209" lon="4.2931"/>
            <trkpt lat="50.50183" lon="4.29284"/>
            <trkpt lat="50.5017" lon="4.29275"/>
            <trkpt lat="50.50149" lon="4.29267"/>
            <trkpt lat="50.50084" lon="4.29252"/>
            <trkpt lat="50.50062" lon="4.29247"/>
            <trkpt lat="50.50039" lon="4.29237"/>
            <trkpt lat="50.49949" lon="4.29175"/>
            <trkpt lat="50.49929" lon="4.2916"/>
            <trkpt lat="50.49882" lon="4.29125"/>
            <trkpt lat="50.49812" lon="4.29074"/>
            <trkpt lat="50.49691" lon="4.28989"/>
            <trkpt lat="50.4967" lon="4.28972"/>
            <trkpt lat="50.4966" lon="4.2896"/>
            <trkpt lat="50.49649" lon="4.28942"/>
            <trkpt lat="50.49644" lon="4.28934"/>
            <trkpt lat="50.49635" lon="4.28914"/>
            <trkpt lat="50.49633" lon="4.28905"/>
            <trkpt lat="50.49624" lon="4.2885"/>
            <trkpt lat="50.49603" lon="4.28728"/>
            <trkpt lat="50.49597" lon="4.28689"/>
            <trkpt lat="50.49578" lon="4.28587"/>
            <trkpt lat="50.49572" lon="4.28559"/>
            <trkpt lat="50.4957" lon="4.28546"/>
            <trkpt lat="50.49568" lon="4.28541"/>
            <trkpt lat="50.49564" lon="4.28531"/>
            <trkpt lat="50.49557" lon="4.28519"/>
            <trkpt lat="50.49553" lon="4.28514"/>
            <trkpt lat="50.49494" lon="4.28467"/>
            <trkpt lat="50.49429" lon="4.28415"/>
            <trkpt lat="50.49373" lon="4.28373"/>
            <trkpt lat="50.49336" lon="4.28346"/>
            <trkpt lat="50.49316" lon="4.28331"/>
            <trkpt lat="50.49301" lon="4.28318"/>
            <trkpt lat="50.49276" lon="4.283"/>
            <trkpt lat="50.49196" lon="4.28237"/>
            <trkpt lat="50.49177" lon="4.28223"/>
            <trkpt lat="50.49076" lon="4.28148"/>
            <trkpt lat="50.49049" lon="4.28133"/>
            <trkpt lat="50.49047" lon="4.28132"/>
            <trkpt lat="50.49026" lon="4.28123"/>
            <trkpt lat="50.49011" lon="4.28123"/>
            <trkpt lat="50.48988" lon="4.28126"/>
            <trkpt lat="50.48944" lon="4.28138"/>
            <trkpt lat="50.48938" lon="4.28139"/>
            <trkpt lat="50.48923" lon="4.28145"/>
            <trkpt lat="50.48807" lon="4.28185"/>
            <trkpt lat="50.48752" lon="4.28202"/>
            <trkpt lat="50.48703" lon="4.28221"/>
            <trkpt lat="50.48626" lon="4.28258"/>
            <trkpt lat="50.48306" lon="4.28408"/>
            <trkpt lat="50.48205" lon="4.28457"/>
            <trkpt lat="50.48178" lon="4.28467"/>
            <trkpt lat="50.48127" lon="4.28485"/>
            <trkpt lat="50.48086" lon="4.28498"/>
            <trkpt lat="50.48018" lon="4.28524"/>
            <trkpt lat="50.4801" lon="4.28526"/>
            <trkpt lat="50.47988" lon="4.28533"/>
            <trkpt lat="50.479" lon="4.28561"/>
            <trkpt lat="50.47879" lon="4.28561"/>
            <trkpt lat="50.47861" lon="4.28554"/>
            <trkpt lat="50.47735" lon="4.28467"/>
            <trkpt lat="50.47585" lon="4.28363"/>
            <trkpt lat="50.47571" lon="4.28355"/>
            <trkpt lat="50.4741" lon="4.28245"/>
            <trkpt lat="50.47329" lon="4.28188"/>
            <trkpt lat="50.47325" lon="4.28186"/>
            <trkpt lat="50.47317" lon="4.28179"/>
            <trkpt lat="50.47307" lon="4.28173"/>
            <trkpt lat="50.47172" lon="4.28113"/>
            <trkpt lat="50.4713" lon="4.28093"/>
            <trkpt lat="50.47124" lon="4.2809"/>
            <trkpt lat="50.47119" lon="4.28088"/>
            <trkpt lat="50.47074" lon="4.28069"/>
            <trkpt lat="50.46982" lon="4.28023"/>
            <trkpt lat="50.46962" lon="4.28014"/>
            <trkpt lat="50.46896" lon="4.27984"/>
            <trkpt lat="50.46887" lon="4.27981"/>
            <trkpt lat="50.46875" lon="4.2793"/>
            <trkpt lat="50.46864" lon="4.27888"/>
            <trkpt lat="50.46788" lon="4.27612"/>
            <trkpt lat="50.46779" lon="4.2758"/>
            <trkpt lat="50.46756" lon="4.275"/>
            <trkpt lat="50.46756" lon="4.27466"/>
            <trkpt lat="50.46764" lon="4.27302"/>
            <trkpt lat="50.46774" lon="4.27177"/>
            <trkpt lat="50.46778" lon="4.27144"/>
            <trkpt lat="50.46783" lon="4.27064"/>
            <trkpt lat="50.46786" lon="4.27023"/>
            <trkpt lat="50.46787" lon="4.27009"/>
            <trkpt lat="50.46789" lon="4.26973"/>
            <trkpt lat="50.46791" lon="4.26969"/>
            <trkpt lat="50.46795" lon="4.26945"/>
            <trkpt lat="50.46796" lon="4.26933"/>
            <trkpt lat="50.46797" lon="4.26922"/>
            <trkpt lat="50.468" lon="4.26905"/>
            <trkpt lat="50.46804" lon="4.2687"/>
            <trkpt lat="50.46806" lon="4.26868"/>
            <trkpt lat="50.46809" lon="4.26866"/>
            <trkpt lat="50.46812" lon="4.26862"/>
            <trkpt lat="50.46814" lon="4.26857"/>
            <trkpt lat="50.46815" lon="4.26853"/>
            <trkpt lat="50.46816" lon="4.26848"/>
            <trkpt lat="50.46816" lon="4.26842"/>
            <trkpt lat="50.46815" lon="4.26837"/>
            <trkpt lat="50.46813" lon="4.26833"/>
            <trkpt lat="50.46811" lon="4.26829"/>
            <trkpt lat="50.46808" lon="4.26825"/>
            <trkpt lat="50.46807" lon="4.26824"/>
            <trkpt lat="50.46805" lon="4.26823"/>
            <trkpt lat="50.46802" lon="4.26822"/>
            <trkpt lat="50.46799" lon="4.26822"/>
            <trkpt lat="50.46798" lon="4.26822"/>
            <trkpt lat="50.46795" lon="4.26823"/>
            <trkpt lat="50.46792" lon="4.26825"/>
            <trkpt lat="50.46789" lon="4.26829"/>
            <trkpt lat="50.46787" lon="4.26833"/>
            <trkpt lat="50.46785" lon="4.26836"/>
            <trkpt lat="50.46766" lon="4.26834"/>
            <trkpt lat="50.46702" lon="4.26833"/>
            <trkpt lat="50.46641" lon="4.2683"/>
            <trkpt lat="50.46594" lon="4.26832"/>
            <trkpt lat="50.46472" lon="4.26838"/>
            <trkpt lat="50.46387" lon="4.26839"/>
            <trkpt lat="50.46346" lon="4.26839"/>
            <trkpt lat="50.4634" lon="4.26839"/>
            <trkpt lat="50.46316" lon="4.26839"/>
            <trkpt lat="50.46251" lon="4.2684"/>
            <trkpt lat="50.4613" lon="4.2684"/>
            <trkpt lat="50.46021" lon="4.26842"/>
            <trkpt lat="50.46" lon="4.26843"/>
            <trkpt lat="50.4595" lon="4.26848"/>
            <trkpt lat="50.45924" lon="4.26853"/>
            <trkpt lat="50.45901" lon="4.26857"/>
            <trkpt lat="50.45894" lon="4.2686"/>
            <trkpt lat="50.45867" lon="4.26872"/>
            <trkpt lat="50.45843" lon="4.26883"/>
            <trkpt lat="50.458" lon="4.26912"/>
            <trkpt lat="50.45765" lon="4.26942"/>
            <trkpt lat="50.45745" lon="4.26963"/>
            <trkpt lat="50.45721" lon="4.26989"/>
            <trkpt lat="50.45656" lon="4.2708"/>
            <trkpt lat="50.45522" lon="4.27296"/>
            <trkpt lat="50.45426" lon="4.27452"/>
            <trkpt lat="50.45387" lon="4.27512"/>
            <trkpt lat="50.45347" lon="4.27568"/>
            <trkpt lat="50.45309" lon="4.27611"/>
            <trkpt lat="50.45305" lon="4.27615"/>
            <trkpt lat="50.4528" lon="4.27641"/>
            <trkpt lat="50.45245" lon="4.2767"/>
            <trkpt lat="50.45217" lon="4.27687"/>
            <trkpt lat="50.4518" lon="4.27706"/>
            <trkpt lat="50.45148" lon="4.27718"/>
            <trkpt lat="50.45081" lon="4.27736"/>
            <trkpt lat="50.45053" lon="4.27742"/>
            <trkpt lat="50.45029" lon="4.27746"/>
            <trkpt lat="50.44922" lon="4.27761"/>
            <trkpt lat="50.44913" lon="4.27762"/>
            <trkpt lat="50.44649" lon="4.278"/>
            <trkpt lat="50.44592" lon="4.27807"/>
            <trkpt lat="50.44527" lon="4.27817"/>
            <trkpt lat="50.44441" lon="4.27831"/>
            <trkpt lat="50.44387" lon="4.27842"/>
            <trkpt lat="50.4438" lon="4.27843"/>
            <trkpt lat="50.44281" lon="4.27858"/>
            <trkpt lat="50.44236" lon="4.27864"/>
            <trkpt lat="50.44229" lon="4.27865"/>
            <trkpt lat="50.44167" lon="4.27875"/>
            <trkpt lat="50.43905" lon="4.27904"/>
            <trkpt lat="50.43717" lon="4.27933"/>
            <trkpt lat="50.43631" lon="4.2795"/>
            <trkpt lat="50.43588" lon="4.27958"/>
            <trkpt lat="50.43564" lon="4.27961"/>
            <trkpt lat="50.43542" lon="4.27964"/>
            <trkpt lat="50.43501" lon="4.27968"/>
            <trkpt lat="50.43421" lon="4.2798"/>
            <trkpt lat="50.43344" lon="4.27991"/>
            <trkpt lat="50.43243" lon="4.28005"/>
            <trkpt lat="50.43173" lon="4.28016"/>
            <trkpt lat="50.43168" lon="4.28017"/>
            <trkpt lat="50.43015" lon="4.28041"/>
            <trkpt lat="50.4291" lon="4.28055"/>
            <trkpt lat="50.42761" lon="4.28078"/>
            <trkpt lat="50.42756" lon="4.28079"/>
            <trkpt lat="50.42742" lon="4.28081"/>
            <trkpt lat="50.42725" lon="4.28083"/>
            <trkpt lat="50.42645" lon="4.28095"/>
            <trkpt lat="50.42397" lon="4.2813"/>
            <trkpt lat="50.4235" lon="4.28137"/>
            <trkpt lat="50.42249" lon="4.28152"/>
            <trkpt lat="50.42103" lon="4.28173"/>
            <trkpt lat="50.41957" lon="4.28194"/>
            <trkpt lat="50.41901" lon="4.28206"/>
            <trkpt lat="50.41886" lon="4.28211"/>
            <trkpt lat="50.41826" lon="4.2823"/>
            <trkpt lat="50.41793" lon="4.28245"/>
            <trkpt lat="50.41766" lon="4.28263"/>
            <trkpt lat="50.41751" lon="4.28269"/>
            <trkpt lat="50.41725" lon="4.28275"/>
            <trkpt lat="50.41719" lon="4.28274"/>
            <trkpt lat="50.41712" lon="4.28272"/>
            <trkpt lat="50.4171" lon="4.28264"/>
            <trkpt lat="50.41707" lon="4.28256"/>
            <trkpt lat="50.41701" lon="4.28246"/>
            <trkpt lat="50.41693" lon="4.28239"/>
            <trkpt lat="50.41687" lon="4.28237"/>
            <trkpt lat="50.41683" lon="4.28237"/>
            <trkpt lat="50.41679" lon="4.28237"/>
            <trkpt lat="50.41673" lon="4.28238"/>
            <trkpt lat="50.41669" lon="4.2824"/>
            <trkpt lat="50.41664" lon="4.28243"/>
            <trkpt lat="50.41659" lon="4.28248"/>
            <trkpt lat="50.41654" lon="4.28254"/>
            <trkpt lat="50.4165" lon="4.28262"/>
            <trkpt lat="50.41647" lon="4.28276"/>
            <trkpt lat="50.41646" lon="4.28296"/>
            <trkpt lat="50.41648" lon="4.28304"/>
            <trkpt lat="50.4165" lon="4.28311"/>
            <trkpt lat="50.41655" lon="4.28322"/>
            <trkpt lat="50.41659" lon="4.28327"/>
            <trkpt lat="50.41664" lon="4.28331"/>
            <trkpt lat="50.41669" lon="4.28335"/>
            <trkpt lat="50.41673" lon="4.28336"/>
            <trkpt lat="50.41677" lon="4.28337"/>
            <trkpt lat="50.41686" lon="4.28336"/>
            <trkpt lat="50.41688" lon="4.28373"/>
            <trkpt lat="50.4169" lon="4.28467"/>
            <trkpt lat="50.4169" lon="4.28483"/>
            <trkpt lat="50.41691" lon="4.28505"/>
            <trkpt lat="50.41704" lon="4.28604"/>
            <trkpt lat="50.41711" lon="4.28672"/>
            <trkpt lat="50.41723" lon="4.28814"/>
            <trkpt lat="50.41726" lon="4.28868"/>
            <trkpt lat="50.41728" lon="4.28958"/>
            <trkpt lat="50.41728" lon="4.29035"/>
            <trkpt lat="50.4172" lon="4.29144"/>
            <trkpt lat="50.4171" lon="4.29245"/>
            <trkpt lat="50.41706" lon="4.29263"/>
            <trkpt lat="50.41701" lon="4.29291"/>
            <trkpt lat="50.41689" lon="4.29343"/>
            <trkpt lat="50.4166" lon="4.29456"/>
            <trkpt lat="50.41651" lon="4.29501"/>
            <trkpt lat="50.41637" lon="4.29568"/>
            <trkpt lat="50.41629" lon="4.2961"/>
            <trkpt lat="50.4162" lon="4.29678"/>
            <trkpt lat="50.41598" lon="4.29825"/>
            <trkpt lat="50.41579" lon="4.29965"/>
            <trkpt lat="50.41573" lon="4.30014"/>
            <trkpt lat="50.41565" lon="4.30113"/>
            <trkpt lat="50.41551" lon="4.30221"/>
            <trkpt lat="50.41543" lon="4.30266"/>
            <trkpt lat="50.4154" lon="4.30277"/>
            <trkpt lat="50.41516" lon="4.30344"/>
            <trkpt lat="50.415" lon="4.30388"/>
            <trkpt lat="50.41488" lon="4.30431"/>
            <trkpt lat="50.4146" lon="4.30541"/>
            <trkpt lat="50.41429" lon="4.30664"/>
            <trkpt lat="50.4142" lon="4.30696"/>
            <trkpt lat="50.41416" lon="4.30713"/>
            <trkpt lat="50.41414" lon="4.30723"/>
            <trkpt lat="50.41413" lon="4.30747"/>
            <trkpt lat="50.41419" lon="4.30791"/>
            <trkpt lat="50.41441" lon="4.30889"/>
            <trkpt lat="50.41442" lon="4.30898"/>
            <trkpt lat="50.41441" lon="4.30907"/>
            <trkpt lat="50.41427" lon="4.30962"/>
            <trkpt lat="50.41411" lon="4.31081"/>
            <trkpt lat="50.41405" lon="4.31112"/>
            <trkpt lat="50.41398" lon="4.31144"/>
            <trkpt lat="50.41395" lon="4.31161"/>
            <trkpt lat="50.41392" lon="4.31173"/>
            <trkpt lat="50.41383" lon="4.31211"/>
            <trkpt lat="50.41375" lon="4.31247"/>
            <trkpt lat="50.41355" lon="4.31328"/>
            <trkpt lat="50.41342" lon="4.31377"/>
            <trkpt lat="50.41334" lon="4.3142"/>
            <trkpt lat="50.41318" lon="4.3152"/>
            <trkpt lat="50.41313" lon="4.31547"/>
            <trkpt lat="50.41309" lon="4.31565"/>
            <trkpt lat="50.41297" lon="4.31559"/>
            <trkpt lat="50.41188" lon="4.31514"/>
            <trkpt lat="50.41132" lon="4.31491"/>
            <trkpt lat="50.41095" lon="4.31474"/>
            <trkpt lat="50.41084" lon="4.31529"/>
            <trkpt lat="50.41071" lon="4.31593"/>
            <trkpt lat="50.41063" lon="4.31624"/>
            <trkpt lat="50.4105" lon="4.31652"/>
            <trkpt lat="50.41013" lon="4.31751"/>
            <trkpt lat="50.40943" lon="4.31939"/>
            <trkpt lat="50.4086" lon="4.32134"/>
            <trkpt lat="50.40844" lon="4.32115"/>
            <trkpt lat="50.4084" lon="4.3211"/>
            <trkpt lat="50.40786" lon="4.32058"/>
            <trkpt lat="50.40773" lon="4.32046"/>
            <trkpt lat="50.40723" lon="4.31995"/>
            <trkpt lat="50.40709" lon="4.3198"/>
            <trkpt lat="50.40711" lon="4.31976"/>
            <trkpt lat="50.40712" lon="4.31969"/>
            <trkpt lat="50.40713" lon="4.31966"/>
            <trkpt lat="50.40713" lon="4.31955"/>
            <trkpt lat="50.40711" lon="4.31945"/>
            <trkpt lat="50.40709" lon="4.3194"/>
            <trkpt lat="50.40707" lon="4.31936"/>
            <trkpt lat="50.40705" lon="4.31934"/>
            <trkpt lat="50.40702" lon="4.31932"/>
            <trkpt lat="50.407" lon="4.31932"/>
            <trkpt lat="50.40696" lon="4.31932"/>
            <trkpt lat="50.40693" lon="4.31933"/>
            <trkpt lat="50.40691" lon="4.31935"/>
            <trkpt lat="50.40688" lon="4.3194"/>
            <trkpt lat="50.40686" lon="4.31944"/>
            <trkpt lat="50.40685" lon="4.31952"/>
            <trkpt lat="50.40685" lon="4.31957"/>
            <trkpt lat="50.40686" lon="4.31971"/>
            <trkpt lat="50.40687" lon="4.31976"/>
            <trkpt lat="50.40689" lon="4.3198"/>
            <trkpt lat="50.4069" lon="4.32008"/>
            <trkpt lat="50.40691" lon="4.32045"/>
            <trkpt lat="50.40692" lon="4.32078"/>
            <trkpt lat="50.40693" lon="4.32173"/>
            <trkpt lat="50.40697" lon="4.3218"/>
            <trkpt lat="50.40697" lon="4.32208"/>
            <trkpt lat="50.40699" lon="4.32266"/>
            <trkpt lat="50.40702" lon="4.32367"/>
            <trkpt lat="50.40699" lon="4.32375"/>
            <trkpt lat="50.40699" lon="4.32387"/>
            <trkpt lat="50.407" lon="4.32447"/>
            <trkpt lat="50.40702" lon="4.32481"/>
            <trkpt lat="50.40702" lon="4.32521"/>
            <trkpt lat="50.40701" lon="4.32536"/>
            <trkpt lat="50.40702" lon="4.32587"/>
            <trkpt lat="50.40689" lon="4.32597"/>
            <trkpt lat="50.40675" lon="4.32606"/>
            <trkpt lat="50.40656" lon="4.32618"/>
            <trkpt lat="50.40639" lon="4.32629"/>
            <trkpt lat="50.40627" lon="4.32637"/>
            <trkpt lat="50.40622" lon="4.3264"/>
            <trkpt lat="50.40616" lon="4.32644"/>
            <trkpt lat="50.40609" lon="4.32648"/>
            <trkpt lat="50.40596" lon="4.32656"/>
            <trkpt lat="50.40589" lon="4.3266"/>
            <trkpt lat="50.40527" lon="4.32705"/>
            <trkpt lat="50.40501" lon="4.32725"/>
            <trkpt lat="50.40332" lon="4.32841"/>
            <trkpt lat="50.4031" lon="4.32857"/>
            <trkpt lat="50.40303" lon="4.32861"/>
            <trkpt lat="50.40302" lon="4.32862"/>
            <trkpt lat="50.40291" lon="4.32873"/>
            <trkpt lat="50.40221" lon="4.32923"/>
            <trkpt lat="50.40168" lon="4.32958"/>
            <trkpt lat="50.40144" lon="4.32975"/>
            <trkpt lat="50.40056" lon="4.3303"/>
            <trkpt lat="50.39921" lon="4.3311"/>
            <trkpt lat="50.3988" lon="4.3314"/>
            <trkpt lat="50.39844" lon="4.3318"/>
            <trkpt lat="50.3983" lon="4.33198"/>
            <trkpt lat="50.39823" lon="4.33203"/>
            <trkpt lat="50.39817" lon="4.33205"/>
            <trkpt lat="50.39812" lon="4.33201"/>
            <trkpt lat="50.39803" lon="4.3319"/>
            <trkpt lat="50.39782" lon="4.3318"/>
            <trkpt lat="50.39766" lon="4.33188"/>
            <trkpt lat="50.39758" lon="4.332"/>
            <trkpt lat="50.39747" lon="4.33208"/>
            <trkpt lat="50.3974" lon="4.33211"/>
            <trkpt lat="50.39733" lon="4.33213"/>
            <trkpt lat="50.39716" lon="4.33216"/>
            <trkpt lat="50.39708" lon="4.33213"/>
            <trkpt lat="50.39693" lon="4.332"/>
            <trkpt lat="50.39689" lon="4.33194"/>
            <trkpt lat="50.39641" lon="4.33139"/>
            <trkpt lat="50.39633" lon="4.33134"/>
            <trkpt lat="50.39626" lon="4.33131"/>
            <trkpt lat="50.39622" lon="4.33132"/>
            <trkpt lat="50.39614" lon="4.33135"/>
            <trkpt lat="50.39595" lon="4.33162"/>
            <trkpt lat="50.39572" lon="4.33195"/>
            <trkpt lat="50.39564" lon="4.33198"/>
            <trkpt lat="50.39558" lon="4.33197"/>
            <trkpt lat="50.3955" lon="4.33189"/>
            <trkpt lat="50.39524" lon="4.33146"/>
            <trkpt lat="50.39486" lon="4.33086"/>
            <trkpt lat="50.39471" lon="4.33072"/>
            <trkpt lat="50.39464" lon="4.33069"/>
            <trkpt lat="50.39456" lon="4.33069"/>
            <trkpt lat="50.39448" lon="4.33069"/>
            <trkpt lat="50.39358" lon="4.33102"/>
            <trkpt lat="50.39193" lon="4.33166"/>
            <trkpt lat="50.39175" lon="4.33176"/>
            <trkpt lat="50.39166" lon="4.3318"/>
            <trkpt lat="50.3918" lon="4.33248"/>
            <trkpt lat="50.39211" lon="4.3336"/>
            <trkpt lat="50.39138" lon="4.33388"/>
            <trkpt lat="50.3906" lon="4.33421"/>
            <trkpt lat="50.38999" lon="4.33441"/>
            <trkpt lat="50.38939" lon="4.33464"/>
            <trkpt lat="50.38834" lon="4.33508"/>
            <trkpt lat="50.38787" lon="4.33512"/>
            <trkpt lat="50.38758" lon="4.33515"/>
            <trkpt lat="50.38735" lon="4.33524"/>
            <trkpt lat="50.38724" lon="4.33531"/>
            <trkpt lat="50.38716" lon="4.33542"/>
            <trkpt lat="50.38707" lon="4.33554"/>
            <trkpt lat="50.38699" lon="4.33571"/>
            <trkpt lat="50.38692" lon="4.33594"/>
            <trkpt lat="50.38689" lon="4.3361"/>
            <trkpt lat="50.38683" lon="4.33683"/>
            <trkpt lat="50.3868" lon="4.33698"/>
            <trkpt lat="50.38675" lon="4.33715"/>
            <trkpt lat="50.38665" lon="4.33728"/>
            <trkpt lat="50.3865" lon="4.33739"/>
            <trkpt lat="50.3863" lon="4.33749"/>
            <trkpt lat="50.38624" lon="4.33753"/>
            <trkpt lat="50.38601" lon="4.33776"/>
            <trkpt lat="50.386" lon="4.33777"/>
            <trkpt lat="50.38584" lon="4.33804"/>
            <trkpt lat="50.38576" lon="4.33824"/>
            <trkpt lat="50.38512" lon="4.34012"/>
            <trkpt lat="50.38463" lon="4.34173"/>
            <trkpt lat="50.38449" lon="4.34215"/>
            <trkpt lat="50.38434" lon="4.34251"/>
            <trkpt lat="50.38379" lon="4.34367"/>
            <trkpt lat="50.3833" lon="4.34474"/>
            <trkpt lat="50.38288" lon="4.34565"/>
            <trkpt lat="50.38269" lon="4.3461"/>
            <trkpt lat="50.38253" lon="4.34653"/>
            <trkpt lat="50.38251" lon="4.34659"/>
            <trkpt lat="50.38233" lon="4.34706"/>
            <trkpt lat="50.38208" lon="4.34776"/>
            <trkpt lat="50.38192" lon="4.34818"/>
            <trkpt lat="50.38184" lon="4.34837"/>
            <trkpt lat="50.38176" lon="4.34849"/>
            <trkpt lat="50.38166" lon="4.3486"/>
            <trkpt lat="50.38152" lon="4.34871"/>
            <trkpt lat="50.38133" lon="4.34889"/>
            <trkpt lat="50.38103" lon="4.34923"/>
            <trkpt lat="50.38094" lon="4.34934"/>
            <trkpt lat="50.38067" lon="4.34975"/>
            <trkpt lat="50.38066" lon="4.34977"/>
            <trkpt lat="50.38038" lon="4.35015"/>
            <trkpt lat="50.38" lon="4.35058"/>
            <trkpt lat="50.37999" lon="4.35059"/>
            <trkpt lat="50.37979" lon="4.35076"/>
            <trkpt lat="50.3797" lon="4.3508"/>
            <trkpt lat="50.3793" lon="4.35087"/>
            <trkpt lat="50.3788" lon="4.35096"/>
            <trkpt lat="50.37871" lon="4.35099"/>
            <trkpt lat="50.37865" lon="4.35063"/>
            <trkpt lat="50.37858" lon="4.35059"/>
            <trkpt lat="50.37851" lon="4.35054"/>
            <trkpt lat="50.37791" lon="4.35029"/>
            <trkpt lat="50.37764" lon="4.3502"/>
            <trkpt lat="50.37742" lon="4.35009"/>
            <trkpt lat="50.37731" lon="4.35003"/>
            <trkpt lat="50.37715" lon="4.3499"/>
            <trkpt lat="50.37705" lon="4.34979"/>
            <trkpt lat="50.3769" lon="4.34947"/>
            <trkpt lat="50.37659" lon="4.34865"/>
            <trkpt lat="50.37647" lon="4.3483"/>
            <trkpt lat="50.37646" lon="4.34826"/>
            <trkpt lat="50.37635" lon="4.34794"/>
            <trkpt lat="50.37607" lon="4.34699"/>
            <trkpt lat="50.37592" lon="4.3463"/>
            <trkpt lat="50.3758" lon="4.34576"/>
            <trkpt lat="50.37574" lon="4.34536"/>
            <trkpt lat="50.3757" lon="4.34491"/>
            <trkpt lat="50.37568" lon="4.34456"/>
            <trkpt lat="50.37573" lon="4.34303"/>
            <trkpt lat="50.37575" lon="4.34217"/>
            <trkpt lat="50.37575" lon="4.34161"/>
            <trkpt lat="50.37568" lon="4.34088"/>
            <trkpt lat="50.37549" lon="4.33936"/>
            <trkpt lat="50.37543" lon="4.33906"/>
            <trkpt lat="50.37535" lon="4.33874"/>
            <trkpt lat="50.37523" lon="4.33835"/>
            <trkpt lat="50.37514" lon="4.33814"/>
            <trkpt lat="50.37498" lon="4.33784"/>
            <trkpt lat="50.37491" lon="4.33772"/>
            <trkpt lat="50.37478" lon="4.33755"/>
            <trkpt lat="50.37434" lon="4.33709"/>
            <trkpt lat="50.3743" lon="4.33706"/>
            <trkpt lat="50.37427" lon="4.33703"/>
            <trkpt lat="50.37406" lon="4.33682"/>
            <trkpt lat="50.37401" lon="4.33677"/>
            <trkpt lat="50.37396" lon="4.33674"/>
            <trkpt lat="50.37391" lon="4.33672"/>
            <trkpt lat="50.37385" lon="4.33671"/>
            <trkpt lat="50.3737" lon="4.33671"/>
            <trkpt lat="50.37334" lon="4.33668"/>
            <trkpt lat="50.37288" lon="4.33668"/>
            <trkpt lat="50.37256" lon="4.33663"/>
            <trkpt lat="50.37248" lon="4.33658"/>
            <trkpt lat="50.36999" lon="4.33511"/>
            <trkpt lat="50.36936" lon="4.33477"/>
            <trkpt lat="50.36908" lon="4.33496"/>
            <trkpt lat="50.36874" lon="4.33523"/>
            <trkpt lat="50.36852" lon="4.3354"/>
            <trkpt lat="50.36811" lon="4.33567"/>
            <trkpt lat="50.36788" lon="4.33575"/>
            <trkpt lat="50.3677" lon="4.33578"/>
            <trkpt lat="50.36765" lon="4.33577"/>
            <trkpt lat="50.36757" lon="4.33576"/>
            <trkpt lat="50.36754" lon="4.33574"/>
            <trkpt lat="50.36751" lon="4.33571"/>
            <trkpt lat="50.36748" lon="4.33568"/>
            <trkpt lat="50.36746" lon="4.33563"/>
            <trkpt lat="50.36744" lon="4.33555"/>
            <trkpt lat="50.3674" lon="4.33552"/>
            <trkpt lat="50.36736" lon="4.33551"/>
            <trkpt lat="50.36733" lon="4.3355"/>
            <trkpt lat="50.36729" lon="4.3355"/>
            <trkpt lat="50.36725" lon="4.3355"/>
            <trkpt lat="50.36718" lon="4.33549"/>
            <trkpt lat="50.36715" lon="4.33547"/>
            <trkpt lat="50.36712" lon="4.33542"/>
            <trkpt lat="50.36711" lon="4.33534"/>
            <trkpt lat="50.36709" lon="4.33518"/>
            <trkpt lat="50.36702" lon="4.33414"/>
            <trkpt lat="50.367" lon="4.33371"/>
            <trkpt lat="50.367" lon="4.33355"/>
            <trkpt lat="50.36698" lon="4.3334"/>
            <trkpt lat="50.36696" lon="4.33333"/>
            <trkpt lat="50.36694" lon="4.33325"/>
            <trkpt lat="50.36691" lon="4.33311"/>
            <trkpt lat="50.36685" lon="4.33292"/>
            <trkpt lat="50.36678" lon="4.33274"/>
            <trkpt lat="50.36674" lon="4.33266"/>
            <trkpt lat="50.36667" lon="4.33255"/>
            <trkpt lat="50.36664" lon="4.33251"/>
            <trkpt lat="50.36658" lon="4.33245"/>
            <trkpt lat="50.36649" lon="4.3324"/>
            <trkpt lat="50.3663" lon="4.33308"/>
            <trkpt lat="50.36626" lon="4.33317"/>
            <trkpt lat="50.36622" lon="4.33323"/>
            <trkpt lat="50.36618" lon="4.33328"/>
            <trkpt lat="50.36613" lon="4.3333"/>
            <trkpt lat="50.36611" lon="4.33331"/>
            <trkpt lat="50.36607" lon="4.33331"/>
            <trkpt lat="50.36579" lon="4.3332"/>
            <trkpt lat="50.36505" lon="4.33285"/>
            <trkpt lat="50.36449" lon="4.33257"/>
            <trkpt lat="50.36436" lon="4.33246"/>
            <trkpt lat="50.36417" lon="4.33225"/>
            <trkpt lat="50.36462" lon="4.33148"/>
            <trkpt lat="50.36476" lon="4.33122"/>
            <trkpt lat="50.36482" lon="4.33103"/>
            <trkpt lat="50.36489" lon="4.33076"/>
            <trkpt lat="50.36501" lon="4.33013"/>
            <trkpt lat="50.36508" lon="4.32978"/>
            <trkpt lat="50.36511" lon="4.32966"/>
            <trkpt lat="50.36513" lon="4.3296"/>
            <trkpt lat="50.36517" lon="4.32952"/>
            <trkpt lat="50.36529" lon="4.32937"/>
            <trkpt lat="50.3653" lon="4.32937"/>
            <trkpt lat="50.36541" lon="4.32927"/>
            <trkpt lat="50.36614" lon="4.32861"/>
            <trkpt lat="50.36631" lon="4.32846"/>
            <trkpt lat="50.36669" lon="4.32807"/>
            <trkpt lat="50.36735" lon="4.32743"/>
            <trkpt lat="50.36851" lon="4.32627"/>
            <trkpt lat="50.36875" lon="4.32601"/>
            <trkpt lat="50.36893" lon="4.32577"/>
            <trkpt lat="50.36906" lon="4.32556"/>
            <trkpt lat="50.36918" lon="4.32531"/>
            <trkpt lat="50.36939" lon="4.32478"/>
            <trkpt lat="50.36972" lon="4.3235"/>
            <trkpt lat="50.36994" lon="4.32237"/>
            <trkpt lat="50.37015" lon="4.32101"/>
            <trkpt lat="50.37033" lon="4.31969"/>
            <trkpt lat="50.37043" lon="4.31876"/>
            <trkpt lat="50.37044" lon="4.31851"/>
            <trkpt lat="50.37042" lon="4.31826"/>
            <trkpt lat="50.3704" lon="4.31809"/>
            <trkpt lat="50.37038" lon="4.31797"/>
            <trkpt lat="50.37034" lon="4.3178"/>
            <trkpt lat="50.37032" lon="4.31771"/>
            <trkpt lat="50.37026" lon="4.31752"/>
            <trkpt lat="50.37016" lon="4.31728"/>
            <trkpt lat="50.37005" lon="4.31706"/>
            <trkpt lat="50.36992" lon="4.31687"/>
            <trkpt lat="50.36966" lon="4.3166"/>
            <trkpt lat="50.36953" lon="4.31651"/>
            <trkpt lat="50.36935" lon="4.31642"/>
            <trkpt lat="50.36929" lon="4.3164"/>
            <trkpt lat="50.36905" lon="4.31634"/>
            <trkpt lat="50.36884" lon="4.31635"/>
            <trkpt lat="50.3686" lon="4.31639"/>
            <trkpt lat="50.36841" lon="4.31646"/>
            <trkpt lat="50.3679" lon="4.3169"/>
            <trkpt lat="50.36745" lon="4.31733"/>
            <trkpt lat="50.36711" lon="4.31765"/>
            <trkpt lat="50.36635" lon="4.31835"/>
            <trkpt lat="50.36568" lon="4.31899"/>
            <trkpt lat="50.36515" lon="4.31951"/>
            <trkpt lat="50.36476" lon="4.31989"/>
            <trkpt lat="50.36471" lon="4.31993"/>
            <trkpt lat="50.36449" lon="4.32014"/>
            <trkpt lat="50.36201" lon="4.32251"/>
            <trkpt lat="50.36192" lon="4.3226"/>
            <trkpt lat="50.36133" lon="4.32318"/>
            <trkpt lat="50.36133" lon="4.32318"/>
            <trkpt lat="50.36073" lon="4.32376"/>
            <trkpt lat="50.35944" lon="4.32499"/>
            <trkpt lat="50.359" lon="4.32546"/>
            <trkpt lat="50.35731" lon="4.32707"/>
            <trkpt lat="50.35685" lon="4.32754"/>
            <trkpt lat="50.3567" lon="4.32773"/>
            <trkpt lat="50.35649" lon="4.32807"/>
            <trkpt lat="50.3564" lon="4.32829"/>
            <trkpt lat="50.35625" lon="4.32861"/>
            <trkpt lat="50.35589" lon="4.32939"/>
            <trkpt lat="50.35545" lon="4.33036"/>
            <trkpt lat="50.35509" lon="4.33124"/>
            <trkpt lat="50.35435" lon="4.3333"/>
            <trkpt lat="50.35372" lon="4.33507"/>
            <trkpt lat="50.3536" lon="4.33547"/>
            <trkpt lat="50.35312" lon="4.33679"/>
            <trkpt lat="50.35261" lon="4.33824"/>
            <trkpt lat="50.35254" lon="4.33846"/>
            <trkpt lat="50.35231" lon="4.33908"/>
            <trkpt lat="50.3521" lon="4.33957"/>
            <trkpt lat="50.35196" lon="4.33983"/>
            <trkpt lat="50.35183" lon="4.34004"/>
            <trkpt lat="50.35168" lon="4.34022"/>
            <trkpt lat="50.35146" lon="4.34043"/>
            <trkpt lat="50.35012" lon="4.34151"/>
            <trkpt lat="50.34983" lon="4.34181"/>
            <trkpt lat="50.34948" lon="4.34223"/>
            <trkpt lat="50.34925" lon="4.34253"/>
            <trkpt lat="50.34911" lon="4.34272"/>
            <trkpt lat="50.34882" lon="4.34312"/>
            <trkpt lat="50.34854" lon="4.34349"/>
            <trkpt lat="50.34816" lon="4.34403"/>
            <trkpt lat="50.34802" lon="4.34421"/>
            <trkpt lat="50.34644" lon="4.34634"/>
            <trkpt lat="50.34567" lon="4.3474"/>
            <trkpt lat="50.34559" lon="4.34752"/>
            <trkpt lat="50.34483" lon="4.3486"/>
            <trkpt lat="50.34466" lon="4.34887"/>
            <trkpt lat="50.34446" lon="4.34921"/>
            <trkpt lat="50.34443" lon="4.34926"/>
            <trkpt lat="50.34403" lon="4.35004"/>
            <trkpt lat="50.34379" lon="4.35055"/>
            <trkpt lat="50.34378" lon="4.35059"/>
            <trkpt lat="50.34366" lon="4.35082"/>
            <trkpt lat="50.34343" lon="4.35117"/>
            <trkpt lat="50.34273" lon="4.35211"/>
            <trkpt lat="50.34259" lon="4.35223"/>
            <trkpt lat="50.34245" lon="4.35235"/>
            <trkpt lat="50.34129" lon="4.35361"/>
            <trkpt lat="50.34119" lon="4.35374"/>
            <trkpt lat="50.34036" lon="4.35476"/>
            <trkpt lat="50.33979" lon="4.35549"/>
            <trkpt lat="50.3396" lon="4.35571"/>
            <trkpt lat="50.33936" lon="4.35609"/>
            <trkpt lat="50.33936" lon="4.3561"/>
            <trkpt lat="50.33923" lon="4.35636"/>
            <trkpt lat="50.33912" lon="4.35654"/>
            <trkpt lat="50.339" lon="4.35682"/>
            <trkpt lat="50.33887" lon="4.35706"/>
            <trkpt lat="50.33878" lon="4.35716"/>
            <trkpt lat="50.33872" lon="4.3572"/>
            <trkpt lat="50.33862" lon="4.35722"/>
            <trkpt lat="50.33841" lon="4.35722"/>
            <trkpt lat="50.33792" lon="4.35725"/>
            <trkpt lat="50.33772" lon="4.35729"/>
            <trkpt lat="50.33741" lon="4.35743"/>
            <trkpt lat="50.33724" lon="4.35752"/>
            <trkpt lat="50.33678" lon="4.3578"/>
            <trkpt lat="50.33564" lon="4.35836"/>
            <trkpt lat="50.33532" lon="4.35855"/>
            <trkpt lat="50.33513" lon="4.3587"/>
            <trkpt lat="50.33498" lon="4.35886"/>
            <trkpt lat="50.33461" lon="4.35931"/>
            <trkpt lat="50.33455" lon="4.35938"/>
            <trkpt lat="50.33432" lon="4.35982"/>
            <trkpt lat="50.33387" lon="4.36055"/>
            <trkpt lat="50.3337" lon="4.36084"/>
            <trkpt lat="50.33341" lon="4.36145"/>
            <trkpt lat="50.33304" lon="4.36235"/>
            <trkpt lat="50.33279" lon="4.36302"/>
            <trkpt lat="50.33216" lon="4.36449"/>
            <trkpt lat="50.33211" lon="4.36466"/>
            <trkpt lat="50.33209" lon="4.36471"/>
            <trkpt lat="50.33206" lon="4.3648"/>
            <trkpt lat="50.33193" lon="4.36513"/>
            <trkpt lat="50.33143" lon="4.36624"/>
            <trkpt lat="50.33103" lon="4.36698"/>
            <trkpt lat="50.33082" lon="4.36733"/>
            <trkpt lat="50.33046" lon="4.36786"/>
            <trkpt lat="50.33017" lon="4.36825"/>
            <trkpt lat="50.32985" lon="4.36863"/>
            <trkpt lat="50.3297" lon="4.36879"/>
            <trkpt lat="50.32941" lon="4.36904"/>
            <trkpt lat="50.32889" lon="4.36936"/>
            <trkpt lat="50.32882" lon="4.36941"/>
            <trkpt lat="50.32875" lon="4.36949"/>
            <trkpt lat="50.32863" lon="4.36967"/>
            <trkpt lat="50.32811" lon="4.37045"/>
            <trkpt lat="50.32787" lon="4.37074"/>
            <trkpt lat="50.32721" lon="4.36974"/>
            <trkpt lat="50.32722" lon="4.3698"/>
            <trkpt lat="50.32721" lon="4.36984"/>
            <trkpt lat="50.32721" lon="4.36986"/>
            <trkpt lat="50.32719" lon="4.36991"/>
            <trkpt lat="50.32708" lon="4.3701"/>
            <trkpt lat="50.32692" lon="4.37039"/>
            <trkpt lat="50.32677" lon="4.37061"/>
            <trkpt lat="50.32599" lon="4.37171"/>
            <trkpt lat="50.32585" lon="4.37193"/>
            <trkpt lat="50.32576" lon="4.37205"/>
            <trkpt lat="50.32567" lon="4.37215"/>
            <trkpt lat="50.32547" lon="4.3724"/>
            <trkpt lat="50.32542" lon="4.37246"/>
            <trkpt lat="50.3254" lon="4.3725"/>
            <trkpt lat="50.32538" lon="4.37254"/>
            <trkpt lat="50.32537" lon="4.37256"/>
            <trkpt lat="50.32537" lon="4.37258"/>
            <trkpt lat="50.32535" lon="4.3727"/>
            <trkpt lat="50.32535" lon="4.37279"/>
            <trkpt lat="50.32537" lon="4.3732"/>
            <trkpt lat="50.32541" lon="4.37373"/>
            <trkpt lat="50.32541" lon="4.37424"/>
            <trkpt lat="50.32539" lon="4.37437"/>
            <trkpt lat="50.32537" lon="4.37449"/>
            <trkpt lat="50.32517" lon="4.37527"/>
            <trkpt lat="50.32477" lon="4.37679"/>
            <trkpt lat="50.32461" lon="4.37732"/>
            <trkpt lat="50.32459" lon="4.37737"/>
            <trkpt lat="50.32456" lon="4.37748"/>
            <trkpt lat="50.32411" lon="4.37719"/>
            <trkpt lat="50.324" lon="4.37713"/>
            <trkpt lat="50.32383" lon="4.37707"/>
            <trkpt lat="50.32305" lon="4.377"/>
            <trkpt lat="50.32286" lon="4.37695"/>
            <trkpt lat="50.32228" lon="4.37681"/>
            <trkpt lat="50.32191" lon="4.37671"/>
            <trkpt lat="50.32139" lon="4.37655"/>
            <trkpt lat="50.32109" lon="4.37644"/>
            <trkpt lat="50.32072" lon="4.37625"/>
            <trkpt lat="50.3205" lon="4.37611"/>
            <trkpt lat="50.32022" lon="4.37588"/>
            <trkpt lat="50.31968" lon="4.3754"/>
            <trkpt lat="50.31883" lon="4.37456"/>
            <trkpt lat="50.3182" lon="4.37379"/>
            <trkpt lat="50.31773" lon="4.37321"/>
            <trkpt lat="50.31768" lon="4.37314"/>
            <trkpt lat="50.31738" lon="4.37277"/>
            <trkpt lat="50.31721" lon="4.37256"/>
            <trkpt lat="50.31717" lon="4.37251"/>
            <trkpt lat="50.31707" lon="4.37242"/>
            <trkpt lat="50.31701" lon="4.37238"/>
            <trkpt lat="50.31687" lon="4.37234"/>
            <trkpt lat="50.31674" lon="4.37233"/>
            <trkpt lat="50.31477" lon="4.37249"/>
            <trkpt lat="50.31449" lon="4.37254"/>
            <trkpt lat="50.31443" lon="4.37256"/>
            <trkpt lat="50.31235" lon="4.37307"/>
            <trkpt lat="50.31177" lon="4.37328"/>
            <trkpt lat="50.31123" lon="4.37355"/>
            <trkpt lat="50.31104" lon="4.37366"/>
            <trkpt lat="50.30987" lon="4.37444"/>
            <trkpt lat="50.30905" lon="4.375"/>
            <trkpt lat="50.30872" lon="4.37516"/>
            <trkpt lat="50.30827" lon="4.37534"/>
            <trkpt lat="50.3079" lon="4.37553"/>
            <trkpt lat="50.3075" lon="4.37576"/>
            <trkpt lat="50.30706" lon="4.37603"/>
            <trkpt lat="50.30656" lon="4.37639"/>
            <trkpt lat="50.30617" lon="4.37673"/>
            <trkpt lat="50.3053" lon="4.37748"/>
            <trkpt lat="50.30521" lon="4.37756"/>
            <trkpt lat="50.3051" lon="4.37771"/>
            <trkpt lat="50.305" lon="4.37782"/>
            <trkpt lat="50.30476" lon="4.37811"/>
            <trkpt lat="50.30455" lon="4.37842"/>
            <trkpt lat="50.30451" lon="4.3785"/>
            <trkpt lat="50.30443" lon="4.37867"/>
            <trkpt lat="50.3044" lon="4.37874"/>
            <trkpt lat="50.30432" lon="4.37912"/>
            <trkpt lat="50.30425" lon="4.3795"/>
            <trkpt lat="50.30422" lon="4.37959"/>
            <trkpt lat="50.30412" lon="4.37999"/>
            <trkpt lat="50.30408" lon="4.38012"/>
            <trkpt lat="50.30384" lon="4.38091"/>
            <trkpt lat="50.30362" lon="4.38174"/>
            <trkpt lat="50.30335" lon="4.38258"/>
            <trkpt lat="50.30307" lon="4.3835"/>
            <trkpt lat="50.30299" lon="4.38381"/>
            <trkpt lat="50.30286" lon="4.38445"/>
            <trkpt lat="50.30271" lon="4.3851"/>
            <trkpt lat="50.30235" lon="4.38635"/>
            <trkpt lat="50.3022" lon="4.38697"/>
            <trkpt lat="50.30205" lon="4.38746"/>
            <trkpt lat="50.30174" lon="4.38846"/>
            <trkpt lat="50.30163" lon="4.38887"/>
            <trkpt lat="50.30157" lon="4.38897"/>
            <trkpt lat="50.30136" lon="4.38915"/>
            <trkpt lat="50.30128" lon="4.38921"/>
            <trkpt lat="50.30121" lon="4.38929"/>
            <trkpt lat="50.3012" lon="4.38933"/>
            <trkpt lat="50.3011" lon="4.38931"/>
            <trkpt lat="50.30054" lon="4.38918"/>
            <trkpt lat="50.30003" lon="4.38904"/>
            <trkpt lat="50.29928" lon="4.38882"/>
            <trkpt lat="50.29911" lon="4.38875"/>
            <trkpt lat="50.29885" lon="4.38862"/>
            <trkpt lat="50.29851" lon="4.38841"/>
            <trkpt lat="50.29822" lon="4.38819"/>
            <trkpt lat="50.29763" lon="4.38783"/>
            <trkpt lat="50.29686" lon="4.38742"/>
            <trkpt lat="50.29673" lon="4.38727"/>
            <trkpt lat="50.29666" lon="4.38717"/>
            <trkpt lat="50.2965" lon="4.38686"/>
            <trkpt lat="50.29632" lon="4.38652"/>
            <trkpt lat="50.29624" lon="4.38641"/>
            <trkpt lat="50.2962" lon="4.38637"/>
            <trkpt lat="50.29612" lon="4.38632"/>
            <trkpt lat="50.29608" lon="4.38631"/>
            <trkpt lat="50.29602" lon="4.38632"/>
            <trkpt lat="50.29595" lon="4.38636"/>
            <trkpt lat="50.2959" lon="4.3864"/>
            <trkpt lat="50.29566" lon="4.38663"/>
            <trkpt lat="50.29541" lon="4.38691"/>
            <trkpt lat="50.29492" lon="4.38746"/>
            <trkpt lat="50.29484" lon="4.38759"/>
            <trkpt lat="50.29481" lon="4.38764"/>
            <trkpt lat="50.29477" lon="4.38775"/>
            <trkpt lat="50.29473" lon="4.38792"/>
            <trkpt lat="50.29472" lon="4.38811"/>
            <trkpt lat="50.29473" lon="4.3892"/>
            <trkpt lat="50.29471" lon="4.38975"/>
            <trkpt lat="50.2947" lon="4.38996"/>
            <trkpt lat="50.2947" lon="4.39001"/>
            <trkpt lat="50.29463" lon="4.3906"/>
            <trkpt lat="50.29456" lon="4.39101"/>
            <trkpt lat="50.29446" lon="4.39143"/>
            <trkpt lat="50.29424" lon="4.3922"/>
            <trkpt lat="50.29423" lon="4.39223"/>
            <trkpt lat="50.29399" lon="4.39288"/>
            <trkpt lat="50.29391" lon="4.39312"/>
            <trkpt lat="50.29378" lon="4.39363"/>
            <trkpt lat="50.29374" lon="4.39375"/>
            <trkpt lat="50.29368" lon="4.39387"/>
            <trkpt lat="50.29363" lon="4.39398"/>
            <trkpt lat="50.29352" lon="4.39414"/>
            <trkpt lat="50.29348" lon="4.39421"/>
            <trkpt lat="50.29344" lon="4.39427"/>
            <trkpt lat="50.29326" lon="4.39453"/>
            <trkpt lat="50.29312" lon="4.39474"/>
            <trkpt lat="50.293" lon="4.39497"/>
            <trkpt lat="50.29286" lon="4.39542"/>
            <trkpt lat="50.29262" lon="4.39625"/>
            <trkpt lat="50.29242" lon="4.39688"/>
            <trkpt lat="50.29229" lon="4.39726"/>
            <trkpt lat="50.29223" lon="4.39738"/>
            <trkpt lat="50.29218" lon="4.39744"/>
            <trkpt lat="50.29211" lon="4.39749"/>
            <trkpt lat="50.29206" lon="4.39751"/>
            <trkpt lat="50.29146" lon="4.39751"/>
            <trkpt lat="50.29125" lon="4.39745"/>
            <trkpt lat="50.29082" lon="4.39736"/>
            <trkpt lat="50.29066" lon="4.39735"/>
            <trkpt lat="50.29054" lon="4.39736"/>
            <trkpt lat="50.29043" lon="4.39743"/>
            <trkpt lat="50.29037" lon="4.3975"/>
            <trkpt lat="50.29028" lon="4.39774"/>
            <trkpt lat="50.29012" lon="4.39814"/>
            <trkpt lat="50.29003" lon="4.39845"/>
            <trkpt lat="50.28964" lon="4.39938"/>
            <trkpt lat="50.28954" lon="4.39958"/>
            <trkpt lat="50.28947" lon="4.39969"/>
            <trkpt lat="50.28928" lon="4.40002"/>
            <trkpt lat="50.28915" lon="4.40028"/>
            <trkpt lat="50.28903" lon="4.40062"/>
            <trkpt lat="50.28875" lon="4.40136"/>
            <trkpt lat="50.28869" lon="4.40153"/>
            <trkpt lat="50.28884" lon="4.40168"/>
            <trkpt lat="50.28899" lon="4.40187"/>
            <trkpt lat="50.28903" lon="4.40198"/>
            <trkpt lat="50.28905" lon="4.40212"/>
            <trkpt lat="50.28905" lon="4.40227"/>
            <trkpt lat="50.289" lon="4.40272"/>
            <trkpt lat="50.28888" lon="4.40311"/>
            <trkpt lat="50.2888" lon="4.40332"/>
            <trkpt lat="50.28865" lon="4.40366"/>
            <trkpt lat="50.28848" lon="4.40389"/>
            <trkpt lat="50.28829" lon="4.40412"/>
            <trkpt lat="50.28786" lon="4.40454"/>
            <trkpt lat="50.28755" lon="4.40479"/>
            <trkpt lat="50.2868" lon="4.40533"/>
            <trkpt lat="50.28607" lon="4.40589"/>
            <trkpt lat="50.28583" lon="4.40605"/>
            <trkpt lat="50.28571" lon="4.40617"/>
            <trkpt lat="50.28558" lon="4.40634"/>
            <trkpt lat="50.28545" lon="4.40655"/>
            <trkpt lat="50.28524" lon="4.40705"/>
            <trkpt lat="50.28517" lon="4.40724"/>
            <trkpt lat="50.28485" lon="4.40839"/>
            <trkpt lat="50.28466" lon="4.40915"/>
            <trkpt lat="50.28429" lon="4.41091"/>
            <trkpt lat="50.28415" lon="4.41144"/>
            <trkpt lat="50.28401" lon="4.4119"/>
            <trkpt lat="50.28367" lon="4.41281"/>
            <trkpt lat="50.28357" lon="4.41324"/>
            <trkpt lat="50.28342" lon="4.41409"/>
            <trkpt lat="50.2832" lon="4.41579"/>
            <trkpt lat="50.28314" lon="4.41638"/>
            <trkpt lat="50.28314" lon="4.4165"/>
            <trkpt lat="50.28313" lon="4.41749"/>
            <trkpt lat="50.28308" lon="4.41837"/>
            <trkpt lat="50.28287" lon="4.4201"/>
            <trkpt lat="50.28285" lon="4.42069"/>
            <trkpt lat="50.28286" lon="4.42078"/>
            <trkpt lat="50.28287" lon="4.42088"/>
            <trkpt lat="50.28289" lon="4.42099"/>
            <trkpt lat="50.28295" lon="4.4212"/>
            <trkpt lat="50.28308" lon="4.42162"/>
            <trkpt lat="50.28318" lon="4.42205"/>
            <trkpt lat="50.28323" lon="4.4224"/>
            <trkpt lat="50.28325" lon="4.42273"/>
            <trkpt lat="50.28268" lon="4.42325"/>
            <trkpt lat="50.28264" lon="4.42329"/>
            <trkpt lat="50.28242" lon="4.42352"/>
            <trkpt lat="50.2823" lon="4.42365"/>
            <trkpt lat="50.28222" lon="4.42371"/>
            <trkpt lat="50.2822" lon="4.42373"/>
            <trkpt lat="50.28217" lon="4.42376"/>
            <trkpt lat="50.28214" lon="4.42387"/>
            <trkpt lat="50.28211" lon="4.42399"/>
            <trkpt lat="50.28199" lon="4.42464"/>
            <trkpt lat="50.28197" lon="4.42475"/>
            <trkpt lat="50.28197" lon="4.42486"/>
            <trkpt lat="50.28199" lon="4.42507"/>
            <trkpt lat="50.28202" lon="4.4252"/>
            <trkpt lat="50.28216" lon="4.42586"/>
            <trkpt lat="50.282" lon="4.42591"/>
            <trkpt lat="50.28198" lon="4.42591"/>
            <trkpt lat="50.28193" lon="4.4259"/>
            <trkpt lat="50.28189" lon="4.42588"/>
            <trkpt lat="50.28175" lon="4.42577"/>
            <trkpt lat="50.28172" lon="4.42575"/>
            <trkpt lat="50.28166" lon="4.42574"/>
            <trkpt lat="50.28163" lon="4.42573"/>
            <trkpt lat="50.28161" lon="4.42574"/>
            <trkpt lat="50.2816" lon="4.42576"/>
            <trkpt lat="50.28158" lon="4.42579"/>
            <trkpt lat="50.28157" lon="4.42584"/>
            <trkpt lat="50.28157" lon="4.42589"/>
            <trkpt lat="50.28155" lon="4.4277"/>
            <trkpt lat="50.28156" lon="4.42795"/>
            <trkpt lat="50.28153" lon="4.42798"/>
            <trkpt lat="50.2815" lon="4.42801"/>
            <trkpt lat="50.28147" lon="4.42807"/>
            <trkpt lat="50.28144" lon="4.42814"/>
            <trkpt lat="50.28142" lon="4.42823"/>
            <trkpt lat="50.28141" lon="4.42827"/>
            <trkpt lat="50.28136" lon="4.42862"/>
            <trkpt lat="50.28135" lon="4.42873"/>
            <trkpt lat="50.28133" lon="4.42886"/>
            <trkpt lat="50.2809" lon="4.42897"/>
            <trkpt lat="50.28067" lon="4.42905"/>
            <trkpt lat="50.279" lon="4.42977"/>
            <trkpt lat="50.27813" lon="4.43016"/>
            <trkpt lat="50.27773" lon="4.43038"/>
            <trkpt lat="50.27736" lon="4.43062"/>
            <trkpt lat="50.2758" lon="4.4318"/>
            <trkpt lat="50.27561" lon="4.43195"/>
            <trkpt lat="50.27556" lon="4.43199"/>
            <trkpt lat="50.27536" lon="4.43216"/>
            <trkpt lat="50.27514" lon="4.43231"/>
            <trkpt lat="50.27484" lon="4.43253"/>
            <trkpt lat="50.27461" lon="4.43267"/>
            <trkpt lat="50.27436" lon="4.43292"/>
            <trkpt lat="50.27437" lon="4.43344"/>
            <trkpt lat="50.27422" lon="4.43347"/>
            <trkpt lat="50.27407" lon="4.43347"/>
            <trkpt lat="50.27398" lon="4.43344"/>
            <trkpt lat="50.27374" lon="4.43325"/>
            <trkpt lat="50.2736" lon="4.43307"/>
            <trkpt lat="50.27344" lon="4.43279"/>
            <trkpt lat="50.27339" lon="4.43272"/>
            <trkpt lat="50.27313" lon="4.4329"/>
            <trkpt lat="50.27305" lon="4.43292"/>
            <trkpt lat="50.27295" lon="4.43288"/>
            <trkpt lat="50.27286" lon="4.4328"/>
            <trkpt lat="50.27274" lon="4.43267"/>
            <trkpt lat="50.27269" lon="4.43263"/>
            <trkpt lat="50.27265" lon="4.43258"/>
            <trkpt lat="50.27259" lon="4.43251"/>
            <trkpt lat="50.27258" lon="4.43265"/>
            <trkpt lat="50.27257" lon="4.43274"/>
            <trkpt lat="50.27254" lon="4.43281"/>
            <trkpt lat="50.27245" lon="4.43302"/>
            <trkpt lat="50.27231" lon="4.43324"/>
            <trkpt lat="50.27212" lon="4.43347"/>
            <trkpt lat="50.27204" lon="4.43357"/>
            <trkpt lat="50.27199" lon="4.43361"/>
            <trkpt lat="50.27192" lon="4.43364"/>
            <trkpt lat="50.27184" lon="4.43367"/>
            <trkpt lat="50.27166" lon="4.4337"/>
            <trkpt lat="50.27162" lon="4.43372"/>
            <trkpt lat="50.27157" lon="4.43377"/>
            <trkpt lat="50.27154" lon="4.43383"/>
            <trkpt lat="50.27152" lon="4.43391"/>
            <trkpt lat="50.27151" lon="4.43405"/>
            <trkpt lat="50.27145" lon="4.43491"/>
            <trkpt lat="50.2714" lon="4.43534"/>
            <trkpt lat="50.27137" lon="4.43542"/>
            <trkpt lat="50.27127" lon="4.43561"/>
            <trkpt lat="50.27121" lon="4.43575"/>
            <trkpt lat="50.27118" lon="4.43579"/>
            <trkpt lat="50.27114" lon="4.43584"/>
            <trkpt lat="50.2711" lon="4.43587"/>
            <trkpt lat="50.27103" lon="4.4359"/>
            <trkpt lat="50.27082" lon="4.43598"/>
            <trkpt lat="50.27059" lon="4.43611"/>
            <trkpt lat="50.26952" lon="4.43685"/>
            <trkpt lat="50.26942" lon="4.43698"/>
            <trkpt lat="50.26938" lon="4.43709"/>
            <trkpt lat="50.26914" lon="4.43776"/>
            <trkpt lat="50.26895" lon="4.4382"/>
            <trkpt lat="50.2688" lon="4.43848"/>
            <trkpt lat="50.26873" lon="4.4386"/>
            <trkpt lat="50.26857" lon="4.4389"/>
            <trkpt lat="50.26854" lon="4.43896"/>
            <trkpt lat="50.26853" lon="4.43901"/>
            <trkpt lat="50.26848" lon="4.43922"/>
            <trkpt lat="50.26835" lon="4.43982"/>
            <trkpt lat="50.26825" lon="4.44049"/>
            <trkpt lat="50.26821" lon="4.44083"/>
            <trkpt lat="50.26821" lon="4.44108"/>
            <trkpt lat="50.26823" lon="4.4413"/>
            <trkpt lat="50.26827" lon="4.44154"/>
            <trkpt lat="50.26847" lon="4.44225"/>
            <trkpt lat="50.26851" lon="4.44254"/>
            <trkpt lat="50.26851" lon="4.44279"/>
            <trkpt lat="50.2685" lon="4.44296"/>
            <trkpt lat="50.26839" lon="4.44335"/>
            <trkpt lat="50.26823" lon="4.44385"/>
            <trkpt lat="50.26809" lon="4.44433"/>
            <trkpt lat="50.26797" lon="4.4446"/>
            <trkpt lat="50.26792" lon="4.44412"/>
            <trkpt lat="50.2679" lon="4.44398"/>
            <trkpt lat="50.26772" lon="4.44297"/>
            <trkpt lat="50.26761" lon="4.44238"/>
            <trkpt lat="50.26748" lon="4.4418"/>
            <trkpt lat="50.26749" lon="4.44174"/>
            <trkpt lat="50.26745" lon="4.44149"/>
            <trkpt lat="50.2673" lon="4.44073"/>
            <trkpt lat="50.26717" lon="4.44007"/>
            <trkpt lat="50.26714" lon="4.43991"/>
            <trkpt lat="50.26708" lon="4.43961"/>
            <trkpt lat="50.26706" lon="4.43953"/>
            <trkpt lat="50.26687" lon="4.43867"/>
            <trkpt lat="50.26684" lon="4.43863"/>
            <trkpt lat="50.26681" lon="4.43848"/>
            <trkpt lat="50.26675" lon="4.43817"/>
            <trkpt lat="50.26673" lon="4.43813"/>
            <trkpt lat="50.26669" lon="4.43797"/>
            <trkpt lat="50.26647" lon="4.43742"/>
            <trkpt lat="50.2664" lon="4.43728"/>
            <trkpt lat="50.26632" lon="4.43712"/>
            <trkpt lat="50.26604" lon="4.43669"/>
            <trkpt lat="50.26595" lon="4.43655"/>
            <trkpt lat="50.26568" lon="4.4363"/>
            <trkpt lat="50.26564" lon="4.43626"/>
            <trkpt lat="50.26531" lon="4.436"/>
            <trkpt lat="50.26501" lon="4.43583"/>
            <trkpt lat="50.26445" lon="4.4356"/>
            <trkpt lat="50.26251" lon="4.43506"/>
            <trkpt lat="50.2618" lon="4.43489"/>
            <trkpt lat="50.26139" lon="4.43482"/>
            <trkpt lat="50.26104" lon="4.4348"/>
            <trkpt lat="50.26067" lon="4.43483"/>
            <trkpt lat="50.26028" lon="4.43491"/>
            <trkpt lat="50.2593" lon="4.43521"/>
            <trkpt lat="50.25893" lon="4.43528"/>
            <trkpt lat="50.25865" lon="4.43531"/>
            <trkpt lat="50.25844" lon="4.43531"/>
            <trkpt lat="50.2579" lon="4.43523"/>
            <trkpt lat="50.25763" lon="4.43517"/>
            <trkpt lat="50.2575" lon="4.43514"/>
            <trkpt lat="50.25667" lon="4.43483"/>
            <trkpt lat="50.25645" lon="4.43471"/>
            <trkpt lat="50.25634" lon="4.43461"/>
            <trkpt lat="50.25592" lon="4.43423"/>
            <trkpt lat="50.2556" lon="4.43385"/>
            <trkpt lat="50.25546" lon="4.43365"/>
            <trkpt lat="50.25526" lon="4.43331"/>
            <trkpt lat="50.25488" lon="4.43255"/>
            <trkpt lat="50.25449" lon="4.43148"/>
            <trkpt lat="50.25409" lon="4.43062"/>
            <trkpt lat="50.25392" lon="4.43033"/>
            <trkpt lat="50.25359" lon="4.42992"/>
            <trkpt lat="50.25352" lon="4.42983"/>
            <trkpt lat="50.25342" lon="4.42971"/>
            <trkpt lat="50.253" lon="4.42927"/>
            <trkpt lat="50.25255" lon="4.42886"/>
            <trkpt lat="50.25203" lon="4.42843"/>
            <trkpt lat="50.25147" lon="4.42793"/>
            <trkpt lat="50.25146" lon="4.42792"/>
            <trkpt lat="50.25014" lon="4.42676"/>
            <trkpt lat="50.24971" lon="4.42642"/>
            <trkpt lat="50.24933" lon="4.42619"/>
            <trkpt lat="50.24918" lon="4.42611"/>
            <trkpt lat="50.24874" lon="4.42591"/>
            <trkpt lat="50.24837" lon="4.42577"/>
            <trkpt lat="50.24831" lon="4.42575"/>
            <trkpt lat="50.24816" lon="4.4257"/>
            <trkpt lat="50.24751" lon="4.42558"/>
            <trkpt lat="50.24732" lon="4.42556"/>
            <trkpt lat="50.2472" lon="4.42555"/>
            <trkpt lat="50.24702" lon="4.42553"/>
            <trkpt lat="50.24678" lon="4.42551"/>
            <trkpt lat="50.24657" lon="4.4255"/>
            <trkpt lat="50.2459" lon="4.42549"/>
            <trkpt lat="50.24526" lon="4.42547"/>
            <trkpt lat="50.24496" lon="4.42546"/>
            <trkpt lat="50.24307" lon="4.42537"/>
            <trkpt lat="50.24257" lon="4.42531"/>
            <trkpt lat="50.24223" lon="4.42523"/>
            <trkpt lat="50.24195" lon="4.4251"/>
            <trkpt lat="50.24158" lon="4.42488"/>
            <trkpt lat="50.24097" lon="4.42439"/>
            <trkpt lat="50.23968" lon="4.42316"/>
            <trkpt lat="50.23965" lon="4.42312"/>
            <trkpt lat="50.23913" lon="4.42264"/>
            <trkpt lat="50.23903" lon="4.42253"/>
            <trkpt lat="50.23879" lon="4.42231"/>
            <trkpt lat="50.23868" lon="4.42221"/>
            <trkpt lat="50.23811" lon="4.42166"/>
            <trkpt lat="50.23803" lon="4.42159"/>
            <trkpt lat="50.23797" lon="4.42154"/>
            <trkpt lat="50.23779" lon="4.42138"/>
            <trkpt lat="50.23731" lon="4.42096"/>
            <trkpt lat="50.23713" lon="4.42083"/>
            <trkpt lat="50.23707" lon="4.4208"/>
            <trkpt lat="50.23692" lon="4.42073"/>
            <trkpt lat="50.23609" lon="4.42045"/>
            <trkpt lat="50.23593" lon="4.42042"/>
            <trkpt lat="50.23572" lon="4.42041"/>
            <trkpt lat="50.23528" lon="4.42045"/>
            <trkpt lat="50.23305" lon="4.42102"/>
            <trkpt lat="50.23288" lon="4.42107"/>
            <trkpt lat="50.23273" lon="4.42106"/>
            <trkpt lat="50.23266" lon="4.42104"/>
            <trkpt lat="50.23255" lon="4.42101"/>
            <trkpt lat="50.23154" lon="4.42072"/>
            <trkpt lat="50.23142" lon="4.42066"/>
            <trkpt lat="50.23095" lon="4.42034"/>
            <trkpt lat="50.22956" lon="4.4193"/>
            <trkpt lat="50.22949" lon="4.41925"/>
            <trkpt lat="50.2277" lon="4.41795"/>
            <trkpt lat="50.2272" lon="4.41761"/>
            <trkpt lat="50.22701" lon="4.41751"/>
            <trkpt lat="50.2266" lon="4.41728"/>
            <trkpt lat="50.22603" lon="4.41694"/>
            <trkpt lat="50.22591" lon="4.41684"/>
            <trkpt lat="50.22571" lon="4.41662"/>
            <trkpt lat="50.22563" lon="4.4165"/>
            <trkpt lat="50.22499" lon="4.41563"/>
            <trkpt lat="50.22481" lon="4.41537"/>
            <trkpt lat="50.22471" lon="4.41523"/>
            <trkpt lat="50.22442" lon="4.41483"/>
            <trkpt lat="50.22431" lon="4.41466"/>
            <trkpt lat="50.22395" lon="4.41415"/>
            <trkpt lat="50.22383" lon="4.41397"/>
            <trkpt lat="50.22362" lon="4.41368"/>
            <trkpt lat="50.22358" lon="4.41362"/>
            <trkpt lat="50.22336" lon="4.41334"/>
            <trkpt lat="50.2229" lon="4.41276"/>
            <trkpt lat="50.22263" lon="4.41248"/>
            <trkpt lat="50.22224" lon="4.41212"/>
            <trkpt lat="50.22099" lon="4.41097"/>
            <trkpt lat="50.22062" lon="4.41052"/>
            <trkpt lat="50.22038" lon="4.41018"/>
            <trkpt lat="50.22012" lon="4.40973"/>
            <trkpt lat="50.21987" lon="4.40917"/>
            <trkpt lat="50.21973" lon="4.4088"/>
            <trkpt lat="50.21958" lon="4.40832"/>
            <trkpt lat="50.21932" lon="4.40734"/>
            <trkpt lat="50.21929" lon="4.40717"/>
            <trkpt lat="50.21915" lon="4.40634"/>
            <trkpt lat="50.21911" lon="4.4061"/>
            <trkpt lat="50.21895" lon="4.4053"/>
            <trkpt lat="50.21887" lon="4.40509"/>
            <trkpt lat="50.21876" lon="4.4048"/>
            <trkpt lat="50.21849" lon="4.40431"/>
            <trkpt lat="50.21814" lon="4.40383"/>
            <trkpt lat="50.21797" lon="4.40363"/>
            <trkpt lat="50.21791" lon="4.40357"/>
            <trkpt lat="50.21784" lon="4.40352"/>
            <trkpt lat="50.21769" lon="4.40346"/>
            <trkpt lat="50.21739" lon="4.40343"/>
            <trkpt lat="50.21729" lon="4.40344"/>
            <trkpt lat="50.21718" lon="4.40348"/>
            <trkpt lat="50.21709" lon="4.40354"/>
            <trkpt lat="50.21703" lon="4.40359"/>
            <trkpt lat="50.21692" lon="4.4037"/>
            <trkpt lat="50.21637" lon="4.40434"/>
            <trkpt lat="50.21625" lon="4.40442"/>
            <trkpt lat="50.21611" lon="4.40448"/>
            <trkpt lat="50.216" lon="4.40451"/>
            <trkpt lat="50.21582" lon="4.40452"/>
            <trkpt lat="50.21544" lon="4.40445"/>
            <trkpt lat="50.21535" lon="4.40442"/>
            <trkpt lat="50.21498" lon="4.40429"/>
            <trkpt lat="50.21481" lon="4.40426"/>
            <trkpt lat="50.21457" lon="4.40426"/>
            <trkpt lat="50.21448" lon="4.40428"/>
            <trkpt lat="50.2139" lon="4.40453"/>
            <trkpt lat="50.21288" lon="4.4051"/>
            <trkpt lat="50.21256" lon="4.40528"/>
            <trkpt lat="50.21226" lon="4.40543"/>
            <trkpt lat="50.21211" lon="4.40548"/>
            <trkpt lat="50.2117" lon="4.40555"/>
            <trkpt lat="50.21144" lon="4.40553"/>
            <trkpt lat="50.2111" lon="4.40541"/>
            <trkpt lat="50.21099" lon="4.40535"/>
            <trkpt lat="50.2108" lon="4.40523"/>
            <trkpt lat="50.21061" lon="4.40506"/>
            <trkpt lat="50.21035" lon="4.40476"/>
            <trkpt lat="50.20896" lon="4.403"/>
            <trkpt lat="50.2088" lon="4.40287"/>
            <trkpt lat="50.20873" lon="4.40284"/>
            <trkpt lat="50.20865" lon="4.40284"/>
            <trkpt lat="50.20851" lon="4.40286"/>
            <trkpt lat="50.2084" lon="4.40291"/>
            <trkpt lat="50.20823" lon="4.40303"/>
            <trkpt lat="50.20817" lon="4.40311"/>
            <trkpt lat="50.20812" lon="4.40322"/>
            <trkpt lat="50.2081" lon="4.40332"/>
            <trkpt lat="50.20807" lon="4.40347"/>
            <trkpt lat="50.20806" lon="4.4038"/>
            <trkpt lat="50.20815" lon="4.40527"/>
            <trkpt lat="50.20811" lon="4.40538"/>
            <trkpt lat="50.20806" lon="4.40547"/>
            <trkpt lat="50.20801" lon="4.40554"/>
            <trkpt lat="50.20787" lon="4.40569"/>
            <trkpt lat="50.2078" lon="4.40573"/>
            <trkpt lat="50.20768" lon="4.40576"/>
            <trkpt lat="50.20752" lon="4.40576"/>
            <trkpt lat="50.20748" lon="4.40576"/>
            <trkpt lat="50.20735" lon="4.40576"/>
            <trkpt lat="50.20625" lon="4.40577"/>
            <trkpt lat="50.20377" lon="4.4058"/>
            <trkpt lat="50.20197" lon="4.40586"/>
            <trkpt lat="50.20189" lon="4.40588"/>
            <trkpt lat="50.2017" lon="4.40597"/>
            <trkpt lat="50.20104" lon="4.40635"/>
            <trkpt lat="50.20086" lon="4.40641"/>
            <trkpt lat="50.19839" lon="4.40691"/>
            <trkpt lat="50.19806" lon="4.40707"/>
            <trkpt lat="50.19756" lon="4.40744"/>
            <trkpt lat="50.19751" lon="4.40747"/>
            <trkpt lat="50.1975" lon="4.40747"/>
            <trkpt lat="50.19713" lon="4.40764"/>
            <trkpt lat="50.19649" lon="4.40787"/>
            <trkpt lat="50.1961" lon="4.40806"/>
            <trkpt lat="50.19593" lon="4.4082"/>
            <trkpt lat="50.19571" lon="4.40845"/>
            <trkpt lat="50.1956" lon="4.40859"/>
            <trkpt lat="50.19555" lon="4.40866"/>
            <trkpt lat="50.19506" lon="4.40933"/>
            <trkpt lat="50.19485" lon="4.40961"/>
            <trkpt lat="50.19469" lon="4.40984"/>
            <trkpt lat="50.19432" lon="4.41014"/>
            <trkpt lat="50.19416" lon="4.41024"/>
            <trkpt lat="50.19394" lon="4.41032"/>
            <trkpt lat="50.19309" lon="4.41053"/>
            <trkpt lat="50.19243" lon="4.41072"/>
            <trkpt lat="50.19217" lon="4.41079"/>
            <trkpt lat="50.19204" lon="4.41081"/>
            <trkpt lat="50.19186" lon="4.41081"/>
            <trkpt lat="50.19153" lon="4.41067"/>
            <trkpt lat="50.19124" lon="4.41056"/>
            <trkpt lat="50.1909" lon="4.4104"/>
            <trkpt lat="50.1907" lon="4.41034"/>
            <trkpt lat="50.19062" lon="4.41033"/>
            <trkpt lat="50.19042" lon="4.41031"/>
            <trkpt lat="50.18997" lon="4.41035"/>
            <trkpt lat="50.18915" lon="4.41045"/>
            <trkpt lat="50.18914" lon="4.41045"/>
            <trkpt lat="50.18859" lon="4.41039"/>
            <trkpt lat="50.18845" lon="4.41033"/>
            <trkpt lat="50.1881" lon="4.41007"/>
            <trkpt lat="50.18792" lon="4.40987"/>
            <trkpt lat="50.18749" lon="4.40931"/>
            <trkpt lat="50.18651" lon="4.40795"/>
            <trkpt lat="50.18643" lon="4.40781"/>
            <trkpt lat="50.18636" lon="4.40764"/>
            <trkpt lat="50.1863" lon="4.4074"/>
            <trkpt lat="50.18624" lon="4.40711"/>
            <trkpt lat="50.18619" lon="4.40675"/>
            <trkpt lat="50.18609" lon="4.40581"/>
            <trkpt lat="50.18598" lon="4.40484"/>
            <trkpt lat="50.18581" lon="4.40319"/>
            <trkpt lat="50.18572" lon="4.40231"/>
            <trkpt lat="50.18568" lon="4.40199"/>
            <trkpt lat="50.18563" lon="4.40177"/>
            <trkpt lat="50.18555" lon="4.40152"/>
            <trkpt lat="50.18551" lon="4.40141"/>
            <trkpt lat="50.18536" lon="4.4011"/>
            <trkpt lat="50.18402" lon="4.39913"/>
            <trkpt lat="50.18388" lon="4.39898"/>
            <trkpt lat="50.18363" lon="4.39883"/>
            <trkpt lat="50.18354" lon="4.3988"/>
            <trkpt lat="50.18351" lon="4.39879"/>
            <trkpt lat="50.18339" lon="4.39877"/>
            <trkpt lat="50.18311" lon="4.39883"/>
            <trkpt lat="50.18275" lon="4.39902"/>
            <trkpt lat="50.18213" lon="4.39953"/>
            <trkpt lat="50.18186" lon="4.39971"/>
            <trkpt lat="50.18159" lon="4.39991"/>
            <trkpt lat="50.18124" lon="4.40017"/>
            <trkpt lat="50.18061" lon="4.40066"/>
            <trkpt lat="50.18049" lon="4.40077"/>
            <trkpt lat="50.18042" lon="4.40086"/>
            <trkpt lat="50.18035" lon="4.40097"/>
            <trkpt lat="50.17949" lon="4.40316"/>
            <trkpt lat="50.17932" lon="4.4035"/>
            <trkpt lat="50.17923" lon="4.40364"/>
            <trkpt lat="50.17905" lon="4.40382"/>
            <trkpt lat="50.17838" lon="4.40443"/>
            <trkpt lat="50.17644" lon="4.40621"/>
            <trkpt lat="50.17604" lon="4.40657"/>
            <trkpt lat="50.17566" lon="4.40687"/>
            <trkpt lat="50.17467" lon="4.4075"/>
            <trkpt lat="50.17439" lon="4.40777"/>
            <trkpt lat="50.17415" lon="4.40803"/>
            <trkpt lat="50.17413" lon="4.40806"/>
            <trkpt lat="50.17398" lon="4.40823"/>
            <trkpt lat="50.17397" lon="4.40817"/>
            <trkpt lat="50.17395" lon="4.40812"/>
            <trkpt lat="50.17391" lon="4.40804"/>
            <trkpt lat="50.17388" lon="4.408"/>
            <trkpt lat="50.17385" lon="4.40798"/>
            <trkpt lat="50.17381" lon="4.40796"/>
            <trkpt lat="50.17375" lon="4.40794"/>
            <trkpt lat="50.1737" lon="4.40795"/>
            <trkpt lat="50.17366" lon="4.40797"/>
            <trkpt lat="50.17361" lon="4.40803"/>
            <trkpt lat="50.17356" lon="4.4081"/>
            <trkpt lat="50.17353" lon="4.40815"/>
            <trkpt lat="50.17352" lon="4.40826"/>
            <trkpt lat="50.17352" lon="4.40834"/>
            <trkpt lat="50.17353" lon="4.4084"/>
            <trkpt lat="50.17355" lon="4.4085"/>
            <trkpt lat="50.17357" lon="4.40854"/>
            <trkpt lat="50.1736" lon="4.40859"/>
            <trkpt lat="50.17365" lon="4.40863"/>
            <trkpt lat="50.17367" lon="4.40864"/>
            <trkpt lat="50.17366" lon="4.40871"/>
            <trkpt lat="50.17364" lon="4.40885"/>
            <trkpt lat="50.1736" lon="4.40901"/>
            <trkpt lat="50.17355" lon="4.40913"/>
            <trkpt lat="50.17345" lon="4.40934"/>
            <trkpt lat="50.17336" lon="4.4096"/>
            <trkpt lat="50.17321" lon="4.41028"/>
            <trkpt lat="50.17316" lon="4.4105"/>
            <trkpt lat="50.1731" lon="4.41068"/>
            <trkpt lat="50.173" lon="4.41092"/>
            <trkpt lat="50.17291" lon="4.41116"/>
            <trkpt lat="50.17281" lon="4.41139"/>
            <trkpt lat="50.17263" lon="4.41176"/>
            <trkpt lat="50.17239" lon="4.41217"/>
            <trkpt lat="50.17208" lon="4.41256"/>
            <trkpt lat="50.17188" lon="4.41279"/>
            <trkpt lat="50.17181" lon="4.41291"/>
            <trkpt lat="50.1718" lon="4.41296"/>
            <trkpt lat="50.17177" lon="4.41305"/>
            <trkpt lat="50.17167" lon="4.41348"/>
            <trkpt lat="50.17166" lon="4.41359"/>
            <trkpt lat="50.17167" lon="4.41384"/>
            <trkpt lat="50.17167" lon="4.41398"/>
            <trkpt lat="50.17167" lon="4.41407"/>
            <trkpt lat="50.17164" lon="4.41449"/>
            <trkpt lat="50.17158" lon="4.41516"/>
            <trkpt lat="50.17155" lon="4.41568"/>
            <trkpt lat="50.17154" lon="4.41638"/>
            <trkpt lat="50.17155" lon="4.4165"/>
            <trkpt lat="50.17155" lon="4.41758"/>
            <trkpt lat="50.17155" lon="4.41805"/>
            <trkpt lat="50.17154" lon="4.4191"/>
            <trkpt lat="50.17155" lon="4.41997"/>
            <trkpt lat="50.17164" lon="4.4222"/>
            <trkpt lat="50.17167" lon="4.42293"/>
            <trkpt lat="50.17168" lon="4.4236"/>
            <trkpt lat="50.17176" lon="4.4258"/>
            <trkpt lat="50.17182" lon="4.42687"/>
            <trkpt lat="50.17189" lon="4.42769"/>
            <trkpt lat="50.17203" lon="4.42912"/>
            <trkpt lat="50.17206" lon="4.4294"/>
            <trkpt lat="50.17217" lon="4.4301"/>
            <trkpt lat="50.17234" lon="4.43081"/>
            <trkpt lat="50.1725" lon="4.43136"/>
            <trkpt lat="50.17265" lon="4.43183"/>
            <trkpt lat="50.17293" lon="4.43263"/>
            <trkpt lat="50.17381" lon="4.43519"/>
            <trkpt lat="50.17404" lon="4.43583"/>
            <trkpt lat="50.17431" lon="4.43662"/>
            <trkpt lat="50.17436" lon="4.43677"/>
            <trkpt lat="50.17476" lon="4.43818"/>
            <trkpt lat="50.17483" lon="4.43848"/>
            <trkpt lat="50.17489" lon="4.4387"/>
            <trkpt lat="50.17491" lon="4.43892"/>
            <trkpt lat="50.17491" lon="4.43922"/>
            <trkpt lat="50.17489" lon="4.43953"/>
            <trkpt lat="50.17488" lon="4.4396"/>
            <trkpt lat="50.17484" lon="4.43981"/>
            <trkpt lat="50.1748" lon="4.43994"/>
            <trkpt lat="50.17453" lon="4.44054"/>
            <trkpt lat="50.17365" lon="4.44235"/>
            <trkpt lat="50.17354" lon="4.4426"/>
            <trkpt lat="50.17347" lon="4.44288"/>
            <trkpt lat="50.17346" lon="4.443"/>
            <trkpt lat="50.17344" lon="4.44327"/>
            <trkpt lat="50.17345" lon="4.44355"/>
            <trkpt lat="50.17352" lon="4.44458"/>
            <trkpt lat="50.17364" lon="4.44648"/>
            <trkpt lat="50.17372" lon="4.44764"/>
            <trkpt lat="50.1738" lon="4.44918"/>
            <trkpt lat="50.1738" lon="4.44933"/>
            <trkpt lat="50.17372" lon="4.45026"/>
            <trkpt lat="50.17358" lon="4.45136"/>
            <trkpt lat="50.17355" lon="4.45168"/>
            <trkpt lat="50.17357" lon="4.45212"/>
            <trkpt lat="50.17361" lon="4.45239"/>
            <trkpt lat="50.17376" lon="4.45276"/>
            <trkpt lat="50.17387" lon="4.45298"/>
            <trkpt lat="50.17403" lon="4.45321"/>
            <trkpt lat="50.1742" lon="4.45338"/>
            <trkpt lat="50.17462" lon="4.45396"/>
            <trkpt lat="50.17493" lon="4.45448"/>
            <trkpt lat="50.17538" lon="4.45539"/>
            <trkpt lat="50.17634" lon="4.4571"/>
            <trkpt lat="50.17657" lon="4.45751"/>
            <trkpt lat="50.17686" lon="4.45804"/>
            <trkpt lat="50.17695" lon="4.45824"/>
            <trkpt lat="50.17699" lon="4.45835"/>
            <trkpt lat="50.17703" lon="4.45858"/>
            <trkpt lat="50.17714" lon="4.4593"/>
            <trkpt lat="50.17717" lon="4.45948"/>
            <trkpt lat="50.17722" lon="4.45989"/>
            <trkpt lat="50.17732" lon="4.46045"/>
            <trkpt lat="50.17737" lon="4.46074"/>
            <trkpt lat="50.17738" lon="4.46089"/>
            <trkpt lat="50.17737" lon="4.46099"/>
            <trkpt lat="50.17736" lon="4.46108"/>
            <trkpt lat="50.17727" lon="4.46136"/>
            <trkpt lat="50.17726" lon="4.46141"/>
            <trkpt lat="50.1772" lon="4.46168"/>
            <trkpt lat="50.17719" lon="4.46173"/>
            <trkpt lat="50.17716" lon="4.46217"/>
            <trkpt lat="50.17716" lon="4.46238"/>
            <trkpt lat="50.17702" lon="4.46237"/>
            <trkpt lat="50.17692" lon="4.46241"/>
            <trkpt lat="50.17674" lon="4.4625"/>
            <trkpt lat="50.17667" lon="4.46258"/>
            <trkpt lat="50.1766" lon="4.46268"/>
            <trkpt lat="50.17655" lon="4.46281"/>
            <trkpt lat="50.17657" lon="4.46312"/>
            <trkpt lat="50.17665" lon="4.46358"/>
            <trkpt lat="50.17667" lon="4.46378"/>
            <trkpt lat="50.17667" lon="4.46391"/>
            <trkpt lat="50.17665" lon="4.46402"/>
            <trkpt lat="50.17652" lon="4.46437"/>
            <trkpt lat="50.17642" lon="4.46454"/>
            <trkpt lat="50.17626" lon="4.46468"/>
            <trkpt lat="50.17584" lon="4.46513"/>
            <trkpt lat="50.17558" lon="4.46553"/>
            <trkpt lat="50.17545" lon="4.46578"/>
            <trkpt lat="50.1754" lon="4.46588"/>
            <trkpt lat="50.17538" lon="4.46593"/>
            <trkpt lat="50.17531" lon="4.46621"/>
            <trkpt lat="50.1752" lon="4.46677"/>
            <trkpt lat="50.17516" lon="4.46694"/>
            <trkpt lat="50.17504" lon="4.46759"/>
            <trkpt lat="50.17493" lon="4.46816"/>
            <trkpt lat="50.17492" lon="4.46825"/>
            <trkpt lat="50.17492" lon="4.46834"/>
            <trkpt lat="50.17491" lon="4.46834"/>
            <trkpt lat="50.1749" lon="4.46835"/>
            <trkpt lat="50.17489" lon="4.46836"/>
            <trkpt lat="50.17488" lon="4.46838"/>
            <trkpt lat="50.17488" lon="4.46839"/>
            <trkpt lat="50.17487" lon="4.46841"/>
            <trkpt lat="50.17487" lon="4.46843"/>
            <trkpt lat="50.17487" lon="4.46845"/>
            <trkpt lat="50.17488" lon="4.46848"/>
            <trkpt lat="50.17488" lon="4.4685"/>
            <trkpt lat="50.17489" lon="4.46851"/>
            <trkpt lat="50.17485" lon="4.46859"/>
            <trkpt lat="50.17483" lon="4.46865"/>
            <trkpt lat="50.17474" lon="4.46904"/>
            <trkpt lat="50.17458" lon="4.46959"/>
            <trkpt lat="50.17435" lon="4.47026"/>
            <trkpt lat="50.1741" lon="4.47112"/>
            <trkpt lat="50.17399" lon="4.47164"/>
            <trkpt lat="50.17393" lon="4.47184"/>
            <trkpt lat="50.17374" lon="4.47247"/>
            <trkpt lat="50.1736" lon="4.47292"/>
            <trkpt lat="50.17353" lon="4.47322"/>
            <trkpt lat="50.17333" lon="4.47373"/>
            <trkpt lat="50.17332" lon="4.47377"/>
            <trkpt lat="50.17312" lon="4.47439"/>
            <trkpt lat="50.17295" lon="4.4751"/>
            <trkpt lat="50.17289" lon="4.47543"/>
            <trkpt lat="50.17282" lon="4.47618"/>
            <trkpt lat="50.17281" lon="4.47623"/>
            <trkpt lat="50.17274" lon="4.47661"/>
            <trkpt lat="50.1726" lon="4.47717"/>
            <trkpt lat="50.17248" lon="4.47753"/>
            <trkpt lat="50.17239" lon="4.47774"/>
            <trkpt lat="50.17228" lon="4.4779"/>
            <trkpt lat="50.17188" lon="4.4782"/>
            <trkpt lat="50.17135" lon="4.47857"/>
            <trkpt lat="50.17124" lon="4.47867"/>
            <trkpt lat="50.17084" lon="4.47912"/>
            <trkpt lat="50.17053" lon="4.47941"/>
            <trkpt lat="50.17042" lon="4.47954"/>
            <trkpt lat="50.17032" lon="4.47971"/>
            <trkpt lat="50.17002" lon="4.48012"/>
            <trkpt lat="50.16927" lon="4.48135"/>
            <trkpt lat="50.16911" lon="4.48166"/>
            <trkpt lat="50.16904" lon="4.48192"/>
            <trkpt lat="50.16903" lon="4.482"/>
            <trkpt lat="50.16903" lon="4.48206"/>
            <trkpt lat="50.16905" lon="4.48242"/>
            <trkpt lat="50.16907" lon="4.4829"/>
            <trkpt lat="50.16909" lon="4.48349"/>
            <trkpt lat="50.16904" lon="4.48414"/>
            <trkpt lat="50.16902" lon="4.48466"/>
            <trkpt lat="50.16904" lon="4.48503"/>
            <trkpt lat="50.16913" lon="4.48584"/>
            <trkpt lat="50.16937" lon="4.48719"/>
            <trkpt lat="50.16946" lon="4.4879"/>
            <trkpt lat="50.16949" lon="4.48826"/>
            <trkpt lat="50.16957" lon="4.48961"/>
            <trkpt lat="50.16963" lon="4.48996"/>
            <trkpt lat="50.16975" lon="4.49052"/>
            <trkpt lat="50.1699" lon="4.49107"/>
            <trkpt lat="50.17007" lon="4.4915"/>
            <trkpt lat="50.17019" lon="4.49192"/>
            <trkpt lat="50.17039" lon="4.49287"/>
            <trkpt lat="50.17051" lon="4.49373"/>
            <trkpt lat="50.17057" lon="4.49477"/>
            <trkpt lat="50.17061" lon="4.49519"/>
            <trkpt lat="50.17081" lon="4.49651"/>
            <trkpt lat="50.17082" lon="4.49661"/>
            <trkpt lat="50.17087" lon="4.49694"/>
            <trkpt lat="50.17088" lon="4.49698"/>
            <trkpt lat="50.1709" lon="4.49706"/>
            <trkpt lat="50.17101" lon="4.49778"/>
            <trkpt lat="50.17116" lon="4.49852"/>
            <trkpt lat="50.17135" lon="4.49917"/>
            <trkpt lat="50.17145" lon="4.49941"/>
            <trkpt lat="50.17154" lon="4.49948"/>
            <trkpt lat="50.17169" lon="4.49957"/>
            <trkpt lat="50.17189" lon="4.49956"/>
            <trkpt lat="50.17211" lon="4.4996"/>
            <trkpt lat="50.17237" lon="4.49975"/>
            <trkpt lat="50.17255" lon="4.49994"/>
            <trkpt lat="50.17267" lon="4.5001"/>
            <trkpt lat="50.1727" lon="4.50023"/>
            <trkpt lat="50.17271" lon="4.5007"/>
            <trkpt lat="50.17269" lon="4.50122"/>
            <trkpt lat="50.17268" lon="4.50167"/>
            <trkpt lat="50.17271" lon="4.50211"/>
            <trkpt lat="50.17276" lon="4.50257"/>
            <trkpt lat="50.17295" lon="4.50387"/>
            <trkpt lat="50.17302" lon="4.50439"/>
            <trkpt lat="50.17314" lon="4.5054"/>
            <trkpt lat="50.17321" lon="4.50609"/>
            <trkpt lat="50.17321" lon="4.50633"/>
            <trkpt lat="50.17318" lon="4.50648"/>
            <trkpt lat="50.17314" lon="4.50661"/>
            <trkpt lat="50.17306" lon="4.50673"/>
            <trkpt lat="50.17297" lon="4.50683"/>
            <trkpt lat="50.17295" lon="4.50685"/>
            <trkpt lat="50.17287" lon="4.50691"/>
            <trkpt lat="50.17282" lon="4.50698"/>
            <trkpt lat="50.17279" lon="4.50711"/>
            <trkpt lat="50.17279" lon="4.50718"/>
            <trkpt lat="50.17282" lon="4.5073"/>
            <trkpt lat="50.17298" lon="4.50755"/>
            <trkpt lat="50.17335" lon="4.50826"/>
            <trkpt lat="50.17364" lon="4.50885"/>
            <trkpt lat="50.17375" lon="4.50921"/>
            <trkpt lat="50.17381" lon="4.50954"/>
            <trkpt lat="50.17388" lon="4.51021"/>
            <trkpt lat="50.17392" lon="4.51049"/>
            <trkpt lat="50.174" lon="4.51151"/>
            <trkpt lat="50.1741" lon="4.51216"/>
            <trkpt lat="50.17413" lon="4.51238"/>
            <trkpt lat="50.17416" lon="4.51276"/>
            <trkpt lat="50.17409" lon="4.51372"/>
            <trkpt lat="50.17409" lon="4.51381"/>
            <trkpt lat="50.17404" lon="4.51463"/>
            <trkpt lat="50.17405" lon="4.51488"/>
            <trkpt lat="50.17408" lon="4.51509"/>
            <trkpt lat="50.17408" lon="4.51511"/>
            <trkpt lat="50.17416" lon="4.51552"/>
            <trkpt lat="50.17431" lon="4.51615"/>
            <trkpt lat="50.17433" lon="4.51621"/>
            <trkpt lat="50.1744" lon="4.5166"/>
            <trkpt lat="50.17443" lon="4.51702"/>
            <trkpt lat="50.17444" lon="4.51729"/>
            <trkpt lat="50.17446" lon="4.51752"/>
            <trkpt lat="50.17458" lon="4.51814"/>
            <trkpt lat="50.17493" lon="4.52"/>
            <trkpt lat="50.17498" lon="4.52024"/>
            <trkpt lat="50.175" lon="4.52031"/>
            <trkpt lat="50.17502" lon="4.52033"/>
            <trkpt lat="50.17506" lon="4.52035"/>
            <trkpt lat="50.1751" lon="4.52034"/>
            <trkpt lat="50.17515" lon="4.5203"/>
            <trkpt lat="50.17528" lon="4.52018"/>
            <trkpt lat="50.17532" lon="4.52015"/>
            <trkpt lat="50.17553" lon="4.52002"/>
            <trkpt lat="50.17561" lon="4.51999"/>
            <trkpt lat="50.17567" lon="4.51999"/>
            <trkpt lat="50.17574" lon="4.52001"/>
            <trkpt lat="50.17579" lon="4.52003"/>
            <trkpt lat="50.17584" lon="4.52006"/>
            <trkpt lat="50.17592" lon="4.52018"/>
            <trkpt lat="50.17604" lon="4.52101"/>
            <trkpt lat="50.17622" lon="4.52234"/>
            <trkpt lat="50.17626" lon="4.5225"/>
            <trkpt lat="50.1763" lon="4.52285"/>
            <trkpt lat="50.1763" lon="4.52314"/>
            <trkpt lat="50.17628" lon="4.52326"/>
            <trkpt lat="50.17626" lon="4.52339"/>
            <trkpt lat="50.17615" lon="4.52367"/>
            <trkpt lat="50.17607" lon="4.52428"/>
            <trkpt lat="50.176" lon="4.52486"/>
            <trkpt lat="50.17603" lon="4.52531"/>
            <trkpt lat="50.17613" lon="4.52601"/>
            <trkpt lat="50.17617" lon="4.52637"/>
            <trkpt lat="50.17619" lon="4.52661"/>
            <trkpt lat="50.17624" lon="4.52683"/>
            <trkpt lat="50.17636" lon="4.52715"/>
            <trkpt lat="50.1765" lon="4.52729"/>
            <trkpt lat="50.17656" lon="4.52737"/>
            <trkpt lat="50.17667" lon="4.52747"/>
            <trkpt lat="50.17699" lon="4.52768"/>
            <trkpt lat="50.17714" lon="4.52776"/>
            <trkpt lat="50.17728" lon="4.52781"/>
            <trkpt lat="50.17756" lon="4.52785"/>
            <trkpt lat="50.17819" lon="4.52786"/>
            <trkpt lat="50.17845" lon="4.52785"/>
            <trkpt lat="50.17858" lon="4.52785"/>
            <trkpt lat="50.17863" lon="4.52785"/>
            <trkpt lat="50.17875" lon="4.52788"/>
            <trkpt lat="50.17875" lon="4.52791"/>
            <trkpt lat="50.17876" lon="4.52794"/>
            <trkpt lat="50.17877" lon="4.52796"/>
            <trkpt lat="50.17879" lon="4.52798"/>
            <trkpt lat="50.1788" lon="4.52798"/>
            <trkpt lat="50.17881" lon="4.52798"/>
            <trkpt lat="50.17883" lon="4.52798"/>
            <trkpt lat="50.17885" lon="4.52796"/>
            <trkpt lat="50.17886" lon="4.52794"/>
            <trkpt lat="50.17887" lon="4.52791"/>
            <trkpt lat="50.17887" lon="4.52788"/>
            <trkpt lat="50.17886" lon="4.52785"/>
            <trkpt lat="50.17889" lon="4.52783"/>
            <trkpt lat="50.17893" lon="4.52781"/>
            <trkpt lat="50.17898" lon="4.5278"/>
            <trkpt lat="50.17904" lon="4.5278"/>
            <trkpt lat="50.17964" lon="4.52786"/>
            <trkpt lat="50.18015" lon="4.52791"/>
            <trkpt lat="50.1802" lon="4.52791"/>
            <trkpt lat="50.18066" lon="4.52798"/>
            <trkpt lat="50.18072" lon="4.528"/>
            <trkpt lat="50.18079" lon="4.52805"/>
            <trkpt lat="50.18087" lon="4.52812"/>
            <trkpt lat="50.18094" lon="4.52821"/>
            <trkpt lat="50.181" lon="4.52829"/>
            <trkpt lat="50.18105" lon="4.5284"/>
            <trkpt lat="50.18109" lon="4.52849"/>
            <trkpt lat="50.18111" lon="4.52859"/>
            <trkpt lat="50.18112" lon="4.5287"/>
            <trkpt lat="50.18112" lon="4.52881"/>
            <trkpt lat="50.18107" lon="4.5294"/>
            <trkpt lat="50.18105" lon="4.52955"/>
            <trkpt lat="50.18103" lon="4.52973"/>
            <trkpt lat="50.18099" lon="4.53016"/>
            <trkpt lat="50.1802" lon="4.53001"/>
            <trkpt lat="50.18014" lon="4.53"/>
            <trkpt lat="50.17978" lon="4.52992"/>
            <trkpt lat="50.1795" lon="4.52989"/>
            <trkpt lat="50.17941" lon="4.52989"/>
            <trkpt lat="50.17934" lon="4.5299"/>
            <trkpt lat="50.17932" lon="4.52991"/>
            <trkpt lat="50.17912" lon="4.53004"/>
            <trkpt lat="50.17909" lon="4.53008"/>
            <trkpt lat="50.17904" lon="4.53015"/>
            <trkpt lat="50.17898" lon="4.53028"/>
            <trkpt lat="50.17891" lon="4.53063"/>
            <trkpt lat="50.17876" lon="4.53148"/>
            <trkpt lat="50.17865" lon="4.53236"/>
            <trkpt lat="50.17862" lon="4.53253"/>
            <trkpt lat="50.17852" lon="4.53299"/>
            <trkpt lat="50.17849" lon="4.53308"/>
            <trkpt lat="50.17846" lon="4.53314"/>
            <trkpt lat="50.17844" lon="4.53315"/>
            <trkpt lat="50.17839" lon="4.53316"/>
            <trkpt lat="50.17833" lon="4.53315"/>
            <trkpt lat="50.17814" lon="4.53309"/>
            <trkpt lat="50.17812" lon="4.53308"/>
            <trkpt lat="50.17794" lon="4.53301"/>
            <trkpt lat="50.17784" lon="4.53299"/>
            <trkpt lat="50.17778" lon="4.533"/>
            <trkpt lat="50.17774" lon="4.53303"/>
            <trkpt lat="50.1777" lon="4.53306"/>
            <trkpt lat="50.17766" lon="4.53315"/>
            <trkpt lat="50.17763" lon="4.53328"/>
            <trkpt lat="50.17763" lon="4.53332"/>
            <trkpt lat="50.17761" lon="4.53354"/>
            <trkpt lat="50.17756" lon="4.53373"/>
            <trkpt lat="50.17744" lon="4.53451"/>
            <trkpt lat="50.17712" lon="4.5345"/>
            <trkpt lat="50.17676" lon="4.53437"/>
            <trkpt lat="50.17657" lon="4.53428"/>
            <trkpt lat="50.1764" lon="4.53421"/>
            <trkpt lat="50.17604" lon="4.53416"/>
            <trkpt lat="50.1758" lon="4.53415"/>
            <trkpt lat="50.17554" lon="4.53409"/>
            <trkpt lat="50.17543" lon="4.53409"/>
            <trkpt lat="50.17535" lon="4.5341"/>
            <trkpt lat="50.17527" lon="4.53414"/>
            <trkpt lat="50.17513" lon="4.53427"/>
            <trkpt lat="50.17508" lon="4.53437"/>
            <trkpt lat="50.175" lon="4.53452"/>
            <trkpt lat="50.1749" lon="4.53498"/>
            <trkpt lat="50.17486" lon="4.53512"/>
            <trkpt lat="50.17477" lon="4.53522"/>
            <trkpt lat="50.1745" lon="4.53544"/>
            <trkpt lat="50.17406" lon="4.53571"/>
            <trkpt lat="50.17402" lon="4.53573"/>
            <trkpt lat="50.17359" lon="4.53592"/>
            <trkpt lat="50.17312" lon="4.5361"/>
            <trkpt lat="50.17308" lon="4.5361"/>
            <trkpt lat="50.17281" lon="4.53616"/>
            <trkpt lat="50.17214" lon="4.53625"/>
            <trkpt lat="50.17184" lon="4.53628"/>
            <trkpt lat="50.17147" lon="4.53626"/>
            <trkpt lat="50.17128" lon="4.53622"/>
            <trkpt lat="50.17068" lon="4.53598"/>
            <trkpt lat="50.17017" lon="4.53588"/>
            <trkpt lat="50.17006" lon="4.53588"/>
            <trkpt lat="50.16986" lon="4.53595"/>
            <trkpt lat="50.16972" lon="4.53602"/>
            <trkpt lat="50.1697" lon="4.53601"/>
            <trkpt lat="50.16965" lon="4.53597"/>
            <trkpt lat="50.16954" lon="4.53612"/>
            <trkpt lat="50.16911" lon="4.53655"/>
            <trkpt lat="50.16886" lon="4.53674"/>
            <trkpt lat="50.16857" lon="4.53692"/>
            <trkpt lat="50.16826" lon="4.53702"/>
            <trkpt lat="50.16691" lon="4.53727"/>
            <trkpt lat="50.16651" lon="4.53737"/>
            <trkpt lat="50.16492" lon="4.53794"/>
            <trkpt lat="50.16357" lon="4.53846"/>
            <trkpt lat="50.1634" lon="4.53852"/>
            <trkpt lat="50.16279" lon="4.53875"/>
            <trkpt lat="50.16256" lon="4.53884"/>
            <trkpt lat="50.16001" lon="4.53987"/>
            <trkpt lat="50.16113" lon="4.54371"/>
            <trkpt lat="50.16209" lon="4.5471"/>
            <trkpt lat="50.16245" lon="4.54834"/>
            <trkpt lat="50.16357" lon="4.5522"/>
            <trkpt lat="50.1636" lon="4.55229"/>
            <trkpt lat="50.16442" lon="4.55514"/>
            <trkpt lat="50.16451" lon="4.5555"/>
            <trkpt lat="50.16456" lon="4.55576"/>
            <trkpt lat="50.1646" lon="4.55612"/>
            <trkpt lat="50.16463" lon="4.55637"/>
            <trkpt lat="50.16464" lon="4.55674"/>
            <trkpt lat="50.16465" lon="4.55682"/>
            <trkpt lat="50.16468" lon="4.55698"/>
            <trkpt lat="50.16475" lon="4.5572"/>
            <trkpt lat="50.16515" lon="4.55808"/>
            <trkpt lat="50.16523" lon="4.55821"/>
            <trkpt lat="50.16536" lon="4.55851"/>
            <trkpt lat="50.16553" lon="4.55878"/>
            <trkpt lat="50.16561" lon="4.55885"/>
            <trkpt lat="50.1663" lon="4.55954"/>
            <trkpt lat="50.16647" lon="4.55974"/>
            <trkpt lat="50.16659" lon="4.55994"/>
            <trkpt lat="50.16673" lon="4.55996"/>
            <trkpt lat="50.16679" lon="4.55998"/>
            <trkpt lat="50.16691" lon="4.56003"/>
            <trkpt lat="50.16696" lon="4.56007"/>
            <trkpt lat="50.16701" lon="4.56012"/>
            <trkpt lat="50.16753" lon="4.56086"/>
            <trkpt lat="50.16759" lon="4.56092"/>
            <trkpt lat="50.16777" lon="4.56104"/>
            <trkpt lat="50.16784" lon="4.56106"/>
            <trkpt lat="50.1679" lon="4.56107"/>
            <trkpt lat="50.16801" lon="4.56106"/>
            <trkpt lat="50.16817" lon="4.561"/>
            <trkpt lat="50.16824" lon="4.56097"/>
            <trkpt lat="50.16834" lon="4.5609"/>
            <trkpt lat="50.16837" lon="4.56087"/>
            <trkpt lat="50.16841" lon="4.561"/>
            <trkpt lat="50.16843" lon="4.56112"/>
            <trkpt lat="50.16844" lon="4.56118"/>
            <trkpt lat="50.16845" lon="4.56131"/>
            <trkpt lat="50.16844" lon="4.56136"/>
            <trkpt lat="50.16842" lon="4.56146"/>
            <trkpt lat="50.16817" lon="4.56219"/>
            <trkpt lat="50.16796" lon="4.56283"/>
            <trkpt lat="50.16786" lon="4.56323"/>
            <trkpt lat="50.16773" lon="4.56392"/>
            <trkpt lat="50.16773" lon="4.56393"/>
            <trkpt lat="50.16769" lon="4.56425"/>
            <trkpt lat="50.16768" lon="4.56432"/>
            <trkpt lat="50.16764" lon="4.56529"/>
            <trkpt lat="50.16763" lon="4.56563"/>
            <trkpt lat="50.16763" lon="4.56646"/>
            <trkpt lat="50.1676" lon="4.56722"/>
            <trkpt lat="50.16755" lon="4.56758"/>
            <trkpt lat="50.16747" lon="4.56782"/>
            <trkpt lat="50.16722" lon="4.56862"/>
            <trkpt lat="50.16703" lon="4.56952"/>
            <trkpt lat="50.16676" lon="4.57031"/>
            <trkpt lat="50.16676" lon="4.57031"/>
            <trkpt lat="50.16654" lon="4.5711"/>
            <trkpt lat="50.1664" lon="4.57191"/>
            <trkpt lat="50.16628" lon="4.57329"/>
            <trkpt lat="50.16627" lon="4.57339"/>
            <trkpt lat="50.16627" lon="4.57347"/>
            <trkpt lat="50.16619" lon="4.57414"/>
            <trkpt lat="50.16617" lon="4.57423"/>
            <trkpt lat="50.16615" lon="4.57431"/>
            <trkpt lat="50.16611" lon="4.57435"/>
            <trkpt lat="50.16607" lon="4.57437"/>
            <trkpt lat="50.16603" lon="4.57438"/>
            <trkpt lat="50.16552" lon="4.57438"/>
            <trkpt lat="50.16537" lon="4.57442"/>
            <trkpt lat="50.16532" lon="4.57448"/>
            <trkpt lat="50.16528" lon="4.57454"/>
            <trkpt lat="50.16491" lon="4.5754"/>
            <trkpt lat="50.16468" lon="4.57589"/>
            <trkpt lat="50.16452" lon="4.57613"/>
            <trkpt lat="50.16446" lon="4.57621"/>
            <trkpt lat="50.16441" lon="4.57625"/>
            <trkpt lat="50.16436" lon="4.57629"/>
            <trkpt lat="50.1643" lon="4.57632"/>
            <trkpt lat="50.16421" lon="4.57633"/>
            <trkpt lat="50.16414" lon="4.57632"/>
            <trkpt lat="50.16407" lon="4.5763"/>
            <trkpt lat="50.16397" lon="4.57627"/>
            <trkpt lat="50.16357" lon="4.57609"/>
            <trkpt lat="50.16124" lon="4.57505"/>
            <trkpt lat="50.16064" lon="4.57476"/>
            <trkpt lat="50.16035" lon="4.57461"/>
            <trkpt lat="50.16018" lon="4.57457"/>
            <trkpt lat="50.15992" lon="4.57456"/>
            <trkpt lat="50.15877" lon="4.57467"/>
            <trkpt lat="50.15844" lon="4.57464"/>
            <trkpt lat="50.15788" lon="4.57464"/>
            <trkpt lat="50.15771" lon="4.57462"/>
            <trkpt lat="50.15754" lon="4.57456"/>
            <trkpt lat="50.15636" lon="4.57391"/>
            <trkpt lat="50.15612" lon="4.57376"/>
            <trkpt lat="50.15603" lon="4.57374"/>
            <trkpt lat="50.15592" lon="4.57375"/>
            <trkpt lat="50.15575" lon="4.57386"/>
            <trkpt lat="50.15349" lon="4.57587"/>
            <trkpt lat="50.1522" lon="4.57706"/>
            <trkpt lat="50.15141" lon="4.57773"/>
            <trkpt lat="50.15029" lon="4.57879"/>
            <trkpt lat="50.15003" lon="4.579"/>
            <trkpt lat="50.14958" lon="4.57928"/>
            <trkpt lat="50.14943" lon="4.5794"/>
            <trkpt lat="50.14933" lon="4.57952"/>
            <trkpt lat="50.1492" lon="4.57971"/>
            <trkpt lat="50.14917" lon="4.5798"/>
            <trkpt lat="50.14914" lon="4.57987"/>
            <trkpt lat="50.14911" lon="4.57999"/>
            <trkpt lat="50.14889" lon="4.58086"/>
            <trkpt lat="50.14876" lon="4.58147"/>
            <trkpt lat="50.14826" lon="4.58346"/>
            <trkpt lat="50.14816" lon="4.58383"/>
            <trkpt lat="50.14806" lon="4.58408"/>
            <trkpt lat="50.14798" lon="4.58415"/>
            <trkpt lat="50.14724" lon="4.58454"/>
            <trkpt lat="50.14692" lon="4.58468"/>
            <trkpt lat="50.14678" lon="4.58472"/>
            <trkpt lat="50.14673" lon="4.58453"/>
            <trkpt lat="50.1467" lon="4.58442"/>
            <trkpt lat="50.14654" lon="4.58391"/>
            <trkpt lat="50.14649" lon="4.58394"/>
            <trkpt lat="50.14646" lon="4.58395"/>
            <trkpt lat="50.14645" lon="4.58395"/>
            <trkpt lat="50.1464" lon="4.58395"/>
            <trkpt lat="50.14578" lon="4.58364"/>
            <trkpt lat="50.14561" lon="4.58352"/>
            <trkpt lat="50.14552" lon="4.58344"/>
            <trkpt lat="50.14537" lon="4.58323"/>
            <trkpt lat="50.14523" lon="4.58296"/>
            <trkpt lat="50.14471" lon="4.5818"/>
            <trkpt lat="50.14458" lon="4.58148"/>
            <trkpt lat="50.14443" lon="4.58118"/>
            <trkpt lat="50.14434" lon="4.58107"/>
            <trkpt lat="50.14425" lon="4.58099"/>
            <trkpt lat="50.14418" lon="4.58095"/>
            <trkpt lat="50.14377" lon="4.58083"/>
            <trkpt lat="50.14359" lon="4.58072"/>
            <trkpt lat="50.14312" lon="4.58035"/>
            <trkpt lat="50.14267" lon="4.58026"/>
            <trkpt lat="50.14204" lon="4.58001"/>
            <trkpt lat="50.14168" lon="4.57992"/>
            <trkpt lat="50.1416" lon="4.57992"/>
            <trkpt lat="50.14145" lon="4.57991"/>
            <trkpt lat="50.14133" lon="4.57997"/>
            <trkpt lat="50.14116" lon="4.58011"/>
            <trkpt lat="50.141" lon="4.58027"/>
            <trkpt lat="50.14056" lon="4.58083"/>
            <trkpt lat="50.14038" lon="4.58111"/>
            <trkpt lat="50.14028" lon="4.58134"/>
            <trkpt lat="50.14021" lon="4.58159"/>
            <trkpt lat="50.14013" lon="4.58274"/>
            <trkpt lat="50.14003" lon="4.58454"/>
            <trkpt lat="50.13993" lon="4.58656"/>
            <trkpt lat="50.13991" lon="4.58678"/>
            <trkpt lat="50.13987" lon="4.58696"/>
            <trkpt lat="50.13981" lon="4.5871"/>
            <trkpt lat="50.13975" lon="4.58722"/>
            <trkpt lat="50.13967" lon="4.58732"/>
            <trkpt lat="50.13804" lon="4.58879"/>
            <trkpt lat="50.13756" lon="4.58928"/>
            <trkpt lat="50.13753" lon="4.58934"/>
            <trkpt lat="50.13751" lon="4.58937"/>
            <trkpt lat="50.13748" lon="4.58953"/>
            <trkpt lat="50.13745" lon="4.59029"/>
            <trkpt lat="50.13751" lon="4.59229"/>
            <trkpt lat="50.13759" lon="4.59511"/>
            <trkpt lat="50.13757" lon="4.59574"/>
            <trkpt lat="50.13729" lon="4.59899"/>
            <trkpt lat="50.13721" lon="4.60036"/>
            <trkpt lat="50.13712" lon="4.60103"/>
            <trkpt lat="50.13703" lon="4.60147"/>
            <trkpt lat="50.13696" lon="4.60173"/>
            <trkpt lat="50.13685" lon="4.602"/>
            <trkpt lat="50.13615" lon="4.60338"/>
            <trkpt lat="50.13535" lon="4.60493"/>
            <trkpt lat="50.13532" lon="4.60501"/>
            <trkpt lat="50.13074" lon="4.61411"/>
            <trkpt lat="50.13064" lon="4.61425"/>
            <trkpt lat="50.13064" lon="4.61426"/>
            <trkpt lat="50.13037" lon="4.61453"/>
            <trkpt lat="50.13023" lon="4.61461"/>
            <trkpt lat="50.12997" lon="4.61472"/>
            <trkpt lat="50.12717" lon="4.6161"/>
            <trkpt lat="50.12698" lon="4.61619"/>
            <trkpt lat="50.12694" lon="4.61622"/>
            <trkpt lat="50.12684" lon="4.61626"/>
            <trkpt lat="50.12625" lon="4.61653"/>
            <trkpt lat="50.12541" lon="4.61693"/>
            <trkpt lat="50.12342" lon="4.61786"/>
            <trkpt lat="50.12165" lon="4.61873"/>
            <trkpt lat="50.12155" lon="4.61877"/>
            <trkpt lat="50.1203" lon="4.61938"/>
            <trkpt lat="50.12013" lon="4.61949"/>
            <trkpt lat="50.12001" lon="4.6196"/>
            <trkpt lat="50.11982" lon="4.61979"/>
            <trkpt lat="50.11963" lon="4.62001"/>
            <trkpt lat="50.11933" lon="4.62035"/>
            <trkpt lat="50.1192" lon="4.62052"/>
            <trkpt lat="50.11916" lon="4.62061"/>
            <trkpt lat="50.11904" lon="4.6211"/>
            <trkpt lat="50.11889" lon="4.62152"/>
            <trkpt lat="50.11882" lon="4.62166"/>
            <trkpt lat="50.11873" lon="4.62178"/>
            <trkpt lat="50.11858" lon="4.62194"/>
            <trkpt lat="50.11838" lon="4.62208"/>
            <trkpt lat="50.11825" lon="4.62213"/>
            <trkpt lat="50.11757" lon="4.62232"/>
            <trkpt lat="50.11761" lon="4.62272"/>
            <trkpt lat="50.11763" lon="4.62351"/>
            <trkpt lat="50.11759" lon="4.62481"/>
            <trkpt lat="50.11761" lon="4.62495"/>
            <trkpt lat="50.11762" lon="4.62588"/>
            <trkpt lat="50.1176" lon="4.62629"/>
            <trkpt lat="50.11754" lon="4.62682"/>
            <trkpt lat="50.11708" lon="4.63"/>
            <trkpt lat="50.11704" lon="4.63048"/>
            <trkpt lat="50.11704" lon="4.6311"/>
            <trkpt lat="50.11722" lon="4.63323"/>
            <trkpt lat="50.11722" lon="4.63336"/>
            <trkpt lat="50.11721" lon="4.63353"/>
            <trkpt lat="50.11715" lon="4.63394"/>
            <trkpt lat="50.11706" lon="4.63448"/>
            <trkpt lat="50.1169" lon="4.63545"/>
            <trkpt lat="50.11675" lon="4.63621"/>
            <trkpt lat="50.11675" lon="4.63623"/>
            <trkpt lat="50.11672" lon="4.6365"/>
            <trkpt lat="50.11669" lon="4.63713"/>
            <trkpt lat="50.11669" lon="4.63751"/>
            <trkpt lat="50.1167" lon="4.63781"/>
            <trkpt lat="50.11673" lon="4.63807"/>
            <trkpt lat="50.11678" lon="4.63841"/>
            <trkpt lat="50.11724" lon="4.64055"/>
            <trkpt lat="50.11785" lon="4.64314"/>
            <trkpt lat="50.11808" lon="4.644"/>
            <trkpt lat="50.11818" lon="4.64429"/>
            <trkpt lat="50.11841" lon="4.64499"/>
            <trkpt lat="50.11857" lon="4.6456"/>
            <trkpt lat="50.11861" lon="4.64579"/>
            <trkpt lat="50.11862" lon="4.64592"/>
            <trkpt lat="50.11862" lon="4.64612"/>
            <trkpt lat="50.11861" lon="4.64645"/>
            <trkpt lat="50.11857" lon="4.64645"/>
            <trkpt lat="50.11851" lon="4.64647"/>
            <trkpt lat="50.11848" lon="4.6465"/>
            <trkpt lat="50.11845" lon="4.64653"/>
            <trkpt lat="50.11834" lon="4.6467"/>
            <trkpt lat="50.11822" lon="4.647"/>
            <trkpt lat="50.11797" lon="4.64713"/>
            <trkpt lat="50.11748" lon="4.64728"/>
            <trkpt lat="50.11729" lon="4.64735"/>
            <trkpt lat="50.11702" lon="4.64738"/>
            <trkpt lat="50.11688" lon="4.64739"/>
            <trkpt lat="50.11681" lon="4.64741"/>
            <trkpt lat="50.11676" lon="4.64743"/>
            <trkpt lat="50.11661" lon="4.64755"/>
            <trkpt lat="50.11642" lon="4.64769"/>
            <trkpt lat="50.11623" lon="4.64779"/>
            <trkpt lat="50.11604" lon="4.64788"/>
            <trkpt lat="50.11569" lon="4.64786"/>
            <trkpt lat="50.11539" lon="4.64782"/>
            <trkpt lat="50.11529" lon="4.64779"/>
            <trkpt lat="50.11513" lon="4.6477"/>
            <trkpt lat="50.11507" lon="4.64764"/>
            <trkpt lat="50.11501" lon="4.64756"/>
            <trkpt lat="50.1149" lon="4.64742"/>
            <trkpt lat="50.11481" lon="4.64752"/>
            <trkpt lat="50.1147" lon="4.6476"/>
            <trkpt lat="50.11432" lon="4.64783"/>
            <trkpt lat="50.11378" lon="4.6482"/>
            <trkpt lat="50.11366" lon="4.64832"/>
            <trkpt lat="50.11358" lon="4.64843"/>
            <trkpt lat="50.11333" lon="4.64885"/>
            <trkpt lat="50.1133" lon="4.6489"/>
            <trkpt lat="50.11306" lon="4.64917"/>
            <trkpt lat="50.11281" lon="4.64942"/>
            <trkpt lat="50.11265" lon="4.64954"/>
            <trkpt lat="50.11215" lon="4.64993"/>
            <trkpt lat="50.11191" lon="4.65016"/>
            <trkpt lat="50.11188" lon="4.65021"/>
            <trkpt lat="50.11186" lon="4.65029"/>
            <trkpt lat="50.11185" lon="4.65039"/>
            <trkpt lat="50.11186" lon="4.65071"/>
            <trkpt lat="50.11191" lon="4.65157"/>
            <trkpt lat="50.11183" lon="4.65229"/>
            <trkpt lat="50.11161" lon="4.65389"/>
            <trkpt lat="50.11159" lon="4.65397"/>
            <trkpt lat="50.11155" lon="4.65406"/>
            <trkpt lat="50.11152" lon="4.65411"/>
            <trkpt lat="50.1113" lon="4.65432"/>
            <trkpt lat="50.11112" lon="4.65445"/>
            <trkpt lat="50.11058" lon="4.65471"/>
            <trkpt lat="50.11055" lon="4.65474"/>
            <trkpt lat="50.1105" lon="4.65478"/>
            <trkpt lat="50.11036" lon="4.65494"/>
            <trkpt lat="50.1103" lon="4.65503"/>
            <trkpt lat="50.11021" lon="4.65525"/>
            <trkpt lat="50.10981" lon="4.65578"/>
            <trkpt lat="50.10971" lon="4.65595"/>
            <trkpt lat="50.10963" lon="4.65614"/>
            <trkpt lat="50.10961" lon="4.6562"/>
            <trkpt lat="50.10953" lon="4.65644"/>
            <trkpt lat="50.10937" lon="4.65703"/>
            <trkpt lat="50.10922" lon="4.65761"/>
            <trkpt lat="50.10912" lon="4.6579"/>
            <trkpt lat="50.10907" lon="4.658"/>
            <trkpt lat="50.109" lon="4.65809"/>
            <trkpt lat="50.1089" lon="4.65818"/>
            <trkpt lat="50.10886" lon="4.6582"/>
            <trkpt lat="50.10865" lon="4.65832"/>
            <trkpt lat="50.10767" lon="4.65878"/>
            <trkpt lat="50.10762" lon="4.65881"/>
            <trkpt lat="50.10742" lon="4.65893"/>
            <trkpt lat="50.10726" lon="4.65903"/>
            <trkpt lat="50.10688" lon="4.6593"/>
            <trkpt lat="50.10595" lon="4.66004"/>
            <trkpt lat="50.10534" lon="4.66049"/>
            <trkpt lat="50.10384" lon="4.6615"/>
            <trkpt lat="50.10361" lon="4.66164"/>
            <trkpt lat="50.10354" lon="4.66173"/>
            <trkpt lat="50.10348" lon="4.66182"/>
            <trkpt lat="50.10343" lon="4.66191"/>
            <trkpt lat="50.10339" lon="4.66201"/>
            <trkpt lat="50.10339" lon="4.66218"/>
            <trkpt lat="50.10348" lon="4.6627"/>
            <trkpt lat="50.10379" lon="4.66436"/>
            <trkpt lat="50.10381" lon="4.66443"/>
            <trkpt lat="50.10381" lon="4.66449"/>
            <trkpt lat="50.1038" lon="4.66455"/>
            <trkpt lat="50.10378" lon="4.66458"/>
            <trkpt lat="50.10373" lon="4.66463"/>
            <trkpt lat="50.10327" lon="4.66512"/>
            <trkpt lat="50.10307" lon="4.66531"/>
            <trkpt lat="50.1029" lon="4.66552"/>
            <trkpt lat="50.10194" lon="4.66645"/>
            <trkpt lat="50.10172" lon="4.6667"/>
            <trkpt lat="50.10166" lon="4.66683"/>
            <trkpt lat="50.10161" lon="4.667"/>
            <trkpt lat="50.10154" lon="4.66722"/>
            <trkpt lat="50.10148" lon="4.66746"/>
            <trkpt lat="50.10133" lon="4.66796"/>
            <trkpt lat="50.10122" lon="4.66816"/>
            <trkpt lat="50.10057" lon="4.66909"/>
            <trkpt lat="50.10054" lon="4.66914"/>
            <trkpt lat="50.10032" lon="4.66951"/>
            <trkpt lat="50.0999" lon="4.67011"/>
            <trkpt lat="50.09975" lon="4.67029"/>
            <trkpt lat="50.09954" lon="4.6705"/>
            <trkpt lat="50.09931" lon="4.67067"/>
            <trkpt lat="50.09925" lon="4.67072"/>
            <trkpt lat="50.09907" lon="4.67084"/>
            <trkpt lat="50.0989" lon="4.67092"/>
            <trkpt lat="50.09877" lon="4.67095"/>
            <trkpt lat="50.09859" lon="4.67091"/>
            <trkpt lat="50.09781" lon="4.67059"/>
            <trkpt lat="50.09766" lon="4.67053"/>
            <trkpt lat="50.09757" lon="4.6705"/>
            <trkpt lat="50.0974" lon="4.67047"/>
            <trkpt lat="50.09723" lon="4.67048"/>
            <trkpt lat="50.09709" lon="4.67052"/>
            <trkpt lat="50.09681" lon="4.67069"/>
            <trkpt lat="50.09649" lon="4.671"/>
            <trkpt lat="50.09631" lon="4.67124"/>
            <trkpt lat="50.09608" lon="4.67165"/>
            <trkpt lat="50.09588" lon="4.672"/>
            <trkpt lat="50.09573" lon="4.67227"/>
            <trkpt lat="50.0957" lon="4.67232"/>
            <trkpt lat="50.0955" lon="4.67257"/>
            <trkpt lat="50.09549" lon="4.67258"/>
            <trkpt lat="50.09535" lon="4.6727"/>
            <trkpt lat="50.09519" lon="4.6728"/>
            <trkpt lat="50.09499" lon="4.67287"/>
            <trkpt lat="50.09488" lon="4.67289"/>
            <trkpt lat="50.09479" lon="4.6729"/>
            <trkpt lat="50.09454" lon="4.67287"/>
            <trkpt lat="50.09425" lon="4.67258"/>
            <trkpt lat="50.094" lon="4.67227"/>
            <trkpt lat="50.09395" lon="4.67222"/>
            <trkpt lat="50.09388" lon="4.67222"/>
            <trkpt lat="50.09381" lon="4.67225"/>
            <trkpt lat="50.09364" lon="4.67241"/>
            <trkpt lat="50.09351" lon="4.67265"/>
            <trkpt lat="50.09327" lon="4.6723"/>
            <trkpt lat="50.09319" lon="4.67213"/>
            <trkpt lat="50.09313" lon="4.67197"/>
            <trkpt lat="50.09303" lon="4.6715"/>
            <trkpt lat="50.09284" lon="4.67013"/>
            <trkpt lat="50.09275" lon="4.67022"/>
            <trkpt lat="50.09239" lon="4.67059"/>
            <trkpt lat="50.09235" lon="4.67062"/>
            <trkpt lat="50.09226" lon="4.67065"/>
            <trkpt lat="50.09214" lon="4.67067"/>
            <trkpt lat="50.09176" lon="4.67043"/>
            <trkpt lat="50.09164" lon="4.67038"/>
            <trkpt lat="50.09154" lon="4.67033"/>
            <trkpt lat="50.09131" lon="4.67036"/>
            <trkpt lat="50.09106" lon="4.67039"/>
            <trkpt lat="50.09056" lon="4.67044"/>
            <trkpt lat="50.0904" lon="4.67048"/>
            <trkpt lat="50.09023" lon="4.67054"/>
            <trkpt lat="50.08981" lon="4.67076"/>
            <trkpt lat="50.08953" lon="4.67089"/>
            <trkpt lat="50.0894" lon="4.67092"/>
            <trkpt lat="50.08925" lon="4.67096"/>
            <trkpt lat="50.08869" lon="4.67086"/>
            <trkpt lat="50.08849" lon="4.67079"/>
            <trkpt lat="50.08838" lon="4.67071"/>
            <trkpt lat="50.08794" lon="4.67031"/>
            <trkpt lat="50.08783" lon="4.67023"/>
            <trkpt lat="50.08767" lon="4.67016"/>
            <trkpt lat="50.08749" lon="4.67012"/>
            <trkpt lat="50.0873" lon="4.67011"/>
            <trkpt lat="50.08724" lon="4.6701"/>
            <trkpt lat="50.0869" lon="4.67015"/>
            <trkpt lat="50.08599" lon="4.67023"/>
            <trkpt lat="50.08563" lon="4.67018"/>
            <trkpt lat="50.08547" lon="4.67012"/>
            <trkpt lat="50.08529" lon="4.67002"/>
            <trkpt lat="50.08455" lon="4.66955"/>
            <trkpt lat="50.08236" lon="4.66844"/>
            <trkpt lat="50.0821" lon="4.66829"/>
            <trkpt lat="50.08192" lon="4.6682"/>
            <trkpt lat="50.08164" lon="4.66812"/>
            <trkpt lat="50.08155" lon="4.66812"/>
            <trkpt lat="50.08134" lon="4.66819"/>
            <trkpt lat="50.08116" lon="4.6683"/>
            <trkpt lat="50.08021" lon="4.66925"/>
            <trkpt lat="50.07999" lon="4.6695"/>
            <trkpt lat="50.07977" lon="4.66978"/>
            <trkpt lat="50.07951" lon="4.67018"/>
            <trkpt lat="50.0789" lon="4.67126"/>
            <trkpt lat="50.07821" lon="4.67234"/>
            <trkpt lat="50.07803" lon="4.67256"/>
            <trkpt lat="50.07772" lon="4.67288"/>
            <trkpt lat="50.0775" lon="4.67301"/>
            <trkpt lat="50.07693" lon="4.67327"/>
            <trkpt lat="50.07665" lon="4.67333"/>
            <trkpt lat="50.07652" lon="4.67334"/>
            <trkpt lat="50.07632" lon="4.67327"/>
            <trkpt lat="50.07603" lon="4.6731"/>
            <trkpt lat="50.07568" lon="4.67294"/>
            <trkpt lat="50.07484" lon="4.67256"/>
            <trkpt lat="50.07458" lon="4.67248"/>
            <trkpt lat="50.07435" lon="4.67243"/>
            <trkpt lat="50.07401" lon="4.67244"/>
            <trkpt lat="50.07214" lon="4.67286"/>
            <trkpt lat="50.07187" lon="4.67291"/>
            <trkpt lat="50.07167" lon="4.67296"/>
            <trkpt lat="50.07153" lon="4.67303"/>
            <trkpt lat="50.07142" lon="4.67313"/>
            <trkpt lat="50.07115" lon="4.67344"/>
            <trkpt lat="50.07099" lon="4.6737"/>
            <trkpt lat="50.07082" lon="4.67402"/>
            <trkpt lat="50.07063" lon="4.67449"/>
            <trkpt lat="50.07045" lon="4.67484"/>
            <trkpt lat="50.07034" lon="4.67508"/>
            <trkpt lat="50.06987" lon="4.67483"/>
            <trkpt lat="50.06906" lon="4.67454"/>
            <trkpt lat="50.06867" lon="4.67447"/>
            <trkpt lat="50.06785" lon="4.67437"/>
            <trkpt lat="50.06602" lon="4.67404"/>
            <trkpt lat="50.06521" lon="4.6737"/>
            <trkpt lat="50.06475" lon="4.67348"/>
            <trkpt lat="50.06395" lon="4.67303"/>
            <trkpt lat="50.0635" lon="4.67289"/>
            <trkpt lat="50.06319" lon="4.67285"/>
            <trkpt lat="50.06298" lon="4.67284"/>
            <trkpt lat="50.06285" lon="4.67288"/>
            <trkpt lat="50.06237" lon="4.67312"/>
            <trkpt lat="50.06196" lon="4.67342"/>
            <trkpt lat="50.0612" lon="4.67401"/>
            <trkpt lat="50.06107" lon="4.67406"/>
            <trkpt lat="50.06068" lon="4.67413"/>
            <trkpt lat="50.05941" lon="4.67422"/>
            <trkpt lat="50.05855" lon="4.67425"/>
            <trkpt lat="50.05835" lon="4.6743"/>
            <trkpt lat="50.0581" lon="4.67439"/>
            <trkpt lat="50.0579" lon="4.67455"/>
            <trkpt lat="50.0571" lon="4.67524"/>
            <trkpt lat="50.05682" lon="4.67543"/>
            <trkpt lat="50.05666" lon="4.6755"/>
            <trkpt lat="50.05657" lon="4.67552"/>
            <trkpt lat="50.05636" lon="4.67555"/>
            <trkpt lat="50.05573" lon="4.67546"/>
            <trkpt lat="50.05531" lon="4.67535"/>
            <trkpt lat="50.05435" lon="4.675"/>
            <trkpt lat="50.05419" lon="4.67499"/>
            <trkpt lat="50.05371" lon="4.67506"/>
            <trkpt lat="50.0537" lon="4.67506"/>
            <trkpt lat="50.05343" lon="4.67502"/>
            <trkpt lat="50.05321" lon="4.67497"/>
            <trkpt lat="50.05289" lon="4.67486"/>
            <trkpt lat="50.05222" lon="4.67455"/>
            <trkpt lat="50.0518" lon="4.67423"/>
            <trkpt lat="50.05143" lon="4.67392"/>
            <trkpt lat="50.05072" lon="4.67327"/>
            <trkpt lat="50.05045" lon="4.67311"/>
            <trkpt lat="50.04997" lon="4.67287"/>
            <trkpt lat="50.04919" lon="4.67252"/>
            <trkpt lat="50.04884" lon="4.67239"/>
            <trkpt lat="50.04861" lon="4.67235"/>
            <trkpt lat="50.04836" lon="4.67238"/>
            <trkpt lat="50.04808" lon="4.67244"/>
            <trkpt lat="50.04775" lon="4.67248"/>
            <trkpt lat="50.04743" lon="4.6725"/>
            <trkpt lat="50.04672" lon="4.67251"/>
            <trkpt lat="50.04642" lon="4.67254"/>
            <trkpt lat="50.04607" lon="4.67271"/>
            <trkpt lat="50.04524" lon="4.67333"/>
            <trkpt lat="50.04512" lon="4.6734"/>
            <trkpt lat="50.04494" lon="4.67345"/>
            <trkpt lat="50.04463" lon="4.67346"/>
            <trkpt lat="50.04422" lon="4.67342"/>
            <trkpt lat="50.04357" lon="4.67333"/>
            <trkpt lat="50.04353" lon="4.67333"/>
            <trkpt lat="50.04335" lon="4.6733"/>
            <trkpt lat="50.03954" lon="4.67352"/>
            <trkpt lat="50.038" lon="4.67355"/>
            <trkpt lat="50.03767" lon="4.67353"/>
            <trkpt lat="50.03743" lon="4.67347"/>
            <trkpt lat="50.03702" lon="4.67328"/>
            <trkpt lat="50.03585" lon="4.67261"/>
            <trkpt lat="50.03452" lon="4.67187"/>
            <trkpt lat="50.03435" lon="4.67179"/>
            <trkpt lat="50.03428" lon="4.67177"/>
            <trkpt lat="50.03406" lon="4.6717"/>
            <trkpt lat="50.0339" lon="4.67159"/>
            <trkpt lat="50.03358" lon="4.67131"/>
            <trkpt lat="50.03348" lon="4.6713"/>
            <trkpt lat="50.03303" lon="4.67138"/>
            <trkpt lat="50.03285" lon="4.67141"/>
            <trkpt lat="50.0324" lon="4.67145"/>
            <trkpt lat="50.03195" lon="4.67146"/>
            <trkpt lat="50.03174" lon="4.67144"/>
            <trkpt lat="50.03158" lon="4.67142"/>
            <trkpt lat="50.03154" lon="4.6714"/>
            <trkpt lat="50.0315" lon="4.67135"/>
            <trkpt lat="50.03148" lon="4.67132"/>
            <trkpt lat="50.03146" lon="4.67124"/>
            <trkpt lat="50.03139" lon="4.66956"/>
            <trkpt lat="50.03135" lon="4.66927"/>
            <trkpt lat="50.03135" lon="4.66925"/>
            <trkpt lat="50.03115" lon="4.66838"/>
            <trkpt lat="50.03114" lon="4.66829"/>
            <trkpt lat="50.03114" lon="4.66821"/>
            <trkpt lat="50.03115" lon="4.66815"/>
            <trkpt lat="50.03117" lon="4.66812"/>
            <trkpt lat="50.03125" lon="4.66801"/>
            <trkpt lat="50.03126" lon="4.668"/>
            <trkpt lat="50.03174" lon="4.66749"/>
            <trkpt lat="50.03179" lon="4.66743"/>
            <trkpt lat="50.03182" lon="4.66741"/>
            <trkpt lat="50.03187" lon="4.66737"/>
            <trkpt lat="50.03189" lon="4.66734"/>
            <trkpt lat="50.0319" lon="4.66732"/>
            <trkpt lat="50.03192" lon="4.66729"/>
            <trkpt lat="50.03192" lon="4.66725"/>
            <trkpt lat="50.03192" lon="4.66721"/>
            <trkpt lat="50.03191" lon="4.66717"/>
            <trkpt lat="50.0319" lon="4.66712"/>
            <trkpt lat="50.03188" lon="4.6671"/>
            <trkpt lat="50.03186" lon="4.66708"/>
            <trkpt lat="50.03183" lon="4.66706"/>
            <trkpt lat="50.03175" lon="4.66702"/>
            <trkpt lat="50.03174" lon="4.66702"/>
            <trkpt lat="50.03153" lon="4.66698"/>
            <trkpt lat="50.03011" lon="4.66668"/>
            <trkpt lat="50.02996" lon="4.66663"/>
            <trkpt lat="50.02987" lon="4.66653"/>
            <trkpt lat="50.0298" lon="4.66643"/>
            <trkpt lat="50.02976" lon="4.66632"/>
            <trkpt lat="50.02971" lon="4.66616"/>
            <trkpt lat="50.02968" lon="4.66602"/>
            <trkpt lat="50.02967" lon="4.66565"/>
            <trkpt lat="50.02967" lon="4.66512"/>
            <trkpt lat="50.02967" lon="4.66502"/>
            <trkpt lat="50.02964" lon="4.66478"/>
            <trkpt lat="50.02961" lon="4.66464"/>
            <trkpt lat="50.02939" lon="4.66406"/>
            <trkpt lat="50.0284" lon="4.65993"/>
            <trkpt lat="50.02822" lon="4.65907"/>
            <trkpt lat="50.02805" lon="4.6582"/>
            <trkpt lat="50.02788" lon="4.65734"/>
            <trkpt lat="50.02767" lon="4.6563"/>
            <trkpt lat="50.02699" lon="4.65299"/>
            <trkpt lat="50.02666" lon="4.65115"/>
            <trkpt lat="50.02656" lon="4.65066"/>
            <trkpt lat="50.02644" lon="4.65016"/>
            <trkpt lat="50.02636" lon="4.64989"/>
            <trkpt lat="50.0261" lon="4.64909"/>
            <trkpt lat="50.02576" lon="4.64802"/>
            <trkpt lat="50.0247" lon="4.64524"/>
            <trkpt lat="50.02465" lon="4.64506"/>
            <trkpt lat="50.02459" lon="4.64486"/>
            <trkpt lat="50.02452" lon="4.64444"/>
            <trkpt lat="50.02445" lon="4.64382"/>
            <trkpt lat="50.02432" lon="4.64241"/>
            <trkpt lat="50.0243" lon="4.64217"/>
            <trkpt lat="50.02424" lon="4.64193"/>
            <trkpt lat="50.0242" lon="4.64176"/>
            <trkpt lat="50.02406" lon="4.6412"/>
            <trkpt lat="50.02401" lon="4.64092"/>
            <trkpt lat="50.02398" lon="4.64058"/>
            <trkpt lat="50.02397" lon="4.64032"/>
            <trkpt lat="50.02398" lon="4.64001"/>
            <trkpt lat="50.0235" lon="4.64025"/>
            <trkpt lat="50.02335" lon="4.64031"/>
            <trkpt lat="50.02305" lon="4.64039"/>
            <trkpt lat="50.02256" lon="4.6405"/>
            <trkpt lat="50.02203" lon="4.64056"/>
            <trkpt lat="50.02198" lon="4.64059"/>
            <trkpt lat="50.02193" lon="4.64064"/>
            <trkpt lat="50.02188" lon="4.64072"/>
            <trkpt lat="50.02156" lon="4.64125"/>
            <trkpt lat="50.02116" lon="4.64169"/>
            <trkpt lat="50.02095" lon="4.64188"/>
            <trkpt lat="50.02083" lon="4.64196"/>
            <trkpt lat="50.0207" lon="4.64201"/>
            <trkpt lat="50.02048" lon="4.64199"/>
            <trkpt lat="50.0201" lon="4.64191"/>
            <trkpt lat="50.01939" lon="4.64169"/>
            <trkpt lat="50.01883" lon="4.64157"/>
            <trkpt lat="50.01877" lon="4.64156"/>
            <trkpt lat="50.01869" lon="4.64156"/>
            <trkpt lat="50.0186" lon="4.64158"/>
            <trkpt lat="50.0185" lon="4.64162"/>
            <trkpt lat="50.01831" lon="4.64178"/>
            <trkpt lat="50.01789" lon="4.64224"/>
            <trkpt lat="50.01775" lon="4.64243"/>
            <trkpt lat="50.01703" lon="4.64327"/>
            <trkpt lat="50.01692" lon="4.64341"/>
            <trkpt lat="50.0168" lon="4.64356"/>
            <trkpt lat="50.01623" lon="4.64425"/>
            <trkpt lat="50.01613" lon="4.64441"/>
            <trkpt lat="50.01596" lon="4.64474"/>
            <trkpt lat="50.01578" lon="4.64516"/>
            <trkpt lat="50.01558" lon="4.64594"/>
            <trkpt lat="50.01554" lon="4.64639"/>
            <trkpt lat="50.01553" lon="4.64674"/>
            <trkpt lat="50.01551" lon="4.64725"/>
            <trkpt lat="50.01547" lon="4.64765"/>
            <trkpt lat="50.01536" lon="4.6482"/>
            <trkpt lat="50.01526" lon="4.64853"/>
            <trkpt lat="50.01523" lon="4.64862"/>
            <trkpt lat="50.01485" lon="4.64931"/>
            <trkpt lat="50.0146" lon="4.64971"/>
            <trkpt lat="50.01405" lon="4.65062"/>
            <trkpt lat="50.01344" lon="4.65155"/>
            <trkpt lat="50.01267" lon="4.65283"/>
            <trkpt lat="50.01177" lon="4.65427"/>
            <trkpt lat="50.01155" lon="4.65464"/>
            <trkpt lat="50.01107" lon="4.65539"/>
            <trkpt lat="50.01023" lon="4.65678"/>
            <trkpt lat="50.00994" lon="4.65721"/>
            <trkpt lat="50.00977" lon="4.65749"/>
            <trkpt lat="50.00933" lon="4.6582"/>
            <trkpt lat="50.00905" lon="4.65866"/>
            <trkpt lat="50.00776" lon="4.66087"/>
            <trkpt lat="50.00748" lon="4.66139"/>
            <trkpt lat="50.00729" lon="4.66182"/>
            <trkpt lat="50.00705" lon="4.66257"/>
            <trkpt lat="50.00698" lon="4.66292"/>
            <trkpt lat="50.00669" lon="4.66498"/>
            <trkpt lat="50.00662" lon="4.6656"/>
            <trkpt lat="50.00661" lon="4.6657"/>
            <trkpt lat="50.00661" lon="4.66592"/>
            <trkpt lat="50.00667" lon="4.66642"/>
            <trkpt lat="50.00672" lon="4.66667"/>
            <trkpt lat="50.00676" lon="4.6668"/>
            <trkpt lat="50.00712" lon="4.66772"/>
            <trkpt lat="50.00716" lon="4.66785"/>
            <trkpt lat="50.00718" lon="4.668"/>
            <trkpt lat="50.00719" lon="4.6682"/>
            <trkpt lat="50.00716" lon="4.66845"/>
            <trkpt lat="50.00705" lon="4.66864"/>
            <trkpt lat="50.00694" lon="4.66876"/>
            <trkpt lat="50.00679" lon="4.66886"/>
            <trkpt lat="50.00663" lon="4.66891"/>
            <trkpt lat="50.00656" lon="4.6689"/>
            <trkpt lat="50.00647" lon="4.66888"/>
            <trkpt lat="50.00634" lon="4.66875"/>
            <trkpt lat="50.00533" lon="4.66766"/>
            <trkpt lat="50.00439" lon="4.66681"/>
            <trkpt lat="50.00423" lon="4.66666"/>
            <trkpt lat="50.00422" lon="4.66663"/>
            <trkpt lat="50.00406" lon="4.66631"/>
            <trkpt lat="50.00366" lon="4.66531"/>
            <trkpt lat="50.00363" lon="4.66516"/>
            <trkpt lat="50.00308" lon="4.66306"/>
            <trkpt lat="50.00238" lon="4.66125"/>
            <trkpt lat="50.00213" lon="4.66067"/>
            <trkpt lat="50.00207" lon="4.66056"/>
            <trkpt lat="50.00198" lon="4.66044"/>
            <trkpt lat="50.00189" lon="4.66036"/>
            <trkpt lat="50.00183" lon="4.66033"/>
            <trkpt lat="50.00171" lon="4.66031"/>
            <trkpt lat="50.0016" lon="4.66034"/>
            <trkpt lat="50.00153" lon="4.66038"/>
            <trkpt lat="50.00143" lon="4.66046"/>
            <trkpt lat="50.00139" lon="4.6605"/>
            <trkpt lat="50.00134" lon="4.66057"/>
            <trkpt lat="50.00128" lon="4.66068"/>
            <trkpt lat="50.00111" lon="4.6611"/>
            <trkpt lat="50.0009" lon="4.66166"/>
            <trkpt lat="50.00074" lon="4.66198"/>
            <trkpt lat="50.00048" lon="4.66242"/>
            <trkpt lat="50.00028" lon="4.6627"/>
            <trkpt lat="50.00005" lon="4.66296"/>
            <trkpt lat="49.99852" lon="4.66461"/>
            <trkpt lat="49.99789" lon="4.66534"/>
            <trkpt lat="49.99662" lon="4.66681"/>
            <trkpt lat="49.99646" lon="4.66698"/>
            <trkpt lat="49.9964" lon="4.6671"/>
            <trkpt lat="49.99638" lon="4.6672"/>
            <trkpt lat="49.99637" lon="4.66739"/>
            <trkpt lat="49.99637" lon="4.66763"/>
            <trkpt lat="49.99656" lon="4.67088"/>
            <trkpt lat="49.99658" lon="4.67151"/>
            <trkpt lat="49.99659" lon="4.67209"/>
            <trkpt lat="49.99657" lon="4.67239"/>
            <trkpt lat="49.99652" lon="4.67271"/>
            <trkpt lat="49.99644" lon="4.67304"/>
            <trkpt lat="49.99635" lon="4.67329"/>
            <trkpt lat="49.99596" lon="4.67463"/>
            <trkpt lat="49.99578" lon="4.67517"/>
            <trkpt lat="49.99545" lon="4.67581"/>
            <trkpt lat="49.99536" lon="4.67602"/>
            <trkpt lat="49.99528" lon="4.67624"/>
            <trkpt lat="49.99523" lon="4.67652"/>
            <trkpt lat="49.99515" lon="4.67717"/>
            <trkpt lat="49.99514" lon="4.67768"/>
            <trkpt lat="49.99516" lon="4.67793"/>
            <trkpt lat="49.99522" lon="4.67841"/>
            <trkpt lat="49.99529" lon="4.67868"/>
            <trkpt lat="49.9955" lon="4.6793"/>
            <trkpt lat="49.99561" lon="4.67962"/>
            <trkpt lat="49.99572" lon="4.67988"/>
            <trkpt lat="49.9958" lon="4.68015"/>
            <trkpt lat="49.9958" lon="4.68018"/>
            <trkpt lat="49.99588" lon="4.68069"/>
            <trkpt lat="49.99592" lon="4.68116"/>
            <trkpt lat="49.99593" lon="4.68152"/>
            <trkpt lat="49.99598" lon="4.68224"/>
            <trkpt lat="49.99601" lon="4.68292"/>
            <trkpt lat="49.99604" lon="4.68345"/>
            <trkpt lat="49.99605" lon="4.6837"/>
            <trkpt lat="49.99605" lon="4.68393"/>
            <trkpt lat="49.99608" lon="4.68451"/>
            <trkpt lat="49.99608" lon="4.68507"/>
            <trkpt lat="49.99594" lon="4.686"/>
            <trkpt lat="49.99591" lon="4.68625"/>
            <trkpt lat="49.9956" lon="4.68761"/>
            <trkpt lat="49.99549" lon="4.68819"/>
            <trkpt lat="49.9954" lon="4.68878"/>
            <trkpt lat="49.99538" lon="4.68932"/>
            <trkpt lat="49.99538" lon="4.68973"/>
            <trkpt lat="49.99539" lon="4.68982"/>
            <trkpt lat="49.99542" lon="4.69001"/>
            <trkpt lat="49.99546" lon="4.69025"/>
            <trkpt lat="49.99548" lon="4.69038"/>
            <trkpt lat="49.99552" lon="4.69065"/>
            <trkpt lat="49.99553" lon="4.69072"/>
            <trkpt lat="49.99553" lon="4.69116"/>
            <trkpt lat="49.99552" lon="4.6913"/>
            <trkpt lat="49.99551" lon="4.69143"/>
            <trkpt lat="49.99548" lon="4.69164"/>
            <trkpt lat="49.99526" lon="4.6929"/>
            <trkpt lat="49.99516" lon="4.6933"/>
            <trkpt lat="49.99476" lon="4.69446"/>
            <trkpt lat="49.99455" lon="4.69529"/>
            <trkpt lat="49.99451" lon="4.69552"/>
            <trkpt lat="49.99444" lon="4.69618"/>
            <trkpt lat="49.99442" lon="4.69636"/>
            <trkpt lat="49.99442" lon="4.69663"/>
            <trkpt lat="49.99426" lon="4.69735"/>
            <trkpt lat="49.99421" lon="4.69767"/>
            <trkpt lat="49.99421" lon="4.69774"/>
            <trkpt lat="49.99423" lon="4.69781"/>
            <trkpt lat="49.99425" lon="4.69786"/>
            <trkpt lat="49.99394" lon="4.69826"/>
            <trkpt lat="49.99387" lon="4.69836"/>
            <trkpt lat="49.9937" lon="4.69859"/>
            <trkpt lat="49.99326" lon="4.69922"/>
            <trkpt lat="49.9931" lon="4.69953"/>
            <trkpt lat="49.993" lon="4.69977"/>
            <trkpt lat="49.99291" lon="4.70004"/>
            <trkpt lat="49.99283" lon="4.70031"/>
            <trkpt lat="49.99276" lon="4.70056"/>
            <trkpt lat="49.99263" lon="4.70097"/>
            <trkpt lat="49.99254" lon="4.7013"/>
            <trkpt lat="49.9925" lon="4.70142"/>
            <trkpt lat="49.99247" lon="4.7015"/>
            <trkpt lat="49.99238" lon="4.70165"/>
            <trkpt lat="49.99232" lon="4.70172"/>
            <trkpt lat="49.99224" lon="4.70179"/>
            <trkpt lat="49.99221" lon="4.70182"/>
            <trkpt lat="49.99214" lon="4.70186"/>
            <trkpt lat="49.9921" lon="4.70188"/>
            <trkpt lat="49.99193" lon="4.70191"/>
            <trkpt lat="49.99185" lon="4.7019"/>
            <trkpt lat="49.99183" lon="4.7019"/>
            <trkpt lat="49.99174" lon="4.70187"/>
            <trkpt lat="49.9917" lon="4.70185"/>
            <trkpt lat="49.99158" lon="4.70176"/>
            <trkpt lat="49.9915" lon="4.70167"/>
            <trkpt lat="49.99134" lon="4.70142"/>
            <trkpt lat="49.99122" lon="4.70113"/>
            <trkpt lat="49.99111" lon="4.70077"/>
            <trkpt lat="49.99106" lon="4.7005"/>
            <trkpt lat="49.99093" lon="4.69981"/>
            <trkpt lat="49.99086" lon="4.69961"/>
            <trkpt lat="49.99061" lon="4.69908"/>
            <trkpt lat="49.99056" lon="4.69895"/>
            <trkpt lat="49.99053" lon="4.69884"/>
            <trkpt lat="49.99051" lon="4.6987"/>
            <trkpt lat="49.9905" lon="4.6985"/>
            <trkpt lat="49.99054" lon="4.69789"/>
            <trkpt lat="49.9906" lon="4.69762"/>
            <trkpt lat="49.99064" lon="4.69748"/>
            <trkpt lat="49.9907" lon="4.69732"/>
            <trkpt lat="49.99076" lon="4.69721"/>
            <trkpt lat="49.99079" lon="4.69699"/>
            <trkpt lat="49.99081" lon="4.69692"/>
            <trkpt lat="49.99089" lon="4.6966"/>
            <trkpt lat="49.9909" lon="4.69646"/>
            <trkpt lat="49.99089" lon="4.69626"/>
            <trkpt lat="49.99086" lon="4.69609"/>
            <trkpt lat="49.99076" lon="4.69574"/>
            <trkpt lat="49.99028" lon="4.69427"/>
            <trkpt lat="49.99024" lon="4.69414"/>
            <trkpt lat="49.99019" lon="4.69402"/>
            <trkpt lat="49.98961" lon="4.69221"/>
            <trkpt lat="49.98954" lon="4.69209"/>
            <trkpt lat="49.98946" lon="4.69199"/>
            <trkpt lat="49.9894" lon="4.69193"/>
            <trkpt lat="49.98933" lon="4.69188"/>
            <trkpt lat="49.98928" lon="4.69185"/>
            <trkpt lat="49.98921" lon="4.69182"/>
            <trkpt lat="49.98915" lon="4.69181"/>
            <trkpt lat="49.98906" lon="4.69181"/>
            <trkpt lat="49.98897" lon="4.69184"/>
            <trkpt lat="49.98891" lon="4.69187"/>
            <trkpt lat="49.98863" lon="4.69203"/>
            <trkpt lat="49.98858" lon="4.69205"/>
            <trkpt lat="49.98835" lon="4.69216"/>
            <trkpt lat="49.98827" lon="4.6922"/>
            <trkpt lat="49.98807" lon="4.69225"/>
            <trkpt lat="49.98784" lon="4.69226"/>
            <trkpt lat="49.98779" lon="4.69225"/>
            <trkpt lat="49.98767" lon="4.69224"/>
            <trkpt lat="49.98547" lon="4.69163"/>
            <trkpt lat="49.98532" lon="4.69159"/>
            <trkpt lat="49.98515" lon="4.69155"/>
            <trkpt lat="49.98484" lon="4.69144"/>
            <trkpt lat="49.98415" lon="4.69112"/>
            <trkpt lat="49.98325" lon="4.69065"/>
            <trkpt lat="49.98239" lon="4.6902"/>
            <trkpt lat="49.98115" lon="4.68956"/>
            <trkpt lat="49.98062" lon="4.68929"/>
            <trkpt lat="49.98035" lon="4.68914"/>
            <trkpt lat="49.98019" lon="4.68901"/>
            <trkpt lat="49.97993" lon="4.68873"/>
            <trkpt lat="49.97981" lon="4.68857"/>
            <trkpt lat="49.97974" lon="4.68846"/>
            <trkpt lat="49.97958" lon="4.68811"/>
            <trkpt lat="49.9794" lon="4.68758"/>
            <trkpt lat="49.97934" lon="4.68729"/>
            <trkpt lat="49.97931" lon="4.68717"/>
            <trkpt lat="49.97928" lon="4.68702"/>
            <trkpt lat="49.97924" lon="4.68683"/>
            <trkpt lat="49.97911" lon="4.68613"/>
            <trkpt lat="49.97909" lon="4.68564"/>
            <trkpt lat="49.9791" lon="4.68541"/>
            <trkpt lat="49.97913" lon="4.68512"/>
            <trkpt lat="49.97916" lon="4.68507"/>
            <trkpt lat="49.97921" lon="4.68481"/>
            <trkpt lat="49.97923" lon="4.68469"/>
            <trkpt lat="49.97929" lon="4.68441"/>
            <trkpt lat="49.97928" lon="4.68435"/>
            <trkpt lat="49.97935" lon="4.68396"/>
            <trkpt lat="49.97952" lon="4.68316"/>
            <trkpt lat="49.97987" lon="4.68133"/>
            <trkpt lat="49.98006" lon="4.68033"/>
            <trkpt lat="49.9801" lon="4.68018"/>
            <trkpt lat="49.98016" lon="4.67991"/>
            <trkpt lat="49.98036" lon="4.67913"/>
            <trkpt lat="49.98065" lon="4.67808"/>
            <trkpt lat="49.98104" lon="4.67673"/>
            <trkpt lat="49.98121" lon="4.67612"/>
            <trkpt lat="49.98136" lon="4.67545"/>
            <trkpt lat="49.98143" lon="4.67507"/>
            <trkpt lat="49.98163" lon="4.67315"/>
            <trkpt lat="49.98168" lon="4.67236"/>
            <trkpt lat="49.98168" lon="4.67163"/>
            <trkpt lat="49.98164" lon="4.67039"/>
            <trkpt lat="49.98161" lon="4.66986"/>
            <trkpt lat="49.98155" lon="4.66945"/>
            <trkpt lat="49.98132" lon="4.66802"/>
            <trkpt lat="49.98122" lon="4.66757"/>
            <trkpt lat="49.98113" lon="4.66725"/>
            <trkpt lat="49.98104" lon="4.66696"/>
            <trkpt lat="49.98092" lon="4.66665"/>
            <trkpt lat="49.98066" lon="4.66607"/>
            <trkpt lat="49.9805" lon="4.66575"/>
            <trkpt lat="49.98007" lon="4.66505"/>
            <trkpt lat="49.97965" lon="4.66442"/>
            <trkpt lat="49.97939" lon="4.66406"/>
            <trkpt lat="49.97909" lon="4.66366"/>
            <trkpt lat="49.97883" lon="4.66336"/>
            <trkpt lat="49.97828" lon="4.66284"/>
            <trkpt lat="49.97782" lon="4.66244"/>
            <trkpt lat="49.97741" lon="4.66212"/>
            <trkpt lat="49.97715" lon="4.66195"/>
            <trkpt lat="49.97687" lon="4.6618"/>
            <trkpt lat="49.97594" lon="4.6614"/>
            <trkpt lat="49.97529" lon="4.6611"/>
            <trkpt lat="49.97492" lon="4.66097"/>
            <trkpt lat="49.97458" lon="4.66087"/>
            <trkpt lat="49.97373" lon="4.66071"/>
            <trkpt lat="49.97342" lon="4.66068"/>
            <trkpt lat="49.97319" lon="4.66069"/>
            <trkpt lat="49.97283" lon="4.66074"/>
            <trkpt lat="49.97243" lon="4.66084"/>
            <trkpt lat="49.97157" lon="4.66117"/>
            <trkpt lat="49.97142" lon="4.66122"/>
            <trkpt lat="49.97115" lon="4.66127"/>
            <trkpt lat="49.97085" lon="4.66127"/>
            <trkpt lat="49.97044" lon="4.66121"/>
            <trkpt lat="49.9697" lon="4.66103"/>
            <trkpt lat="49.96809" lon="4.66049"/>
            <trkpt lat="49.96693" lon="4.66011"/>
            <trkpt lat="49.96675" lon="4.66006"/>
            <trkpt lat="49.96582" lon="4.65976"/>
            <trkpt lat="49.96505" lon="4.6595"/>
            <trkpt lat="49.96422" lon="4.65924"/>
            <trkpt lat="49.9638" lon="4.65907"/>
            <trkpt lat="49.96352" lon="4.65895"/>
            <trkpt lat="49.96292" lon="4.65863"/>
            <trkpt lat="49.96235" lon="4.65826"/>
            <trkpt lat="49.96228" lon="4.6582"/>
            <trkpt lat="49.96169" lon="4.65774"/>
            <trkpt lat="49.96073" lon="4.65686"/>
            <trkpt lat="49.96056" lon="4.65671"/>
            <trkpt lat="49.95985" lon="4.65619"/>
            <trkpt lat="49.95923" lon="4.65569"/>
            <trkpt lat="49.95845" lon="4.65517"/>
            <trkpt lat="49.95184" lon="4.65095"/>
            <trkpt lat="49.95178" lon="4.65087"/>
            <trkpt lat="49.95124" lon="4.65055"/>
            <trkpt lat="49.95104" lon="4.65042"/>
            <trkpt lat="49.95078" lon="4.65025"/>
            <trkpt lat="49.95038" lon="4.64999"/>
            <trkpt lat="49.94999" lon="4.64975"/>
            <trkpt lat="49.94879" lon="4.64899"/>
            <trkpt lat="49.94846" lon="4.64879"/>
            <trkpt lat="49.9484" lon="4.64878"/>
            <trkpt lat="49.94791" lon="4.64845"/>
            <trkpt lat="49.9476" lon="4.64818"/>
            <trkpt lat="49.9474" lon="4.64797"/>
            <trkpt lat="49.94709" lon="4.64756"/>
            <trkpt lat="49.94687" lon="4.64721"/>
            <trkpt lat="49.94665" lon="4.64681"/>
            <trkpt lat="49.94652" lon="4.64649"/>
            <trkpt lat="49.94628" lon="4.64579"/>
            <trkpt lat="49.94618" lon="4.64549"/>
            <trkpt lat="49.9461" lon="4.64523"/>
            <trkpt lat="49.94599" lon="4.6447"/>
            <trkpt lat="49.94577" lon="4.6432"/>
            <trkpt lat="49.94561" lon="4.64188"/>
            <trkpt lat="49.94557" lon="4.64171"/>
            <trkpt lat="49.94555" lon="4.64162"/>
            <trkpt lat="49.94552" lon="4.64155"/>
            <trkpt lat="49.94545" lon="4.64143"/>
            <trkpt lat="49.94538" lon="4.64135"/>
            <trkpt lat="49.94526" lon="4.64126"/>
            <trkpt lat="49.9452" lon="4.64124"/>
            <trkpt lat="49.94514" lon="4.64123"/>
            <trkpt lat="49.94505" lon="4.64123"/>
            <trkpt lat="49.94492" lon="4.64123"/>
            <trkpt lat="49.94404" lon="4.64121"/>
            <trkpt lat="49.94385" lon="4.64121"/>
            <trkpt lat="49.94382" lon="4.64121"/>
            <trkpt lat="49.94335" lon="4.6412"/>
            <trkpt lat="49.94263" lon="4.64119"/>
            <trkpt lat="49.94253" lon="4.64118"/>
            <trkpt lat="49.9424" lon="4.64118"/>
            <trkpt lat="49.94203" lon="4.64118"/>
            <trkpt lat="49.94193" lon="4.64117"/>
            <trkpt lat="49.94191" lon="4.64116"/>
            <trkpt lat="49.94188" lon="4.64115"/>
            <trkpt lat="49.94186" lon="4.64113"/>
            <trkpt lat="49.94184" lon="4.6411"/>
            <trkpt lat="49.94179" lon="4.64103"/>
            <trkpt lat="49.94172" lon="4.64123"/>
            <trkpt lat="49.94169" lon="4.64155"/>
            <trkpt lat="49.9417" lon="4.6417"/>
            <trkpt lat="49.9417" lon="4.64185"/>
            <trkpt lat="49.9417" lon="4.64195"/>
            <trkpt lat="49.9417" lon="4.64203"/>
            <trkpt lat="49.94155" lon="4.64252"/>
            <trkpt lat="49.94128" lon="4.64356"/>
            <trkpt lat="49.94116" lon="4.64403"/>
            <trkpt lat="49.94115" lon="4.64414"/>
            <trkpt lat="49.941" lon="4.645"/>
            <trkpt lat="49.94097" lon="4.64515"/>
            <trkpt lat="49.94092" lon="4.64529"/>
            <trkpt lat="49.94088" lon="4.64536"/>
            <trkpt lat="49.94083" lon="4.64546"/>
            <trkpt lat="49.94069" lon="4.64571"/>
            <trkpt lat="49.94064" lon="4.64581"/>
            <trkpt lat="49.94033" lon="4.64646"/>
            <trkpt lat="49.93974" lon="4.64785"/>
            <trkpt lat="49.93946" lon="4.6484"/>
            <trkpt lat="49.93923" lon="4.64876"/>
            <trkpt lat="49.93895" lon="4.64916"/>
            <trkpt lat="49.93862" lon="4.64957"/>
            <trkpt lat="49.93832" lon="4.64988"/>
            <trkpt lat="49.93781" lon="4.65033"/>
            <trkpt lat="49.93737" lon="4.65066"/>
            <trkpt lat="49.9372" lon="4.65077"/>
            <trkpt lat="49.93664" lon="4.65104"/>
            <trkpt lat="49.9364" lon="4.65112"/>
            <trkpt lat="49.93616" lon="4.65116"/>
            <trkpt lat="49.93584" lon="4.65116"/>
            <trkpt lat="49.9355" lon="4.65114"/>
            <trkpt lat="49.93526" lon="4.65109"/>
            <trkpt lat="49.93506" lon="4.65102"/>
            <trkpt lat="49.9345" lon="4.65068"/>
            <trkpt lat="49.93429" lon="4.65053"/>
            <trkpt lat="49.93396" lon="4.65028"/>
            <trkpt lat="49.93356" lon="4.65002"/>
            <trkpt lat="49.93351" lon="4.64999"/>
            <trkpt lat="49.93288" lon="4.64967"/>
            <trkpt lat="49.93227" lon="4.64943"/>
            <trkpt lat="49.93216" lon="4.64939"/>
            <trkpt lat="49.9321" lon="4.64937"/>
            <trkpt lat="49.93151" lon="4.64915"/>
            <trkpt lat="49.93144" lon="4.64913"/>
            <trkpt lat="49.93023" lon="4.6487"/>
            <trkpt lat="49.92929" lon="4.64838"/>
            <trkpt lat="49.92914" lon="4.64832"/>
            <trkpt lat="49.92822" lon="4.64801"/>
            <trkpt lat="49.92789" lon="4.64793"/>
            <trkpt lat="49.92756" lon="4.64794"/>
            <trkpt lat="49.92748" lon="4.64796"/>
            <trkpt lat="49.9272" lon="4.64804"/>
            <trkpt lat="49.92706" lon="4.64809"/>
            <trkpt lat="49.92655" lon="4.64841"/>
            <trkpt lat="49.92612" lon="4.64881"/>
            <trkpt lat="49.92599" lon="4.64895"/>
            <trkpt lat="49.92587" lon="4.6491"/>
            <trkpt lat="49.92574" lon="4.64933"/>
            <trkpt lat="49.92565" lon="4.64948"/>
            <trkpt lat="49.92558" lon="4.64966"/>
            <trkpt lat="49.9255" lon="4.64984"/>
            <trkpt lat="49.92533" lon="4.65039"/>
            <trkpt lat="49.92527" lon="4.65073"/>
            <trkpt lat="49.92523" lon="4.65106"/>
            <trkpt lat="49.92524" lon="4.65145"/>
            <trkpt lat="49.92524" lon="4.65154"/>
            <trkpt lat="49.9253" lon="4.65179"/>
            <trkpt lat="49.92532" lon="4.6519"/>
            <trkpt lat="49.92534" lon="4.65194"/>
            <trkpt lat="49.92545" lon="4.65232"/>
            <trkpt lat="49.92548" lon="4.65243"/>
            <trkpt lat="49.92579" lon="4.65327"/>
            <trkpt lat="49.92582" lon="4.65334"/>
            <trkpt lat="49.92606" lon="4.65402"/>
            <trkpt lat="49.9262" lon="4.65436"/>
            <trkpt lat="49.92634" lon="4.6547"/>
            <trkpt lat="49.92664" lon="4.6552"/>
            <trkpt lat="49.9272" lon="4.6559"/>
            <trkpt lat="49.9279" lon="4.65677"/>
            <trkpt lat="49.9282" lon="4.65725"/>
            <trkpt lat="49.92839" lon="4.65762"/>
            <trkpt lat="49.92869" lon="4.6582"/>
            <trkpt lat="49.92891" lon="4.65863"/>
            <trkpt lat="49.92933" lon="4.65949"/>
            <trkpt lat="49.9299" lon="4.66061"/>
            <trkpt lat="49.93027" lon="4.66141"/>
            <trkpt lat="49.93049" lon="4.66194"/>
            <trkpt lat="49.93087" lon="4.66304"/>
            <trkpt lat="49.93113" lon="4.6638"/>
            <trkpt lat="49.9315" lon="4.66501"/>
            <trkpt lat="49.93156" lon="4.6652"/>
            <trkpt lat="49.93169" lon="4.66579"/>
            <trkpt lat="49.93197" lon="4.66701"/>
            <trkpt lat="49.93219" lon="4.66797"/>
            <trkpt lat="49.93243" lon="4.66902"/>
            <trkpt lat="49.93303" lon="4.67158"/>
            <trkpt lat="49.9332" lon="4.67235"/>
            <trkpt lat="49.93324" lon="4.6727"/>
            <trkpt lat="49.93326" lon="4.67368"/>
            <trkpt lat="49.93326" lon="4.67398"/>
            <trkpt lat="49.93323" lon="4.67431"/>
            <trkpt lat="49.93308" lon="4.67524"/>
            <trkpt lat="49.93282" lon="4.67633"/>
            <trkpt lat="49.93267" lon="4.67686"/>
            <trkpt lat="49.93255" lon="4.67717"/>
            <trkpt lat="49.93246" lon="4.67734"/>
            <trkpt lat="49.93233" lon="4.67757"/>
            <trkpt lat="49.93217" lon="4.67781"/>
            <trkpt lat="49.93199" lon="4.67805"/>
            <trkpt lat="49.93182" lon="4.67825"/>
            <trkpt lat="49.93142" lon="4.67863"/>
            <trkpt lat="49.93095" lon="4.67901"/>
            <trkpt lat="49.93028" lon="4.67943"/>
            <trkpt lat="49.92975" lon="4.6797"/>
            <trkpt lat="49.92923" lon="4.67993"/>
            <trkpt lat="49.92859" lon="4.68018"/>
            <trkpt lat="49.92808" lon="4.68037"/>
            <trkpt lat="49.92781" lon="4.6804"/>
            <trkpt lat="49.92734" lon="4.68039"/>
            <trkpt lat="49.92655" lon="4.68034"/>
            <trkpt lat="49.92502" lon="4.68019"/>
            <trkpt lat="49.9247" lon="4.68018"/>
            <trkpt lat="49.92432" lon="4.68015"/>
            <trkpt lat="49.92404" lon="4.68011"/>
            <trkpt lat="49.92347" lon="4.67999"/>
            <trkpt lat="49.92261" lon="4.67977"/>
            <trkpt lat="49.92188" lon="4.67955"/>
            <trkpt lat="49.92091" lon="4.67927"/>
            <trkpt lat="49.92009" lon="4.67903"/>
            <trkpt lat="49.91863" lon="4.67859"/>
            <trkpt lat="49.91791" lon="4.6784"/>
            <trkpt lat="49.91733" lon="4.6783"/>
            <trkpt lat="49.91678" lon="4.67823"/>
            <trkpt lat="49.91634" lon="4.6782"/>
            <trkpt lat="49.91515" lon="4.67822"/>
            <trkpt lat="49.9145" lon="4.6784"/>
            <trkpt lat="49.91374" lon="4.67872"/>
            <trkpt lat="49.91188" lon="4.67968"/>
            <trkpt lat="49.911" lon="4.68018"/>
            <trkpt lat="49.91087" lon="4.68025"/>
            <trkpt lat="49.91006" lon="4.68069"/>
            <trkpt lat="49.90911" lon="4.68129"/>
            <trkpt lat="49.90873" lon="4.68155"/>
            <trkpt lat="49.90699" lon="4.68254"/>
            <trkpt lat="49.90618" lon="4.68303"/>
            <trkpt lat="49.9059" lon="4.68327"/>
            <trkpt lat="49.90572" lon="4.68353"/>
            <trkpt lat="49.90553" lon="4.68384"/>
            <trkpt lat="49.90532" lon="4.68435"/>
            <trkpt lat="49.90519" lon="4.6849"/>
            <trkpt lat="49.90518" lon="4.68496"/>
            <trkpt lat="49.90511" lon="4.68554"/>
            <trkpt lat="49.90512" lon="4.68563"/>
            <trkpt lat="49.90515" lon="4.68648"/>
            <trkpt lat="49.90519" lon="4.68836"/>
            <trkpt lat="49.90519" lon="4.68857"/>
            <trkpt lat="49.90519" lon="4.68865"/>
            <trkpt lat="49.90518" lon="4.68908"/>
            <trkpt lat="49.90517" lon="4.68945"/>
            <trkpt lat="49.90518" lon="4.68957"/>
            <trkpt lat="49.90523" lon="4.69005"/>
            <trkpt lat="49.90527" lon="4.69028"/>
            <trkpt lat="49.90533" lon="4.69043"/>
            <trkpt lat="49.90541" lon="4.6906"/>
            <trkpt lat="49.90571" lon="4.69089"/>
            <trkpt lat="49.9059" lon="4.69097"/>
            <trkpt lat="49.90616" lon="4.69101"/>
            <trkpt lat="49.90682" lon="4.69096"/>
            <trkpt lat="49.90698" lon="4.69093"/>
            <trkpt lat="49.90741" lon="4.69092"/>
            <trkpt lat="49.90761" lon="4.69097"/>
            <trkpt lat="49.90788" lon="4.69106"/>
            <trkpt lat="49.90828" lon="4.6913"/>
            <trkpt lat="49.9085" lon="4.69153"/>
            <trkpt lat="49.90873" lon="4.69181"/>
            <trkpt lat="49.909" lon="4.69209"/>
            <trkpt lat="49.90954" lon="4.69268"/>
            <trkpt lat="49.90966" lon="4.69284"/>
            <trkpt lat="49.9097" lon="4.69288"/>
            <trkpt lat="49.91034" lon="4.69367"/>
            <trkpt lat="49.91081" lon="4.69428"/>
            <trkpt lat="49.9112" lon="4.69491"/>
            <trkpt lat="49.91134" lon="4.69518"/>
            <trkpt lat="49.91135" lon="4.6952"/>
            <trkpt lat="49.91149" lon="4.69554"/>
            <trkpt lat="49.91156" lon="4.69578"/>
            <trkpt lat="49.91164" lon="4.69608"/>
            <trkpt lat="49.9117" lon="4.6965"/>
            <trkpt lat="49.91174" lon="4.69693"/>
            <trkpt lat="49.91172" lon="4.69747"/>
            <trkpt lat="49.91165" lon="4.69832"/>
            <trkpt lat="49.91155" lon="4.6989"/>
            <trkpt lat="49.91152" lon="4.69906"/>
            <trkpt lat="49.91143" lon="4.6994"/>
            <trkpt lat="49.9112" lon="4.69994"/>
            <trkpt lat="49.91055" lon="4.70132"/>
            <trkpt lat="49.91028" lon="4.70174"/>
            <trkpt lat="49.91007" lon="4.70213"/>
            <trkpt lat="49.91006" lon="4.70215"/>
            <trkpt lat="49.90996" lon="4.7023"/>
            <trkpt lat="49.90975" lon="4.70254"/>
            <trkpt lat="49.9094" lon="4.70282"/>
            <trkpt lat="49.90891" lon="4.70308"/>
            <trkpt lat="49.90857" lon="4.70324"/>
            <trkpt lat="49.90643" lon="4.70428"/>
            <trkpt lat="49.90625" lon="4.70437"/>
            <trkpt lat="49.90563" lon="4.7046"/>
            <trkpt lat="49.90513" lon="4.70476"/>
            <trkpt lat="49.9044" lon="4.70496"/>
            <trkpt lat="49.9039" lon="4.70505"/>
            <trkpt lat="49.90355" lon="4.70505"/>
            <trkpt lat="49.90251" lon="4.70494"/>
            <trkpt lat="49.8999" lon="4.70452"/>
            <trkpt lat="49.89978" lon="4.7045"/>
            <trkpt lat="49.8996" lon="4.70446"/>
            <trkpt lat="49.89836" lon="4.70409"/>
            <trkpt lat="49.897" lon="4.70387"/>
            <trkpt lat="49.89595" lon="4.70366"/>
            <trkpt lat="49.89484" lon="4.70337"/>
            <trkpt lat="49.89356" lon="4.70294"/>
            <trkpt lat="49.89302" lon="4.70268"/>
            <trkpt lat="49.89215" lon="4.70215"/>
            <trkpt lat="49.89202" lon="4.70207"/>
            <trkpt lat="49.89165" lon="4.70185"/>
            <trkpt lat="49.89142" lon="4.70175"/>
            <trkpt lat="49.89106" lon="4.70163"/>
            <trkpt lat="49.89006" lon="4.70146"/>
            <trkpt lat="49.88924" lon="4.70142"/>
            <trkpt lat="49.88901" lon="4.70144"/>
            <trkpt lat="49.88775" lon="4.70168"/>
            <trkpt lat="49.8871" lon="4.70186"/>
            <trkpt lat="49.88601" lon="4.70208"/>
            <trkpt lat="49.88567" lon="4.70215"/>
            <trkpt lat="49.88471" lon="4.70233"/>
            <trkpt lat="49.88368" lon="4.70248"/>
            <trkpt lat="49.882" lon="4.70278"/>
            <trkpt lat="49.88195" lon="4.70279"/>
            <trkpt lat="49.881" lon="4.70294"/>
            <trkpt lat="49.8807" lon="4.70293"/>
            <trkpt lat="49.88057" lon="4.70292"/>
            <trkpt lat="49.88019" lon="4.70304"/>
            <trkpt lat="49.88013" lon="4.70308"/>
            <trkpt lat="49.87996" lon="4.70318"/>
            <trkpt lat="49.87976" lon="4.70338"/>
            <trkpt lat="49.87937" lon="4.70381"/>
            <trkpt lat="49.87927" lon="4.70389"/>
            <trkpt lat="49.87909" lon="4.70396"/>
            <trkpt lat="49.87847" lon="4.70405"/>
            <trkpt lat="49.87793" lon="4.70408"/>
            <trkpt lat="49.87774" lon="4.70409"/>
            <trkpt lat="49.8775" lon="4.7041"/>
            <trkpt lat="49.87692" lon="4.70418"/>
            <trkpt lat="49.87671" lon="4.70415"/>
            <trkpt lat="49.87658" lon="4.7041"/>
            <trkpt lat="49.87645" lon="4.70404"/>
            <trkpt lat="49.87616" lon="4.70384"/>
            <trkpt lat="49.87602" lon="4.70371"/>
            <trkpt lat="49.87521" lon="4.7027"/>
            <trkpt lat="49.87497" lon="4.70232"/>
            <trkpt lat="49.87486" lon="4.70215"/>
            <trkpt lat="49.87443" lon="4.70143"/>
            <trkpt lat="49.87427" lon="4.70117"/>
            <trkpt lat="49.87395" lon="4.70062"/>
            <trkpt lat="49.87392" lon="4.70057"/>
            <trkpt lat="49.8738" lon="4.70024"/>
            <trkpt lat="49.87371" lon="4.69996"/>
            <trkpt lat="49.8737" lon="4.69995"/>
            <trkpt lat="49.87368" lon="4.69987"/>
            <trkpt lat="49.87364" lon="4.69979"/>
            <trkpt lat="49.87361" lon="4.69975"/>
            <trkpt lat="49.87357" lon="4.69972"/>
            <trkpt lat="49.8735" lon="4.69972"/>
            <trkpt lat="49.87342" lon="4.69976"/>
            <trkpt lat="49.87331" lon="4.69987"/>
            <trkpt lat="49.87324" lon="4.70004"/>
            <trkpt lat="49.87322" lon="4.70016"/>
            <trkpt lat="49.87323" lon="4.70034"/>
            <trkpt lat="49.87326" lon="4.70051"/>
            <trkpt lat="49.87334" lon="4.70072"/>
            <trkpt lat="49.87345" lon="4.70104"/>
            <trkpt lat="49.87365" lon="4.70152"/>
            <trkpt lat="49.87387" lon="4.70215"/>
            <trkpt lat="49.87388" lon="4.70218"/>
            <trkpt lat="49.87408" lon="4.70281"/>
            <trkpt lat="49.87417" lon="4.70303"/>
            <trkpt lat="49.87431" lon="4.7034"/>
            <trkpt lat="49.8745" lon="4.70389"/>
            <trkpt lat="49.87466" lon="4.70434"/>
            <trkpt lat="49.8748" lon="4.70469"/>
            <trkpt lat="49.8748" lon="4.7047"/>
            <trkpt lat="49.87481" lon="4.70477"/>
            <trkpt lat="49.87481" lon="4.70485"/>
            <trkpt lat="49.87482" lon="4.70492"/>
            <trkpt lat="49.87484" lon="4.70501"/>
            <trkpt lat="49.87488" lon="4.70533"/>
            <trkpt lat="49.87497" lon="4.70672"/>
            <trkpt lat="49.87498" lon="4.70703"/>
            <trkpt lat="49.87498" lon="4.7072"/>
            <trkpt lat="49.87497" lon="4.70732"/>
            <trkpt lat="49.87497" lon="4.70737"/>
            <trkpt lat="49.87495" lon="4.70746"/>
            <trkpt lat="49.87494" lon="4.70751"/>
            <trkpt lat="49.87489" lon="4.70768"/>
            <trkpt lat="49.87485" lon="4.70777"/>
            <trkpt lat="49.87483" lon="4.70782"/>
            <trkpt lat="49.8748" lon="4.70787"/>
            <trkpt lat="49.87476" lon="4.70793"/>
            <trkpt lat="49.87468" lon="4.70804"/>
            <trkpt lat="49.87449" lon="4.70822"/>
            <trkpt lat="49.87423" lon="4.70841"/>
            <trkpt lat="49.87382" lon="4.70867"/>
            <trkpt lat="49.87368" lon="4.70878"/>
            <trkpt lat="49.87345" lon="4.70897"/>
            <trkpt lat="49.87246" lon="4.70991"/>
            <trkpt lat="49.8722" lon="4.71015"/>
            <trkpt lat="49.87154" lon="4.71074"/>
            <trkpt lat="49.87152" lon="4.71077"/>
            <trkpt lat="49.87147" lon="4.71082"/>
            <trkpt lat="49.87134" lon="4.71101"/>
            <trkpt lat="49.87125" lon="4.71122"/>
            <trkpt lat="49.8712" lon="4.71134"/>
            <trkpt lat="49.87115" lon="4.71145"/>
            <trkpt lat="49.87108" lon="4.71155"/>
            <trkpt lat="49.87101" lon="4.71163"/>
            <trkpt lat="49.87095" lon="4.71169"/>
            <trkpt lat="49.87025" lon="4.71213"/>
            <trkpt lat="49.86956" lon="4.71264"/>
            <trkpt lat="49.86922" lon="4.71294"/>
            <trkpt lat="49.869" lon="4.71318"/>
            <trkpt lat="49.86891" lon="4.71328"/>
            <trkpt lat="49.86868" lon="4.71361"/>
            <trkpt lat="49.86843" lon="4.71403"/>
            <trkpt lat="49.86824" lon="4.71442"/>
            <trkpt lat="49.86803" lon="4.71493"/>
            <trkpt lat="49.86788" lon="4.71538"/>
            <trkpt lat="49.86773" lon="4.71595"/>
            <trkpt lat="49.86761" lon="4.71654"/>
            <trkpt lat="49.86755" lon="4.71685"/>
            <trkpt lat="49.86751" lon="4.71719"/>
            <trkpt lat="49.86746" lon="4.71783"/>
            <trkpt lat="49.86745" lon="4.71841"/>
            <trkpt lat="49.86747" lon="4.71904"/>
            <trkpt lat="49.86753" lon="4.71965"/>
            <trkpt lat="49.86764" lon="4.72033"/>
            <trkpt lat="49.8678" lon="4.7211"/>
            <trkpt lat="49.86798" lon="4.72183"/>
            <trkpt lat="49.8681" lon="4.72222"/>
            <trkpt lat="49.86821" lon="4.72257"/>
            <trkpt lat="49.86843" lon="4.72313"/>
            <trkpt lat="49.86889" lon="4.72412"/>
            <trkpt lat="49.86944" lon="4.72533"/>
            <trkpt lat="49.86985" lon="4.72618"/>
            <trkpt lat="49.87" lon="4.72644"/>
            <trkpt lat="49.87023" lon="4.72678"/>
            <trkpt lat="49.87055" lon="4.72719"/>
            <trkpt lat="49.87063" lon="4.72727"/>
            <trkpt lat="49.87079" lon="4.7274"/>
            <trkpt lat="49.87106" lon="4.72756"/>
            <trkpt lat="49.87172" lon="4.72781"/>
            <trkpt lat="49.87197" lon="4.72793"/>
            <trkpt lat="49.872" lon="4.72795"/>
            <trkpt lat="49.87222" lon="4.72809"/>
            <trkpt lat="49.8725" lon="4.72835"/>
            <trkpt lat="49.87253" lon="4.72838"/>
            <trkpt lat="49.87273" lon="4.72862"/>
            <trkpt lat="49.87301" lon="4.72905"/>
            <trkpt lat="49.8734" lon="4.72962"/>
            <trkpt lat="49.87364" lon="4.7299"/>
            <trkpt lat="49.87393" lon="4.73015"/>
            <trkpt lat="49.87485" lon="4.73085"/>
            <trkpt lat="49.87489" lon="4.73089"/>
            <trkpt lat="49.87511" lon="4.73111"/>
            <trkpt lat="49.87539" lon="4.7316"/>
            <trkpt lat="49.87565" lon="4.73205"/>
            <trkpt lat="49.87577" lon="4.73217"/>
            <trkpt lat="49.87592" lon="4.73226"/>
            <trkpt lat="49.87663" lon="4.73265"/>
            <trkpt lat="49.8768" lon="4.7327"/>
            <trkpt lat="49.87695" lon="4.7327"/>
            <trkpt lat="49.87727" lon="4.73265"/>
            <trkpt lat="49.87774" lon="4.7325"/>
            <trkpt lat="49.87793" lon="4.73241"/>
            <trkpt lat="49.87822" lon="4.73225"/>
            <trkpt lat="49.87899" lon="4.73189"/>
            <trkpt lat="49.87988" lon="4.73141"/>
            <trkpt lat="49.88" lon="4.73134"/>
            <trkpt lat="49.88035" lon="4.73109"/>
            <trkpt lat="49.88063" lon="4.73089"/>
            <trkpt lat="49.88098" lon="4.73063"/>
            <trkpt lat="49.88143" lon="4.73028"/>
            <trkpt lat="49.88173" lon="4.73007"/>
            <trkpt lat="49.88195" lon="4.72999"/>
            <trkpt lat="49.8821" lon="4.72997"/>
            <trkpt lat="49.88331" lon="4.73001"/>
            <trkpt lat="49.88358" lon="4.73004"/>
            <trkpt lat="49.88375" lon="4.73008"/>
            <trkpt lat="49.88415" lon="4.73022"/>
            <trkpt lat="49.88436" lon="4.73032"/>
            <trkpt lat="49.88462" lon="4.73048"/>
            <trkpt lat="49.88502" lon="4.73083"/>
            <trkpt lat="49.88524" lon="4.73104"/>
            <trkpt lat="49.88541" lon="4.73124"/>
            <trkpt lat="49.88573" lon="4.73171"/>
            <trkpt lat="49.88592" lon="4.73207"/>
            <trkpt lat="49.88601" lon="4.73225"/>
            <trkpt lat="49.88626" lon="4.73274"/>
            <trkpt lat="49.88633" lon="4.73294"/>
            <trkpt lat="49.88641" lon="4.73319"/>
            <trkpt lat="49.88654" lon="4.73378"/>
            <trkpt lat="49.88662" lon="4.73404"/>
            <trkpt lat="49.88666" lon="4.73411"/>
            <trkpt lat="49.88671" lon="4.73417"/>
            <trkpt lat="49.88677" lon="4.73424"/>
            <trkpt lat="49.88685" lon="4.73429"/>
            <trkpt lat="49.88691" lon="4.73436"/>
            <trkpt lat="49.88696" lon="4.73442"/>
            <trkpt lat="49.88721" lon="4.73461"/>
            <trkpt lat="49.88742" lon="4.73478"/>
            <trkpt lat="49.88764" lon="4.73496"/>
            <trkpt lat="49.88792" lon="4.73518"/>
            <trkpt lat="49.88789" lon="4.73525"/>
            <trkpt lat="49.88777" lon="4.73571"/>
            <trkpt lat="49.88762" lon="4.73613"/>
            <trkpt lat="49.88749" lon="4.73639"/>
            <trkpt lat="49.88747" lon="4.73642"/>
            <trkpt lat="49.88701" lon="4.73708"/>
            <trkpt lat="49.88636" lon="4.73767"/>
            <trkpt lat="49.88562" lon="4.73833"/>
            <trkpt lat="49.88519" lon="4.73876"/>
            <trkpt lat="49.88505" lon="4.739"/>
            <trkpt lat="49.88478" lon="4.7395"/>
            <trkpt lat="49.8844" lon="4.74013"/>
            <trkpt lat="49.88407" lon="4.74072"/>
            <trkpt lat="49.88399" lon="4.74084"/>
            <trkpt lat="49.88387" lon="4.74095"/>
            <trkpt lat="49.88385" lon="4.74092"/>
            <trkpt lat="49.88382" lon="4.7409"/>
            <trkpt lat="49.88379" lon="4.7409"/>
            <trkpt lat="49.88377" lon="4.7409"/>
            <trkpt lat="49.88373" lon="4.74092"/>
            <trkpt lat="49.88372" lon="4.74095"/>
            <trkpt lat="49.88371" lon="4.74099"/>
            <trkpt lat="49.88352" lon="4.74097"/>
            <trkpt lat="49.88273" lon="4.74098"/>
            <trkpt lat="49.88237" lon="4.74099"/>
            <trkpt lat="49.882" lon="4.74101"/>
            <trkpt lat="49.88186" lon="4.74104"/>
            <trkpt lat="49.88162" lon="4.74107"/>
            <trkpt lat="49.88093" lon="4.7413"/>
            <trkpt lat="49.88004" lon="4.7416"/>
            <trkpt lat="49.87943" lon="4.74179"/>
            <trkpt lat="49.87931" lon="4.74183"/>
            <trkpt lat="49.87841" lon="4.74212"/>
            <trkpt lat="49.87793" lon="4.74228"/>
            <trkpt lat="49.87789" lon="4.74229"/>
            <trkpt lat="49.87782" lon="4.74231"/>
            <trkpt lat="49.87684" lon="4.74264"/>
            <trkpt lat="49.87599" lon="4.74291"/>
            <trkpt lat="49.87582" lon="4.74293"/>
            <trkpt lat="49.87566" lon="4.74293"/>
            <trkpt lat="49.87545" lon="4.74293"/>
            <trkpt lat="49.87497" lon="4.74291"/>
            <trkpt lat="49.87481" lon="4.7429"/>
            <trkpt lat="49.87457" lon="4.74288"/>
            <trkpt lat="49.87418" lon="4.74285"/>
            <trkpt lat="49.87354" lon="4.74281"/>
            <trkpt lat="49.87252" lon="4.74271"/>
            <trkpt lat="49.87198" lon="4.74261"/>
            <trkpt lat="49.87158" lon="4.74254"/>
            <trkpt lat="49.87142" lon="4.74253"/>
            <trkpt lat="49.87093" lon="4.74244"/>
            <trkpt lat="49.87068" lon="4.74241"/>
            <trkpt lat="49.86978" lon="4.74218"/>
            <trkpt lat="49.8692" lon="4.74198"/>
            <trkpt lat="49.86889" lon="4.74181"/>
            <trkpt lat="49.86882" lon="4.74177"/>
            <trkpt lat="49.8688" lon="4.74175"/>
            <trkpt lat="49.86837" lon="4.74138"/>
            <trkpt lat="49.86805" lon="4.74114"/>
            <trkpt lat="49.86786" lon="4.74099"/>
            <trkpt lat="49.86735" lon="4.74066"/>
            <trkpt lat="49.86629" lon="4.74019"/>
            <trkpt lat="49.86617" lon="4.74013"/>
            <trkpt lat="49.8661" lon="4.7401"/>
            <trkpt lat="49.86591" lon="4.74007"/>
            <trkpt lat="49.86576" lon="4.74012"/>
            <trkpt lat="49.86522" lon="4.74038"/>
            <trkpt lat="49.86519" lon="4.74039"/>
            <trkpt lat="49.86508" lon="4.74041"/>
            <trkpt lat="49.86502" lon="4.74043"/>
            <trkpt lat="49.86493" lon="4.74041"/>
            <trkpt lat="49.86487" lon="4.74039"/>
            <trkpt lat="49.8646" lon="4.74024"/>
            <trkpt lat="49.86439" lon="4.74007"/>
            <trkpt lat="49.86386" lon="4.73959"/>
            <trkpt lat="49.8636" lon="4.73938"/>
            <trkpt lat="49.86311" lon="4.73901"/>
            <trkpt lat="49.86282" lon="4.73867"/>
            <trkpt lat="49.86242" lon="4.73811"/>
            <trkpt lat="49.86223" lon="4.73787"/>
            <trkpt lat="49.86211" lon="4.7377"/>
            <trkpt lat="49.862" lon="4.73759"/>
            <trkpt lat="49.86186" lon="4.73748"/>
            <trkpt lat="49.86169" lon="4.73736"/>
            <trkpt lat="49.86151" lon="4.73726"/>
            <trkpt lat="49.86101" lon="4.73707"/>
            <trkpt lat="49.8605" lon="4.73687"/>
            <trkpt lat="49.86011" lon="4.73675"/>
            <trkpt lat="49.85991" lon="4.73666"/>
            <trkpt lat="49.85971" lon="4.73656"/>
            <trkpt lat="49.85944" lon="4.73656"/>
            <trkpt lat="49.85927" lon="4.7366"/>
            <trkpt lat="49.85909" lon="4.73666"/>
            <trkpt lat="49.85862" lon="4.73682"/>
            <trkpt lat="49.85835" lon="4.73692"/>
            <trkpt lat="49.85797" lon="4.73703"/>
            <trkpt lat="49.85779" lon="4.7371"/>
            <trkpt lat="49.85763" lon="4.73717"/>
            <trkpt lat="49.85752" lon="4.73725"/>
            <trkpt lat="49.85743" lon="4.73737"/>
            <trkpt lat="49.85737" lon="4.73757"/>
            <trkpt lat="49.85733" lon="4.73779"/>
            <trkpt lat="49.85731" lon="4.73817"/>
            <trkpt lat="49.85731" lon="4.73833"/>
            <trkpt lat="49.85734" lon="4.73875"/>
            <trkpt lat="49.85739" lon="4.73907"/>
            <trkpt lat="49.85739" lon="4.73912"/>
            <trkpt lat="49.85763" lon="4.73989"/>
            <trkpt lat="49.85767" lon="4.74005"/>
            <trkpt lat="49.85786" lon="4.74057"/>
            <trkpt lat="49.85799" lon="4.7409"/>
            <trkpt lat="49.85835" lon="4.74167"/>
            <trkpt lat="49.85853" lon="4.74198"/>
            <trkpt lat="49.85869" lon="4.74226"/>
            <trkpt lat="49.8596" lon="4.74345"/>
            <trkpt lat="49.86003" lon="4.74401"/>
            <trkpt lat="49.86026" lon="4.74437"/>
            <trkpt lat="49.86066" lon="4.74507"/>
            <trkpt lat="49.8612" lon="4.74609"/>
            <trkpt lat="49.86154" lon="4.74672"/>
            <trkpt lat="49.86173" lon="4.7472"/>
            <trkpt lat="49.86181" lon="4.74746"/>
            <trkpt lat="49.86189" lon="4.74776"/>
            <trkpt lat="49.86201" lon="4.74825"/>
            <trkpt lat="49.86209" lon="4.74856"/>
            <trkpt lat="49.86221" lon="4.74906"/>
            <trkpt lat="49.86224" lon="4.74925"/>
            <trkpt lat="49.86224" lon="4.74943"/>
            <trkpt lat="49.86219" lon="4.75"/>
            <trkpt lat="49.86208" lon="4.7509"/>
            <trkpt lat="49.86205" lon="4.75106"/>
            <trkpt lat="49.86201" lon="4.75122"/>
            <trkpt lat="49.86177" lon="4.75183"/>
            <trkpt lat="49.8614" lon="4.75286"/>
            <trkpt lat="49.86107" lon="4.75386"/>
            <trkpt lat="49.86102" lon="4.75397"/>
            <trkpt lat="49.8609" lon="4.75424"/>
            <trkpt lat="49.86069" lon="4.75464"/>
            <trkpt lat="49.86032" lon="4.75539"/>
            <trkpt lat="49.85965" lon="4.75708"/>
            <trkpt lat="49.8593" lon="4.7581"/>
            <trkpt lat="49.85912" lon="4.7585"/>
            <trkpt lat="49.85921" lon="4.75873"/>
            <trkpt lat="49.85923" lon="4.7588"/>
            <trkpt lat="49.85929" lon="4.75916"/>
            <trkpt lat="49.85936" lon="4.75933"/>
            <trkpt lat="49.85942" lon="4.75947"/>
            <trkpt lat="49.85954" lon="4.75983"/>
            <trkpt lat="49.85966" lon="4.76024"/>
            <trkpt lat="49.85968" lon="4.76034"/>
            <trkpt lat="49.85981" lon="4.76071"/>
            <trkpt lat="49.85985" lon="4.76077"/>
            <trkpt lat="49.85987" lon="4.7609"/>
            <trkpt lat="49.85989" lon="4.76093"/>
            <trkpt lat="49.85995" lon="4.76102"/>
            <trkpt lat="49.85997" lon="4.76106"/>
            <trkpt lat="49.86009" lon="4.7612"/>
            <trkpt lat="49.86018" lon="4.76133"/>
            <trkpt lat="49.86024" lon="4.76146"/>
            <trkpt lat="49.86048" lon="4.76221"/>
            <trkpt lat="49.86053" lon="4.76238"/>
            <trkpt lat="49.86062" lon="4.76252"/>
            <trkpt lat="49.86072" lon="4.7628"/>
            <trkpt lat="49.86088" lon="4.76327"/>
            <trkpt lat="49.86099" lon="4.76361"/>
            <trkpt lat="49.86105" lon="4.76383"/>
            <trkpt lat="49.86112" lon="4.76415"/>
            <trkpt lat="49.86116" lon="4.76432"/>
            <trkpt lat="49.86118" lon="4.76444"/>
            <trkpt lat="49.8612" lon="4.76474"/>
            <trkpt lat="49.86124" lon="4.765"/>
            <trkpt lat="49.86128" lon="4.76534"/>
            <trkpt lat="49.8613" lon="4.76552"/>
            <trkpt lat="49.86133" lon="4.76572"/>
            <trkpt lat="49.86135" lon="4.76579"/>
            <trkpt lat="49.86148" lon="4.7662"/>
            <trkpt lat="49.86148" lon="4.76622"/>
            <trkpt lat="49.86151" lon="4.76631"/>
            <trkpt lat="49.8615" lon="4.76642"/>
            <trkpt lat="49.86148" lon="4.76651"/>
            <trkpt lat="49.86144" lon="4.76657"/>
            <trkpt lat="49.86136" lon="4.76664"/>
            <trkpt lat="49.86122" lon="4.76671"/>
            <trkpt lat="49.86113" lon="4.76673"/>
            <trkpt lat="49.86107" lon="4.76672"/>
            <trkpt lat="49.86099" lon="4.76671"/>
            <trkpt lat="49.86092" lon="4.7667"/>
            <trkpt lat="49.86087" lon="4.76668"/>
            <trkpt lat="49.86074" lon="4.76664"/>
            <trkpt lat="49.86036" lon="4.7666"/>
            <trkpt lat="49.86035" lon="4.7666"/>
            <trkpt lat="49.86015" lon="4.76663"/>
            <trkpt lat="49.86008" lon="4.76666"/>
            <trkpt lat="49.85984" lon="4.76668"/>
            <trkpt lat="49.85976" lon="4.76675"/>
            <trkpt lat="49.85973" lon="4.76681"/>
            <trkpt lat="49.85974" lon="4.76688"/>
            <trkpt lat="49.85977" lon="4.76691"/>
            <trkpt lat="49.8598" lon="4.76693"/>
            <trkpt lat="49.86006" lon="4.76696"/>
            <trkpt lat="49.8601" lon="4.76699"/>
            <trkpt lat="49.86012" lon="4.76707"/>
            <trkpt lat="49.86011" lon="4.76712"/>
            <trkpt lat="49.86009" lon="4.76716"/>
            <trkpt lat="49.85997" lon="4.76722"/>
            <trkpt lat="49.85917" lon="4.76759"/>
            <trkpt lat="49.85886" lon="4.76769"/>
            <trkpt lat="49.85875" lon="4.76777"/>
            <trkpt lat="49.85859" lon="4.76793"/>
            <trkpt lat="49.85841" lon="4.76807"/>
            <trkpt lat="49.85828" lon="4.76817"/>
            <trkpt lat="49.85799" lon="4.76836"/>
            <trkpt lat="49.85732" lon="4.76873"/>
            <trkpt lat="49.85726" lon="4.76879"/>
            <trkpt lat="49.85722" lon="4.76886"/>
            <trkpt lat="49.85722" lon="4.76897"/>
            <trkpt lat="49.85727" lon="4.76914"/>
            <trkpt lat="49.85737" lon="4.76937"/>
            <trkpt lat="49.85756" lon="4.76981"/>
            <trkpt lat="49.85766" lon="4.77014"/>
            <trkpt lat="49.85788" lon="4.77101"/>
            <trkpt lat="49.85794" lon="4.77137"/>
            <trkpt lat="49.858" lon="4.7718"/>
            <trkpt lat="49.85802" lon="4.77203"/>
            <trkpt lat="49.85804" lon="4.77234"/>
            <trkpt lat="49.85804" lon="4.77277"/>
            <trkpt lat="49.85807" lon="4.77326"/>
            <trkpt lat="49.85811" lon="4.77377"/>
            <trkpt lat="49.85816" lon="4.77406"/>
            <trkpt lat="49.85818" lon="4.77434"/>
            <trkpt lat="49.85816" lon="4.77454"/>
            <trkpt lat="49.85805" lon="4.77509"/>
            <trkpt lat="49.85803" lon="4.77526"/>
            <trkpt lat="49.858" lon="4.77652"/>
            <trkpt lat="49.85797" lon="4.77669"/>
            <trkpt lat="49.85792" lon="4.77686"/>
            <trkpt lat="49.85776" lon="4.77722"/>
            <trkpt lat="49.85776" lon="4.77743"/>
            <trkpt lat="49.85767" lon="4.7774"/>
            <trkpt lat="49.85757" lon="4.7774"/>
            <trkpt lat="49.8572" lon="4.77753"/>
            <trkpt lat="49.8569" lon="4.77767"/>
            <trkpt lat="49.85684" lon="4.77771"/>
            <trkpt lat="49.8568" lon="4.77775"/>
            <trkpt lat="49.8566" lon="4.77793"/>
            <trkpt lat="49.85638" lon="4.77817"/>
            <trkpt lat="49.85628" lon="4.77832"/>
            <trkpt lat="49.85609" lon="4.77862"/>
            <trkpt lat="49.85601" lon="4.77879"/>
            <trkpt lat="49.85596" lon="4.77893"/>
            <trkpt lat="49.85548" lon="4.7802"/>
            <trkpt lat="49.85493" lon="4.78193"/>
            <trkpt lat="49.85463" lon="4.78289"/>
            <trkpt lat="49.85451" lon="4.78326"/>
            <trkpt lat="49.85438" lon="4.78365"/>
            <trkpt lat="49.85429" lon="4.784"/>
            <trkpt lat="49.85422" lon="4.7844"/>
            <trkpt lat="49.85419" lon="4.78487"/>
            <trkpt lat="49.85418" lon="4.78566"/>
            <trkpt lat="49.85416" lon="4.78594"/>
            <trkpt lat="49.85413" lon="4.78619"/>
            <trkpt lat="49.85405" lon="4.78639"/>
            <trkpt lat="49.85396" lon="4.78655"/>
            <trkpt lat="49.85384" lon="4.78669"/>
            <trkpt lat="49.85363" lon="4.7868"/>
            <trkpt lat="49.85325" lon="4.78695"/>
            <trkpt lat="49.85307" lon="4.787"/>
            <trkpt lat="49.85285" lon="4.78709"/>
            <trkpt lat="49.85273" lon="4.78718"/>
            <trkpt lat="49.85069" lon="4.7892"/>
            <trkpt lat="49.85043" lon="4.78948"/>
            <trkpt lat="49.85029" lon="4.78973"/>
            <trkpt lat="49.85017" lon="4.79002"/>
            <trkpt lat="49.85017" lon="4.79004"/>
            <trkpt lat="49.85009" lon="4.7904"/>
            <trkpt lat="49.8498" lon="4.79269"/>
            <trkpt lat="49.84966" lon="4.79336"/>
            <trkpt lat="49.8495" lon="4.79373"/>
            <trkpt lat="49.84859" lon="4.79538"/>
            <trkpt lat="49.84854" lon="4.79557"/>
            <trkpt lat="49.84846" lon="4.796"/>
            <trkpt lat="49.84849" lon="4.79653"/>
            <trkpt lat="49.84859" lon="4.79764"/>
            <trkpt lat="49.84865" lon="4.79863"/>
            <trkpt lat="49.84868" lon="4.7988"/>
            <trkpt lat="49.84869" lon="4.79908"/>
            <trkpt lat="49.84872" lon="4.79961"/>
            <trkpt lat="49.8487" lon="4.79997"/>
            <trkpt lat="49.84823" lon="4.80293"/>
            <trkpt lat="49.84818" lon="4.80351"/>
            <trkpt lat="49.84817" lon="4.80392"/>
            <trkpt lat="49.84819" lon="4.80465"/>
            <trkpt lat="49.84831" lon="4.80605"/>
            <trkpt lat="49.8483" lon="4.80635"/>
            <trkpt lat="49.84829" lon="4.80645"/>
            <trkpt lat="49.84889" lon="4.80691"/>
            <trkpt lat="49.84943" lon="4.80735"/>
            <trkpt lat="49.84962" lon="4.80761"/>
            <trkpt lat="49.84973" lon="4.80781"/>
            <trkpt lat="49.8499" lon="4.80833"/>
            <trkpt lat="49.85001" lon="4.8088"/>
            <trkpt lat="49.85009" lon="4.80899"/>
            <trkpt lat="49.8502" lon="4.8092"/>
            <trkpt lat="49.85046" lon="4.80954"/>
            <trkpt lat="49.85073" lon="4.80979"/>
            <trkpt lat="49.85101" lon="4.81"/>
            <trkpt lat="49.85153" lon="4.81035"/>
            <trkpt lat="49.85167" lon="4.81046"/>
            <trkpt lat="49.85204" lon="4.81086"/>
            <trkpt lat="49.85222" lon="4.81101"/>
            <trkpt lat="49.85251" lon="4.8111"/>
            <trkpt lat="49.85271" lon="4.8111"/>
            <trkpt lat="49.85316" lon="4.81108"/>
            <trkpt lat="49.85348" lon="4.81111"/>
            <trkpt lat="49.85377" lon="4.8112"/>
            <trkpt lat="49.85423" lon="4.81137"/>
            <trkpt lat="49.85453" lon="4.81151"/>
            <trkpt lat="49.85473" lon="4.81164"/>
            <trkpt lat="49.85491" lon="4.8118"/>
            <trkpt lat="49.85498" lon="4.81196"/>
            <trkpt lat="49.85499" lon="4.81201"/>
            <trkpt lat="49.855" lon="4.81217"/>
            <trkpt lat="49.85495" lon="4.81242"/>
            <trkpt lat="49.85485" lon="4.81271"/>
            <trkpt lat="49.85475" lon="4.81313"/>
            <trkpt lat="49.85474" lon="4.81328"/>
            <trkpt lat="49.85476" lon="4.81336"/>
            <trkpt lat="49.85476" lon="4.81339"/>
            <trkpt lat="49.8548" lon="4.81345"/>
            <trkpt lat="49.85483" lon="4.81348"/>
            <trkpt lat="49.8549" lon="4.81352"/>
            <trkpt lat="49.85503" lon="4.81353"/>
            <trkpt lat="49.85526" lon="4.81347"/>
            <trkpt lat="49.85563" lon="4.81345"/>
            <trkpt lat="49.85596" lon="4.81349"/>
            <trkpt lat="49.85617" lon="4.81352"/>
            <trkpt lat="49.85648" lon="4.81351"/>
            <trkpt lat="49.85673" lon="4.81345"/>
            <trkpt lat="49.85693" lon="4.81334"/>
            <trkpt lat="49.85713" lon="4.81319"/>
            <trkpt lat="49.85724" lon="4.81307"/>
            <trkpt lat="49.85732" lon="4.81295"/>
            <trkpt lat="49.85744" lon="4.81271"/>
            <trkpt lat="49.85772" lon="4.81207"/>
            <trkpt lat="49.85775" lon="4.81201"/>
            <trkpt lat="49.85778" lon="4.81196"/>
            <trkpt lat="49.85786" lon="4.81187"/>
            <trkpt lat="49.85798" lon="4.81178"/>
            <trkpt lat="49.8581" lon="4.81172"/>
            <trkpt lat="49.85823" lon="4.81168"/>
            <trkpt lat="49.85849" lon="4.81164"/>
            <trkpt lat="49.85877" lon="4.81165"/>
            <trkpt lat="49.85923" lon="4.81175"/>
            <trkpt lat="49.85967" lon="4.81191"/>
            <trkpt lat="49.85998" lon="4.812"/>
            <trkpt lat="49.8601" lon="4.81201"/>
            <trkpt lat="49.86013" lon="4.81201"/>
            <trkpt lat="49.86071" lon="4.81202"/>
            <trkpt lat="49.86093" lon="4.81204"/>
            <trkpt lat="49.86132" lon="4.81203"/>
            <trkpt lat="49.86201" lon="4.81207"/>
            <trkpt lat="49.86216" lon="4.8121"/>
            <trkpt lat="49.86256" lon="4.81225"/>
            <trkpt lat="49.86283" lon="4.81232"/>
            <trkpt lat="49.86312" lon="4.81233"/>
            <trkpt lat="49.86363" lon="4.8123"/>
            <trkpt lat="49.865" lon="4.81216"/>
            <trkpt lat="49.86547" lon="4.81207"/>
            <trkpt lat="49.86569" lon="4.81201"/>
            <trkpt lat="49.86593" lon="4.81195"/>
            <trkpt lat="49.86612" lon="4.81187"/>
            <trkpt lat="49.86629" lon="4.81178"/>
            <trkpt lat="49.86643" lon="4.81168"/>
            <trkpt lat="49.86658" lon="4.81153"/>
            <trkpt lat="49.86679" lon="4.81127"/>
            <trkpt lat="49.8669" lon="4.81111"/>
            <trkpt lat="49.86698" lon="4.81093"/>
            <trkpt lat="49.8671" lon="4.81064"/>
            <trkpt lat="49.86727" lon="4.81026"/>
            <trkpt lat="49.86734" lon="4.81014"/>
            <trkpt lat="49.86741" lon="4.81005"/>
            <trkpt lat="49.86753" lon="4.80994"/>
            <trkpt lat="49.86768" lon="4.80989"/>
            <trkpt lat="49.86781" lon="4.8099"/>
            <trkpt lat="49.86797" lon="4.80998"/>
            <trkpt lat="49.86822" lon="4.81018"/>
            <trkpt lat="49.86841" lon="4.81036"/>
            <trkpt lat="49.86873" lon="4.81063"/>
            <trkpt lat="49.86915" lon="4.81089"/>
            <trkpt lat="49.86968" lon="4.81114"/>
            <trkpt lat="49.87025" lon="4.81147"/>
            <trkpt lat="49.87113" lon="4.81201"/>
            <trkpt lat="49.87135" lon="4.81215"/>
            <trkpt lat="49.87193" lon="4.81242"/>
            <trkpt lat="49.87229" lon="4.81256"/>
            <trkpt lat="49.87261" lon="4.81267"/>
            <trkpt lat="49.87285" lon="4.81273"/>
            <trkpt lat="49.87299" lon="4.81275"/>
            <trkpt lat="49.87307" lon="4.81275"/>
            <trkpt lat="49.87329" lon="4.81273"/>
            <trkpt lat="49.8737" lon="4.81262"/>
            <trkpt lat="49.87449" lon="4.81234"/>
            <trkpt lat="49.87459" lon="4.81229"/>
            <trkpt lat="49.87464" lon="4.81224"/>
            <trkpt lat="49.87469" lon="4.81217"/>
            <trkpt lat="49.87473" lon="4.81204"/>
            <trkpt lat="49.87473" lon="4.81201"/>
            <trkpt lat="49.87474" lon="4.81199"/>
            <trkpt lat="49.87473" lon="4.81191"/>
            <trkpt lat="49.87471" lon="4.81185"/>
            <trkpt lat="49.87469" lon="4.81179"/>
            <trkpt lat="49.87468" lon="4.81176"/>
            <trkpt lat="49.87464" lon="4.81172"/>
            <trkpt lat="49.87409" lon="4.81132"/>
            <trkpt lat="49.87393" lon="4.81115"/>
            <trkpt lat="49.87411" lon="4.8111"/>
            <trkpt lat="49.87456" lon="4.811"/>
            <trkpt lat="49.8751" lon="4.81096"/>
            <trkpt lat="49.87532" lon="4.81095"/>
            <trkpt lat="49.87574" lon="4.81099"/>
            <trkpt lat="49.87593" lon="4.81102"/>
            <trkpt lat="49.87675" lon="4.81117"/>
            <trkpt lat="49.8769" lon="4.81116"/>
            <trkpt lat="49.87696" lon="4.81115"/>
            <trkpt lat="49.87742" lon="4.81098"/>
            <trkpt lat="49.87773" lon="4.81087"/>
            <trkpt lat="49.87787" lon="4.81083"/>
            <trkpt lat="49.87793" lon="4.81081"/>
            <trkpt lat="49.87794" lon="4.8108"/>
            <trkpt lat="49.87813" lon="4.81074"/>
            <trkpt lat="49.87863" lon="4.81064"/>
            <trkpt lat="49.87925" lon="4.81047"/>
            <trkpt lat="49.87953" lon="4.81025"/>
            <trkpt lat="49.87963" lon="4.81016"/>
            <trkpt lat="49.87973" lon="4.81004"/>
            <trkpt lat="49.88035" lon="4.8094"/>
            <trkpt lat="49.88086" lon="4.80889"/>
            <trkpt lat="49.8814" lon="4.8085"/>
            <trkpt lat="49.88221" lon="4.80794"/>
            <trkpt lat="49.88312" lon="4.80777"/>
            <trkpt lat="49.8846" lon="4.80746"/>
            <trkpt lat="49.88492" lon="4.80734"/>
            <trkpt lat="49.8853" lon="4.8072"/>
            <trkpt lat="49.88548" lon="4.80714"/>
            <trkpt lat="49.88565" lon="4.80707"/>
            <trkpt lat="49.88623" lon="4.80685"/>
            <trkpt lat="49.88678" lon="4.80672"/>
            <trkpt lat="49.88729" lon="4.80668"/>
            <trkpt lat="49.88813" lon="4.80668"/>
            <trkpt lat="49.88908" lon="4.80668"/>
            <trkpt lat="49.88926" lon="4.8067"/>
            <trkpt lat="49.88958" lon="4.80668"/>
            <trkpt lat="49.88977" lon="4.8067"/>
            <trkpt lat="49.88991" lon="4.80671"/>
            <trkpt lat="49.89057" lon="4.80684"/>
            <trkpt lat="49.89087" lon="4.80689"/>
            <trkpt lat="49.89151" lon="4.80704"/>
            <trkpt lat="49.8916" lon="4.8071"/>
            <trkpt lat="49.89179" lon="4.80727"/>
            <trkpt lat="49.89192" lon="4.80746"/>
            <trkpt lat="49.89202" lon="4.80767"/>
            <trkpt lat="49.89216" lon="4.80795"/>
            <trkpt lat="49.89264" lon="4.80919"/>
            <trkpt lat="49.89279" lon="4.80972"/>
            <trkpt lat="49.89286" lon="4.81019"/>
            <trkpt lat="49.89284" lon="4.8107"/>
            <trkpt lat="49.89279" lon="4.81103"/>
            <trkpt lat="49.89259" lon="4.81201"/>
            <trkpt lat="49.89255" lon="4.81219"/>
            <trkpt lat="49.89242" lon="4.81281"/>
            <trkpt lat="49.8922" lon="4.81367"/>
            <trkpt lat="49.89206" lon="4.81399"/>
            <trkpt lat="49.8916" lon="4.81481"/>
            <trkpt lat="49.89158" lon="4.81498"/>
            <trkpt lat="49.89157" lon="4.81513"/>
            <trkpt lat="49.89158" lon="4.8153"/>
            <trkpt lat="49.89168" lon="4.81586"/>
            <trkpt lat="49.8917" lon="4.81596"/>
            <trkpt lat="49.89177" lon="4.8163"/>
            <trkpt lat="49.89178" lon="4.81649"/>
            <trkpt lat="49.89172" lon="4.81672"/>
            <trkpt lat="49.89164" lon="4.81683"/>
            <trkpt lat="49.89148" lon="4.81702"/>
            <trkpt lat="49.89129" lon="4.81723"/>
            <trkpt lat="49.89092" lon="4.81758"/>
            <trkpt lat="49.89067" lon="4.81777"/>
            <trkpt lat="49.89012" lon="4.81801"/>
            <trkpt lat="49.88954" lon="4.81825"/>
            <trkpt lat="49.88863" lon="4.81862"/>
            <trkpt lat="49.88848" lon="4.81871"/>
            <trkpt lat="49.88793" lon="4.81896"/>
            <trkpt lat="49.88743" lon="4.81918"/>
            <trkpt lat="49.88712" lon="4.8193"/>
            <trkpt lat="49.88674" lon="4.81941"/>
            <trkpt lat="49.88546" lon="4.81992"/>
            <trkpt lat="49.88532" lon="4.81997"/>
            <trkpt lat="49.88321" lon="4.82107"/>
            <trkpt lat="49.88266" lon="4.82137"/>
            <trkpt lat="49.88256" lon="4.82149"/>
            <trkpt lat="49.88247" lon="4.82165"/>
            <trkpt lat="49.88241" lon="4.82183"/>
            <trkpt lat="49.88229" lon="4.82231"/>
            <trkpt lat="49.88225" lon="4.82249"/>
            <trkpt lat="49.88206" lon="4.82311"/>
            <trkpt lat="49.88194" lon="4.82347"/>
            <trkpt lat="49.88166" lon="4.82398"/>
            <trkpt lat="49.88152" lon="4.82427"/>
            <trkpt lat="49.88132" lon="4.82464"/>
            <trkpt lat="49.88061" lon="4.82572"/>
            <trkpt lat="49.88042" lon="4.82595"/>
            <trkpt lat="49.88012" lon="4.82633"/>
            <trkpt lat="49.88001" lon="4.82649"/>
            <trkpt lat="49.87975" lon="4.827"/>
            <trkpt lat="49.87958" lon="4.82749"/>
            <trkpt lat="49.87951" lon="4.82771"/>
            <trkpt lat="49.87941" lon="4.82821"/>
            <trkpt lat="49.87939" lon="4.82833"/>
            <trkpt lat="49.87933" lon="4.82872"/>
            <trkpt lat="49.87929" lon="4.82908"/>
            <trkpt lat="49.87929" lon="4.82943"/>
            <trkpt lat="49.87932" lon="4.82974"/>
            <trkpt lat="49.87936" lon="4.83005"/>
            <trkpt lat="49.87944" lon="4.8303"/>
            <trkpt lat="49.8796" lon="4.83075"/>
            <trkpt lat="49.87969" lon="4.83092"/>
            <trkpt lat="49.87987" lon="4.83119"/>
            <trkpt lat="49.87996" lon="4.83128"/>
            <trkpt lat="49.88006" lon="4.83136"/>
            <trkpt lat="49.88016" lon="4.83139"/>
            <trkpt lat="49.88024" lon="4.8314"/>
            <trkpt lat="49.88035" lon="4.83137"/>
            <trkpt lat="49.88042" lon="4.83134"/>
            <trkpt lat="49.8806" lon="4.83122"/>
            <trkpt lat="49.88119" lon="4.83074"/>
            <trkpt lat="49.88193" lon="4.83023"/>
            <trkpt lat="49.88253" lon="4.82989"/>
            <trkpt lat="49.88319" lon="4.82963"/>
            <trkpt lat="49.88376" lon="4.82946"/>
            <trkpt lat="49.88424" lon="4.82939"/>
            <trkpt lat="49.88468" lon="4.82936"/>
            <trkpt lat="49.88519" lon="4.82943"/>
            <trkpt lat="49.88572" lon="4.82967"/>
            <trkpt lat="49.88652" lon="4.83011"/>
            <trkpt lat="49.88677" lon="4.83027"/>
            <trkpt lat="49.88696" lon="4.83041"/>
            <trkpt lat="49.88742" lon="4.83078"/>
            <trkpt lat="49.8876" lon="4.83096"/>
            <trkpt lat="49.88791" lon="4.83137"/>
            <trkpt lat="49.88818" lon="4.83178"/>
            <trkpt lat="49.88834" lon="4.83207"/>
            <trkpt lat="49.88854" lon="4.8325"/>
            <trkpt lat="49.88867" lon="4.83286"/>
            <trkpt lat="49.88886" lon="4.83364"/>
            <trkpt lat="49.88892" lon="4.83398"/>
            <trkpt lat="49.88896" lon="4.83422"/>
            <trkpt lat="49.88897" lon="4.83442"/>
            <trkpt lat="49.88897" lon="4.8345"/>
            <trkpt lat="49.88896" lon="4.83456"/>
            <trkpt lat="49.88896" lon="4.83485"/>
            <trkpt lat="49.88891" lon="4.83531"/>
            <trkpt lat="49.88877" lon="4.83611"/>
            <trkpt lat="49.88857" lon="4.83685"/>
            <trkpt lat="49.88855" lon="4.83691"/>
            <trkpt lat="49.88796" lon="4.83876"/>
            <trkpt lat="49.88789" lon="4.83896"/>
            <trkpt lat="49.88766" lon="4.83949"/>
            <trkpt lat="49.88732" lon="4.8403"/>
            <trkpt lat="49.88695" lon="4.84106"/>
            <trkpt lat="49.88684" lon="4.84125"/>
            <trkpt lat="49.88679" lon="4.84133"/>
            <trkpt lat="49.88671" lon="4.84143"/>
            <trkpt lat="49.88668" lon="4.84146"/>
            <trkpt lat="49.88666" lon="4.84148"/>
            <trkpt lat="49.88662" lon="4.8415"/>
            <trkpt lat="49.88655" lon="4.84149"/>
            <trkpt lat="49.88652" lon="4.84149"/>
            <trkpt lat="49.88642" lon="4.84143"/>
            <trkpt lat="49.88622" lon="4.84127"/>
            <trkpt lat="49.88619" lon="4.84125"/>
            <trkpt lat="49.8861" lon="4.84122"/>
            <trkpt lat="49.88605" lon="4.84121"/>
            <trkpt lat="49.88594" lon="4.84122"/>
            <trkpt lat="49.88565" lon="4.84131"/>
            <trkpt lat="49.88532" lon="4.84148"/>
            <trkpt lat="49.88513" lon="4.84149"/>
            <trkpt lat="49.88482" lon="4.84141"/>
            <trkpt lat="49.88471" lon="4.84141"/>
            <trkpt lat="49.8843" lon="4.84148"/>
            <trkpt lat="49.88399" lon="4.84153"/>
            <trkpt lat="49.88358" lon="4.84163"/>
            <trkpt lat="49.8832" lon="4.84171"/>
            <trkpt lat="49.8827" lon="4.8419"/>
            <trkpt lat="49.88225" lon="4.84213"/>
            <trkpt lat="49.88199" lon="4.8423"/>
            <trkpt lat="49.88129" lon="4.84286"/>
            <trkpt lat="49.88119" lon="4.84293"/>
            <trkpt lat="49.881" lon="4.84307"/>
            <trkpt lat="49.88088" lon="4.84317"/>
            <trkpt lat="49.88084" lon="4.84322"/>
            <trkpt lat="49.88049" lon="4.84388"/>
            <trkpt lat="49.8794" lon="4.84555"/>
            <trkpt lat="49.87924" lon="4.84582"/>
            <trkpt lat="49.87901" lon="4.84621"/>
            <trkpt lat="49.87881" lon="4.84646"/>
            <trkpt lat="49.87862" lon="4.84664"/>
            <trkpt lat="49.87809" lon="4.847"/>
            <trkpt lat="49.87793" lon="4.84712"/>
            <trkpt lat="49.87786" lon="4.84717"/>
            <trkpt lat="49.87718" lon="4.84777"/>
            <trkpt lat="49.87689" lon="4.84801"/>
            <trkpt lat="49.87623" lon="4.84853"/>
            <trkpt lat="49.87607" lon="4.8486"/>
            <trkpt lat="49.87602" lon="4.84861"/>
            <trkpt lat="49.87589" lon="4.84862"/>
            <trkpt lat="49.87565" lon="4.84861"/>
            <trkpt lat="49.87543" lon="4.84862"/>
            <trkpt lat="49.87468" lon="4.84879"/>
            <trkpt lat="49.87443" lon="4.84886"/>
            <trkpt lat="49.87418" lon="4.84899"/>
            <trkpt lat="49.87401" lon="4.84911"/>
            <trkpt lat="49.87376" lon="4.84929"/>
            <trkpt lat="49.87338" lon="4.84953"/>
            <trkpt lat="49.87326" lon="4.84961"/>
            <trkpt lat="49.87312" lon="4.84971"/>
            <trkpt lat="49.87307" lon="4.84976"/>
            <trkpt lat="49.87301" lon="4.84983"/>
            <trkpt lat="49.87292" lon="4.85003"/>
            <trkpt lat="49.8729" lon="4.8501"/>
            <trkpt lat="49.87287" lon="4.85014"/>
            <trkpt lat="49.87282" lon="4.85018"/>
            <trkpt lat="49.87279" lon="4.8502"/>
            <trkpt lat="49.87276" lon="4.85022"/>
            <trkpt lat="49.87272" lon="4.85023"/>
            <trkpt lat="49.87182" lon="4.85006"/>
            <trkpt lat="49.87173" lon="4.85004"/>
            <trkpt lat="49.87145" lon="4.84994"/>
            <trkpt lat="49.87136" lon="4.84992"/>
            <trkpt lat="49.87119" lon="4.84992"/>
            <trkpt lat="49.87102" lon="4.84995"/>
            <trkpt lat="49.87091" lon="4.84997"/>
            <trkpt lat="49.87067" lon="4.85011"/>
            <trkpt lat="49.8704" lon="4.85026"/>
            <trkpt lat="49.87017" lon="4.85041"/>
            <trkpt lat="49.87017" lon="4.85042"/>
            <trkpt lat="49.87004" lon="4.85054"/>
            <trkpt lat="49.86986" lon="4.85077"/>
            <trkpt lat="49.86982" lon="4.85084"/>
            <trkpt lat="49.86958" lon="4.85119"/>
            <trkpt lat="49.86907" lon="4.85204"/>
            <trkpt lat="49.86887" lon="4.85237"/>
            <trkpt lat="49.86852" lon="4.85295"/>
            <trkpt lat="49.86807" lon="4.85364"/>
            <trkpt lat="49.86744" lon="4.85467"/>
            <trkpt lat="49.86723" lon="4.85508"/>
            <trkpt lat="49.86702" lon="4.85553"/>
            <trkpt lat="49.86694" lon="4.85577"/>
            <trkpt lat="49.8669" lon="4.85596"/>
            <trkpt lat="49.8669" lon="4.85597"/>
            <trkpt lat="49.86688" lon="4.85604"/>
            <trkpt lat="49.86684" lon="4.85642"/>
            <trkpt lat="49.86687" lon="4.85686"/>
            <trkpt lat="49.86692" lon="4.8572"/>
            <trkpt lat="49.86697" lon="4.8575"/>
            <trkpt lat="49.8671" lon="4.85817"/>
            <trkpt lat="49.86734" lon="4.85863"/>
            <trkpt lat="49.86777" lon="4.85922"/>
            <trkpt lat="49.8683" lon="4.85976"/>
            <trkpt lat="49.86879" lon="4.86011"/>
            <trkpt lat="49.86979" lon="4.8606"/>
            <trkpt lat="49.87041" lon="4.86082"/>
            <trkpt lat="49.87087" lon="4.86091"/>
            <trkpt lat="49.87133" lon="4.86103"/>
            <trkpt lat="49.87237" lon="4.8615"/>
            <trkpt lat="49.87426" lon="4.86258"/>
            <trkpt lat="49.87465" lon="4.8628"/>
            <trkpt lat="49.87493" lon="4.86296"/>
            <trkpt lat="49.87558" lon="4.86343"/>
            <trkpt lat="49.87752" lon="4.86502"/>
            <trkpt lat="49.87793" lon="4.86533"/>
            <trkpt lat="49.87807" lon="4.86544"/>
            <trkpt lat="49.87859" lon="4.8659"/>
            <trkpt lat="49.87882" lon="4.86619"/>
            <trkpt lat="49.87898" lon="4.86645"/>
            <trkpt lat="49.8791" lon="4.86667"/>
            <trkpt lat="49.87931" lon="4.8672"/>
            <trkpt lat="49.87941" lon="4.86759"/>
            <trkpt lat="49.8795" lon="4.86798"/>
            <trkpt lat="49.87954" lon="4.8683"/>
            <trkpt lat="49.87957" lon="4.86873"/>
            <trkpt lat="49.87955" lon="4.86937"/>
            <trkpt lat="49.87948" lon="4.87012"/>
            <trkpt lat="49.87941" lon="4.87047"/>
            <trkpt lat="49.87926" lon="4.87115"/>
            <trkpt lat="49.87923" lon="4.87125"/>
            <trkpt lat="49.87919" lon="4.87137"/>
            <trkpt lat="49.87912" lon="4.87158"/>
            <trkpt lat="49.87906" lon="4.87173"/>
            <trkpt lat="49.87888" lon="4.87203"/>
            <trkpt lat="49.87866" lon="4.87234"/>
            <trkpt lat="49.87848" lon="4.87255"/>
            <trkpt lat="49.87805" lon="4.87313"/>
            <trkpt lat="49.87793" lon="4.87326"/>
            <trkpt lat="49.87744" lon="4.87381"/>
            <trkpt lat="49.87739" lon="4.87386"/>
            <trkpt lat="49.87732" lon="4.8739"/>
            <trkpt lat="49.87725" lon="4.87394"/>
            <trkpt lat="49.87637" lon="4.87402"/>
            <trkpt lat="49.87556" lon="4.87416"/>
            <trkpt lat="49.875" lon="4.87425"/>
            <trkpt lat="49.87395" lon="4.87436"/>
            <trkpt lat="49.8738" lon="4.87439"/>
            <trkpt lat="49.87367" lon="4.87443"/>
            <trkpt lat="49.87358" lon="4.87448"/>
            <trkpt lat="49.87347" lon="4.87454"/>
            <trkpt lat="49.8729" lon="4.87502"/>
            <trkpt lat="49.87275" lon="4.87516"/>
            <trkpt lat="49.87226" lon="4.87559"/>
            <trkpt lat="49.87195" lon="4.87582"/>
            <trkpt lat="49.87173" lon="4.87592"/>
            <trkpt lat="49.87086" lon="4.87622"/>
            <trkpt lat="49.87002" lon="4.87655"/>
            <trkpt lat="49.86963" lon="4.87674"/>
            <trkpt lat="49.8691" lon="4.87706"/>
            <trkpt lat="49.86846" lon="4.87745"/>
            <trkpt lat="49.86808" lon="4.87761"/>
            <trkpt lat="49.86689" lon="4.87793"/>
            <trkpt lat="49.86688" lon="4.87793"/>
            <trkpt lat="49.86661" lon="4.87804"/>
            <trkpt lat="49.86648" lon="4.87811"/>
            <trkpt lat="49.86622" lon="4.87835"/>
            <trkpt lat="49.86603" lon="4.87859"/>
            <trkpt lat="49.86584" lon="4.87886"/>
            <trkpt lat="49.86543" lon="4.87952"/>
            <trkpt lat="49.86512" lon="4.88004"/>
            <trkpt lat="49.86475" lon="4.88076"/>
            <trkpt lat="49.86474" lon="4.88079"/>
            <trkpt lat="49.86465" lon="4.88105"/>
            <trkpt lat="49.86461" lon="4.88123"/>
            <trkpt lat="49.86459" lon="4.8814"/>
            <trkpt lat="49.86458" lon="4.88147"/>
            <trkpt lat="49.86457" lon="4.88171"/>
            <trkpt lat="49.86459" lon="4.88215"/>
            <trkpt lat="49.86464" lon="4.88282"/>
            <trkpt lat="49.86467" lon="4.88306"/>
            <trkpt lat="49.86469" lon="4.88322"/>
            <trkpt lat="49.86473" lon="4.88335"/>
            <trkpt lat="49.8648" lon="4.88352"/>
            <trkpt lat="49.86496" lon="4.8833"/>
            <trkpt lat="49.86507" lon="4.88306"/>
            <trkpt lat="49.86527" lon="4.8826"/>
            <trkpt lat="49.86539" lon="4.88241"/>
            <trkpt lat="49.8656" lon="4.88218"/>
            <trkpt lat="49.86606" lon="4.88168"/>
            <trkpt lat="49.86632" lon="4.88139"/>
            <trkpt lat="49.8665" lon="4.88124"/>
            <trkpt lat="49.8669" lon="4.88104"/>
            <trkpt lat="49.86695" lon="4.88101"/>
            <trkpt lat="49.86706" lon="4.88097"/>
            <trkpt lat="49.8674" lon="4.88081"/>
            <trkpt lat="49.86868" lon="4.88021"/>
            <trkpt lat="49.86926" lon="4.87993"/>
            <trkpt lat="49.8695" lon="4.87986"/>
            <trkpt lat="49.86974" lon="4.87983"/>
            <trkpt lat="49.86993" lon="4.87984"/>
            <trkpt lat="49.87011" lon="4.87988"/>
            <trkpt lat="49.87028" lon="4.87994"/>
            <trkpt lat="49.8706" lon="4.88003"/>
            <trkpt lat="49.87104" lon="4.88009"/>
            <trkpt lat="49.87215" lon="4.88004"/>
            <trkpt lat="49.87258" lon="4.88"/>
            <trkpt lat="49.87293" lon="4.87994"/>
            <trkpt lat="49.8731" lon="4.87989"/>
            <trkpt lat="49.87342" lon="4.87978"/>
            <trkpt lat="49.87404" lon="4.87966"/>
            <trkpt lat="49.87421" lon="4.8796"/>
            <trkpt lat="49.87439" lon="4.8795"/>
            <trkpt lat="49.8747" lon="4.87929"/>
            <trkpt lat="49.87586" lon="4.8788"/>
            <trkpt lat="49.87622" lon="4.8787"/>
            <trkpt lat="49.87644" lon="4.8787"/>
            <trkpt lat="49.87659" lon="4.87872"/>
            <trkpt lat="49.877" lon="4.87885"/>
            <trkpt lat="49.87726" lon="4.87895"/>
            <trkpt lat="49.87742" lon="4.87898"/>
            <trkpt lat="49.87759" lon="4.87896"/>
            <trkpt lat="49.87775" lon="4.8789"/>
            <trkpt lat="49.87793" lon="4.87881"/>
            <trkpt lat="49.87809" lon="4.87873"/>
            <trkpt lat="49.87844" lon="4.87846"/>
            <trkpt lat="49.87886" lon="4.87793"/>
            <trkpt lat="49.87887" lon="4.87792"/>
            <trkpt lat="49.87936" lon="4.87745"/>
            <trkpt lat="49.87955" lon="4.87732"/>
            <trkpt lat="49.87971" lon="4.87723"/>
            <trkpt lat="49.87978" lon="4.8772"/>
            <trkpt lat="49.87998" lon="4.8772"/>
            <trkpt lat="49.8802" lon="4.87726"/>
            <trkpt lat="49.88043" lon="4.87742"/>
            <trkpt lat="49.88059" lon="4.87759"/>
            <trkpt lat="49.88075" lon="4.87786"/>
            <trkpt lat="49.88079" lon="4.87793"/>
            <trkpt lat="49.88101" lon="4.87833"/>
            <trkpt lat="49.88122" lon="4.87857"/>
            <trkpt lat="49.88133" lon="4.87865"/>
            <trkpt lat="49.88147" lon="4.87869"/>
            <trkpt lat="49.8824" lon="4.87886"/>
            <trkpt lat="49.8826" lon="4.87887"/>
            <trkpt lat="49.8828" lon="4.87885"/>
            <trkpt lat="49.88302" lon="4.87879"/>
            <trkpt lat="49.88311" lon="4.87875"/>
            <trkpt lat="49.8833" lon="4.87859"/>
            <trkpt lat="49.88374" lon="4.87815"/>
            <trkpt lat="49.88394" lon="4.87802"/>
            <trkpt lat="49.88405" lon="4.87802"/>
            <trkpt lat="49.88413" lon="4.87802"/>
            <trkpt lat="49.88425" lon="4.87806"/>
            <trkpt lat="49.8844" lon="4.87816"/>
            <trkpt lat="49.88527" lon="4.87883"/>
            <trkpt lat="49.88673" lon="4.87998"/>
            <trkpt lat="49.88705" lon="4.88019"/>
            <trkpt lat="49.88733" lon="4.88022"/>
            <trkpt lat="49.88735" lon="4.88022"/>
            <trkpt lat="49.88786" lon="4.88013"/>
            <trkpt lat="49.8882" lon="4.88012"/>
            <trkpt lat="49.88834" lon="4.88015"/>
            <trkpt lat="49.8884" lon="4.88019"/>
            <trkpt lat="49.88853" lon="4.88023"/>
            <trkpt lat="49.8886" lon="4.88028"/>
            <trkpt lat="49.88896" lon="4.88061"/>
            <trkpt lat="49.88939" lon="4.88106"/>
            <trkpt lat="49.89009" lon="4.88188"/>
            <trkpt lat="49.89019" lon="4.88201"/>
            <trkpt lat="49.89036" lon="4.8823"/>
            <trkpt lat="49.89046" lon="4.88259"/>
            <trkpt lat="49.89055" lon="4.88291"/>
            <trkpt lat="49.89095" lon="4.88411"/>
            <trkpt lat="49.89109" lon="4.88452"/>
            <trkpt lat="49.89132" lon="4.88516"/>
            <trkpt lat="49.89193" lon="4.88662"/>
            <trkpt lat="49.89208" lon="4.8869"/>
            <trkpt lat="49.89219" lon="4.88704"/>
            <trkpt lat="49.8923" lon="4.88713"/>
            <trkpt lat="49.89234" lon="4.88715"/>
            <trkpt lat="49.89365" lon="4.88773"/>
            <trkpt lat="49.89442" lon="4.88805"/>
            <trkpt lat="49.8999" lon="4.89086"/>
            <trkpt lat="49.90148" lon="4.89167"/>
            <trkpt lat="49.90059" lon="4.89388"/>
            <trkpt lat="49.90049" lon="4.8941"/>
            <trkpt lat="49.90011" lon="4.8947"/>
            <trkpt lat="49.8999" lon="4.89502"/>
            <trkpt lat="49.89661" lon="4.8999"/>
            <trkpt lat="49.89532" lon="4.9018"/>
            <trkpt lat="49.89226" lon="4.90648"/>
            <trkpt lat="49.89209" lon="4.90669"/>
            <trkpt lat="49.89193" lon="4.90684"/>
            <trkpt lat="49.89189" lon="4.90687"/>
            <trkpt lat="49.89185" lon="4.90689"/>
            <trkpt lat="49.89165" lon="4.90694"/>
            <trkpt lat="49.89151" lon="4.90695"/>
            <trkpt lat="49.89139" lon="4.90699"/>
            <trkpt lat="49.89106" lon="4.90696"/>
            <trkpt lat="49.89085" lon="4.90693"/>
            <trkpt lat="49.89058" lon="4.90684"/>
            <trkpt lat="49.89005" lon="4.90652"/>
            <trkpt lat="49.88971" lon="4.90618"/>
            <trkpt lat="49.88932" lon="4.90571"/>
            <trkpt lat="49.88906" lon="4.90535"/>
            <trkpt lat="49.88891" lon="4.90509"/>
            <trkpt lat="49.88882" lon="4.90491"/>
            <trkpt lat="49.88869" lon="4.90455"/>
            <trkpt lat="49.88843" lon="4.90362"/>
            <trkpt lat="49.88832" lon="4.90335"/>
            <trkpt lat="49.8882" lon="4.90317"/>
            <trkpt lat="49.88814" lon="4.9031"/>
            <trkpt lat="49.88806" lon="4.90302"/>
            <trkpt lat="49.88798" lon="4.90297"/>
            <trkpt lat="49.8876" lon="4.9028"/>
            <trkpt lat="49.88703" lon="4.90258"/>
            <trkpt lat="49.88676" lon="4.90251"/>
            <trkpt lat="49.88655" lon="4.90248"/>
            <trkpt lat="49.88654" lon="4.90247"/>
            <trkpt lat="49.88627" lon="4.90239"/>
            <trkpt lat="49.8861" lon="4.90232"/>
            <trkpt lat="49.88585" lon="4.90216"/>
            <trkpt lat="49.88556" lon="4.9019"/>
            <trkpt lat="49.88537" lon="4.90169"/>
            <trkpt lat="49.88527" lon="4.90154"/>
            <trkpt lat="49.88516" lon="4.90133"/>
            <trkpt lat="49.88509" lon="4.90117"/>
            <trkpt lat="49.88495" lon="4.90067"/>
            <trkpt lat="49.88486" lon="4.90028"/>
            <trkpt lat="49.88483" lon="4.90018"/>
            <trkpt lat="49.8848" lon="4.90011"/>
            <trkpt lat="49.8847" lon="4.90003"/>
            <trkpt lat="49.8845" lon="4.89998"/>
            <trkpt lat="49.88441" lon="4.89999"/>
            <trkpt lat="49.88433" lon="4.90002"/>
            <trkpt lat="49.88425" lon="4.90008"/>
            <trkpt lat="49.88379" lon="4.90055"/>
            <trkpt lat="49.88315" lon="4.90125"/>
            <trkpt lat="49.88312" lon="4.90129"/>
            <trkpt lat="49.88302" lon="4.90137"/>
            <trkpt lat="49.88294" lon="4.9014"/>
            <trkpt lat="49.88275" lon="4.90141"/>
            <trkpt lat="49.88233" lon="4.90136"/>
            <trkpt lat="49.8822" lon="4.90142"/>
            <trkpt lat="49.88205" lon="4.90154"/>
            <trkpt lat="49.88199" lon="4.90164"/>
            <trkpt lat="49.88188" lon="4.90185"/>
            <trkpt lat="49.88183" lon="4.90202"/>
            <trkpt lat="49.88161" lon="4.90295"/>
            <trkpt lat="49.88156" lon="4.90307"/>
            <trkpt lat="49.88152" lon="4.90315"/>
            <trkpt lat="49.88145" lon="4.90324"/>
            <trkpt lat="49.88123" lon="4.90341"/>
            <trkpt lat="49.88114" lon="4.90344"/>
            <trkpt lat="49.88094" lon="4.90344"/>
            <trkpt lat="49.88076" lon="4.90342"/>
            <trkpt lat="49.88054" lon="4.90333"/>
            <trkpt lat="49.88038" lon="4.90324"/>
            <trkpt lat="49.88029" lon="4.90321"/>
            <trkpt lat="49.88024" lon="4.90321"/>
            <trkpt lat="49.88019" lon="4.90324"/>
            <trkpt lat="49.88016" lon="4.90326"/>
            <trkpt lat="49.88012" lon="4.90332"/>
            <trkpt lat="49.8801" lon="4.90335"/>
            <trkpt lat="49.88005" lon="4.90348"/>
            <trkpt lat="49.88003" lon="4.90355"/>
            <trkpt lat="49.87992" lon="4.904"/>
            <trkpt lat="49.87989" lon="4.9041"/>
            <trkpt lat="49.87986" lon="4.90415"/>
            <trkpt lat="49.87983" lon="4.90418"/>
            <trkpt lat="49.87976" lon="4.90419"/>
            <trkpt lat="49.87974" lon="4.90418"/>
            <trkpt lat="49.87967" lon="4.90414"/>
            <trkpt lat="49.87964" lon="4.9041"/>
            <trkpt lat="49.87959" lon="4.90402"/>
            <trkpt lat="49.87953" lon="4.90382"/>
            <trkpt lat="49.87901" lon="4.90164"/>
            <trkpt lat="49.8788" lon="4.90088"/>
            <trkpt lat="49.87864" lon="4.9005"/>
            <trkpt lat="49.8783" lon="4.8999"/>
            <trkpt lat="49.87793" lon="4.89924"/>
            <trkpt lat="49.87775" lon="4.89893"/>
            <trkpt lat="49.87747" lon="4.89836"/>
            <trkpt lat="49.87703" lon="4.89718"/>
            <trkpt lat="49.87695" lon="4.89693"/>
            <trkpt lat="49.87687" lon="4.89653"/>
            <trkpt lat="49.87682" lon="4.89641"/>
            <trkpt lat="49.87677" lon="4.89634"/>
            <trkpt lat="49.87676" lon="4.89632"/>
            <trkpt lat="49.87673" lon="4.89632"/>
            <trkpt lat="49.8766" lon="4.8965"/>
            <trkpt lat="49.8753" lon="4.89811"/>
            <trkpt lat="49.87513" lon="4.89841"/>
            <trkpt lat="49.87491" lon="4.89885"/>
            <trkpt lat="49.87486" lon="4.89901"/>
            <trkpt lat="49.87484" lon="4.89916"/>
            <trkpt lat="49.87477" lon="4.89943"/>
            <trkpt lat="49.87472" lon="4.89955"/>
            <trkpt lat="49.8746" lon="4.89975"/>
            <trkpt lat="49.87447" lon="4.8999"/>
            <trkpt lat="49.87446" lon="4.89991"/>
            <trkpt lat="49.87422" lon="4.90014"/>
            <trkpt lat="49.87386" lon="4.90041"/>
            <trkpt lat="49.87363" lon="4.90054"/>
            <trkpt lat="49.87349" lon="4.90059"/>
            <trkpt lat="49.87316" lon="4.90065"/>
            <trkpt lat="49.87296" lon="4.90066"/>
            <trkpt lat="49.87224" lon="4.90059"/>
            <trkpt lat="49.87112" lon="4.90031"/>
            <trkpt lat="49.87065" lon="4.90015"/>
            <trkpt lat="49.87024" lon="4.90004"/>
            <trkpt lat="49.86979" lon="4.89996"/>
            <trkpt lat="49.86924" lon="4.89992"/>
            <trkpt lat="49.86751" lon="4.89997"/>
            <trkpt lat="49.86718" lon="4.90004"/>
            <trkpt lat="49.86713" lon="4.90005"/>
            <trkpt lat="49.86709" lon="4.90007"/>
            <trkpt lat="49.86697" lon="4.9001"/>
            <trkpt lat="49.86684" lon="4.90017"/>
            <trkpt lat="49.86676" lon="4.90025"/>
            <trkpt lat="49.86665" lon="4.90039"/>
            <trkpt lat="49.86616" lon="4.90147"/>
            <trkpt lat="49.86613" lon="4.90154"/>
            <trkpt lat="49.86607" lon="4.90164"/>
            <trkpt lat="49.866" lon="4.90174"/>
            <trkpt lat="49.86597" lon="4.90177"/>
            <trkpt lat="49.86595" lon="4.90179"/>
            <trkpt lat="49.86591" lon="4.90182"/>
            <trkpt lat="49.86577" lon="4.90188"/>
            <trkpt lat="49.86569" lon="4.90189"/>
            <trkpt lat="49.86566" lon="4.90208"/>
            <trkpt lat="49.86565" lon="4.90215"/>
            <trkpt lat="49.86563" lon="4.90242"/>
            <trkpt lat="49.86563" lon="4.90335"/>
            <trkpt lat="49.86565" lon="4.90364"/>
            <trkpt lat="49.8657" lon="4.90391"/>
            <trkpt lat="49.86574" lon="4.90412"/>
            <trkpt lat="49.8658" lon="4.90434"/>
            <trkpt lat="49.86595" lon="4.90472"/>
            <trkpt lat="49.8661" lon="4.90502"/>
            <trkpt lat="49.86625" lon="4.90525"/>
            <trkpt lat="49.86639" lon="4.90539"/>
            <trkpt lat="49.8667" lon="4.90563"/>
            <trkpt lat="49.86688" lon="4.90576"/>
            <trkpt lat="49.86729" lon="4.90599"/>
            <trkpt lat="49.86759" lon="4.90608"/>
            <trkpt lat="49.86776" lon="4.90608"/>
            <trkpt lat="49.86797" lon="4.90606"/>
            <trkpt lat="49.8685" lon="4.90604"/>
            <trkpt lat="49.86867" lon="4.90604"/>
            <trkpt lat="49.86868" lon="4.90605"/>
            <trkpt lat="49.86883" lon="4.90608"/>
            <trkpt lat="49.86995" lon="4.90656"/>
            <trkpt lat="49.87013" lon="4.90662"/>
            <trkpt lat="49.87052" lon="4.90665"/>
            <trkpt lat="49.87068" lon="4.90664"/>
            <trkpt lat="49.87114" lon="4.9065"/>
            <trkpt lat="49.87141" lon="4.90645"/>
            <trkpt lat="49.87156" lon="4.90644"/>
            <trkpt lat="49.87199" lon="4.90651"/>
            <trkpt lat="49.87217" lon="4.90657"/>
            <trkpt lat="49.8726" lon="4.90677"/>
            <trkpt lat="49.87323" lon="4.90709"/>
            <trkpt lat="49.8742" lon="4.90763"/>
            <trkpt lat="49.87506" lon="4.90821"/>
            <trkpt lat="49.87569" lon="4.90868"/>
            <trkpt lat="49.87588" lon="4.9088"/>
            <trkpt lat="49.87613" lon="4.90891"/>
            <trkpt lat="49.87686" lon="4.90916"/>
            <trkpt lat="49.87742" lon="4.90945"/>
            <trkpt lat="49.8777" lon="4.90963"/>
            <trkpt lat="49.87793" lon="4.90984"/>
            <trkpt lat="49.87818" lon="4.91008"/>
            <trkpt lat="49.87838" lon="4.91032"/>
            <trkpt lat="49.87861" lon="4.91071"/>
            <trkpt lat="49.87885" lon="4.91126"/>
            <trkpt lat="49.87895" lon="4.91163"/>
            <trkpt lat="49.87903" lon="4.91199"/>
            <trkpt lat="49.8791" lon="4.91252"/>
            <trkpt lat="49.87911" lon="4.91277"/>
            <trkpt lat="49.87913" lon="4.91308"/>
            <trkpt lat="49.87905" lon="4.9138"/>
            <trkpt lat="49.87898" lon="4.91424"/>
            <trkpt lat="49.87885" lon="4.91487"/>
            <trkpt lat="49.87873" lon="4.91531"/>
            <trkpt lat="49.87836" lon="4.91636"/>
            <trkpt lat="49.87801" lon="4.91718"/>
            <trkpt lat="49.87793" lon="4.91735"/>
            <trkpt lat="49.8779" lon="4.9174"/>
            <trkpt lat="49.87781" lon="4.91765"/>
            <trkpt lat="49.87683" lon="4.91979"/>
            <trkpt lat="49.87672" lon="4.92"/>
            <trkpt lat="49.87645" lon="4.92043"/>
            <trkpt lat="49.87571" lon="4.92154"/>
            <trkpt lat="49.8755" lon="4.92188"/>
            <trkpt lat="49.87521" lon="4.92236"/>
            <trkpt lat="49.87463" lon="4.92345"/>
            <trkpt lat="49.87428" lon="4.92418"/>
            <trkpt lat="49.87398" lon="4.92499"/>
            <trkpt lat="49.87387" lon="4.92534"/>
            <trkpt lat="49.87376" lon="4.92558"/>
            <trkpt lat="49.87366" lon="4.92584"/>
            <trkpt lat="49.87349" lon="4.92626"/>
            <trkpt lat="49.87341" lon="4.92642"/>
            <trkpt lat="49.87255" lon="4.92875"/>
            <trkpt lat="49.87247" lon="4.92904"/>
            <trkpt lat="49.87246" lon="4.92934"/>
            <trkpt lat="49.87243" lon="4.93038"/>
            <trkpt lat="49.87244" lon="4.9305"/>
            <trkpt lat="49.87241" lon="4.9307"/>
            <trkpt lat="49.87238" lon="4.93081"/>
            <trkpt lat="49.87222" lon="4.93121"/>
            <trkpt lat="49.87207" lon="4.9315"/>
            <trkpt lat="49.8724" lon="4.93212"/>
            <trkpt lat="49.87261" lon="4.93258"/>
            <trkpt lat="49.87284" lon="4.93323"/>
            <trkpt lat="49.87301" lon="4.93381"/>
            <trkpt lat="49.87311" lon="4.93421"/>
            <trkpt lat="49.87297" lon="4.93446"/>
            <trkpt lat="49.87271" lon="4.93499"/>
            <trkpt lat="49.87267" lon="4.93508"/>
            <trkpt lat="49.87259" lon="4.93522"/>
            <trkpt lat="49.87256" lon="4.93527"/>
            <trkpt lat="49.87238" lon="4.93565"/>
            <trkpt lat="49.87232" lon="4.93583"/>
            <trkpt lat="49.87223" lon="4.9364"/>
            <trkpt lat="49.87215" lon="4.93745"/>
            <trkpt lat="49.87219" lon="4.93808"/>
            <trkpt lat="49.87229" lon="4.93876"/>
            <trkpt lat="49.87237" lon="4.93908"/>
            <trkpt lat="49.87248" lon="4.93939"/>
            <trkpt lat="49.87261" lon="4.93965"/>
            <trkpt lat="49.87279" lon="4.9399"/>
            <trkpt lat="49.87326" lon="4.94044"/>
            <trkpt lat="49.87331" lon="4.94051"/>
            <trkpt lat="49.87334" lon="4.94063"/>
            <trkpt lat="49.87335" lon="4.94077"/>
            <trkpt lat="49.87332" lon="4.94104"/>
            <trkpt lat="49.87334" lon="4.94123"/>
            <trkpt lat="49.87335" lon="4.94127"/>
            <trkpt lat="49.87336" lon="4.9413"/>
            <trkpt lat="49.87339" lon="4.94136"/>
            <trkpt lat="49.87343" lon="4.94141"/>
            <trkpt lat="49.87346" lon="4.94144"/>
            <trkpt lat="49.87347" lon="4.94145"/>
            <trkpt lat="49.87367" lon="4.94155"/>
            <trkpt lat="49.87423" lon="4.94177"/>
            <trkpt lat="49.87466" lon="4.94198"/>
            <trkpt lat="49.87471" lon="4.94202"/>
            <trkpt lat="49.87476" lon="4.94207"/>
            <trkpt lat="49.87485" lon="4.94221"/>
            <trkpt lat="49.87487" lon="4.94225"/>
            <trkpt lat="49.87502" lon="4.94268"/>
            <trkpt lat="49.8753" lon="4.94385"/>
            <trkpt lat="49.87537" lon="4.94415"/>
            <trkpt lat="49.87539" lon="4.94424"/>
            <trkpt lat="49.87541" lon="4.94433"/>
            <trkpt lat="49.87542" lon="4.94444"/>
            <trkpt lat="49.87541" lon="4.94459"/>
            <trkpt lat="49.87539" lon="4.94469"/>
            <trkpt lat="49.87535" lon="4.94483"/>
            <trkpt lat="49.87534" lon="4.94488"/>
            <trkpt lat="49.8753" lon="4.94497"/>
            <trkpt lat="49.87522" lon="4.94513"/>
            <trkpt lat="49.87516" lon="4.94523"/>
            <trkpt lat="49.8751" lon="4.94529"/>
            <trkpt lat="49.87507" lon="4.94531"/>
            <trkpt lat="49.87504" lon="4.94532"/>
            <trkpt lat="49.875" lon="4.94532"/>
            <trkpt lat="49.87496" lon="4.94531"/>
            <trkpt lat="49.87491" lon="4.94527"/>
            <trkpt lat="49.87486" lon="4.9452"/>
            <trkpt lat="49.87483" lon="4.94511"/>
            <trkpt lat="49.87481" lon="4.94498"/>
            <trkpt lat="49.87481" lon="4.94488"/>
            <trkpt lat="49.87482" lon="4.94483"/>
            <trkpt lat="49.87486" lon="4.94464"/>
            <trkpt lat="49.87496" lon="4.94438"/>
            <trkpt lat="49.87499" lon="4.9441"/>
            <trkpt lat="49.87498" lon="4.94397"/>
            <trkpt lat="49.87496" lon="4.94385"/>
            <trkpt lat="49.87494" lon="4.94375"/>
            <trkpt lat="49.87482" lon="4.94326"/>
            <trkpt lat="49.87474" lon="4.94308"/>
            <trkpt lat="49.87466" lon="4.94294"/>
            <trkpt lat="49.87458" lon="4.94282"/>
            <trkpt lat="49.87448" lon="4.94274"/>
            <trkpt lat="49.87443" lon="4.94272"/>
            <trkpt lat="49.8743" lon="4.94271"/>
            <trkpt lat="49.87416" lon="4.94276"/>
            <trkpt lat="49.87406" lon="4.94283"/>
            <trkpt lat="49.87383" lon="4.94303"/>
            <trkpt lat="49.87313" lon="4.94378"/>
            <trkpt lat="49.87308" lon="4.94385"/>
            <trkpt lat="49.87269" lon="4.94439"/>
            <trkpt lat="49.87238" lon="4.94471"/>
            <trkpt lat="49.87202" lon="4.9449"/>
            <trkpt lat="49.87187" lon="4.94495"/>
            <trkpt lat="49.87165" lon="4.94498"/>
            <trkpt lat="49.8715" lon="4.94499"/>
            <trkpt lat="49.87127" lon="4.94495"/>
            <trkpt lat="49.87109" lon="4.94489"/>
            <trkpt lat="49.87095" lon="4.94481"/>
            <trkpt lat="49.87063" lon="4.9446"/>
            <trkpt lat="49.8705" lon="4.94447"/>
            <trkpt lat="49.8704" lon="4.94434"/>
            <trkpt lat="49.87027" lon="4.94422"/>
            <trkpt lat="49.87017" lon="4.94417"/>
            <trkpt lat="49.87006" lon="4.94389"/>
            <trkpt lat="49.87003" lon="4.94385"/>
            <trkpt lat="49.87003" lon="4.94384"/>
            <trkpt lat="49.86999" lon="4.94381"/>
            <trkpt lat="49.86993" lon="4.94378"/>
            <trkpt lat="49.86985" lon="4.94377"/>
            <trkpt lat="49.86978" lon="4.94378"/>
            <trkpt lat="49.86972" lon="4.94381"/>
            <trkpt lat="49.86968" lon="4.94385"/>
            <trkpt lat="49.86965" lon="4.94387"/>
            <trkpt lat="49.86959" lon="4.94395"/>
            <trkpt lat="49.86952" lon="4.94405"/>
            <trkpt lat="49.86945" lon="4.94417"/>
            <trkpt lat="49.86936" lon="4.94438"/>
            <trkpt lat="49.86934" lon="4.94447"/>
            <trkpt lat="49.86931" lon="4.94455"/>
            <trkpt lat="49.86912" lon="4.94541"/>
            <trkpt lat="49.86894" lon="4.94623"/>
            <trkpt lat="49.86878" lon="4.94671"/>
            <trkpt lat="49.86863" lon="4.94703"/>
            <trkpt lat="49.86851" lon="4.94724"/>
            <trkpt lat="49.86724" lon="4.94909"/>
            <trkpt lat="49.86673" lon="4.94969"/>
            <trkpt lat="49.86653" lon="4.94986"/>
            <trkpt lat="49.86521" lon="4.95067"/>
            <trkpt lat="49.8651" lon="4.95073"/>
            <trkpt lat="49.86467" lon="4.9509"/>
            <trkpt lat="49.8645" lon="4.95094"/>
            <trkpt lat="49.86433" lon="4.95099"/>
            <trkpt lat="49.86398" lon="4.95103"/>
            <trkpt lat="49.86326" lon="4.95103"/>
            <trkpt lat="49.86308" lon="4.95107"/>
            <trkpt lat="49.86301" lon="4.9511"/>
            <trkpt lat="49.86297" lon="4.95114"/>
            <trkpt lat="49.86282" lon="4.95128"/>
            <trkpt lat="49.86263" lon="4.95154"/>
            <trkpt lat="49.86252" lon="4.95166"/>
            <trkpt lat="49.86238" lon="4.9518"/>
            <trkpt lat="49.86174" lon="4.95225"/>
            <trkpt lat="49.86139" lon="4.95251"/>
            <trkpt lat="49.86104" lon="4.95276"/>
            <trkpt lat="49.86088" lon="4.95299"/>
            <trkpt lat="49.86075" lon="4.9533"/>
            <trkpt lat="49.86068" lon="4.95348"/>
            <trkpt lat="49.86063" lon="4.95355"/>
            <trkpt lat="49.86058" lon="4.95362"/>
            <trkpt lat="49.86052" lon="4.95366"/>
            <trkpt lat="49.86044" lon="4.95371"/>
            <trkpt lat="49.86033" lon="4.95375"/>
            <trkpt lat="49.86005" lon="4.9538"/>
            <trkpt lat="49.85959" lon="4.95377"/>
            <trkpt lat="49.85933" lon="4.9537"/>
            <trkpt lat="49.85929" lon="4.95369"/>
            <trkpt lat="49.85911" lon="4.9536"/>
            <trkpt lat="49.85888" lon="4.95347"/>
            <trkpt lat="49.85872" lon="4.95338"/>
            <trkpt lat="49.85834" lon="4.95312"/>
            <trkpt lat="49.85818" lon="4.95304"/>
            <trkpt lat="49.85788" lon="4.95297"/>
            <trkpt lat="49.85771" lon="4.95297"/>
            <trkpt lat="49.8576" lon="4.95302"/>
            <trkpt lat="49.85754" lon="4.95305"/>
            <trkpt lat="49.85745" lon="4.95312"/>
            <trkpt lat="49.85738" lon="4.95322"/>
            <trkpt lat="49.8573" lon="4.95333"/>
            <trkpt lat="49.85727" lon="4.95342"/>
            <trkpt lat="49.85725" lon="4.95353"/>
            <trkpt lat="49.85726" lon="4.95365"/>
            <trkpt lat="49.85735" lon="4.95405"/>
            <trkpt lat="49.85744" lon="4.95429"/>
            <trkpt lat="49.85759" lon="4.95472"/>
            <trkpt lat="49.85761" lon="4.95485"/>
            <trkpt lat="49.85769" lon="4.95552"/>
            <trkpt lat="49.85768" lon="4.95611"/>
            <trkpt lat="49.85764" lon="4.95699"/>
            <trkpt lat="49.85763" lon="4.95732"/>
            <trkpt lat="49.85758" lon="4.95759"/>
            <trkpt lat="49.85757" lon="4.95783"/>
            <trkpt lat="49.85746" lon="4.95844"/>
            <trkpt lat="49.85739" lon="4.95879"/>
            <trkpt lat="49.85721" lon="4.95948"/>
            <trkpt lat="49.85691" lon="4.96041"/>
            <trkpt lat="49.85661" lon="4.96151"/>
            <trkpt lat="49.85647" lon="4.96209"/>
            <trkpt lat="49.85596" lon="4.96403"/>
            <trkpt lat="49.85596" lon="4.96405"/>
            <trkpt lat="49.85573" lon="4.96476"/>
            <trkpt lat="49.85556" lon="4.96519"/>
            <trkpt lat="49.85529" lon="4.96582"/>
            <trkpt lat="49.85508" lon="4.96631"/>
            <trkpt lat="49.85488" lon="4.96672"/>
            <trkpt lat="49.85469" lon="4.96708"/>
            <trkpt lat="49.85459" lon="4.96722"/>
            <trkpt lat="49.85407" lon="4.96786"/>
            <trkpt lat="49.85397" lon="4.96801"/>
            <trkpt lat="49.85369" lon="4.96841"/>
            <trkpt lat="49.85348" lon="4.96867"/>
            <trkpt lat="49.85308" lon="4.96898"/>
            <trkpt lat="49.8529" lon="4.9691"/>
            <trkpt lat="49.85272" lon="4.96919"/>
            <trkpt lat="49.85227" lon="4.96933"/>
            <trkpt lat="49.85175" lon="4.96948"/>
            <trkpt lat="49.85119" lon="4.96961"/>
            <trkpt lat="49.85077" lon="4.96966"/>
            <trkpt lat="49.84996" lon="4.96964"/>
            <trkpt lat="49.84976" lon="4.96961"/>
            <trkpt lat="49.84921" lon="4.96948"/>
            <trkpt lat="49.84901" lon="4.96942"/>
            <trkpt lat="49.84891" lon="4.96938"/>
            <trkpt lat="49.84843" lon="4.96932"/>
            <trkpt lat="49.84759" lon="4.96934"/>
            <trkpt lat="49.84724" lon="4.96935"/>
            <trkpt lat="49.84688" lon="4.96937"/>
            <trkpt lat="49.84679" lon="4.96956"/>
            <trkpt lat="49.84667" lon="4.96978"/>
            <trkpt lat="49.84624" lon="4.97057"/>
            <trkpt lat="49.84621" lon="4.97062"/>
            <trkpt lat="49.84615" lon="4.97074"/>
            <trkpt lat="49.8461" lon="4.97093"/>
            <trkpt lat="49.84609" lon="4.97119"/>
            <trkpt lat="49.84612" lon="4.97135"/>
            <trkpt lat="49.84628" lon="4.97184"/>
            <trkpt lat="49.84633" lon="4.97196"/>
            <trkpt lat="49.84641" lon="4.9722"/>
            <trkpt lat="49.84655" lon="4.97248"/>
            <trkpt lat="49.84659" lon="4.97259"/>
            <trkpt lat="49.84719" lon="4.97392"/>
            <trkpt lat="49.8477" lon="4.97501"/>
            <trkpt lat="49.84783" lon="4.97539"/>
            <trkpt lat="49.84791" lon="4.97565"/>
            <trkpt lat="49.84795" lon="4.97583"/>
            <trkpt lat="49.848" lon="4.97607"/>
            <trkpt lat="49.84807" lon="4.9765"/>
            <trkpt lat="49.84808" lon="4.97672"/>
            <trkpt lat="49.84808" lon="4.97703"/>
            <trkpt lat="49.84804" lon="4.97751"/>
            <trkpt lat="49.84787" lon="4.97844"/>
            <trkpt lat="49.84783" lon="4.9786"/>
            <trkpt lat="49.84773" lon="4.9789"/>
            <trkpt lat="49.84764" lon="4.97908"/>
            <trkpt lat="49.8474" lon="4.97951"/>
            <trkpt lat="49.84706" lon="4.98007"/>
            <trkpt lat="49.84647" lon="4.98072"/>
            <trkpt lat="49.84613" lon="4.98102"/>
            <trkpt lat="49.84602" lon="4.98109"/>
            <trkpt lat="49.8459" lon="4.98115"/>
            <trkpt lat="49.84505" lon="4.98147"/>
            <trkpt lat="49.84417" lon="4.98171"/>
            <trkpt lat="49.84369" lon="4.98189"/>
            <trkpt lat="49.84342" lon="4.98196"/>
            <trkpt lat="49.84317" lon="4.98199"/>
            <trkpt lat="49.84313" lon="4.982"/>
            <trkpt lat="49.84304" lon="4.98202"/>
            <trkpt lat="49.84283" lon="4.98212"/>
            <trkpt lat="49.84236" lon="4.98258"/>
            <trkpt lat="49.8418" lon="4.98316"/>
            <trkpt lat="49.84133" lon="4.98365"/>
            <trkpt lat="49.84083" lon="4.9841"/>
            <trkpt lat="49.84076" lon="4.98417"/>
            <trkpt lat="49.84064" lon="4.98434"/>
            <trkpt lat="49.8406" lon="4.98445"/>
            <trkpt lat="49.84057" lon="4.9846"/>
            <trkpt lat="49.84056" lon="4.98469"/>
            <trkpt lat="49.84057" lon="4.98485"/>
            <trkpt lat="49.84061" lon="4.985"/>
            <trkpt lat="49.84066" lon="4.98513"/>
            <trkpt lat="49.84102" lon="4.98576"/>
            <trkpt lat="49.84113" lon="4.98599"/>
            <trkpt lat="49.84134" lon="4.98656"/>
            <trkpt lat="49.84141" lon="4.98681"/>
            <trkpt lat="49.84149" lon="4.98728"/>
            <trkpt lat="49.84151" lon="4.98746"/>
            <trkpt lat="49.84152" lon="4.98779"/>
            <trkpt lat="49.84152" lon="4.98789"/>
            <trkpt lat="49.84152" lon="4.9882"/>
            <trkpt lat="49.8415" lon="4.98847"/>
            <trkpt lat="49.84142" lon="4.98909"/>
            <trkpt lat="49.84127" lon="4.98983"/>
            <trkpt lat="49.84117" lon="4.99018"/>
            <trkpt lat="49.84096" lon="4.99085"/>
            <trkpt lat="49.84059" lon="4.99172"/>
            <trkpt lat="49.84059" lon="4.99173"/>
            <trkpt lat="49.84055" lon="4.99185"/>
            <trkpt lat="49.84053" lon="4.99198"/>
            <trkpt lat="49.84054" lon="4.99213"/>
            <trkpt lat="49.84059" lon="4.99236"/>
            <trkpt lat="49.84078" lon="4.99298"/>
            <trkpt lat="49.84101" lon="4.99372"/>
            <trkpt lat="49.84125" lon="4.99461"/>
            <trkpt lat="49.84132" lon="4.99496"/>
            <trkpt lat="49.8414" lon="4.99522"/>
            <trkpt lat="49.84181" lon="4.99634"/>
            <trkpt lat="49.84186" lon="4.99645"/>
            <trkpt lat="49.84197" lon="4.99658"/>
            <trkpt lat="49.84227" lon="4.99684"/>
            <trkpt lat="49.84271" lon="4.99716"/>
            <trkpt lat="49.8428" lon="4.99722"/>
            <trkpt lat="49.84284" lon="4.99723"/>
            <trkpt lat="49.84292" lon="4.99725"/>
            <trkpt lat="49.84355" lon="4.9972"/>
            <trkpt lat="49.84373" lon="4.99719"/>
            <trkpt lat="49.84407" lon="4.99723"/>
            <trkpt lat="49.84418" lon="4.99727"/>
            <trkpt lat="49.84425" lon="4.99734"/>
            <trkpt lat="49.84432" lon="4.99745"/>
            <trkpt lat="49.84437" lon="4.9976"/>
            <trkpt lat="49.84439" lon="4.99771"/>
            <trkpt lat="49.8444" lon="4.99792"/>
            <trkpt lat="49.8444" lon="4.99814"/>
            <trkpt lat="49.84436" lon="4.99845"/>
            <trkpt lat="49.84431" lon="4.99866"/>
            <trkpt lat="49.84422" lon="4.99884"/>
            <trkpt lat="49.84403" lon="4.99904"/>
            <trkpt lat="49.84385" lon="4.99921"/>
            <trkpt lat="49.84377" lon="4.99932"/>
            <trkpt lat="49.84371" lon="4.99946"/>
            <trkpt lat="49.84364" lon="4.99969"/>
            <trkpt lat="49.84354" lon="5.00016"/>
            <trkpt lat="49.8435" lon="5.00048"/>
            <trkpt lat="49.8435" lon="5.00077"/>
            <trkpt lat="49.84351" lon="5.00109"/>
            <trkpt lat="49.84359" lon="5.00188"/>
            <trkpt lat="49.84368" lon="5.0026"/>
            <trkpt lat="49.84369" lon="5.0032"/>
            <trkpt lat="49.84367" lon="5.00346"/>
            <trkpt lat="49.84363" lon="5.0037"/>
            <trkpt lat="49.84355" lon="5.00394"/>
            <trkpt lat="49.84351" lon="5.00405"/>
            <trkpt lat="49.84342" lon="5.00417"/>
            <trkpt lat="49.84332" lon="5.00427"/>
            <trkpt lat="49.84323" lon="5.00432"/>
            <trkpt lat="49.84303" lon="5.00436"/>
            <trkpt lat="49.84289" lon="5.00434"/>
            <trkpt lat="49.84278" lon="5.00429"/>
            <trkpt lat="49.8427" lon="5.00419"/>
            <trkpt lat="49.84259" lon="5.00396"/>
            <trkpt lat="49.8425" lon="5.00372"/>
            <trkpt lat="49.84238" lon="5.00328"/>
            <trkpt lat="49.84221" lon="5.00238"/>
            <trkpt lat="49.84198" lon="5.00131"/>
            <trkpt lat="49.84195" lon="5.0012"/>
            <trkpt lat="49.84179" lon="5.00086"/>
            <trkpt lat="49.84159" lon="5.00061"/>
            <trkpt lat="49.84133" lon="5.00041"/>
            <trkpt lat="49.84099" lon="5.00019"/>
            <trkpt lat="49.84075" lon="5.00009"/>
            <trkpt lat="49.84067" lon="5.00004"/>
            <trkpt lat="49.84053" lon="4.99999"/>
            <trkpt lat="49.84031" lon="4.99997"/>
            <trkpt lat="49.84024" lon="4.99999"/>
            <trkpt lat="49.84016" lon="5.00003"/>
            <trkpt lat="49.84006" lon="5.00011"/>
            <trkpt lat="49.83995" lon="5.00023"/>
            <trkpt lat="49.83983" lon="5.00043"/>
            <trkpt lat="49.8398" lon="5.00052"/>
            <trkpt lat="49.83976" lon="5.00063"/>
            <trkpt lat="49.83973" lon="5.00077"/>
            <trkpt lat="49.83971" lon="5.00088"/>
            <trkpt lat="49.83967" lon="5.00149"/>
            <trkpt lat="49.83963" lon="5.00294"/>
            <trkpt lat="49.83965" lon="5.00317"/>
            <trkpt lat="49.83967" lon="5.00329"/>
            <trkpt lat="49.83969" lon="5.00338"/>
            <trkpt lat="49.83981" lon="5.00388"/>
            <trkpt lat="49.83991" lon="5.00431"/>
            <trkpt lat="49.83996" lon="5.00443"/>
            <trkpt lat="49.84004" lon="5.00458"/>
            <trkpt lat="49.84014" lon="5.00471"/>
            <trkpt lat="49.84021" lon="5.00483"/>
            <trkpt lat="49.84024" lon="5.00489"/>
            <trkpt lat="49.84028" lon="5.00497"/>
            <trkpt lat="49.84029" lon="5.00504"/>
            <trkpt lat="49.84035" lon="5.00534"/>
            <trkpt lat="49.84031" lon="5.00536"/>
            <trkpt lat="49.84028" lon="5.0054"/>
            <trkpt lat="49.84019" lon="5.0056"/>
            <trkpt lat="49.84" lon="5.00632"/>
            <trkpt lat="49.83998" lon="5.00639"/>
            <trkpt lat="49.83993" lon="5.00646"/>
            <trkpt lat="49.83977" lon="5.00717"/>
            <trkpt lat="49.83978" lon="5.00727"/>
            <trkpt lat="49.83977" lon="5.00734"/>
            <trkpt lat="49.83916" lon="5.00712"/>
            <trkpt lat="49.83899" lon="5.0071"/>
            <trkpt lat="49.8389" lon="5.00711"/>
            <trkpt lat="49.83883" lon="5.00713"/>
            <trkpt lat="49.83875" lon="5.00716"/>
            <trkpt lat="49.83842" lon="5.00727"/>
            <trkpt lat="49.83809" lon="5.00739"/>
            <trkpt lat="49.83795" lon="5.00741"/>
            <trkpt lat="49.83749" lon="5.00729"/>
            <trkpt lat="49.83728" lon="5.00726"/>
            <trkpt lat="49.83704" lon="5.00727"/>
            <trkpt lat="49.83695" lon="5.00729"/>
            <trkpt lat="49.83676" lon="5.00741"/>
            <trkpt lat="49.83665" lon="5.00751"/>
            <trkpt lat="49.83656" lon="5.00763"/>
            <trkpt lat="49.83646" lon="5.0078"/>
            <trkpt lat="49.83555" lon="5.00977"/>
            <trkpt lat="49.83553" lon="5.00981"/>
            <trkpt lat="49.83528" lon="5.0101"/>
            <trkpt lat="49.83514" lon="5.0102"/>
            <trkpt lat="49.83503" lon="5.01024"/>
            <trkpt lat="49.83487" lon="5.01026"/>
            <trkpt lat="49.83474" lon="5.01025"/>
            <trkpt lat="49.83424" lon="5.01007"/>
            <trkpt lat="49.83398" lon="5.01004"/>
            <trkpt lat="49.83397" lon="5.01004"/>
            <trkpt lat="49.83382" lon="5.00994"/>
            <trkpt lat="49.83367" lon="5.00977"/>
            <trkpt lat="49.83359" lon="5.00968"/>
            <trkpt lat="49.83352" lon="5.00964"/>
            <trkpt lat="49.83347" lon="5.00963"/>
            <trkpt lat="49.83337" lon="5.00963"/>
            <trkpt lat="49.83325" lon="5.00967"/>
            <trkpt lat="49.83316" lon="5.00973"/>
            <trkpt lat="49.83313" lon="5.00977"/>
            <trkpt lat="49.83309" lon="5.00981"/>
            <trkpt lat="49.833" lon="5.00993"/>
            <trkpt lat="49.83283" lon="5.01025"/>
            <trkpt lat="49.83232" lon="5.0112"/>
            <trkpt lat="49.83215" lon="5.01147"/>
            <trkpt lat="49.83208" lon="5.01155"/>
            <trkpt lat="49.83202" lon="5.0116"/>
            <trkpt lat="49.83194" lon="5.01164"/>
            <trkpt lat="49.83173" lon="5.01164"/>
            <trkpt lat="49.83158" lon="5.01158"/>
            <trkpt lat="49.82923" lon="5.00977"/>
            <trkpt lat="49.82892" lon="5.00952"/>
            <trkpt lat="49.82877" lon="5.00936"/>
            <trkpt lat="49.82865" lon="5.00916"/>
            <trkpt lat="49.8284" lon="5.00858"/>
            <trkpt lat="49.82829" lon="5.00834"/>
            <trkpt lat="49.82786" lon="5.00753"/>
            <trkpt lat="49.82753" lon="5.00704"/>
            <trkpt lat="49.82733" lon="5.00678"/>
            <trkpt lat="49.82718" lon="5.00666"/>
            <trkpt lat="49.82709" lon="5.0066"/>
            <trkpt lat="49.82687" lon="5.00651"/>
            <trkpt lat="49.82677" lon="5.0065"/>
            <trkpt lat="49.82664" lon="5.00653"/>
            <trkpt lat="49.82654" lon="5.0066"/>
            <trkpt lat="49.82643" lon="5.00674"/>
            <trkpt lat="49.82586" lon="5.00748"/>
            <trkpt lat="49.82578" lon="5.00757"/>
            <trkpt lat="49.82572" lon="5.00761"/>
            <trkpt lat="49.82566" lon="5.00762"/>
            <trkpt lat="49.82559" lon="5.0076"/>
            <trkpt lat="49.82551" lon="5.00754"/>
            <trkpt lat="49.82549" lon="5.00751"/>
            <trkpt lat="49.82545" lon="5.00742"/>
            <trkpt lat="49.82508" lon="5.00602"/>
            <trkpt lat="49.82494" lon="5.0054"/>
            <trkpt lat="49.82491" lon="5.00531"/>
            <trkpt lat="49.82486" lon="5.00522"/>
            <trkpt lat="49.82479" lon="5.00518"/>
            <trkpt lat="49.82473" lon="5.0052"/>
            <trkpt lat="49.82466" lon="5.00525"/>
            <trkpt lat="49.82458" lon="5.00536"/>
            <trkpt lat="49.8245" lon="5.00551"/>
            <trkpt lat="49.82387" lon="5.00699"/>
            <trkpt lat="49.82375" lon="5.00719"/>
            <trkpt lat="49.82369" lon="5.00724"/>
            <trkpt lat="49.82365" lon="5.00726"/>
            <trkpt lat="49.82359" lon="5.00725"/>
            <trkpt lat="49.82355" lon="5.00721"/>
            <trkpt lat="49.82351" lon="5.00715"/>
            <trkpt lat="49.82289" lon="5.0055"/>
            <trkpt lat="49.8228" lon="5.00525"/>
            <trkpt lat="49.82276" lon="5.00506"/>
            <trkpt lat="49.82274" lon="5.00489"/>
            <trkpt lat="49.82274" lon="5.00363"/>
            <trkpt lat="49.82272" lon="5.00303"/>
            <trkpt lat="49.82267" lon="5.00252"/>
            <trkpt lat="49.8226" lon="5.00223"/>
            <trkpt lat="49.82256" lon="5.00213"/>
            <trkpt lat="49.82248" lon="5.00196"/>
            <trkpt lat="49.82206" lon="5.00139"/>
            <trkpt lat="49.82128" lon="5.00039"/>
            <trkpt lat="49.82123" lon="5.00035"/>
            <trkpt lat="49.82074" lon="4.99999"/>
            <trkpt lat="49.82051" lon="4.99974"/>
            <trkpt lat="49.82035" lon="4.99954"/>
            <trkpt lat="49.81955" lon="4.99837"/>
            <trkpt lat="49.81947" lon="4.99827"/>
            <trkpt lat="49.81935" lon="4.99818"/>
            <trkpt lat="49.81919" lon="4.9981"/>
            <trkpt lat="49.81884" lon="4.99803"/>
            <trkpt lat="49.81871" lon="4.99804"/>
            <trkpt lat="49.81863" lon="4.99807"/>
            <trkpt lat="49.81856" lon="4.99812"/>
            <trkpt lat="49.81849" lon="4.99819"/>
            <trkpt lat="49.81814" lon="4.99895"/>
            <trkpt lat="49.8181" lon="4.99906"/>
            <trkpt lat="49.81806" lon="4.99914"/>
            <trkpt lat="49.81802" lon="4.99922"/>
            <trkpt lat="49.81797" lon="4.99926"/>
            <trkpt lat="49.81792" lon="4.99927"/>
            <trkpt lat="49.81789" lon="4.99927"/>
            <trkpt lat="49.81784" lon="4.99926"/>
            <trkpt lat="49.81774" lon="4.99918"/>
            <trkpt lat="49.81766" lon="4.99902"/>
            <trkpt lat="49.81745" lon="4.99835"/>
            <trkpt lat="49.81724" lon="4.99737"/>
            <trkpt lat="49.81711" lon="4.99661"/>
            <trkpt lat="49.81709" lon="4.99651"/>
            <trkpt lat="49.81697" lon="4.99625"/>
            <trkpt lat="49.8169" lon="4.99615"/>
            <trkpt lat="49.81681" lon="4.99605"/>
            <trkpt lat="49.81664" lon="4.99593"/>
            <trkpt lat="49.81642" lon="4.99579"/>
            <trkpt lat="49.8163" lon="4.99576"/>
            <trkpt lat="49.81611" lon="4.99573"/>
            <trkpt lat="49.81597" lon="4.99575"/>
            <trkpt lat="49.81583" lon="4.99578"/>
            <trkpt lat="49.81567" lon="4.99586"/>
            <trkpt lat="49.81544" lon="4.99605"/>
            <trkpt lat="49.81529" lon="4.99621"/>
            <trkpt lat="49.81463" lon="4.99703"/>
            <trkpt lat="49.81364" lon="4.99813"/>
            <trkpt lat="49.81336" lon="4.9985"/>
            <trkpt lat="49.81324" lon="4.99863"/>
            <trkpt lat="49.81288" lon="4.9991"/>
            <trkpt lat="49.81274" lon="4.99933"/>
            <trkpt lat="49.81241" lon="4.99993"/>
            <trkpt lat="49.81227" lon="5.00031"/>
            <trkpt lat="49.81226" lon="5.00038"/>
            <trkpt lat="49.81224" lon="5.00053"/>
            <trkpt lat="49.81224" lon="5.00083"/>
            <trkpt lat="49.81225" lon="5.00103"/>
            <trkpt lat="49.81223" lon="5.00133"/>
            <trkpt lat="49.81223" lon="5.0014"/>
            <trkpt lat="49.81222" lon="5.00146"/>
            <trkpt lat="49.81219" lon="5.00156"/>
            <trkpt lat="49.81213" lon="5.00174"/>
            <trkpt lat="49.81204" lon="5.0019"/>
            <trkpt lat="49.81201" lon="5.00196"/>
            <trkpt lat="49.81155" lon="5.00271"/>
            <trkpt lat="49.81138" lon="5.00305"/>
            <trkpt lat="49.81133" lon="5.00314"/>
            <trkpt lat="49.81118" lon="5.00343"/>
            <trkpt lat="49.81099" lon="5.00425"/>
            <trkpt lat="49.81096" lon="5.00445"/>
            <trkpt lat="49.81092" lon="5.00468"/>
            <trkpt lat="49.81089" lon="5.00491"/>
            <trkpt lat="49.81083" lon="5.0051"/>
            <trkpt lat="49.81078" lon="5.0052"/>
            <trkpt lat="49.81074" lon="5.00524"/>
            <trkpt lat="49.8107" lon="5.00526"/>
            <trkpt lat="49.81067" lon="5.00528"/>
            <trkpt lat="49.8098" lon="5.00546"/>
            <trkpt lat="49.80965" lon="5.00548"/>
            <trkpt lat="49.8096" lon="5.00549"/>
            <trkpt lat="49.80889" lon="5.00568"/>
            <trkpt lat="49.80885" lon="5.00569"/>
            <trkpt lat="49.80868" lon="5.00572"/>
            <trkpt lat="49.80829" lon="5.0058"/>
            <trkpt lat="49.80818" lon="5.00582"/>
            <trkpt lat="49.80806" lon="5.00585"/>
            <trkpt lat="49.80791" lon="5.00587"/>
            <trkpt lat="49.80785" lon="5.00584"/>
            <trkpt lat="49.8078" lon="5.0058"/>
            <trkpt lat="49.8077" lon="5.00563"/>
            <trkpt lat="49.80766" lon="5.00537"/>
            <trkpt lat="49.80766" lon="5.00536"/>
            <trkpt lat="49.80771" lon="5.0022"/>
            <trkpt lat="49.80775" lon="5.00194"/>
            <trkpt lat="49.80781" lon="5.00157"/>
            <trkpt lat="49.80789" lon="5.00129"/>
            <trkpt lat="49.80799" lon="5.00097"/>
            <trkpt lat="49.80812" lon="5.00065"/>
            <trkpt lat="49.80843" lon="4.9999"/>
            <trkpt lat="49.80918" lon="4.99831"/>
            <trkpt lat="49.80953" lon="4.99764"/>
            <trkpt lat="49.80986" lon="4.99704"/>
            <trkpt lat="49.81044" lon="4.99583"/>
            <trkpt lat="49.81118" lon="4.99447"/>
            <trkpt lat="49.81158" lon="4.99379"/>
            <trkpt lat="49.81178" lon="4.99338"/>
            <trkpt lat="49.81194" lon="4.9931"/>
            <trkpt lat="49.81201" lon="4.993"/>
            <trkpt lat="49.81207" lon="4.99292"/>
            <trkpt lat="49.81253" lon="4.99234"/>
            <trkpt lat="49.81278" lon="4.99211"/>
            <trkpt lat="49.81304" lon="4.99192"/>
            <trkpt lat="49.81309" lon="4.99189"/>
            <trkpt lat="49.8132" lon="4.99183"/>
            <trkpt lat="49.81325" lon="4.99179"/>
            <trkpt lat="49.81328" lon="4.99175"/>
            <trkpt lat="49.81329" lon="4.99172"/>
            <trkpt lat="49.81329" lon="4.99168"/>
            <trkpt lat="49.81328" lon="4.99162"/>
            <trkpt lat="49.81326" lon="4.99159"/>
            <trkpt lat="49.81323" lon="4.99155"/>
            <trkpt lat="49.81312" lon="4.99148"/>
            <trkpt lat="49.81308" lon="4.99146"/>
            <trkpt lat="49.81265" lon="4.99129"/>
            <trkpt lat="49.8125" lon="4.99124"/>
            <trkpt lat="49.81239" lon="4.99124"/>
            <trkpt lat="49.81216" lon="4.99129"/>
            <trkpt lat="49.81205" lon="4.99135"/>
            <trkpt lat="49.81201" lon="4.99139"/>
            <trkpt lat="49.81133" lon="4.99201"/>
            <trkpt lat="49.81115" lon="4.99214"/>
            <trkpt lat="49.81102" lon="4.99219"/>
            <trkpt lat="49.81061" lon="4.99223"/>
            <trkpt lat="49.81045" lon="4.99228"/>
            <trkpt lat="49.8089" lon="4.9932"/>
            <trkpt lat="49.80861" lon="4.99341"/>
            <trkpt lat="49.80851" lon="4.99351"/>
            <trkpt lat="49.80809" lon="4.99404"/>
            <trkpt lat="49.80791" lon="4.99431"/>
            <trkpt lat="49.80778" lon="4.99454"/>
            <trkpt lat="49.80719" lon="4.99602"/>
            <trkpt lat="49.80692" lon="4.99672"/>
            <trkpt lat="49.80663" lon="4.99723"/>
            <trkpt lat="49.80647" lon="4.99748"/>
            <trkpt lat="49.8063" lon="4.9977"/>
            <trkpt lat="49.80603" lon="4.99798"/>
            <trkpt lat="49.80578" lon="4.99815"/>
            <trkpt lat="49.80563" lon="4.99821"/>
            <trkpt lat="49.80539" lon="4.99828"/>
            <trkpt lat="49.80512" lon="4.99832"/>
            <trkpt lat="49.80476" lon="4.99835"/>
            <trkpt lat="49.8042" lon="4.99825"/>
            <trkpt lat="49.80399" lon="4.99815"/>
            <trkpt lat="49.8038" lon="4.99804"/>
            <trkpt lat="49.80177" lon="4.99664"/>
            <trkpt lat="49.80166" lon="4.99658"/>
            <trkpt lat="49.8016" lon="4.99656"/>
            <trkpt lat="49.80151" lon="4.99659"/>
            <trkpt lat="49.80146" lon="4.99664"/>
            <trkpt lat="49.80141" lon="4.9967"/>
            <trkpt lat="49.80137" lon="4.99679"/>
            <trkpt lat="49.80133" lon="4.99691"/>
            <trkpt lat="49.80098" lon="4.99799"/>
            <trkpt lat="49.80056" lon="4.99904"/>
            <trkpt lat="49.80045" lon="4.99922"/>
            <trkpt lat="49.80037" lon="4.99941"/>
            <trkpt lat="49.80025" lon="4.99981"/>
            <trkpt lat="49.80021" lon="4.99999"/>
            <trkpt lat="49.79997" lon="5.00196"/>
            <trkpt lat="49.79995" lon="5.00239"/>
            <trkpt lat="49.79996" lon="5.00294"/>
            <trkpt lat="49.80004" lon="5.00356"/>
            <trkpt lat="49.80018" lon="5.00426"/>
            <trkpt lat="49.80022" lon="5.00447"/>
            <trkpt lat="49.80036" lon="5.00507"/>
            <trkpt lat="49.80044" lon="5.00553"/>
            <trkpt lat="49.80046" lon="5.00593"/>
            <trkpt lat="49.80047" lon="5.00612"/>
            <trkpt lat="49.80045" lon="5.00643"/>
            <trkpt lat="49.80045" lon="5.00645"/>
            <trkpt lat="49.80043" lon="5.00655"/>
            <trkpt lat="49.80039" lon="5.00665"/>
            <trkpt lat="49.80015" lon="5.0071"/>
            <trkpt lat="49.80003" lon="5.00728"/>
            <trkpt lat="49.79988" lon="5.00746"/>
            <trkpt lat="49.79969" lon="5.00766"/>
            <trkpt lat="49.79957" lon="5.00778"/>
            <trkpt lat="49.79891" lon="5.00841"/>
            <trkpt lat="49.79859" lon="5.00867"/>
            <trkpt lat="49.79849" lon="5.00873"/>
            <trkpt lat="49.79836" lon="5.00876"/>
            <trkpt lat="49.79829" lon="5.00878"/>
            <trkpt lat="49.79823" lon="5.00876"/>
            <trkpt lat="49.79815" lon="5.0087"/>
            <trkpt lat="49.79797" lon="5.00847"/>
            <trkpt lat="49.79794" lon="5.00843"/>
            <trkpt lat="49.79791" lon="5.00836"/>
            <trkpt lat="49.79791" lon="5.00826"/>
            <trkpt lat="49.79796" lon="5.00774"/>
            <trkpt lat="49.798" lon="5.00739"/>
            <trkpt lat="49.79801" lon="5.00721"/>
            <trkpt lat="49.79802" lon="5.00714"/>
            <trkpt lat="49.798" lon="5.00696"/>
            <trkpt lat="49.79794" lon="5.00665"/>
            <trkpt lat="49.7979" lon="5.00655"/>
            <trkpt lat="49.79785" lon="5.00647"/>
            <trkpt lat="49.79781" lon="5.00642"/>
            <trkpt lat="49.79774" lon="5.00642"/>
            <trkpt lat="49.79768" lon="5.00644"/>
            <trkpt lat="49.79762" lon="5.00651"/>
            <trkpt lat="49.7976" lon="5.00655"/>
            <trkpt lat="49.79753" lon="5.00671"/>
            <trkpt lat="49.79746" lon="5.00688"/>
            <trkpt lat="49.79725" lon="5.00738"/>
            <trkpt lat="49.79721" lon="5.00748"/>
            <trkpt lat="49.79709" lon="5.00779"/>
            <trkpt lat="49.79699" lon="5.00805"/>
            <trkpt lat="49.79696" lon="5.00817"/>
            <trkpt lat="49.79659" lon="5.0095"/>
            <trkpt lat="49.79652" lon="5.00977"/>
            <trkpt lat="49.79651" lon="5.00983"/>
            <trkpt lat="49.79635" lon="5.01062"/>
            <trkpt lat="49.79632" lon="5.0108"/>
            <trkpt lat="49.79625" lon="5.01118"/>
            <trkpt lat="49.79619" lon="5.01151"/>
            <trkpt lat="49.79604" lon="5.01237"/>
            <trkpt lat="49.79596" lon="5.01267"/>
            <trkpt lat="49.79594" lon="5.01275"/>
            <trkpt lat="49.79584" lon="5.01303"/>
            <trkpt lat="49.79578" lon="5.01315"/>
            <trkpt lat="49.79571" lon="5.01324"/>
            <trkpt lat="49.79563" lon="5.01332"/>
            <trkpt lat="49.79391" lon="5.01382"/>
            <trkpt lat="49.79378" lon="5.01387"/>
            <trkpt lat="49.79368" lon="5.01394"/>
            <trkpt lat="49.79359" lon="5.01407"/>
            <trkpt lat="49.79348" lon="5.01426"/>
            <trkpt lat="49.79333" lon="5.01452"/>
            <trkpt lat="49.7931" lon="5.01494"/>
            <trkpt lat="49.79296" lon="5.01518"/>
            <trkpt lat="49.79282" lon="5.01539"/>
            <trkpt lat="49.79249" lon="5.01571"/>
            <trkpt lat="49.79225" lon="5.01589"/>
            <trkpt lat="49.79196" lon="5.01602"/>
            <trkpt lat="49.79128" lon="5.01617"/>
            <trkpt lat="49.79033" lon="5.01624"/>
            <trkpt lat="49.79004" lon="5.01628"/>
            <trkpt lat="49.78996" lon="5.01629"/>
            <trkpt lat="49.78978" lon="5.01634"/>
            <trkpt lat="49.78945" lon="5.0165"/>
            <trkpt lat="49.78937" lon="5.01657"/>
            <trkpt lat="49.78927" lon="5.01668"/>
            <trkpt lat="49.78915" lon="5.01689"/>
            <trkpt lat="49.78906" lon="5.01709"/>
            <trkpt lat="49.78899" lon="5.01732"/>
            <trkpt lat="49.78894" lon="5.01755"/>
            <trkpt lat="49.78891" lon="5.01787"/>
            <trkpt lat="49.78891" lon="5.01806"/>
            <trkpt lat="49.78893" lon="5.01858"/>
            <trkpt lat="49.78905" lon="5.01936"/>
            <trkpt lat="49.78909" lon="5.01957"/>
            <trkpt lat="49.78915" lon="5.01978"/>
            <trkpt lat="49.78923" lon="5.01994"/>
            <trkpt lat="49.78934" lon="5.02011"/>
            <trkpt lat="49.78952" lon="5.02032"/>
            <trkpt lat="49.78974" lon="5.02055"/>
            <trkpt lat="49.78995" lon="5.02081"/>
            <trkpt lat="49.79002" lon="5.02092"/>
            <trkpt lat="49.79004" lon="5.02095"/>
            <trkpt lat="49.79015" lon="5.02114"/>
            <trkpt lat="49.79025" lon="5.02139"/>
            <trkpt lat="49.79049" lon="5.02207"/>
            <trkpt lat="49.79058" lon="5.02241"/>
            <trkpt lat="49.79073" lon="5.02296"/>
            <trkpt lat="49.79079" lon="5.02322"/>
            <trkpt lat="49.79083" lon="5.02351"/>
            <trkpt lat="49.79085" lon="5.0238"/>
            <trkpt lat="49.79085" lon="5.02455"/>
            <trkpt lat="49.79084" lon="5.02486"/>
            <trkpt lat="49.79074" lon="5.0253"/>
            <trkpt lat="49.79065" lon="5.02555"/>
            <trkpt lat="49.79028" lon="5.02629"/>
            <trkpt lat="49.79022" lon="5.02639"/>
            <trkpt lat="49.79011" lon="5.02667"/>
            <trkpt lat="49.79004" lon="5.02693"/>
            <trkpt lat="49.79004" lon="5.02693"/>
            <trkpt lat="49.78994" lon="5.02764"/>
            <trkpt lat="49.78986" lon="5.02808"/>
            <trkpt lat="49.78978" lon="5.02843"/>
            <trkpt lat="49.7897" lon="5.02868"/>
            <trkpt lat="49.78956" lon="5.02897"/>
            <trkpt lat="49.78948" lon="5.02908"/>
            <trkpt lat="49.7894" lon="5.02915"/>
            <trkpt lat="49.7893" lon="5.02918"/>
            <trkpt lat="49.78913" lon="5.02919"/>
            <trkpt lat="49.78902" lon="5.02916"/>
            <trkpt lat="49.78888" lon="5.02903"/>
            <trkpt lat="49.78856" lon="5.02878"/>
            <trkpt lat="49.78835" lon="5.02868"/>
            <trkpt lat="49.78819" lon="5.02868"/>
            <trkpt lat="49.78807" lon="5.02877"/>
            <trkpt lat="49.78797" lon="5.02888"/>
            <trkpt lat="49.78786" lon="5.02904"/>
            <trkpt lat="49.78777" lon="5.02925"/>
            <trkpt lat="49.7877" lon="5.02948"/>
            <trkpt lat="49.78762" lon="5.02982"/>
            <trkpt lat="49.78753" lon="5.03029"/>
            <trkpt lat="49.78747" lon="5.03075"/>
            <trkpt lat="49.78744" lon="5.03124"/>
            <trkpt lat="49.78746" lon="5.03148"/>
            <trkpt lat="49.78749" lon="5.03174"/>
            <trkpt lat="49.7875" lon="5.03184"/>
            <trkpt lat="49.78765" lon="5.03264"/>
            <trkpt lat="49.78793" lon="5.03355"/>
            <trkpt lat="49.78799" lon="5.03378"/>
            <trkpt lat="49.78802" lon="5.03419"/>
            <trkpt lat="49.78801" lon="5.03441"/>
            <trkpt lat="49.78789" lon="5.03634"/>
            <trkpt lat="49.78782" lon="5.03663"/>
            <trkpt lat="49.78777" lon="5.03674"/>
            <trkpt lat="49.78769" lon="5.03685"/>
            <trkpt lat="49.78745" lon="5.03712"/>
            <trkpt lat="49.78714" lon="5.03752"/>
            <trkpt lat="49.78708" lon="5.03765"/>
            <trkpt lat="49.787" lon="5.0379"/>
            <trkpt lat="49.78679" lon="5.03914"/>
            <trkpt lat="49.78677" lon="5.03935"/>
            <trkpt lat="49.78678" lon="5.03951"/>
            <trkpt lat="49.78684" lon="5.03986"/>
            <trkpt lat="49.78714" lon="5.04109"/>
            <trkpt lat="49.78717" lon="5.04135"/>
            <trkpt lat="49.78717" lon="5.04167"/>
            <trkpt lat="49.78715" lon="5.0418"/>
            <trkpt lat="49.78712" lon="5.04193"/>
            <trkpt lat="49.78709" lon="5.04202"/>
            <trkpt lat="49.78698" lon="5.04217"/>
            <trkpt lat="49.78687" lon="5.04226"/>
            <trkpt lat="49.78657" lon="5.04244"/>
            <trkpt lat="49.7863" lon="5.04256"/>
            <trkpt lat="49.78604" lon="5.04261"/>
            <trkpt lat="49.78476" lon="5.04267"/>
            <trkpt lat="49.78426" lon="5.04258"/>
            <trkpt lat="49.78373" lon="5.04246"/>
            <trkpt lat="49.78351" lon="5.04245"/>
            <trkpt lat="49.78338" lon="5.04248"/>
            <trkpt lat="49.78307" lon="5.04261"/>
            <trkpt lat="49.78289" lon="5.04262"/>
            <trkpt lat="49.78278" lon="5.04258"/>
            <trkpt lat="49.78268" lon="5.04251"/>
            <trkpt lat="49.78248" lon="5.04235"/>
            <trkpt lat="49.7822" lon="5.04205"/>
            <trkpt lat="49.7821" lon="5.04202"/>
            <trkpt lat="49.78194" lon="5.042"/>
            <trkpt lat="49.7818" lon="5.04202"/>
            <trkpt lat="49.7817" lon="5.04205"/>
            <trkpt lat="49.78157" lon="5.04219"/>
            <trkpt lat="49.7815" lon="5.04233"/>
            <trkpt lat="49.78145" lon="5.04244"/>
            <trkpt lat="49.78143" lon="5.04256"/>
            <trkpt lat="49.78143" lon="5.04271"/>
            <trkpt lat="49.78145" lon="5.04286"/>
            <trkpt lat="49.78147" lon="5.04299"/>
            <trkpt lat="49.7817" lon="5.04353"/>
            <trkpt lat="49.78227" lon="5.04458"/>
            <trkpt lat="49.78236" lon="5.04471"/>
            <trkpt lat="49.78251" lon="5.04484"/>
            <trkpt lat="49.78267" lon="5.04494"/>
            <trkpt lat="49.78281" lon="5.045"/>
            <trkpt lat="49.78309" lon="5.04508"/>
            <trkpt lat="49.78336" lon="5.04507"/>
            <trkpt lat="49.78385" lon="5.04497"/>
            <trkpt lat="49.78403" lon="5.04496"/>
            <trkpt lat="49.78417" lon="5.04497"/>
            <trkpt lat="49.78462" lon="5.04511"/>
            <trkpt lat="49.78487" lon="5.04526"/>
            <trkpt lat="49.7852" lon="5.0455"/>
            <trkpt lat="49.78593" lon="5.04605"/>
            <trkpt lat="49.78693" lon="5.04679"/>
            <trkpt lat="49.78716" lon="5.04688"/>
            <trkpt lat="49.78738" lon="5.04694"/>
            <trkpt lat="49.78779" lon="5.047"/>
            <trkpt lat="49.78789" lon="5.04703"/>
            <trkpt lat="49.78811" lon="5.04714"/>
            <trkpt lat="49.78837" lon="5.04721"/>
            <trkpt lat="49.78845" lon="5.0472"/>
            <trkpt lat="49.7885" lon="5.04716"/>
            <trkpt lat="49.78857" lon="5.0471"/>
            <trkpt lat="49.78864" lon="5.04699"/>
            <trkpt lat="49.78915" lon="5.0464"/>
            <trkpt lat="49.78927" lon="5.04633"/>
            <trkpt lat="49.78938" lon="5.0463"/>
            <trkpt lat="49.7896" lon="5.04629"/>
            <trkpt lat="49.78967" lon="5.04632"/>
            <trkpt lat="49.78977" lon="5.04638"/>
            <trkpt lat="49.78983" lon="5.04647"/>
            <trkpt lat="49.78988" lon="5.04657"/>
            <trkpt lat="49.78995" lon="5.04677"/>
            <trkpt lat="49.78998" lon="5.04688"/>
            <trkpt lat="49.79001" lon="5.04721"/>
            <trkpt lat="49.79004" lon="5.04782"/>
            <trkpt lat="49.79007" lon="5.04868"/>
            <trkpt lat="49.79008" lon="5.04916"/>
            <trkpt lat="49.79008" lon="5.04921"/>
            <trkpt lat="49.79007" lon="5.04933"/>
            <trkpt lat="49.79006" lon="5.0494"/>
            <trkpt lat="49.79004" lon="5.0495"/>
            <trkpt lat="49.79003" lon="5.04956"/>
            <trkpt lat="49.78997" lon="5.04976"/>
            <trkpt lat="49.78992" lon="5.04988"/>
            <trkpt lat="49.78982" lon="5.05008"/>
            <trkpt lat="49.78975" lon="5.0502"/>
            <trkpt lat="49.78965" lon="5.05036"/>
            <trkpt lat="49.78937" lon="5.05071"/>
            <trkpt lat="49.78932" lon="5.0508"/>
            <trkpt lat="49.78929" lon="5.05086"/>
            <trkpt lat="49.78923" lon="5.051"/>
            <trkpt lat="49.78917" lon="5.05117"/>
            <trkpt lat="49.78904" lon="5.05172"/>
            <trkpt lat="49.78896" lon="5.05205"/>
            <trkpt lat="49.78892" lon="5.05214"/>
            <trkpt lat="49.78887" lon="5.05224"/>
            <trkpt lat="49.7888" lon="5.05236"/>
            <trkpt lat="49.7886" lon="5.05259"/>
            <trkpt lat="49.78854" lon="5.05267"/>
            <trkpt lat="49.78849" lon="5.05275"/>
            <trkpt lat="49.78847" lon="5.05282"/>
            <trkpt lat="49.78844" lon="5.05289"/>
            <trkpt lat="49.78842" lon="5.05297"/>
            <trkpt lat="49.7884" lon="5.05315"/>
            <trkpt lat="49.78837" lon="5.0536"/>
            <trkpt lat="49.78837" lon="5.05371"/>
            <trkpt lat="49.78835" lon="5.05397"/>
            <trkpt lat="49.78833" lon="5.05405"/>
            <trkpt lat="49.78831" lon="5.05412"/>
            <trkpt lat="49.78828" lon="5.05419"/>
            <trkpt lat="49.78825" lon="5.05426"/>
            <trkpt lat="49.78823" lon="5.0543"/>
            <trkpt lat="49.78818" lon="5.05435"/>
            <trkpt lat="49.78811" lon="5.05442"/>
            <trkpt lat="49.78805" lon="5.05445"/>
            <trkpt lat="49.78797" lon="5.05447"/>
            <trkpt lat="49.78791" lon="5.05448"/>
            <trkpt lat="49.78784" lon="5.05447"/>
            <trkpt lat="49.78777" lon="5.05445"/>
            <trkpt lat="49.78752" lon="5.05433"/>
            <trkpt lat="49.78741" lon="5.05428"/>
            <trkpt lat="49.78732" lon="5.05426"/>
            <trkpt lat="49.7873" lon="5.05426"/>
            <trkpt lat="49.78725" lon="5.05426"/>
            <trkpt lat="49.78719" lon="5.05426"/>
            <trkpt lat="49.78714" lon="5.05428"/>
            <trkpt lat="49.7871" lon="5.05431"/>
            <trkpt lat="49.78708" lon="5.05433"/>
            <trkpt lat="49.78701" lon="5.05438"/>
            <trkpt lat="49.78696" lon="5.05446"/>
            <trkpt lat="49.78694" lon="5.0545"/>
            <trkpt lat="49.78693" lon="5.05453"/>
            <trkpt lat="49.7869" lon="5.05463"/>
            <trkpt lat="49.78688" lon="5.05467"/>
            <trkpt lat="49.78687" lon="5.05473"/>
            <trkpt lat="49.78686" lon="5.05482"/>
            <trkpt lat="49.78686" lon="5.05484"/>
            <trkpt lat="49.78686" lon="5.05495"/>
            <trkpt lat="49.78687" lon="5.055"/>
            <trkpt lat="49.78687" lon="5.05503"/>
            <trkpt lat="49.7869" lon="5.05516"/>
            <trkpt lat="49.78692" lon="5.05522"/>
            <trkpt lat="49.78692" lon="5.05524"/>
            <trkpt lat="49.78695" lon="5.0553"/>
            <trkpt lat="49.78699" lon="5.05536"/>
            <trkpt lat="49.78704" lon="5.05542"/>
            <trkpt lat="49.78708" lon="5.05547"/>
            <trkpt lat="49.78713" lon="5.0555"/>
            <trkpt lat="49.78721" lon="5.05554"/>
            <trkpt lat="49.78734" lon="5.05555"/>
            <trkpt lat="49.78738" lon="5.05555"/>
            <trkpt lat="49.78743" lon="5.05554"/>
            <trkpt lat="49.78762" lon="5.05546"/>
            <trkpt lat="49.78771" lon="5.05542"/>
            <trkpt lat="49.78781" lon="5.05539"/>
            <trkpt lat="49.78787" lon="5.05539"/>
            <trkpt lat="49.78793" lon="5.0554"/>
            <trkpt lat="49.78796" lon="5.05541"/>
            <trkpt lat="49.78802" lon="5.05544"/>
            <trkpt lat="49.78809" lon="5.05549"/>
            <trkpt lat="49.78812" lon="5.05553"/>
            <trkpt lat="49.78815" lon="5.05558"/>
            <trkpt lat="49.78821" lon="5.0557"/>
            <trkpt lat="49.78825" lon="5.05579"/>
            <trkpt lat="49.78827" lon="5.05586"/>
            <trkpt lat="49.78829" lon="5.05601"/>
            <trkpt lat="49.78831" lon="5.0571"/>
            <trkpt lat="49.78834" lon="5.05747"/>
            <trkpt lat="49.78836" lon="5.05759"/>
            <trkpt lat="49.78846" lon="5.05809"/>
            <trkpt lat="49.78856" lon="5.05844"/>
            <trkpt lat="49.78866" lon="5.0587"/>
            <trkpt lat="49.78885" lon="5.05909"/>
            <trkpt lat="49.78903" lon="5.05939"/>
            <trkpt lat="49.78924" lon="5.05965"/>
            <trkpt lat="49.78975" lon="5.06017"/>
            <trkpt lat="49.79" lon="5.06043"/>
            <trkpt lat="49.79004" lon="5.06048"/>
            <trkpt lat="49.79027" lon="5.06078"/>
            <trkpt lat="49.7906" lon="5.06132"/>
            <trkpt lat="49.79126" lon="5.06238"/>
            <trkpt lat="49.79142" lon="5.06257"/>
            <trkpt lat="49.79178" lon="5.06299"/>
            <trkpt lat="49.79183" lon="5.06306"/>
            <trkpt lat="49.7919" lon="5.06317"/>
            <trkpt lat="49.79192" lon="5.06321"/>
            <trkpt lat="49.79193" lon="5.06325"/>
            <trkpt lat="49.79194" lon="5.06328"/>
            <trkpt lat="49.79194" lon="5.06333"/>
            <trkpt lat="49.79193" lon="5.06338"/>
            <trkpt lat="49.79192" lon="5.06343"/>
            <trkpt lat="49.79191" lon="5.06347"/>
            <trkpt lat="49.79186" lon="5.06358"/>
            <trkpt lat="49.79145" lon="5.06449"/>
            <trkpt lat="49.7914" lon="5.0646"/>
            <trkpt lat="49.79127" lon="5.0648"/>
            <trkpt lat="49.79129" lon="5.06484"/>
            <trkpt lat="49.7913" lon="5.06487"/>
            <trkpt lat="49.79133" lon="5.06499"/>
            <trkpt lat="49.79134" lon="5.06508"/>
            <trkpt lat="49.79133" lon="5.06522"/>
            <trkpt lat="49.79131" lon="5.06532"/>
            <trkpt lat="49.79125" lon="5.06559"/>
            <trkpt lat="49.7912" lon="5.06591"/>
            <trkpt lat="49.79118" lon="5.06604"/>
            <trkpt lat="49.79117" lon="5.06617"/>
            <trkpt lat="49.79116" lon="5.06633"/>
            <trkpt lat="49.79117" lon="5.0664"/>
            <trkpt lat="49.79121" lon="5.06653"/>
            <trkpt lat="49.79132" lon="5.06682"/>
            <trkpt lat="49.79144" lon="5.067"/>
            <trkpt lat="49.79157" lon="5.06719"/>
            <trkpt lat="49.79161" lon="5.06725"/>
            <trkpt lat="49.79217" lon="5.06795"/>
            <trkpt lat="49.79244" lon="5.06828"/>
            <trkpt lat="49.79281" lon="5.06876"/>
            <trkpt lat="49.79308" lon="5.06922"/>
            <trkpt lat="49.79336" lon="5.06972"/>
            <trkpt lat="49.79359" lon="5.07008"/>
            <trkpt lat="49.79372" lon="5.0702"/>
            <trkpt lat="49.79393" lon="5.0703"/>
            <trkpt lat="49.7942" lon="5.07047"/>
            <trkpt lat="49.79444" lon="5.07064"/>
            <trkpt lat="49.79446" lon="5.07067"/>
            <trkpt lat="49.79449" lon="5.07069"/>
            <trkpt lat="49.79449" lon="5.07069"/>
            <trkpt lat="49.79455" lon="5.07068"/>
            <trkpt lat="49.79457" lon="5.07073"/>
            <trkpt lat="49.7946" lon="5.07077"/>
            <trkpt lat="49.79462" lon="5.07079"/>
            <trkpt lat="49.79464" lon="5.07079"/>
            <trkpt lat="49.79467" lon="5.07078"/>
            <trkpt lat="49.79469" lon="5.07077"/>
            <trkpt lat="49.79474" lon="5.07087"/>
            <trkpt lat="49.7948" lon="5.07094"/>
            <trkpt lat="49.79485" lon="5.07096"/>
            <trkpt lat="49.79521" lon="5.0711"/>
            <trkpt lat="49.79559" lon="5.07127"/>
            <trkpt lat="49.79566" lon="5.07129"/>
            <trkpt lat="49.79571" lon="5.0713"/>
            <trkpt lat="49.79573" lon="5.07142"/>
            <trkpt lat="49.79578" lon="5.07158"/>
            <trkpt lat="49.79588" lon="5.07177"/>
            <trkpt lat="49.79596" lon="5.07191"/>
            <trkpt lat="49.79634" lon="5.07254"/>
            <trkpt lat="49.79703" lon="5.07355"/>
            <trkpt lat="49.79714" lon="5.07371"/>
            <trkpt lat="49.79723" lon="5.07384"/>
            <trkpt lat="49.79758" lon="5.07435"/>
            <trkpt lat="49.79786" lon="5.07474"/>
            <trkpt lat="49.79836" lon="5.07547"/>
            <trkpt lat="49.79853" lon="5.07565"/>
            <trkpt lat="49.79857" lon="5.07568"/>
            <trkpt lat="49.79859" lon="5.0757"/>
            <trkpt lat="49.79993" lon="5.07648"/>
            <trkpt lat="49.80067" lon="5.07695"/>
            <trkpt lat="49.80082" lon="5.07705"/>
            <trkpt lat="49.80094" lon="5.0771"/>
            <trkpt lat="49.80104" lon="5.07711"/>
            <trkpt lat="49.80121" lon="5.07707"/>
            <trkpt lat="49.80137" lon="5.07699"/>
            <trkpt lat="49.80142" lon="5.07695"/>
            <trkpt lat="49.80147" lon="5.07691"/>
            <trkpt lat="49.8017" lon="5.07669"/>
            <trkpt lat="49.80179" lon="5.07658"/>
            <trkpt lat="49.80182" lon="5.07653"/>
            <trkpt lat="49.80203" lon="5.07612"/>
            <trkpt lat="49.80212" lon="5.07584"/>
            <trkpt lat="49.80217" lon="5.07568"/>
            <trkpt lat="49.8022" lon="5.07555"/>
            <trkpt lat="49.80235" lon="5.07503"/>
            <trkpt lat="49.8024" lon="5.07492"/>
            <trkpt lat="49.80249" lon="5.07474"/>
            <trkpt lat="49.80258" lon="5.07462"/>
            <trkpt lat="49.80287" lon="5.07436"/>
            <trkpt lat="49.80306" lon="5.07425"/>
            <trkpt lat="49.80328" lon="5.07417"/>
            <trkpt lat="49.80346" lon="5.07415"/>
            <trkpt lat="49.80377" lon="5.07425"/>
            <trkpt lat="49.80397" lon="5.07436"/>
            <trkpt lat="49.80406" lon="5.07442"/>
            <trkpt lat="49.80432" lon="5.0745"/>
            <trkpt lat="49.80442" lon="5.07451"/>
            <trkpt lat="49.8053" lon="5.07441"/>
            <trkpt lat="49.80549" lon="5.07441"/>
            <trkpt lat="49.80577" lon="5.07444"/>
            <trkpt lat="49.80636" lon="5.07462"/>
            <trkpt lat="49.80655" lon="5.07464"/>
            <trkpt lat="49.80682" lon="5.0746"/>
            <trkpt lat="49.80699" lon="5.0745"/>
            <trkpt lat="49.80705" lon="5.07444"/>
            <trkpt lat="49.80714" lon="5.07435"/>
            <trkpt lat="49.80725" lon="5.0742"/>
            <trkpt lat="49.80768" lon="5.07348"/>
            <trkpt lat="49.8078" lon="5.07337"/>
            <trkpt lat="49.8079" lon="5.07329"/>
            <trkpt lat="49.80811" lon="5.07321"/>
            <trkpt lat="49.80837" lon="5.07319"/>
            <trkpt lat="49.80853" lon="5.07322"/>
            <trkpt lat="49.80958" lon="5.07345"/>
            <trkpt lat="49.80969" lon="5.07349"/>
            <trkpt lat="49.80977" lon="5.07355"/>
            <trkpt lat="49.80987" lon="5.07366"/>
            <trkpt lat="49.80997" lon="5.07383"/>
            <trkpt lat="49.81005" lon="5.074"/>
            <trkpt lat="49.81018" lon="5.07439"/>
            <trkpt lat="49.81025" lon="5.07475"/>
            <trkpt lat="49.8103" lon="5.07494"/>
            <trkpt lat="49.81046" lon="5.07537"/>
            <trkpt lat="49.81063" lon="5.07568"/>
            <trkpt lat="49.81068" lon="5.07576"/>
            <trkpt lat="49.8109" lon="5.07606"/>
            <trkpt lat="49.8113" lon="5.07651"/>
            <trkpt lat="49.81162" lon="5.07694"/>
            <trkpt lat="49.81173" lon="5.07714"/>
            <trkpt lat="49.8118" lon="5.07732"/>
            <trkpt lat="49.81189" lon="5.07761"/>
            <trkpt lat="49.8119" lon="5.07772"/>
            <trkpt lat="49.81192" lon="5.07786"/>
            <trkpt lat="49.81192" lon="5.07811"/>
            <trkpt lat="49.81188" lon="5.07867"/>
            <trkpt lat="49.81186" lon="5.07883"/>
            <trkpt lat="49.81182" lon="5.07899"/>
            <trkpt lat="49.81143" lon="5.08026"/>
            <trkpt lat="49.8113" lon="5.08069"/>
            <trkpt lat="49.8109" lon="5.08195"/>
            <trkpt lat="49.80979" lon="5.08565"/>
            <trkpt lat="49.80976" lon="5.08577"/>
            <trkpt lat="49.80973" lon="5.08596"/>
            <trkpt lat="49.8097" lon="5.08623"/>
            <trkpt lat="49.8097" lon="5.08657"/>
            <trkpt lat="49.80974" lon="5.08691"/>
            <trkpt lat="49.80972" lon="5.08699"/>
            <trkpt lat="49.80978" lon="5.08734"/>
            <trkpt lat="49.8098" lon="5.08742"/>
            <trkpt lat="49.80984" lon="5.08757"/>
            <trkpt lat="49.80988" lon="5.08772"/>
            <trkpt lat="49.8099" lon="5.08782"/>
            <trkpt lat="49.80998" lon="5.08776"/>
            <trkpt lat="49.8102" lon="5.0876"/>
            <trkpt lat="49.81068" lon="5.08727"/>
            <trkpt lat="49.81102" lon="5.08704"/>
            <trkpt lat="49.81125" lon="5.08687"/>
            <trkpt lat="49.81145" lon="5.08673"/>
            <trkpt lat="49.81201" lon="5.08636"/>
            <trkpt lat="49.81201" lon="5.08635"/>
            <trkpt lat="49.81233" lon="5.08616"/>
            <trkpt lat="49.8124" lon="5.08658"/>
            <trkpt lat="49.81241" lon="5.08686"/>
            <trkpt lat="49.81238" lon="5.08703"/>
            <trkpt lat="49.81213" lon="5.08752"/>
            <trkpt lat="49.81201" lon="5.08794"/>
            <trkpt lat="49.81201" lon="5.08795"/>
            <trkpt lat="49.81201" lon="5.08795"/>
            <trkpt lat="49.81238" lon="5.08857"/>
            <trkpt lat="49.81266" lon="5.08893"/>
            <trkpt lat="49.813" lon="5.08928"/>
            <trkpt lat="49.81324" lon="5.08949"/>
            <trkpt lat="49.81352" lon="5.08964"/>
            <trkpt lat="49.81365" lon="5.08968"/>
            <trkpt lat="49.81397" lon="5.08972"/>
            <trkpt lat="49.81518" lon="5.0898"/>
            <trkpt lat="49.81594" lon="5.08986"/>
            <trkpt lat="49.81639" lon="5.08984"/>
            <trkpt lat="49.81658" lon="5.08986"/>
            <trkpt lat="49.81667" lon="5.08988"/>
            <trkpt lat="49.81675" lon="5.08992"/>
            <trkpt lat="49.81687" lon="5.09003"/>
            <trkpt lat="49.81745" lon="5.09077"/>
            <trkpt lat="49.81761" lon="5.09099"/>
            <trkpt lat="49.81771" lon="5.09111"/>
            <trkpt lat="49.81801" lon="5.09129"/>
            <trkpt lat="49.81819" lon="5.09137"/>
            <trkpt lat="49.81845" lon="5.09145"/>
            <trkpt lat="49.81888" lon="5.09159"/>
            <trkpt lat="49.81915" lon="5.09173"/>
            <trkpt lat="49.81926" lon="5.09184"/>
            <trkpt lat="49.81928" lon="5.09189"/>
            <trkpt lat="49.81931" lon="5.09194"/>
            <trkpt lat="49.81934" lon="5.09203"/>
            <trkpt lat="49.81937" lon="5.09221"/>
            <trkpt lat="49.81944" lon="5.09291"/>
            <trkpt lat="49.81921" lon="5.09312"/>
            <trkpt lat="49.81914" lon="5.09319"/>
            <trkpt lat="49.81912" lon="5.09321"/>
            <trkpt lat="49.8191" lon="5.09326"/>
            <trkpt lat="49.81903" lon="5.09343"/>
            <trkpt lat="49.81891" lon="5.09382"/>
            <trkpt lat="49.81887" lon="5.09407"/>
            <trkpt lat="49.81886" lon="5.09434"/>
            <trkpt lat="49.81893" lon="5.09481"/>
            <trkpt lat="49.81896" lon="5.09516"/>
            <trkpt lat="49.81904" lon="5.09629"/>
            <trkpt lat="49.81906" lon="5.09658"/>
            <trkpt lat="49.81907" lon="5.09663"/>
            <trkpt lat="49.81908" lon="5.09665"/>
            <trkpt lat="49.81909" lon="5.09666"/>
            <trkpt lat="49.81911" lon="5.09669"/>
            <trkpt lat="49.81911" lon="5.09675"/>
            <trkpt lat="49.81911" lon="5.09689"/>
            <trkpt lat="49.81914" lon="5.09721"/>
            <trkpt lat="49.8192" lon="5.09766"/>
            <trkpt lat="49.81928" lon="5.09816"/>
            <trkpt lat="49.81928" lon="5.09844"/>
            <trkpt lat="49.81926" lon="5.09869"/>
            <trkpt lat="49.81922" lon="5.09891"/>
            <trkpt lat="49.81913" lon="5.09916"/>
            <trkpt lat="49.81895" lon="5.09953"/>
            <trkpt lat="49.81869" lon="5.1001"/>
            <trkpt lat="49.81849" lon="5.10051"/>
            <trkpt lat="49.8182" lon="5.10118"/>
            <trkpt lat="49.81814" lon="5.10146"/>
            <trkpt lat="49.8181" lon="5.10167"/>
            <trkpt lat="49.81806" lon="5.10187"/>
            <trkpt lat="49.81801" lon="5.10237"/>
            <trkpt lat="49.81801" lon="5.1025"/>
            <trkpt lat="49.81801" lon="5.10262"/>
            <trkpt lat="49.818" lon="5.10271"/>
            <trkpt lat="49.81799" lon="5.10278"/>
            <trkpt lat="49.81796" lon="5.10289"/>
            <trkpt lat="49.81794" lon="5.10293"/>
            <trkpt lat="49.8179" lon="5.10302"/>
            <trkpt lat="49.81789" lon="5.10305"/>
            <trkpt lat="49.81783" lon="5.10314"/>
            <trkpt lat="49.81681" lon="5.10462"/>
            <trkpt lat="49.81667" lon="5.10488"/>
            <trkpt lat="49.81664" lon="5.10497"/>
            <trkpt lat="49.8166" lon="5.10509"/>
            <trkpt lat="49.81658" lon="5.10514"/>
            <trkpt lat="49.81654" lon="5.10529"/>
            <trkpt lat="49.81652" lon="5.10546"/>
            <trkpt lat="49.8165" lon="5.10561"/>
            <trkpt lat="49.8165" lon="5.10588"/>
            <trkpt lat="49.81657" lon="5.10703"/>
            <trkpt lat="49.81657" lon="5.10725"/>
            <trkpt lat="49.81656" lon="5.10742"/>
            <trkpt lat="49.81654" lon="5.10764"/>
            <trkpt lat="49.81651" lon="5.10785"/>
            <trkpt lat="49.81648" lon="5.10801"/>
            <trkpt lat="49.81638" lon="5.10837"/>
            <trkpt lat="49.81611" lon="5.10898"/>
            <trkpt lat="49.81595" lon="5.10934"/>
            <trkpt lat="49.81544" lon="5.11073"/>
            <trkpt lat="49.8154" lon="5.11083"/>
            <trkpt lat="49.81528" lon="5.1111"/>
            <trkpt lat="49.81523" lon="5.11119"/>
            <trkpt lat="49.81512" lon="5.11133"/>
            <trkpt lat="49.81469" lon="5.11177"/>
            <trkpt lat="49.8145" lon="5.112"/>
            <trkpt lat="49.81442" lon="5.11212"/>
            <trkpt lat="49.81436" lon="5.11225"/>
            <trkpt lat="49.81434" lon="5.11229"/>
            <trkpt lat="49.81426" lon="5.11249"/>
            <trkpt lat="49.81403" lon="5.11329"/>
            <trkpt lat="49.81397" lon="5.11356"/>
            <trkpt lat="49.81397" lon="5.1136"/>
            <trkpt lat="49.81395" lon="5.11381"/>
            <trkpt lat="49.81392" lon="5.1141"/>
            <trkpt lat="49.81393" lon="5.11433"/>
            <trkpt lat="49.81393" lon="5.11436"/>
            <trkpt lat="49.81396" lon="5.11472"/>
            <trkpt lat="49.81402" lon="5.11521"/>
            <trkpt lat="49.81405" lon="5.11541"/>
            <trkpt lat="49.81408" lon="5.11572"/>
            <trkpt lat="49.81409" lon="5.11597"/>
            <trkpt lat="49.81408" lon="5.11609"/>
            <trkpt lat="49.81406" lon="5.11645"/>
            <trkpt lat="49.81406" lon="5.1165"/>
            <trkpt lat="49.81402" lon="5.11677"/>
            <trkpt lat="49.81386" lon="5.11744"/>
            <trkpt lat="49.81378" lon="5.11766"/>
            <trkpt lat="49.81374" lon="5.11774"/>
            <trkpt lat="49.81372" lon="5.11779"/>
            <trkpt lat="49.8136" lon="5.11801"/>
            <trkpt lat="49.81295" lon="5.11899"/>
            <trkpt lat="49.81278" lon="5.11926"/>
            <trkpt lat="49.8127" lon="5.11944"/>
            <trkpt lat="49.81266" lon="5.11954"/>
            <trkpt lat="49.81264" lon="5.1196"/>
            <trkpt lat="49.81263" lon="5.11963"/>
            <trkpt lat="49.81248" lon="5.12014"/>
            <trkpt lat="49.81246" lon="5.12022"/>
            <trkpt lat="49.81241" lon="5.12033"/>
            <trkpt lat="49.81239" lon="5.12038"/>
            <trkpt lat="49.81236" lon="5.12044"/>
            <trkpt lat="49.81231" lon="5.1205"/>
            <trkpt lat="49.81225" lon="5.12058"/>
            <trkpt lat="49.81217" lon="5.12065"/>
            <trkpt lat="49.81201" lon="5.12076"/>
            <trkpt lat="49.81199" lon="5.12077"/>
            <trkpt lat="49.81157" lon="5.12095"/>
            <trkpt lat="49.81135" lon="5.12104"/>
            <trkpt lat="49.81109" lon="5.1212"/>
            <trkpt lat="49.81091" lon="5.12137"/>
            <trkpt lat="49.8109" lon="5.12139"/>
            <trkpt lat="49.81084" lon="5.12146"/>
            <trkpt lat="49.81081" lon="5.12152"/>
            <trkpt lat="49.81078" lon="5.12158"/>
            <trkpt lat="49.81073" lon="5.12174"/>
            <trkpt lat="49.81057" lon="5.12259"/>
            <trkpt lat="49.81047" lon="5.12295"/>
            <trkpt lat="49.81045" lon="5.123"/>
            <trkpt lat="49.81036" lon="5.12322"/>
            <trkpt lat="49.81022" lon="5.1235"/>
            <trkpt lat="49.80995" lon="5.12394"/>
            <trkpt lat="49.80979" lon="5.12425"/>
            <trkpt lat="49.8095" lon="5.1248"/>
            <trkpt lat="49.80932" lon="5.12506"/>
            <trkpt lat="49.80913" lon="5.12528"/>
            <trkpt lat="49.80901" lon="5.12542"/>
            <trkpt lat="49.80898" lon="5.12547"/>
            <trkpt lat="49.80894" lon="5.12556"/>
            <trkpt lat="49.80892" lon="5.12563"/>
            <trkpt lat="49.8089" lon="5.1257"/>
            <trkpt lat="49.80889" lon="5.12576"/>
            <trkpt lat="49.80889" lon="5.12587"/>
            <trkpt lat="49.80891" lon="5.12599"/>
            <trkpt lat="49.80893" lon="5.12608"/>
            <trkpt lat="49.80895" lon="5.12612"/>
            <trkpt lat="49.80899" lon="5.12622"/>
            <trkpt lat="49.80916" lon="5.12655"/>
            <trkpt lat="49.80921" lon="5.12668"/>
            <trkpt lat="49.80922" lon="5.1267"/>
            <trkpt lat="49.80924" lon="5.12679"/>
            <trkpt lat="49.80926" lon="5.12692"/>
            <trkpt lat="49.80927" lon="5.12695"/>
            <trkpt lat="49.80932" lon="5.12755"/>
            <trkpt lat="49.8094" lon="5.12802"/>
            <trkpt lat="49.80956" lon="5.12874"/>
            <trkpt lat="49.80958" lon="5.12882"/>
            <trkpt lat="49.80965" lon="5.12905"/>
            <trkpt lat="49.8097" lon="5.12914"/>
            <trkpt lat="49.80982" lon="5.12931"/>
            <trkpt lat="49.81009" lon="5.12958"/>
            <trkpt lat="49.81013" lon="5.12961"/>
            <trkpt lat="49.81083" lon="5.13022"/>
            <trkpt lat="49.81136" lon="5.13063"/>
            <trkpt lat="49.81157" lon="5.13082"/>
            <trkpt lat="49.81171" lon="5.13102"/>
            <trkpt lat="49.81178" lon="5.13117"/>
            <trkpt lat="49.8118" lon="5.13126"/>
            <trkpt lat="49.81181" lon="5.13135"/>
            <trkpt lat="49.81178" lon="5.13145"/>
            <trkpt lat="49.81174" lon="5.13151"/>
            <trkpt lat="49.81169" lon="5.13156"/>
            <trkpt lat="49.81161" lon="5.13158"/>
            <trkpt lat="49.81095" lon="5.13146"/>
            <trkpt lat="49.81024" lon="5.13126"/>
            <trkpt lat="49.81008" lon="5.1312"/>
            <trkpt lat="49.80996" lon="5.13114"/>
            <trkpt lat="49.80981" lon="5.13103"/>
            <trkpt lat="49.8094" lon="5.13059"/>
            <trkpt lat="49.80932" lon="5.13052"/>
            <trkpt lat="49.80927" lon="5.13049"/>
            <trkpt lat="49.80918" lon="5.13047"/>
            <trkpt lat="49.80906" lon="5.13047"/>
            <trkpt lat="49.80898" lon="5.13051"/>
            <trkpt lat="49.80844" lon="5.13084"/>
            <trkpt lat="49.80841" lon="5.13085"/>
            <trkpt lat="49.80827" lon="5.13089"/>
            <trkpt lat="49.80822" lon="5.13089"/>
            <trkpt lat="49.80806" lon="5.13088"/>
            <trkpt lat="49.80793" lon="5.13081"/>
            <trkpt lat="49.80677" lon="5.1301"/>
            <trkpt lat="49.80651" lon="5.12997"/>
            <trkpt lat="49.80623" lon="5.1299"/>
            <trkpt lat="49.80612" lon="5.12989"/>
            <trkpt lat="49.80598" lon="5.12991"/>
            <trkpt lat="49.8059" lon="5.12993"/>
            <trkpt lat="49.80583" lon="5.12996"/>
            <trkpt lat="49.80563" lon="5.13009"/>
            <trkpt lat="49.80541" lon="5.13031"/>
            <trkpt lat="49.80518" lon="5.1306"/>
            <trkpt lat="49.80508" lon="5.13081"/>
            <trkpt lat="49.80499" lon="5.13103"/>
            <trkpt lat="49.80483" lon="5.13153"/>
            <trkpt lat="49.80475" lon="5.13184"/>
            <trkpt lat="49.80457" lon="5.13258"/>
            <trkpt lat="49.80446" lon="5.13324"/>
            <trkpt lat="49.80411" lon="5.13579"/>
            <trkpt lat="49.80407" lon="5.13602"/>
            <trkpt lat="49.80397" lon="5.13657"/>
            <trkpt lat="49.80362" lon="5.13779"/>
            <trkpt lat="49.80342" lon="5.13842"/>
            <trkpt lat="49.80332" lon="5.13868"/>
            <trkpt lat="49.80322" lon="5.13886"/>
            <trkpt lat="49.80301" lon="5.13921"/>
            <trkpt lat="49.80255" lon="5.13998"/>
            <trkpt lat="49.8021" lon="5.14065"/>
            <trkpt lat="49.80187" lon="5.14097"/>
            <trkpt lat="49.80156" lon="5.14137"/>
            <trkpt lat="49.80133" lon="5.1416"/>
            <trkpt lat="49.80111" lon="5.14183"/>
            <trkpt lat="49.80069" lon="5.14218"/>
            <trkpt lat="49.80047" lon="5.14233"/>
            <trkpt lat="49.7999" lon="5.14254"/>
            <trkpt lat="49.79967" lon="5.14258"/>
            <trkpt lat="49.79943" lon="5.14258"/>
            <trkpt lat="49.79924" lon="5.14255"/>
            <trkpt lat="49.79894" lon="5.14247"/>
            <trkpt lat="49.79861" lon="5.14233"/>
            <trkpt lat="49.79825" lon="5.1421"/>
            <trkpt lat="49.7982" lon="5.14206"/>
            <trkpt lat="49.79803" lon="5.14195"/>
            <trkpt lat="49.79775" lon="5.14175"/>
            <trkpt lat="49.79754" lon="5.14166"/>
            <trkpt lat="49.79736" lon="5.1416"/>
            <trkpt lat="49.79735" lon="5.1416"/>
            <trkpt lat="49.79713" lon="5.14157"/>
            <trkpt lat="49.79711" lon="5.1416"/>
            <trkpt lat="49.79686" lon="5.14191"/>
            <trkpt lat="49.79651" lon="5.14236"/>
            <trkpt lat="49.79634" lon="5.14258"/>
            <trkpt lat="49.79619" lon="5.1427"/>
            <trkpt lat="49.79613" lon="5.14273"/>
            <trkpt lat="49.79603" lon="5.14277"/>
            <trkpt lat="49.79593" lon="5.14277"/>
            <trkpt lat="49.79587" lon="5.14275"/>
            <trkpt lat="49.79578" lon="5.1427"/>
            <trkpt lat="49.79564" lon="5.14255"/>
            <trkpt lat="49.79558" lon="5.14243"/>
            <trkpt lat="49.79551" lon="5.14226"/>
            <trkpt lat="49.79549" lon="5.14211"/>
            <trkpt lat="49.79545" lon="5.14166"/>
            <trkpt lat="49.79536" lon="5.1416"/>
            <trkpt lat="49.79512" lon="5.14143"/>
            <trkpt lat="49.79499" lon="5.14139"/>
            <trkpt lat="49.79495" lon="5.14139"/>
            <trkpt lat="49.79483" lon="5.14141"/>
            <trkpt lat="49.79471" lon="5.14148"/>
            <trkpt lat="49.79461" lon="5.14158"/>
            <trkpt lat="49.79459" lon="5.1416"/>
            <trkpt lat="49.79456" lon="5.14164"/>
            <trkpt lat="49.7945" lon="5.14172"/>
            <trkpt lat="49.79441" lon="5.14192"/>
            <trkpt lat="49.79423" lon="5.14234"/>
            <trkpt lat="49.7939" lon="5.14315"/>
            <trkpt lat="49.79338" lon="5.14447"/>
            <trkpt lat="49.79298" lon="5.14547"/>
            <trkpt lat="49.79282" lon="5.14582"/>
            <trkpt lat="49.79278" lon="5.14588"/>
            <trkpt lat="49.79269" lon="5.14604"/>
            <trkpt lat="49.79254" lon="5.14629"/>
            <trkpt lat="49.79209" lon="5.14687"/>
            <trkpt lat="49.79004" lon="5.14917"/>
            <trkpt lat="49.78953" lon="5.14974"/>
            <trkpt lat="49.78932" lon="5.15013"/>
            <trkpt lat="49.78926" lon="5.15027"/>
            <trkpt lat="49.78919" lon="5.15049"/>
            <trkpt lat="49.78914" lon="5.15087"/>
            <trkpt lat="49.78914" lon="5.15116"/>
            <trkpt lat="49.7892" lon="5.15155"/>
            <trkpt lat="49.78934" lon="5.15226"/>
            <trkpt lat="49.78935" lon="5.15256"/>
            <trkpt lat="49.78935" lon="5.15265"/>
            <trkpt lat="49.78934" lon="5.15273"/>
            <trkpt lat="49.78931" lon="5.15282"/>
            <trkpt lat="49.78921" lon="5.15309"/>
            <trkpt lat="49.78908" lon="5.15333"/>
            <trkpt lat="49.78902" lon="5.15341"/>
            <trkpt lat="49.78895" lon="5.15346"/>
            <trkpt lat="49.78875" lon="5.15349"/>
            <trkpt lat="49.78812" lon="5.15342"/>
            <trkpt lat="49.788" lon="5.15342"/>
            <trkpt lat="49.78786" lon="5.15345"/>
            <trkpt lat="49.78771" lon="5.15351"/>
            <trkpt lat="49.78758" lon="5.15363"/>
            <trkpt lat="49.78745" lon="5.1538"/>
            <trkpt lat="49.78726" lon="5.15421"/>
            <trkpt lat="49.78719" lon="5.15443"/>
            <trkpt lat="49.78714" lon="5.15473"/>
            <trkpt lat="49.78709" lon="5.15534"/>
            <trkpt lat="49.78697" lon="5.1576"/>
            <trkpt lat="49.78654" lon="5.16357"/>
            <trkpt lat="49.78627" lon="5.16737"/>
            <trkpt lat="49.78622" lon="5.16765"/>
            <trkpt lat="49.78607" lon="5.16803"/>
            <trkpt lat="49.78587" lon="5.16844"/>
            <trkpt lat="49.78563" lon="5.16897"/>
            <trkpt lat="49.78557" lon="5.1692"/>
            <trkpt lat="49.78555" lon="5.16932"/>
            <trkpt lat="49.78553" lon="5.1697"/>
            <trkpt lat="49.78554" lon="5.16987"/>
            <trkpt lat="49.78557" lon="5.17008"/>
            <trkpt lat="49.7856" lon="5.17023"/>
            <trkpt lat="49.78572" lon="5.17053"/>
            <trkpt lat="49.78577" lon="5.17063"/>
            <trkpt lat="49.78596" lon="5.17084"/>
            <trkpt lat="49.7863" lon="5.17121"/>
            <trkpt lat="49.78661" lon="5.1716"/>
            <trkpt lat="49.78706" lon="5.17224"/>
            <trkpt lat="49.78718" lon="5.17248"/>
            <trkpt lat="49.78723" lon="5.17263"/>
            <trkpt lat="49.78749" lon="5.17449"/>
            <trkpt lat="49.78753" lon="5.17493"/>
            <trkpt lat="49.78753" lon="5.17524"/>
            <trkpt lat="49.78747" lon="5.17645"/>
            <trkpt lat="49.78749" lon="5.17666"/>
            <trkpt lat="49.78753" lon="5.17682"/>
            <trkpt lat="49.78807" lon="5.1808"/>
            <trkpt lat="49.78806" lon="5.18118"/>
            <trkpt lat="49.78803" lon="5.18146"/>
            <trkpt lat="49.788" lon="5.18159"/>
            <trkpt lat="49.78786" lon="5.18188"/>
            <trkpt lat="49.78782" lon="5.18196"/>
            <trkpt lat="49.78777" lon="5.18204"/>
            <trkpt lat="49.78765" lon="5.18217"/>
            <trkpt lat="49.78752" lon="5.18226"/>
            <trkpt lat="49.78739" lon="5.18231"/>
            <trkpt lat="49.78726" lon="5.18232"/>
            <trkpt lat="49.78713" lon="5.1823"/>
            <trkpt lat="49.78681" lon="5.18219"/>
            <trkpt lat="49.78661" lon="5.18209"/>
            <trkpt lat="49.78643" lon="5.18196"/>
            <trkpt lat="49.78573" lon="5.18138"/>
            <trkpt lat="49.78519" lon="5.18091"/>
            <trkpt lat="49.78464" lon="5.18048"/>
            <trkpt lat="49.7844" lon="5.18041"/>
            <trkpt lat="49.78424" lon="5.1804"/>
            <trkpt lat="49.78407" lon="5.18042"/>
            <trkpt lat="49.78398" lon="5.18046"/>
            <trkpt lat="49.78393" lon="5.18052"/>
            <trkpt lat="49.78379" lon="5.18076"/>
            <trkpt lat="49.78366" lon="5.18116"/>
            <trkpt lat="49.7836" lon="5.18137"/>
            <trkpt lat="49.78359" lon="5.18145"/>
            <trkpt lat="49.78358" lon="5.18154"/>
            <trkpt lat="49.78359" lon="5.18165"/>
            <trkpt lat="49.7836" lon="5.18172"/>
            <trkpt lat="49.78362" lon="5.18179"/>
            <trkpt lat="49.78367" lon="5.18197"/>
            <trkpt lat="49.78375" lon="5.18212"/>
            <trkpt lat="49.78395" lon="5.18236"/>
            <trkpt lat="49.78432" lon="5.18272"/>
            <trkpt lat="49.78502" lon="5.18348"/>
            <trkpt lat="49.78697" lon="5.18555"/>
            <trkpt lat="49.78723" lon="5.18581"/>
            <trkpt lat="49.78733" lon="5.18596"/>
            <trkpt lat="49.78739" lon="5.18605"/>
            <trkpt lat="49.7879" lon="5.18817"/>
            <trkpt lat="49.78797" lon="5.18843"/>
            <trkpt lat="49.78915" lon="5.19053"/>
            <trkpt lat="49.78939" lon="5.19096"/>
            <trkpt lat="49.78964" lon="5.19135"/>
            <trkpt lat="49.78981" lon="5.19157"/>
            <trkpt lat="49.78992" lon="5.19167"/>
            <trkpt lat="49.79004" lon="5.19176"/>
            <trkpt lat="49.79047" lon="5.19208"/>
            <trkpt lat="49.7907" lon="5.19221"/>
            <trkpt lat="49.7911" lon="5.19239"/>
            <trkpt lat="49.79127" lon="5.19244"/>
            <trkpt lat="49.79184" lon="5.19252"/>
            <trkpt lat="49.79212" lon="5.19249"/>
            <trkpt lat="49.79239" lon="5.19243"/>
            <trkpt lat="49.79367" lon="5.1922"/>
            <trkpt lat="49.79428" lon="5.19219"/>
            <trkpt lat="49.79453" lon="5.1922"/>
            <trkpt lat="49.79492" lon="5.19226"/>
            <trkpt lat="49.79561" lon="5.19239"/>
            <trkpt lat="49.79577" lon="5.19244"/>
            <trkpt lat="49.79609" lon="5.19256"/>
            <trkpt lat="49.79657" lon="5.19292"/>
            <trkpt lat="49.7968" lon="5.19314"/>
            <trkpt lat="49.79706" lon="5.19345"/>
            <trkpt lat="49.79735" lon="5.19388"/>
            <trkpt lat="49.79755" lon="5.19415"/>
            <trkpt lat="49.79764" lon="5.19432"/>
            <trkpt lat="49.7977" lon="5.19447"/>
            <trkpt lat="49.79786" lon="5.19503"/>
            <trkpt lat="49.79792" lon="5.19529"/>
            <trkpt lat="49.79797" lon="5.19559"/>
            <trkpt lat="49.79799" lon="5.19594"/>
            <trkpt lat="49.79801" lon="5.19622"/>
            <trkpt lat="49.79797" lon="5.19661"/>
            <trkpt lat="49.79793" lon="5.1968"/>
            <trkpt lat="49.79788" lon="5.19695"/>
            <trkpt lat="49.7978" lon="5.19712"/>
            <trkpt lat="49.79767" lon="5.19735"/>
            <trkpt lat="49.79759" lon="5.19743"/>
            <trkpt lat="49.79745" lon="5.19754"/>
            <trkpt lat="49.79731" lon="5.19762"/>
            <trkpt lat="49.79706" lon="5.1977"/>
            <trkpt lat="49.79628" lon="5.19767"/>
            <trkpt lat="49.7941" lon="5.19751"/>
            <trkpt lat="49.79256" lon="5.19747"/>
            <trkpt lat="49.79242" lon="5.19748"/>
            <trkpt lat="49.79231" lon="5.19755"/>
            <trkpt lat="49.79223" lon="5.19763"/>
            <trkpt lat="49.79208" lon="5.19783"/>
            <trkpt lat="49.79202" lon="5.19795"/>
            <trkpt lat="49.79197" lon="5.19815"/>
            <trkpt lat="49.79193" lon="5.19848"/>
            <trkpt lat="49.79194" lon="5.19875"/>
            <trkpt lat="49.79199" lon="5.19901"/>
            <trkpt lat="49.79205" lon="5.19916"/>
            <trkpt lat="49.79213" lon="5.19927"/>
            <trkpt lat="49.79223" lon="5.1994"/>
            <trkpt lat="49.79234" lon="5.19949"/>
            <trkpt lat="49.79243" lon="5.19955"/>
            <trkpt lat="49.79265" lon="5.19963"/>
            <trkpt lat="49.79419" lon="5.19991"/>
            <trkpt lat="49.79428" lon="5.19994"/>
            <trkpt lat="49.79433" lon="5.19998"/>
            <trkpt lat="49.79456" lon="5.20025"/>
            <trkpt lat="49.79578" lon="5.20232"/>
            <trkpt lat="49.79653" lon="5.20369"/>
            <trkpt lat="49.79683" lon="5.20405"/>
            <trkpt lat="49.79754" lon="5.20472"/>
            <trkpt lat="49.79798" lon="5.2052"/>
            <trkpt lat="49.79805" lon="5.20531"/>
            <trkpt lat="49.79812" lon="5.20542"/>
            <trkpt lat="49.79815" lon="5.20549"/>
            <trkpt lat="49.79829" lon="5.20578"/>
            <trkpt lat="49.79839" lon="5.20602"/>
            <trkpt lat="49.79844" lon="5.20622"/>
            <trkpt lat="49.79858" lon="5.20674"/>
            <trkpt lat="49.79875" lon="5.20749"/>
            <trkpt lat="49.79876" lon="5.20752"/>
            <trkpt lat="49.79884" lon="5.20786"/>
            <trkpt lat="49.7989" lon="5.20807"/>
            <trkpt lat="49.79894" lon="5.20817"/>
            <trkpt lat="49.79916" lon="5.2086"/>
            <trkpt lat="49.79945" lon="5.20902"/>
            <trkpt lat="49.79985" lon="5.20977"/>
            <trkpt lat="49.79993" lon="5.20994"/>
            <trkpt lat="49.80012" lon="5.21037"/>
            <trkpt lat="49.80022" lon="5.21055"/>
            <trkpt lat="49.80087" lon="5.21137"/>
            <trkpt lat="49.80134" lon="5.21199"/>
            <trkpt lat="49.80149" lon="5.21216"/>
            <trkpt lat="49.80167" lon="5.2123"/>
            <trkpt lat="49.8021" lon="5.21255"/>
            <trkpt lat="49.80308" lon="5.21293"/>
            <trkpt lat="49.8032" lon="5.21303"/>
            <trkpt lat="49.80323" lon="5.21308"/>
            <trkpt lat="49.80325" lon="5.21313"/>
            <trkpt lat="49.80332" lon="5.21334"/>
            <trkpt lat="49.80339" lon="5.21355"/>
            <trkpt lat="49.80351" lon="5.21394"/>
            <trkpt lat="49.80372" lon="5.21478"/>
            <trkpt lat="49.80374" lon="5.21488"/>
            <trkpt lat="49.80375" lon="5.21494"/>
            <trkpt lat="49.80382" lon="5.2154"/>
            <trkpt lat="49.80386" lon="5.21568"/>
            <trkpt lat="49.80387" lon="5.2159"/>
            <trkpt lat="49.80387" lon="5.21602"/>
            <trkpt lat="49.80384" lon="5.21623"/>
            <trkpt lat="49.80392" lon="5.21624"/>
            <trkpt lat="49.80407" lon="5.21621"/>
            <trkpt lat="49.80418" lon="5.21615"/>
            <trkpt lat="49.80435" lon="5.21612"/>
            <trkpt lat="49.80473" lon="5.21615"/>
            <trkpt lat="49.80478" lon="5.21617"/>
            <trkpt lat="49.80483" lon="5.21618"/>
            <trkpt lat="49.80497" lon="5.21618"/>
            <trkpt lat="49.80559" lon="5.21623"/>
            <trkpt lat="49.80641" lon="5.21631"/>
            <trkpt lat="49.80681" lon="5.21636"/>
            <trkpt lat="49.807" lon="5.21642"/>
            <trkpt lat="49.8071" lon="5.21649"/>
            <trkpt lat="49.8073" lon="5.21673"/>
            <trkpt lat="49.80755" lon="5.21713"/>
            <trkpt lat="49.80773" lon="5.21741"/>
            <trkpt lat="49.80873" lon="5.21918"/>
            <trkpt lat="49.80887" lon="5.21946"/>
            <trkpt lat="49.80918" lon="5.22012"/>
            <trkpt lat="49.80933" lon="5.2204"/>
            <trkpt lat="49.80943" lon="5.22065"/>
            <trkpt lat="49.81015" lon="5.22273"/>
            <trkpt lat="49.81023" lon="5.2229"/>
            <trkpt lat="49.81038" lon="5.22315"/>
            <trkpt lat="49.81056" lon="5.22331"/>
            <trkpt lat="49.8107" lon="5.2234"/>
            <trkpt lat="49.81088" lon="5.22348"/>
            <trkpt lat="49.81108" lon="5.22352"/>
            <trkpt lat="49.81201" lon="5.22351"/>
            <trkpt lat="49.813" lon="5.22351"/>
            <trkpt lat="49.81328" lon="5.22356"/>
            <trkpt lat="49.81341" lon="5.22362"/>
            <trkpt lat="49.81364" lon="5.22377"/>
            <trkpt lat="49.81381" lon="5.22392"/>
            <trkpt lat="49.81396" lon="5.22413"/>
            <trkpt lat="49.81421" lon="5.22458"/>
            <trkpt lat="49.81431" lon="5.22481"/>
            <trkpt lat="49.81483" lon="5.22636"/>
            <trkpt lat="49.81532" lon="5.22791"/>
            <trkpt lat="49.81539" lon="5.22807"/>
            <trkpt lat="49.81548" lon="5.2282"/>
            <trkpt lat="49.81577" lon="5.22852"/>
            <trkpt lat="49.81599" lon="5.22868"/>
            <trkpt lat="49.8161" lon="5.22872"/>
            <trkpt lat="49.81619" lon="5.22873"/>
            <trkpt lat="49.81672" lon="5.22866"/>
            <trkpt lat="49.81788" lon="5.22849"/>
            <trkpt lat="49.81801" lon="5.2285"/>
            <trkpt lat="49.8181" lon="5.22853"/>
            <trkpt lat="49.81828" lon="5.22864"/>
            <trkpt lat="49.81845" lon="5.22885"/>
            <trkpt lat="49.81885" lon="5.22949"/>
            <trkpt lat="49.81926" lon="5.23014"/>
            <trkpt lat="49.81934" lon="5.23031"/>
            <trkpt lat="49.81941" lon="5.23046"/>
            <trkpt lat="49.81952" lon="5.23083"/>
            <trkpt lat="49.81965" lon="5.23141"/>
            <trkpt lat="49.81969" lon="5.23157"/>
            <trkpt lat="49.81983" lon="5.23186"/>
            <trkpt lat="49.81995" lon="5.23202"/>
            <trkpt lat="49.82013" lon="5.23219"/>
            <trkpt lat="49.82019" lon="5.23223"/>
            <trkpt lat="49.82033" lon="5.23229"/>
            <trkpt lat="49.82039" lon="5.23231"/>
            <trkpt lat="49.82054" lon="5.23233"/>
            <trkpt lat="49.82081" lon="5.23231"/>
            <trkpt lat="49.82094" lon="5.23227"/>
            <trkpt lat="49.82099" lon="5.23223"/>
            <trkpt lat="49.82115" lon="5.23208"/>
            <trkpt lat="49.82154" lon="5.23169"/>
            <trkpt lat="49.82173" lon="5.23157"/>
            <trkpt lat="49.82206" lon="5.2315"/>
            <trkpt lat="49.82226" lon="5.23154"/>
            <trkpt lat="49.8227" lon="5.23164"/>
            <trkpt lat="49.8229" lon="5.23172"/>
            <trkpt lat="49.82349" lon="5.23201"/>
            <trkpt lat="49.824" lon="5.23253"/>
            <trkpt lat="49.82466" lon="5.23317"/>
            <trkpt lat="49.82517" lon="5.23361"/>
            <trkpt lat="49.82539" lon="5.23372"/>
            <trkpt lat="49.8265" lon="5.23421"/>
            <trkpt lat="49.82664" lon="5.23429"/>
            <trkpt lat="49.82676" lon="5.2344"/>
            <trkpt lat="49.8271" lon="5.23475"/>
            <trkpt lat="49.82754" lon="5.23535"/>
            <trkpt lat="49.82812" lon="5.23609"/>
            <trkpt lat="49.82859" lon="5.23658"/>
            <trkpt lat="49.82967" lon="5.2374"/>
            <trkpt lat="49.83023" lon="5.23779"/>
            <trkpt lat="49.83034" lon="5.23783"/>
            <trkpt lat="49.83046" lon="5.23785"/>
            <trkpt lat="49.83084" lon="5.23782"/>
            <trkpt lat="49.83116" lon="5.23776"/>
            <trkpt lat="49.83144" lon="5.23769"/>
            <trkpt lat="49.83152" lon="5.23769"/>
            <trkpt lat="49.83159" lon="5.23771"/>
            <trkpt lat="49.83179" lon="5.23778"/>
            <trkpt lat="49.83205" lon="5.23798"/>
            <trkpt lat="49.83261" lon="5.2385"/>
            <trkpt lat="49.83315" lon="5.2389"/>
            <trkpt lat="49.83341" lon="5.23913"/>
            <trkpt lat="49.83358" lon="5.23934"/>
            <trkpt lat="49.83364" lon="5.23944"/>
            <trkpt lat="49.83398" lon="5.2402"/>
            <trkpt lat="49.83407" lon="5.24039"/>
            <trkpt lat="49.83415" lon="5.24052"/>
            <trkpt lat="49.83436" lon="5.24076"/>
            <trkpt lat="49.83505" lon="5.24129"/>
            <trkpt lat="49.83535" lon="5.24155"/>
            <trkpt lat="49.83552" lon="5.24168"/>
            <trkpt lat="49.83585" lon="5.24189"/>
            <trkpt lat="49.83603" lon="5.24198"/>
            <trkpt lat="49.8361" lon="5.24199"/>
            <trkpt lat="49.83618" lon="5.24198"/>
            <trkpt lat="49.83627" lon="5.24196"/>
            <trkpt lat="49.83633" lon="5.24191"/>
            <trkpt lat="49.83641" lon="5.24181"/>
            <trkpt lat="49.83658" lon="5.24151"/>
            <trkpt lat="49.83671" lon="5.24136"/>
            <trkpt lat="49.83678" lon="5.2413"/>
            <trkpt lat="49.8368" lon="5.24129"/>
            <trkpt lat="49.83689" lon="5.24124"/>
            <trkpt lat="49.83713" lon="5.24121"/>
            <trkpt lat="49.83731" lon="5.24128"/>
            <trkpt lat="49.8374" lon="5.24135"/>
            <trkpt lat="49.83746" lon="5.24145"/>
            <trkpt lat="49.83753" lon="5.24159"/>
            <trkpt lat="49.83814" lon="5.24294"/>
            <trkpt lat="49.8384" lon="5.24366"/>
            <trkpt lat="49.83858" lon="5.24404"/>
            <trkpt lat="49.83869" lon="5.24424"/>
            <trkpt lat="49.83887" lon="5.24449"/>
            <trkpt lat="49.83921" lon="5.2448"/>
            <trkpt lat="49.83929" lon="5.2449"/>
            <trkpt lat="49.83948" lon="5.2452"/>
            <trkpt lat="49.83976" lon="5.24572"/>
            <trkpt lat="49.84027" lon="5.24673"/>
            <trkpt lat="49.84067" lon="5.24766"/>
            <trkpt lat="49.84074" lon="5.24788"/>
            <trkpt lat="49.84111" lon="5.24919"/>
            <trkpt lat="49.84126" lon="5.24987"/>
            <trkpt lat="49.84156" lon="5.25099"/>
            <trkpt lat="49.84173" lon="5.25146"/>
            <trkpt lat="49.84201" lon="5.25223"/>
            <trkpt lat="49.84203" lon="5.2523"/>
            <trkpt lat="49.84211" lon="5.25245"/>
            <trkpt lat="49.8422" lon="5.25258"/>
            <trkpt lat="49.84226" lon="5.25264"/>
            <trkpt lat="49.84227" lon="5.25265"/>
            <trkpt lat="49.84233" lon="5.25268"/>
            <trkpt lat="49.8424" lon="5.25268"/>
            <trkpt lat="49.84257" lon="5.25257"/>
            <trkpt lat="49.84294" lon="5.25203"/>
            <trkpt lat="49.84332" lon="5.25155"/>
            <trkpt lat="49.84339" lon="5.25146"/>
            <trkpt lat="49.84364" lon="5.25118"/>
            <trkpt lat="49.84373" lon="5.25113"/>
            <trkpt lat="49.84383" lon="5.25109"/>
            <trkpt lat="49.84405" lon="5.25108"/>
            <trkpt lat="49.84449" lon="5.25109"/>
            <trkpt lat="49.8451" lon="5.25111"/>
            <trkpt lat="49.8468" lon="5.25118"/>
            <trkpt lat="49.84804" lon="5.25122"/>
            <trkpt lat="49.84849" lon="5.25123"/>
            <trkpt lat="49.84869" lon="5.25128"/>
            <trkpt lat="49.84876" lon="5.25131"/>
            <trkpt lat="49.84884" lon="5.25135"/>
            <trkpt lat="49.84894" lon="5.25146"/>
            <trkpt lat="49.84909" lon="5.25162"/>
            <trkpt lat="49.84917" lon="5.25175"/>
            <trkpt lat="49.84925" lon="5.25193"/>
            <trkpt lat="49.84936" lon="5.25214"/>
            <trkpt lat="49.84955" lon="5.25244"/>
            <trkpt lat="49.84959" lon="5.25248"/>
            <trkpt lat="49.84958" lon="5.25251"/>
            <trkpt lat="49.84957" lon="5.25255"/>
            <trkpt lat="49.84958" lon="5.2526"/>
            <trkpt lat="49.84959" lon="5.25263"/>
            <trkpt lat="49.84961" lon="5.25266"/>
            <trkpt lat="49.84964" lon="5.25267"/>
            <trkpt lat="49.84967" lon="5.25266"/>
            <trkpt lat="49.84968" lon="5.25266"/>
            <trkpt lat="49.84969" lon="5.25264"/>
            <trkpt lat="49.8497" lon="5.25262"/>
            <trkpt lat="49.84971" lon="5.2526"/>
            <trkpt lat="49.84972" lon="5.25258"/>
            <trkpt lat="49.84985" lon="5.25259"/>
            <trkpt lat="49.84989" lon="5.2526"/>
            <trkpt lat="49.84998" lon="5.2526"/>
            <trkpt lat="49.84999" lon="5.25262"/>
            <trkpt lat="49.84999" lon="5.25264"/>
            <trkpt lat="49.85001" lon="5.25268"/>
            <trkpt lat="49.85005" lon="5.25269"/>
            <trkpt lat="49.85007" lon="5.25268"/>
            <trkpt lat="49.85009" lon="5.25267"/>
            <trkpt lat="49.85011" lon="5.25264"/>
            <trkpt lat="49.85012" lon="5.25258"/>
            <trkpt lat="49.85012" lon="5.25254"/>
            <trkpt lat="49.85012" lon="5.25253"/>
            <trkpt lat="49.85011" lon="5.25252"/>
            <trkpt lat="49.8501" lon="5.2525"/>
            <trkpt lat="49.85021" lon="5.25243"/>
            <trkpt lat="49.85033" lon="5.25239"/>
            <trkpt lat="49.85046" lon="5.25237"/>
            <trkpt lat="49.85065" lon="5.25237"/>
            <trkpt lat="49.85148" lon="5.25244"/>
            <trkpt lat="49.85248" lon="5.25272"/>
            <trkpt lat="49.85311" lon="5.25273"/>
            <trkpt lat="49.85317" lon="5.25273"/>
            <trkpt lat="49.85319" lon="5.25274"/>
            <trkpt lat="49.85325" lon="5.25276"/>
            <trkpt lat="49.85327" lon="5.25277"/>
            <trkpt lat="49.8533" lon="5.2528"/>
            <trkpt lat="49.85333" lon="5.25282"/>
            <trkpt lat="49.85371" lon="5.2533"/>
            <trkpt lat="49.85383" lon="5.25345"/>
            <trkpt lat="49.8539" lon="5.25355"/>
            <trkpt lat="49.85421" lon="5.254"/>
            <trkpt lat="49.85418" lon="5.25406"/>
            <trkpt lat="49.8541" lon="5.25418"/>
            <trkpt lat="49.85377" lon="5.25473"/>
            <trkpt lat="49.8536" lon="5.25503"/>
            <trkpt lat="49.85353" lon="5.25521"/>
            <trkpt lat="49.85355" lon="5.25524"/>
            <trkpt lat="49.85358" lon="5.25529"/>
            <trkpt lat="49.85359" lon="5.25534"/>
            <trkpt lat="49.85363" lon="5.25553"/>
            <trkpt lat="49.85367" lon="5.2558"/>
            <trkpt lat="49.85368" lon="5.25587"/>
            <trkpt lat="49.85374" lon="5.25615"/>
            <trkpt lat="49.85379" lon="5.25631"/>
            <trkpt lat="49.85393" lon="5.25654"/>
            <trkpt lat="49.8543" lon="5.25706"/>
            <trkpt lat="49.85467" lon="5.25781"/>
            <trkpt lat="49.8547" lon="5.25785"/>
            <trkpt lat="49.85472" lon="5.25787"/>
            <trkpt lat="49.85474" lon="5.25789"/>
            <trkpt lat="49.85472" lon="5.25843"/>
            <trkpt lat="49.8547" lon="5.25886"/>
            <trkpt lat="49.85463" lon="5.26088"/>
            <trkpt lat="49.85467" lon="5.2609"/>
            <trkpt lat="49.85472" lon="5.26097"/>
            <trkpt lat="49.85474" lon="5.26099"/>
            <trkpt lat="49.85481" lon="5.26112"/>
            <trkpt lat="49.85539" lon="5.26238"/>
            <trkpt lat="49.85549" lon="5.26255"/>
            <trkpt lat="49.85592" lon="5.26314"/>
            <trkpt lat="49.85596" lon="5.26321"/>
            <trkpt lat="49.85598" lon="5.26325"/>
            <trkpt lat="49.85602" lon="5.26339"/>
            <trkpt lat="49.85607" lon="5.26366"/>
            <trkpt lat="49.8561" lon="5.26387"/>
            <trkpt lat="49.85616" lon="5.26418"/>
            <trkpt lat="49.85619" lon="5.2643"/>
            <trkpt lat="49.85623" lon="5.26444"/>
            <trkpt lat="49.85627" lon="5.26456"/>
            <trkpt lat="49.85643" lon="5.26484"/>
            <trkpt lat="49.85653" lon="5.26498"/>
            <trkpt lat="49.85675" lon="5.26529"/>
            <trkpt lat="49.85699" lon="5.26559"/>
            <trkpt lat="49.85709" lon="5.26576"/>
            <trkpt lat="49.85737" lon="5.26614"/>
            <trkpt lat="49.8578" lon="5.26678"/>
            <trkpt lat="49.85847" lon="5.26775"/>
            <trkpt lat="49.85908" lon="5.26883"/>
            <trkpt lat="49.85937" lon="5.26951"/>
            <trkpt lat="49.85956" lon="5.27004"/>
            <trkpt lat="49.85986" lon="5.27142"/>
            <trkpt lat="49.85987" lon="5.27145"/>
            <trkpt lat="49.86011" lon="5.2722"/>
            <trkpt lat="49.86024" lon="5.27267"/>
            <trkpt lat="49.86039" lon="5.27314"/>
            <trkpt lat="49.86046" lon="5.27339"/>
            <trkpt lat="49.86048" lon="5.27344"/>
            <trkpt lat="49.86053" lon="5.27359"/>
            <trkpt lat="49.86082" lon="5.27474"/>
            <trkpt lat="49.86087" lon="5.27499"/>
            <trkpt lat="49.86094" lon="5.2756"/>
            <trkpt lat="49.86099" lon="5.27597"/>
            <trkpt lat="49.861" lon="5.27602"/>
            <trkpt lat="49.86108" lon="5.27632"/>
            <trkpt lat="49.86116" lon="5.27651"/>
            <trkpt lat="49.86119" lon="5.27659"/>
            <trkpt lat="49.86207" lon="5.27586"/>
            <trkpt lat="49.8623" lon="5.27568"/>
            <trkpt lat="49.86291" lon="5.27523"/>
            <trkpt lat="49.86299" lon="5.27516"/>
            <trkpt lat="49.86354" lon="5.27486"/>
            <trkpt lat="49.8638" lon="5.27472"/>
            <trkpt lat="49.86417" lon="5.27455"/>
            <trkpt lat="49.86447" lon="5.27444"/>
            <trkpt lat="49.86526" lon="5.27428"/>
            <trkpt lat="49.86613" lon="5.27417"/>
            <trkpt lat="49.8672" lon="5.27407"/>
            <trkpt lat="49.86944" lon="5.27376"/>
            <trkpt lat="49.87061" lon="5.27349"/>
            <trkpt lat="49.87074" lon="5.27344"/>
            <trkpt lat="49.87187" lon="5.27292"/>
            <trkpt lat="49.87226" lon="5.27269"/>
            <trkpt lat="49.87289" lon="5.27221"/>
            <trkpt lat="49.87338" lon="5.27181"/>
            <trkpt lat="49.87568" lon="5.26998"/>
            <trkpt lat="49.87793" lon="5.26794"/>
            <trkpt lat="49.87952" lon="5.2665"/>
            <trkpt lat="49.87963" lon="5.26647"/>
            <trkpt lat="49.87987" lon="5.26629"/>
            <trkpt lat="49.87993" lon="5.26636"/>
            <trkpt lat="49.87996" lon="5.26637"/>
            <trkpt lat="49.88001" lon="5.26638"/>
            <trkpt lat="49.88005" lon="5.26637"/>
            <trkpt lat="49.8801" lon="5.26634"/>
            <trkpt lat="49.88012" lon="5.26632"/>
            <trkpt lat="49.88015" lon="5.26627"/>
            <trkpt lat="49.88017" lon="5.26624"/>
            <trkpt lat="49.88018" lon="5.26619"/>
            <trkpt lat="49.88019" lon="5.26615"/>
            <trkpt lat="49.88019" lon="5.2661"/>
            <trkpt lat="49.8803" lon="5.26593"/>
            <trkpt lat="49.88035" lon="5.26586"/>
            <trkpt lat="49.8806" lon="5.26559"/>
            <trkpt lat="49.88061" lon="5.26553"/>
            <trkpt lat="49.88164" lon="5.26461"/>
            <trkpt lat="49.88227" lon="5.26401"/>
            <trkpt lat="49.88269" lon="5.26367"/>
            <trkpt lat="49.88288" lon="5.26357"/>
            <trkpt lat="49.88308" lon="5.26351"/>
            <trkpt lat="49.88326" lon="5.2635"/>
            <trkpt lat="49.88339" lon="5.26351"/>
            <trkpt lat="49.884" lon="5.26365"/>
            <trkpt lat="49.88405" lon="5.26368"/>
            <trkpt lat="49.88411" lon="5.26374"/>
            <trkpt lat="49.88562" lon="5.26549"/>
            <trkpt lat="49.88707" lon="5.26706"/>
            <trkpt lat="49.88716" lon="5.26715"/>
            <trkpt lat="49.88858" lon="5.26851"/>
            <trkpt lat="49.88896" lon="5.26883"/>
            <trkpt lat="49.89084" lon="5.27029"/>
            <trkpt lat="49.89119" lon="5.27052"/>
            <trkpt lat="49.89204" lon="5.27087"/>
            <trkpt lat="49.89353" lon="5.27143"/>
            <trkpt lat="49.89384" lon="5.27153"/>
            <trkpt lat="49.89416" lon="5.27166"/>
            <trkpt lat="49.89601" lon="5.27252"/>
            <trkpt lat="49.89616" lon="5.2726"/>
            <trkpt lat="49.89633" lon="5.27264"/>
            <trkpt lat="49.89649" lon="5.27266"/>
            <trkpt lat="49.89817" lon="5.27243"/>
            <trkpt lat="49.89835" lon="5.27243"/>
            <trkpt lat="49.8999" lon="5.27284"/>
            <trkpt lat="49.89991" lon="5.27285"/>
            <trkpt lat="49.90178" lon="5.27344"/>
            <trkpt lat="49.90896" lon="5.2757"/>
            <trkpt lat="49.91051" lon="5.27617"/>
            <trkpt lat="49.91078" lon="5.27623"/>
            <trkpt lat="49.91092" lon="5.27627"/>
            <trkpt lat="49.91261" lon="5.2767"/>
            <trkpt lat="49.91331" lon="5.27684"/>
            <trkpt lat="49.91347" lon="5.27688"/>
            <trkpt lat="49.91418" lon="5.27697"/>
            <trkpt lat="49.91539" lon="5.27703"/>
            <trkpt lat="49.91636" lon="5.27711"/>
            <trkpt lat="49.91842" lon="5.27724"/>
            <trkpt lat="49.91956" lon="5.27717"/>
            <trkpt lat="49.91959" lon="5.27717"/>
            <trkpt lat="49.92004" lon="5.27707"/>
            <trkpt lat="49.92054" lon="5.27688"/>
            <trkpt lat="49.9214" lon="5.27649"/>
            <trkpt lat="49.92188" lon="5.27627"/>
            <trkpt lat="49.92209" lon="5.27616"/>
            <trkpt lat="49.92233" lon="5.27607"/>
            <trkpt lat="49.92246" lon="5.27605"/>
            <trkpt lat="49.92264" lon="5.2761"/>
            <trkpt lat="49.92281" lon="5.27626"/>
            <trkpt lat="49.92351" lon="5.27677"/>
            <trkpt lat="49.92378" lon="5.277"/>
            <trkpt lat="49.92392" lon="5.27713"/>
            <trkpt lat="49.92413" lon="5.27727"/>
            <trkpt lat="49.92421" lon="5.27731"/>
            <trkpt lat="49.92481" lon="5.27753"/>
            <trkpt lat="49.92482" lon="5.27757"/>
            <trkpt lat="49.92483" lon="5.2776"/>
            <trkpt lat="49.92485" lon="5.27762"/>
            <trkpt lat="49.92488" lon="5.27764"/>
            <trkpt lat="49.9249" lon="5.27764"/>
            <trkpt lat="49.92492" lon="5.27775"/>
            <trkpt lat="49.92494" lon="5.27786"/>
            <trkpt lat="49.92494" lon="5.27805"/>
            <trkpt lat="49.92492" lon="5.27818"/>
            <trkpt lat="49.92477" lon="5.27889"/>
            <trkpt lat="49.9247" lon="5.27916"/>
            <trkpt lat="49.92463" lon="5.27952"/>
            <trkpt lat="49.9246" lon="5.27976"/>
            <trkpt lat="49.92459" lon="5.27981"/>
            <trkpt lat="49.92459" lon="5.27986"/>
            <trkpt lat="49.92458" lon="5.27992"/>
            <trkpt lat="49.92458" lon="5.28009"/>
            <trkpt lat="49.9246" lon="5.28034"/>
            <trkpt lat="49.92463" lon="5.28067"/>
            <trkpt lat="49.92462" lon="5.28068"/>
            <trkpt lat="49.92461" lon="5.2807"/>
            <trkpt lat="49.92459" lon="5.28072"/>
            <trkpt lat="49.92459" lon="5.28075"/>
            <trkpt lat="49.92458" lon="5.28079"/>
            <trkpt lat="49.92459" lon="5.28082"/>
            <trkpt lat="49.92459" lon="5.28083"/>
            <trkpt lat="49.92461" lon="5.28085"/>
            <trkpt lat="49.92462" lon="5.28086"/>
            <trkpt lat="49.92464" lon="5.28087"/>
            <trkpt lat="49.92466" lon="5.28087"/>
            <trkpt lat="49.92467" lon="5.28086"/>
            <trkpt lat="49.92468" lon="5.28085"/>
            <trkpt lat="49.92469" lon="5.28084"/>
            <trkpt lat="49.9247" lon="5.28081"/>
            <trkpt lat="49.92471" lon="5.28078"/>
            <trkpt lat="49.92624" lon="5.28106"/>
            <trkpt lat="49.92689" lon="5.28125"/>
            <trkpt lat="49.92701" lon="5.28131"/>
            <trkpt lat="49.92756" lon="5.28167"/>
            <trkpt lat="49.92808" lon="5.28197"/>
            <trkpt lat="49.92843" lon="5.28214"/>
            <trkpt lat="49.92928" lon="5.28254"/>
            <trkpt lat="49.9294" lon="5.28258"/>
            <trkpt lat="49.92949" lon="5.2826"/>
            <trkpt lat="49.93127" lon="5.28276"/>
            <trkpt lat="49.9314" lon="5.28278"/>
            <trkpt lat="49.93177" lon="5.28297"/>
            <trkpt lat="49.93192" lon="5.28306"/>
            <trkpt lat="49.93265" lon="5.28361"/>
            <trkpt lat="49.93297" lon="5.28383"/>
            <trkpt lat="49.93317" lon="5.28395"/>
            <trkpt lat="49.93339" lon="5.28405"/>
            <trkpt lat="49.93366" lon="5.28408"/>
            <trkpt lat="49.93393" lon="5.28408"/>
            <trkpt lat="49.93672" lon="5.28359"/>
            <trkpt lat="49.93721" lon="5.28356"/>
            <trkpt lat="49.9373" lon="5.28357"/>
            <trkpt lat="49.93759" lon="5.28365"/>
            <trkpt lat="49.93807" lon="5.28382"/>
            <trkpt lat="49.93842" lon="5.28398"/>
            <trkpt lat="49.93881" lon="5.28419"/>
            <trkpt lat="49.94163" lon="5.28582"/>
            <trkpt lat="49.94385" lon="5.28707"/>
            <trkpt lat="49.9488" lon="5.28987"/>
            <trkpt lat="49.94952" lon="5.28929"/>
            <trkpt lat="49.95131" lon="5.28789"/>
            <trkpt lat="49.95152" lon="5.28772"/>
            <trkpt lat="49.95333" lon="5.2863"/>
            <trkpt lat="49.95706" lon="5.28338"/>
            <trkpt lat="49.95801" lon="5.28264"/>
            <trkpt lat="49.96545" lon="5.27677"/>
            <trkpt lat="49.96582" lon="5.27647"/>
            <trkpt lat="49.96684" lon="5.27566"/>
            <trkpt lat="49.96967" lon="5.27344"/>
            <trkpt lat="49.97083" lon="5.27252"/>
            <trkpt lat="49.97522" lon="5.26903"/>
            <trkpt lat="49.97539" lon="5.26886"/>
            <trkpt lat="49.97556" lon="5.26865"/>
            <trkpt lat="49.97569" lon="5.26844"/>
            <trkpt lat="49.97574" lon="5.26835"/>
            <trkpt lat="49.97584" lon="5.26816"/>
            <trkpt lat="49.97597" lon="5.26783"/>
            <trkpt lat="49.97604" lon="5.26758"/>
            <trkpt lat="49.9761" lon="5.26729"/>
            <trkpt lat="49.97611" lon="5.26722"/>
            <trkpt lat="49.97616" lon="5.26666"/>
            <trkpt lat="49.97617" lon="5.26624"/>
            <trkpt lat="49.9762" lon="5.26544"/>
            <trkpt lat="49.97623" lon="5.264"/>
            <trkpt lat="49.97628" lon="5.26214"/>
            <trkpt lat="49.97631" lon="5.2618"/>
            <trkpt lat="49.97633" lon="5.26163"/>
            <trkpt lat="49.97639" lon="5.26118"/>
            <trkpt lat="49.97642" lon="5.26095"/>
            <trkpt lat="49.9765" lon="5.2605"/>
            <trkpt lat="49.97652" lon="5.26041"/>
            <trkpt lat="49.97659" lon="5.26012"/>
            <trkpt lat="49.97673" lon="5.2599"/>
            <trkpt lat="49.97681" lon="5.2598"/>
            <trkpt lat="49.97688" lon="5.25973"/>
            <trkpt lat="49.97695" lon="5.25968"/>
            <trkpt lat="49.97716" lon="5.25958"/>
            <trkpt lat="49.97722" lon="5.25958"/>
            <trkpt lat="49.97728" lon="5.25959"/>
            <trkpt lat="49.97757" lon="5.25969"/>
            <trkpt lat="49.9779" lon="5.2598"/>
            <trkpt lat="49.9781" lon="5.25985"/>
            <trkpt lat="49.97817" lon="5.25984"/>
            <trkpt lat="49.97823" lon="5.25981"/>
            <trkpt lat="49.97828" lon="5.25975"/>
            <trkpt lat="49.97834" lon="5.25967"/>
            <trkpt lat="49.97837" lon="5.25959"/>
            <trkpt lat="49.97839" lon="5.25952"/>
            <trkpt lat="49.97846" lon="5.25891"/>
            <trkpt lat="49.97851" lon="5.25843"/>
            <trkpt lat="49.97857" lon="5.25803"/>
            <trkpt lat="49.9786" lon="5.25774"/>
            <trkpt lat="49.97863" lon="5.2576"/>
            <trkpt lat="49.97869" lon="5.25731"/>
            <trkpt lat="49.97875" lon="5.25716"/>
            <trkpt lat="49.97881" lon="5.25704"/>
            <trkpt lat="49.97883" lon="5.257"/>
            <trkpt lat="49.97891" lon="5.25687"/>
            <trkpt lat="49.97908" lon="5.25669"/>
            <trkpt lat="49.9792" lon="5.25661"/>
            <trkpt lat="49.97964" lon="5.25636"/>
            <trkpt lat="49.97977" lon="5.25629"/>
            <trkpt lat="49.97982" lon="5.25626"/>
            <trkpt lat="49.98005" lon="5.25615"/>
            <trkpt lat="49.98022" lon="5.25612"/>
            <trkpt lat="49.98038" lon="5.2561"/>
            <trkpt lat="49.98055" lon="5.25611"/>
            <trkpt lat="49.98077" lon="5.25612"/>
            <trkpt lat="49.98099" lon="5.25614"/>
            <trkpt lat="49.9815" lon="5.25618"/>
            <trkpt lat="49.9827" lon="5.25628"/>
            <trkpt lat="49.98291" lon="5.25626"/>
            <trkpt lat="49.98313" lon="5.25614"/>
            <trkpt lat="49.98327" lon="5.25603"/>
            <trkpt lat="49.98342" lon="5.25586"/>
            <trkpt lat="49.98358" lon="5.25561"/>
            <trkpt lat="49.98365" lon="5.25545"/>
            <trkpt lat="49.98383" lon="5.25497"/>
            <trkpt lat="49.98396" lon="5.25468"/>
            <trkpt lat="49.98403" lon="5.25457"/>
            <trkpt lat="49.98419" lon="5.25439"/>
            <trkpt lat="49.98429" lon="5.2543"/>
            <trkpt lat="49.98483" lon="5.25391"/>
            <trkpt lat="49.98495" lon="5.2538"/>
            <trkpt lat="49.98508" lon="5.25365"/>
            <trkpt lat="49.98523" lon="5.25341"/>
            <trkpt lat="49.9854" lon="5.25317"/>
            <trkpt lat="49.98567" lon="5.25294"/>
            <trkpt lat="49.98582" lon="5.25286"/>
            <trkpt lat="49.98698" lon="5.25252"/>
            <trkpt lat="49.98716" lon="5.25249"/>
            <trkpt lat="49.98731" lon="5.25249"/>
            <trkpt lat="49.98751" lon="5.25252"/>
            <trkpt lat="49.98779" lon="5.2526"/>
            <trkpt lat="49.98791" lon="5.25263"/>
            <trkpt lat="49.98817" lon="5.25268"/>
            <trkpt lat="49.98827" lon="5.25266"/>
            <trkpt lat="49.98839" lon="5.25263"/>
            <trkpt lat="49.98846" lon="5.2526"/>
            <trkpt lat="49.98865" lon="5.25247"/>
            <trkpt lat="49.98882" lon="5.25229"/>
            <trkpt lat="49.98937" lon="5.25164"/>
            <trkpt lat="49.98947" lon="5.25167"/>
            <trkpt lat="49.98971" lon="5.25166"/>
            <trkpt lat="49.99137" lon="5.25146"/>
            <trkpt lat="49.9914" lon="5.25146"/>
            <trkpt lat="49.99174" lon="5.2514"/>
            <trkpt lat="49.99184" lon="5.25141"/>
            <trkpt lat="49.99215" lon="5.25145"/>
            <trkpt lat="49.99218" lon="5.25146"/>
            <trkpt lat="49.99244" lon="5.25156"/>
            <trkpt lat="49.99288" lon="5.25175"/>
            <trkpt lat="49.99338" lon="5.25201"/>
            <trkpt lat="49.99389" lon="5.2524"/>
            <trkpt lat="49.99435" lon="5.2526"/>
            <trkpt lat="49.99598" lon="5.25325"/>
            <trkpt lat="49.99652" lon="5.25351"/>
            <trkpt lat="49.99686" lon="5.25371"/>
            <trkpt lat="49.99844" lon="5.25465"/>
            <trkpt lat="49.99913" lon="5.25505"/>
            <trkpt lat="49.99981" lon="5.25551"/>
            <trkpt lat="50.00029" lon="5.25583"/>
            <trkpt lat="50.00091" lon="5.25619"/>
            <trkpt lat="50.00596" lon="5.25886"/>
            <trkpt lat="50.00673" lon="5.25926"/>
            <trkpt lat="50.00711" lon="5.25944"/>
            <trkpt lat="50.00746" lon="5.25964"/>
            <trkpt lat="50.00801" lon="5.26002"/>
            <trkpt lat="50.0086" lon="5.26047"/>
            <trkpt lat="50.00886" lon="5.26072"/>
            <trkpt lat="50.00903" lon="5.26092"/>
            <trkpt lat="50.0095" lon="5.26161"/>
            <trkpt lat="50.00977" lon="5.26193"/>
            <trkpt lat="50.00984" lon="5.26202"/>
            <trkpt lat="50.0109" lon="5.26316"/>
            <trkpt lat="50.01121" lon="5.26354"/>
            <trkpt lat="50.01148" lon="5.26385"/>
            <trkpt lat="50.01161" lon="5.26399"/>
            <trkpt lat="50.01178" lon="5.26422"/>
            <trkpt lat="50.01296" lon="5.2656"/>
            <trkpt lat="50.01319" lon="5.26587"/>
            <trkpt lat="50.0135" lon="5.26618"/>
            <trkpt lat="50.01367" lon="5.26633"/>
            <trkpt lat="50.01384" lon="5.26644"/>
            <trkpt lat="50.01396" lon="5.26652"/>
            <trkpt lat="50.01565" lon="5.26725"/>
            <trkpt lat="50.01615" lon="5.26746"/>
            <trkpt lat="50.01633" lon="5.26756"/>
            <trkpt lat="50.01699" lon="5.2679"/>
            <trkpt lat="50.01725" lon="5.26798"/>
            <trkpt lat="50.01738" lon="5.26799"/>
            <trkpt lat="50.01752" lon="5.26798"/>
            <trkpt lat="50.01767" lon="5.26791"/>
            <trkpt lat="50.01791" lon="5.2677"/>
            <trkpt lat="50.01817" lon="5.26742"/>
            <trkpt lat="50.01841" lon="5.26713"/>
            <trkpt lat="50.01846" lon="5.26703"/>
            <trkpt lat="50.0185" lon="5.26694"/>
            <trkpt lat="50.01853" lon="5.26684"/>
            <trkpt lat="50.01855" lon="5.26669"/>
            <trkpt lat="50.01858" lon="5.26631"/>
            <trkpt lat="50.0186" lon="5.26616"/>
            <trkpt lat="50.01857" lon="5.26584"/>
            <trkpt lat="50.01868" lon="5.26585"/>
            <trkpt lat="50.01871" lon="5.26583"/>
            <trkpt lat="50.0188" lon="5.26578"/>
            <trkpt lat="50.01903" lon="5.26571"/>
            <trkpt lat="50.01945" lon="5.26565"/>
            <trkpt lat="50.01986" lon="5.26552"/>
            <trkpt lat="50.02017" lon="5.26545"/>
            <trkpt lat="50.02055" lon="5.26534"/>
            <trkpt lat="50.02094" lon="5.26529"/>
            <trkpt lat="50.02116" lon="5.26527"/>
            <trkpt lat="50.02125" lon="5.26522"/>
            <trkpt lat="50.02139" lon="5.26511"/>
            <trkpt lat="50.02178" lon="5.26465"/>
            <trkpt lat="50.02219" lon="5.26404"/>
            <trkpt lat="50.02274" lon="5.26321"/>
            <trkpt lat="50.0228" lon="5.26316"/>
            <trkpt lat="50.02288" lon="5.26312"/>
            <trkpt lat="50.02328" lon="5.26303"/>
            <trkpt lat="50.02361" lon="5.263"/>
            <trkpt lat="50.02381" lon="5.26296"/>
            <trkpt lat="50.02392" lon="5.26291"/>
            <trkpt lat="50.02587" lon="5.2622"/>
            <trkpt lat="50.02599" lon="5.26213"/>
            <trkpt lat="50.02609" lon="5.26204"/>
            <trkpt lat="50.0262" lon="5.26193"/>
            <trkpt lat="50.02693" lon="5.26097"/>
            <trkpt lat="50.02694" lon="5.26072"/>
            <trkpt lat="50.02695" lon="5.26061"/>
            <trkpt lat="50.02696" lon="5.26049"/>
            <trkpt lat="50.02696" lon="5.25976"/>
            <trkpt lat="50.02697" lon="5.25964"/>
            <trkpt lat="50.027" lon="5.2595"/>
            <trkpt lat="50.02709" lon="5.25895"/>
            <trkpt lat="50.02712" lon="5.2587"/>
            <trkpt lat="50.02723" lon="5.25805"/>
            <trkpt lat="50.02727" lon="5.25792"/>
            <trkpt lat="50.02758" lon="5.25718"/>
            <trkpt lat="50.02782" lon="5.25667"/>
            <trkpt lat="50.02846" lon="5.25558"/>
            <trkpt lat="50.02854" lon="5.2553"/>
            <trkpt lat="50.02877" lon="5.25449"/>
            <trkpt lat="50.02897" lon="5.25399"/>
            <trkpt lat="50.02904" lon="5.25386"/>
            <trkpt lat="50.02947" lon="5.25327"/>
            <trkpt lat="50.02962" lon="5.253"/>
            <trkpt lat="50.02993" lon="5.2523"/>
            <trkpt lat="50.03011" lon="5.25203"/>
            <trkpt lat="50.03021" lon="5.25191"/>
            <trkpt lat="50.03043" lon="5.25173"/>
            <trkpt lat="50.03063" lon="5.25162"/>
            <trkpt lat="50.03087" lon="5.25157"/>
            <trkpt lat="50.03107" lon="5.25158"/>
            <trkpt lat="50.03142" lon="5.25166"/>
            <trkpt lat="50.03174" lon="5.2518"/>
            <trkpt lat="50.03238" lon="5.25208"/>
            <trkpt lat="50.03255" lon="5.25213"/>
            <trkpt lat="50.03285" lon="5.25215"/>
            <trkpt lat="50.03295" lon="5.25214"/>
            <trkpt lat="50.03321" lon="5.25204"/>
            <trkpt lat="50.034" lon="5.25163"/>
            <trkpt lat="50.03412" lon="5.25159"/>
            <trkpt lat="50.03424" lon="5.25157"/>
            <trkpt lat="50.03437" lon="5.25158"/>
            <trkpt lat="50.03482" lon="5.25171"/>
            <trkpt lat="50.03504" lon="5.25182"/>
            <trkpt lat="50.03514" lon="5.25191"/>
            <trkpt lat="50.03548" lon="5.25225"/>
            <trkpt lat="50.03558" lon="5.25233"/>
            <trkpt lat="50.03572" lon="5.25241"/>
            <trkpt lat="50.03604" lon="5.2525"/>
            <trkpt lat="50.03627" lon="5.25254"/>
            <trkpt lat="50.03665" lon="5.25253"/>
            <trkpt lat="50.03696" lon="5.25246"/>
            <trkpt lat="50.03729" lon="5.2523"/>
            <trkpt lat="50.0374" lon="5.2523"/>
            <trkpt lat="50.03754" lon="5.25235"/>
            <trkpt lat="50.03777" lon="5.25249"/>
            <trkpt lat="50.03783" lon="5.25252"/>
            <trkpt lat="50.03798" lon="5.25255"/>
            <trkpt lat="50.03851" lon="5.25247"/>
            <trkpt lat="50.03875" lon="5.25246"/>
            <trkpt lat="50.03902" lon="5.25253"/>
            <trkpt lat="50.03949" lon="5.25271"/>
            <trkpt lat="50.03969" lon="5.25284"/>
            <trkpt lat="50.03978" lon="5.25292"/>
            <trkpt lat="50.04045" lon="5.25366"/>
            <trkpt lat="50.04078" lon="5.25403"/>
            <trkpt lat="50.04087" lon="5.25412"/>
            <trkpt lat="50.04113" lon="5.2543"/>
            <trkpt lat="50.04138" lon="5.2544"/>
            <trkpt lat="50.04159" lon="5.25442"/>
            <trkpt lat="50.04173" lon="5.25439"/>
            <trkpt lat="50.04193" lon="5.25428"/>
            <trkpt lat="50.04203" lon="5.2542"/>
            <trkpt lat="50.04242" lon="5.25395"/>
            <trkpt lat="50.04252" lon="5.25392"/>
            <trkpt lat="50.04262" lon="5.25392"/>
            <trkpt lat="50.04273" lon="5.25392"/>
            <trkpt lat="50.04289" lon="5.25399"/>
            <trkpt lat="50.04298" lon="5.25405"/>
            <trkpt lat="50.04304" lon="5.25409"/>
            <trkpt lat="50.04314" lon="5.25418"/>
            <trkpt lat="50.04324" lon="5.25431"/>
            <trkpt lat="50.0434" lon="5.2546"/>
            <trkpt lat="50.04356" lon="5.25497"/>
            <trkpt lat="50.04363" lon="5.25518"/>
            <trkpt lat="50.04363" lon="5.25521"/>
            <trkpt lat="50.04367" lon="5.25539"/>
            <trkpt lat="50.04373" lon="5.25585"/>
            <trkpt lat="50.04374" lon="5.25708"/>
            <trkpt lat="50.04378" lon="5.25772"/>
            <trkpt lat="50.0439" lon="5.25912"/>
            <trkpt lat="50.04392" lon="5.25923"/>
            <trkpt lat="50.04399" lon="5.25942"/>
            <trkpt lat="50.04407" lon="5.25954"/>
            <trkpt lat="50.0442" lon="5.2597"/>
            <trkpt lat="50.04447" lon="5.25996"/>
            <trkpt lat="50.04461" lon="5.26006"/>
            <trkpt lat="50.04475" lon="5.26013"/>
            <trkpt lat="50.04477" lon="5.26014"/>
            <trkpt lat="50.04494" lon="5.26017"/>
            <trkpt lat="50.04512" lon="5.26017"/>
            <trkpt lat="50.04517" lon="5.26017"/>
            <trkpt lat="50.0454" lon="5.26014"/>
            <trkpt lat="50.04576" lon="5.26008"/>
            <trkpt lat="50.04611" lon="5.26006"/>
            <trkpt lat="50.04639" lon="5.2601"/>
            <trkpt lat="50.0467" lon="5.26019"/>
            <trkpt lat="50.04697" lon="5.26029"/>
            <trkpt lat="50.04727" lon="5.26042"/>
            <trkpt lat="50.04745" lon="5.26053"/>
            <trkpt lat="50.0477" lon="5.26075"/>
            <trkpt lat="50.04786" lon="5.2609"/>
            <trkpt lat="50.04811" lon="5.2612"/>
            <trkpt lat="50.04823" lon="5.26128"/>
            <trkpt lat="50.04832" lon="5.26131"/>
            <trkpt lat="50.04841" lon="5.26131"/>
            <trkpt lat="50.04854" lon="5.26125"/>
            <trkpt lat="50.04856" lon="5.26124"/>
            <trkpt lat="50.04863" lon="5.26117"/>
            <trkpt lat="50.04868" lon="5.26108"/>
            <trkpt lat="50.04872" lon="5.26101"/>
            <trkpt lat="50.04878" lon="5.26084"/>
            <trkpt lat="50.04886" lon="5.26042"/>
            <trkpt lat="50.0489" lon="5.2601"/>
            <trkpt lat="50.04903" lon="5.25836"/>
            <trkpt lat="50.04904" lon="5.25791"/>
            <trkpt lat="50.04897" lon="5.25611"/>
            <trkpt lat="50.04898" lon="5.25586"/>
            <trkpt lat="50.04911" lon="5.255"/>
            <trkpt lat="50.04931" lon="5.25381"/>
            <trkpt lat="50.04962" lon="5.2525"/>
            <trkpt lat="50.04991" lon="5.25171"/>
            <trkpt lat="50.05004" lon="5.25151"/>
            <trkpt lat="50.05008" lon="5.25146"/>
            <trkpt lat="50.05015" lon="5.2514"/>
            <trkpt lat="50.05022" lon="5.25135"/>
            <trkpt lat="50.05029" lon="5.25134"/>
            <trkpt lat="50.05037" lon="5.25133"/>
            <trkpt lat="50.05102" lon="5.25138"/>
            <trkpt lat="50.05163" lon="5.25137"/>
            <trkpt lat="50.05194" lon="5.25142"/>
            <trkpt lat="50.05205" lon="5.25146"/>
            <trkpt lat="50.05209" lon="5.25148"/>
            <trkpt lat="50.05237" lon="5.25163"/>
            <trkpt lat="50.05255" lon="5.2517"/>
            <trkpt lat="50.05339" lon="5.25183"/>
            <trkpt lat="50.05349" lon="5.25187"/>
            <trkpt lat="50.05354" lon="5.2519"/>
            <trkpt lat="50.05358" lon="5.252"/>
            <trkpt lat="50.05368" lon="5.25245"/>
            <trkpt lat="50.05371" lon="5.25249"/>
            <trkpt lat="50.05379" lon="5.25263"/>
            <trkpt lat="50.0538" lon="5.25265"/>
            <trkpt lat="50.05382" lon="5.25269"/>
            <trkpt lat="50.05396" lon="5.25298"/>
            <trkpt lat="50.05409" lon="5.2533"/>
            <trkpt lat="50.05414" lon="5.25348"/>
            <trkpt lat="50.05416" lon="5.25373"/>
            <trkpt lat="50.05415" lon="5.25399"/>
            <trkpt lat="50.05415" lon="5.25411"/>
            <trkpt lat="50.05417" lon="5.25422"/>
            <trkpt lat="50.05427" lon="5.25455"/>
            <trkpt lat="50.05434" lon="5.25475"/>
            <trkpt lat="50.05442" lon="5.25492"/>
            <trkpt lat="50.05452" lon="5.25507"/>
            <trkpt lat="50.05494" lon="5.25564"/>
            <trkpt lat="50.05521" lon="5.25595"/>
            <trkpt lat="50.0555" lon="5.25641"/>
            <trkpt lat="50.05586" lon="5.25703"/>
            <trkpt lat="50.05615" lon="5.25745"/>
            <trkpt lat="50.05641" lon="5.25768"/>
            <trkpt lat="50.05693" lon="5.25821"/>
            <trkpt lat="50.05697" lon="5.25827"/>
            <trkpt lat="50.057" lon="5.25832"/>
            <trkpt lat="50.05705" lon="5.25843"/>
            <trkpt lat="50.05706" lon="5.25849"/>
            <trkpt lat="50.05706" lon="5.25858"/>
            <trkpt lat="50.05706" lon="5.25859"/>
            <trkpt lat="50.05705" lon="5.25866"/>
            <trkpt lat="50.05702" lon="5.25879"/>
            <trkpt lat="50.05687" lon="5.25906"/>
            <trkpt lat="50.05681" lon="5.25921"/>
            <trkpt lat="50.05676" lon="5.25936"/>
            <trkpt lat="50.05672" lon="5.25968"/>
            <trkpt lat="50.05667" lon="5.26012"/>
            <trkpt lat="50.05659" lon="5.26047"/>
            <trkpt lat="50.05649" lon="5.2608"/>
            <trkpt lat="50.05643" lon="5.26098"/>
            <trkpt lat="50.0563" lon="5.26121"/>
            <trkpt lat="50.05623" lon="5.26134"/>
            <trkpt lat="50.0561" lon="5.26146"/>
            <trkpt lat="50.05589" lon="5.26163"/>
            <trkpt lat="50.05587" lon="5.26164"/>
            <trkpt lat="50.05585" lon="5.26169"/>
            <trkpt lat="50.05584" lon="5.26171"/>
            <trkpt lat="50.05584" lon="5.26179"/>
            <trkpt lat="50.05587" lon="5.26199"/>
            <trkpt lat="50.05614" lon="5.26331"/>
            <trkpt lat="50.05617" lon="5.26338"/>
            <trkpt lat="50.0562" lon="5.26345"/>
            <trkpt lat="50.05632" lon="5.2636"/>
            <trkpt lat="50.05659" lon="5.26389"/>
            <trkpt lat="50.05675" lon="5.26406"/>
            <trkpt lat="50.05703" lon="5.26433"/>
            <trkpt lat="50.05805" lon="5.26534"/>
            <trkpt lat="50.05828" lon="5.26559"/>
            <trkpt lat="50.05853" lon="5.26593"/>
            <trkpt lat="50.05962" lon="5.26743"/>
            <trkpt lat="50.06012" lon="5.26817"/>
            <trkpt lat="50.06034" lon="5.26853"/>
            <trkpt lat="50.06062" lon="5.26906"/>
            <trkpt lat="50.06091" lon="5.26966"/>
            <trkpt lat="50.061" lon="5.26987"/>
            <trkpt lat="50.06118" lon="5.27032"/>
            <trkpt lat="50.06144" lon="5.27114"/>
            <trkpt lat="50.06161" lon="5.27178"/>
            <trkpt lat="50.06181" lon="5.27269"/>
            <trkpt lat="50.06187" lon="5.27305"/>
            <trkpt lat="50.06189" lon="5.27322"/>
            <trkpt lat="50.06189" lon="5.27344"/>
            <trkpt lat="50.06189" lon="5.27357"/>
            <trkpt lat="50.06189" lon="5.27377"/>
            <trkpt lat="50.06185" lon="5.2743"/>
            <trkpt lat="50.06186" lon="5.27471"/>
            <trkpt lat="50.06188" lon="5.27493"/>
            <trkpt lat="50.06196" lon="5.27544"/>
            <trkpt lat="50.06261" lon="5.27938"/>
            <trkpt lat="50.06267" lon="5.27961"/>
            <trkpt lat="50.0628" lon="5.28001"/>
            <trkpt lat="50.06298" lon="5.28043"/>
            <trkpt lat="50.06353" lon="5.28156"/>
            <trkpt lat="50.06377" lon="5.28203"/>
            <trkpt lat="50.06396" lon="5.28232"/>
            <trkpt lat="50.06409" lon="5.28246"/>
            <trkpt lat="50.06435" lon="5.28269"/>
            <trkpt lat="50.06463" lon="5.28288"/>
            <trkpt lat="50.06495" lon="5.28306"/>
            <trkpt lat="50.06523" lon="5.28318"/>
            <trkpt lat="50.06555" lon="5.28325"/>
            <trkpt lat="50.06629" lon="5.28328"/>
            <trkpt lat="50.06656" lon="5.28337"/>
            <trkpt lat="50.06664" lon="5.28343"/>
            <trkpt lat="50.06682" lon="5.2836"/>
            <trkpt lat="50.06733" lon="5.28418"/>
            <trkpt lat="50.0679" lon="5.28495"/>
            <trkpt lat="50.06794" lon="5.28501"/>
            <trkpt lat="50.06797" lon="5.28509"/>
            <trkpt lat="50.06816" lon="5.28582"/>
            <trkpt lat="50.06826" lon="5.28608"/>
            <trkpt lat="50.06838" lon="5.28635"/>
            <trkpt lat="50.06882" lon="5.28708"/>
            <trkpt lat="50.06921" lon="5.2878"/>
            <trkpt lat="50.06942" lon="5.28825"/>
            <trkpt lat="50.06964" lon="5.28881"/>
            <trkpt lat="50.06968" lon="5.28898"/>
            <trkpt lat="50.06976" lon="5.28941"/>
            <trkpt lat="50.06989" lon="5.29032"/>
            <trkpt lat="50.06998" lon="5.29086"/>
            <trkpt lat="50.07016" lon="5.29167"/>
            <trkpt lat="50.07026" lon="5.2922"/>
            <trkpt lat="50.07037" lon="5.29289"/>
            <trkpt lat="50.0704" lon="5.29303"/>
            <trkpt lat="50.07056" lon="5.29302"/>
            <trkpt lat="50.07066" lon="5.29303"/>
            <trkpt lat="50.07073" lon="5.29306"/>
            <trkpt lat="50.07122" lon="5.29329"/>
            <trkpt lat="50.0715" lon="5.29348"/>
            <trkpt lat="50.07178" lon="5.29374"/>
            <trkpt lat="50.07246" lon="5.29459"/>
            <trkpt lat="50.07258" lon="5.29472"/>
            <trkpt lat="50.0729" lon="5.29499"/>
            <trkpt lat="50.07308" lon="5.29513"/>
            <trkpt lat="50.07336" lon="5.2953"/>
            <trkpt lat="50.07359" lon="5.29541"/>
            <trkpt lat="50.07359" lon="5.29541"/>
            <trkpt lat="50.07402" lon="5.29558"/>
            <trkpt lat="50.07481" lon="5.29578"/>
            <trkpt lat="50.07568" lon="5.29593"/>
            <trkpt lat="50.07643" lon="5.29606"/>
            <trkpt lat="50.07692" lon="5.29616"/>
            <trkpt lat="50.07705" lon="5.29622"/>
            <trkpt lat="50.07868" lon="5.29751"/>
            <trkpt lat="50.07933" lon="5.29801"/>
            <trkpt lat="50.07975" lon="5.29825"/>
            <trkpt lat="50.07989" lon="5.29831"/>
            <trkpt lat="50.08019" lon="5.29838"/>
            <trkpt lat="50.08048" lon="5.2984"/>
            <trkpt lat="50.08082" lon="5.29833"/>
            <trkpt lat="50.0811" lon="5.29824"/>
            <trkpt lat="50.08144" lon="5.29808"/>
            <trkpt lat="50.0817" lon="5.29791"/>
            <trkpt lat="50.08332" lon="5.29656"/>
            <trkpt lat="50.08357" lon="5.29642"/>
            <trkpt lat="50.08396" lon="5.29634"/>
            <trkpt lat="50.08408" lon="5.29635"/>
            <trkpt lat="50.08477" lon="5.29653"/>
            <trkpt lat="50.08491" lon="5.29654"/>
            <trkpt lat="50.0858" lon="5.29638"/>
            <trkpt lat="50.0859" lon="5.29633"/>
            <trkpt lat="50.08608" lon="5.2962"/>
            <trkpt lat="50.08621" lon="5.29608"/>
            <trkpt lat="50.08666" lon="5.29561"/>
            <trkpt lat="50.08679" lon="5.29541"/>
            <trkpt lat="50.08695" lon="5.29515"/>
            <trkpt lat="50.08707" lon="5.29493"/>
            <trkpt lat="50.08717" lon="5.2947"/>
            <trkpt lat="50.08734" lon="5.29421"/>
            <trkpt lat="50.08741" lon="5.29392"/>
            <trkpt lat="50.0875" lon="5.29354"/>
            <trkpt lat="50.08755" lon="5.2932"/>
            <trkpt lat="50.08758" lon="5.29288"/>
            <trkpt lat="50.08759" lon="5.29263"/>
            <trkpt lat="50.08758" lon="5.2924"/>
            <trkpt lat="50.08757" lon="5.29225"/>
            <trkpt lat="50.08754" lon="5.29208"/>
            <trkpt lat="50.08744" lon="5.29166"/>
            <trkpt lat="50.08724" lon="5.29106"/>
            <trkpt lat="50.08722" lon="5.29094"/>
            <trkpt lat="50.08721" lon="5.29072"/>
            <trkpt lat="50.08722" lon="5.29055"/>
            <trkpt lat="50.08732" lon="5.29015"/>
            <trkpt lat="50.08742" lon="5.28995"/>
            <trkpt lat="50.08754" lon="5.28971"/>
            <trkpt lat="50.08783" lon="5.28927"/>
            <trkpt lat="50.08798" lon="5.28908"/>
            <trkpt lat="50.08812" lon="5.28894"/>
            <trkpt lat="50.08829" lon="5.28872"/>
            <trkpt lat="50.0883" lon="5.28871"/>
            <trkpt lat="50.08842" lon="5.28852"/>
            <trkpt lat="50.08859" lon="5.28821"/>
            <trkpt lat="50.08863" lon="5.2881"/>
            <trkpt lat="50.08868" lon="5.2879"/>
            <trkpt lat="50.08872" lon="5.28754"/>
            <trkpt lat="50.08886" lon="5.28634"/>
            <trkpt lat="50.0889" lon="5.28608"/>
            <trkpt lat="50.08896" lon="5.28589"/>
            <trkpt lat="50.08901" lon="5.28571"/>
            <trkpt lat="50.08913" lon="5.28539"/>
            <trkpt lat="50.08921" lon="5.28528"/>
            <trkpt lat="50.08963" lon="5.28473"/>
            <trkpt lat="50.08987" lon="5.2844"/>
            <trkpt lat="50.09001" lon="5.28421"/>
            <trkpt lat="50.09043" lon="5.28365"/>
            <trkpt lat="50.09057" lon="5.2834"/>
            <trkpt lat="50.0907" lon="5.2831"/>
            <trkpt lat="50.09125" lon="5.2814"/>
            <trkpt lat="50.09129" lon="5.28129"/>
            <trkpt lat="50.09135" lon="5.28112"/>
            <trkpt lat="50.09161" lon="5.28033"/>
            <trkpt lat="50.09168" lon="5.28013"/>
            <trkpt lat="50.09195" lon="5.27959"/>
            <trkpt lat="50.09199" lon="5.27949"/>
            <trkpt lat="50.09201" lon="5.27942"/>
            <trkpt lat="50.09202" lon="5.27935"/>
            <trkpt lat="50.09202" lon="5.27885"/>
            <trkpt lat="50.09203" lon="5.27862"/>
            <trkpt lat="50.09203" lon="5.27853"/>
            <trkpt lat="50.09205" lon="5.27843"/>
            <trkpt lat="50.09211" lon="5.27827"/>
            <trkpt lat="50.09217" lon="5.27815"/>
            <trkpt lat="50.09228" lon="5.27796"/>
            <trkpt lat="50.09233" lon="5.2779"/>
            <trkpt lat="50.0924" lon="5.27782"/>
            <trkpt lat="50.09245" lon="5.27776"/>
            <trkpt lat="50.09264" lon="5.27754"/>
            <trkpt lat="50.0933" lon="5.27674"/>
            <trkpt lat="50.09386" lon="5.27614"/>
            <trkpt lat="50.09389" lon="5.27612"/>
            <trkpt lat="50.09392" lon="5.27618"/>
            <trkpt lat="50.09394" lon="5.27619"/>
            <trkpt lat="50.09395" lon="5.2762"/>
            <trkpt lat="50.09397" lon="5.27621"/>
            <trkpt lat="50.09398" lon="5.27621"/>
            <trkpt lat="50.094" lon="5.27621"/>
            <trkpt lat="50.09401" lon="5.27621"/>
            <trkpt lat="50.09404" lon="5.2762"/>
            <trkpt lat="50.09407" lon="5.27618"/>
            <trkpt lat="50.09409" lon="5.27615"/>
            <trkpt lat="50.09411" lon="5.27612"/>
            <trkpt lat="50.09412" lon="5.27607"/>
            <trkpt lat="50.09413" lon="5.27603"/>
            <trkpt lat="50.09413" lon="5.276"/>
            <trkpt lat="50.09412" lon="5.27596"/>
            <trkpt lat="50.09411" lon="5.27593"/>
            <trkpt lat="50.0941" lon="5.27591"/>
            <trkpt lat="50.09409" lon="5.27589"/>
            <trkpt lat="50.09413" lon="5.27582"/>
            <trkpt lat="50.0942" lon="5.27574"/>
            <trkpt lat="50.09448" lon="5.27535"/>
            <trkpt lat="50.09456" lon="5.27522"/>
            <trkpt lat="50.09461" lon="5.2751"/>
            <trkpt lat="50.09479" lon="5.27432"/>
            <trkpt lat="50.09487" lon="5.27384"/>
            <trkpt lat="50.09496" lon="5.27344"/>
            <trkpt lat="50.09526" lon="5.2721"/>
            <trkpt lat="50.09569" lon="5.27006"/>
            <trkpt lat="50.09593" lon="5.26899"/>
            <trkpt lat="50.0961" lon="5.26811"/>
            <trkpt lat="50.09615" lon="5.26795"/>
            <trkpt lat="50.09621" lon="5.2678"/>
            <trkpt lat="50.09628" lon="5.2677"/>
            <trkpt lat="50.09633" lon="5.26763"/>
            <trkpt lat="50.09638" lon="5.26758"/>
            <trkpt lat="50.09648" lon="5.26748"/>
            <trkpt lat="50.09651" lon="5.26747"/>
            <trkpt lat="50.09674" lon="5.26734"/>
            <trkpt lat="50.09742" lon="5.2671"/>
            <trkpt lat="50.09766" lon="5.26703"/>
            <trkpt lat="50.09783" lon="5.26698"/>
            <trkpt lat="50.09795" lon="5.26766"/>
            <trkpt lat="50.09801" lon="5.26793"/>
            <trkpt lat="50.09811" lon="5.26827"/>
            <trkpt lat="50.09834" lon="5.26873"/>
            <trkpt lat="50.0985" lon="5.26897"/>
            <trkpt lat="50.09875" lon="5.26931"/>
            <trkpt lat="50.09887" lon="5.26941"/>
            <trkpt lat="50.09906" lon="5.26952"/>
            <trkpt lat="50.0995" lon="5.26968"/>
            <trkpt lat="50.09978" lon="5.26974"/>
            <trkpt lat="50.10013" lon="5.26976"/>
            <trkpt lat="50.10033" lon="5.26978"/>
            <trkpt lat="50.10054" lon="5.26977"/>
            <trkpt lat="50.1016" lon="5.26962"/>
            <trkpt lat="50.10416" lon="5.26958"/>
            <trkpt lat="50.10449" lon="5.26953"/>
            <trkpt lat="50.1047" lon="5.26949"/>
            <trkpt lat="50.10484" lon="5.26945"/>
            <trkpt lat="50.10512" lon="5.26948"/>
            <trkpt lat="50.10539" lon="5.26957"/>
            <trkpt lat="50.10545" lon="5.26961"/>
            <trkpt lat="50.10552" lon="5.26966"/>
            <trkpt lat="50.10557" lon="5.26973"/>
            <trkpt lat="50.10602" lon="5.27049"/>
            <trkpt lat="50.10608" lon="5.2706"/>
            <trkpt lat="50.10616" lon="5.27082"/>
            <trkpt lat="50.10738" lon="5.27344"/>
            <trkpt lat="50.10796" lon="5.27468"/>
            <trkpt lat="50.1092" lon="5.27734"/>
            <trkpt lat="50.10932" lon="5.27753"/>
            <trkpt lat="50.10944" lon="5.27771"/>
            <trkpt lat="50.10964" lon="5.2779"/>
            <trkpt lat="50.10978" lon="5.27798"/>
            <trkpt lat="50.10989" lon="5.27802"/>
            <trkpt lat="50.11015" lon="5.27802"/>
            <trkpt lat="50.11142" lon="5.27805"/>
            <trkpt lat="50.1116" lon="5.27812"/>
            <trkpt lat="50.11165" lon="5.27815"/>
            <trkpt lat="50.11173" lon="5.27823"/>
            <trkpt lat="50.11182" lon="5.27836"/>
            <trkpt lat="50.1119" lon="5.27848"/>
            <trkpt lat="50.11195" lon="5.27862"/>
            <trkpt lat="50.11197" lon="5.27869"/>
            <trkpt lat="50.11199" lon="5.27879"/>
            <trkpt lat="50.112" lon="5.27886"/>
            <trkpt lat="50.1122" lon="5.27896"/>
            <trkpt lat="50.11267" lon="5.27911"/>
            <trkpt lat="50.11306" lon="5.27927"/>
            <trkpt lat="50.11359" lon="5.27953"/>
            <trkpt lat="50.11374" lon="5.27962"/>
            <trkpt lat="50.1141" lon="5.27995"/>
            <trkpt lat="50.11425" lon="5.28005"/>
            <trkpt lat="50.11465" lon="5.28029"/>
            <trkpt lat="50.11568" lon="5.28082"/>
            <trkpt lat="50.11572" lon="5.28084"/>
            <trkpt lat="50.11605" lon="5.28097"/>
            <trkpt lat="50.11627" lon="5.28104"/>
            <trkpt lat="50.11685" lon="5.28119"/>
            <trkpt lat="50.11747" lon="5.28135"/>
            <trkpt lat="50.11777" lon="5.28138"/>
            <trkpt lat="50.1179" lon="5.28136"/>
            <trkpt lat="50.11807" lon="5.28129"/>
            <trkpt lat="50.11834" lon="5.28108"/>
            <trkpt lat="50.11844" lon="5.28095"/>
            <trkpt lat="50.11869" lon="5.28049"/>
            <trkpt lat="50.11885" lon="5.28023"/>
            <trkpt lat="50.11894" lon="5.28013"/>
            <trkpt lat="50.11907" lon="5.28001"/>
            <trkpt lat="50.11914" lon="5.27997"/>
            <trkpt lat="50.11928" lon="5.27996"/>
            <trkpt lat="50.11952" lon="5.27997"/>
            <trkpt lat="50.11963" lon="5.27998"/>
            <trkpt lat="50.11985" lon="5.28001"/>
            <trkpt lat="50.11989" lon="5.28001"/>
            <trkpt lat="50.12016" lon="5.28009"/>
            <trkpt lat="50.12056" lon="5.28032"/>
            <trkpt lat="50.12073" lon="5.28045"/>
            <trkpt lat="50.12122" lon="5.2809"/>
            <trkpt lat="50.12147" lon="5.28109"/>
            <trkpt lat="50.12244" lon="5.28165"/>
            <trkpt lat="50.12267" lon="5.28179"/>
            <trkpt lat="50.1228" lon="5.28189"/>
            <trkpt lat="50.12314" lon="5.28221"/>
            <trkpt lat="50.12348" lon="5.28256"/>
            <trkpt lat="50.12372" lon="5.28284"/>
            <trkpt lat="50.12383" lon="5.28294"/>
            <trkpt lat="50.12396" lon="5.28303"/>
            <trkpt lat="50.12436" lon="5.2832"/>
            <trkpt lat="50.1246" lon="5.28327"/>
            <trkpt lat="50.12469" lon="5.28328"/>
            <trkpt lat="50.12477" lon="5.28328"/>
            <trkpt lat="50.12484" lon="5.28325"/>
            <trkpt lat="50.12508" lon="5.28314"/>
            <trkpt lat="50.12516" lon="5.28309"/>
            <trkpt lat="50.1253" lon="5.28303"/>
            <trkpt lat="50.12538" lon="5.28299"/>
            <trkpt lat="50.12562" lon="5.28292"/>
            <trkpt lat="50.12576" lon="5.28285"/>
            <trkpt lat="50.12587" lon="5.28272"/>
            <trkpt lat="50.12616" lon="5.28229"/>
            <trkpt lat="50.12628" lon="5.28209"/>
            <trkpt lat="50.12639" lon="5.28194"/>
            <trkpt lat="50.12786" lon="5.27976"/>
            <trkpt lat="50.12834" lon="5.279"/>
            <trkpt lat="50.12844" lon="5.27879"/>
            <trkpt lat="50.12879" lon="5.27817"/>
            <trkpt lat="50.12906" lon="5.27777"/>
            <trkpt lat="50.12939" lon="5.27735"/>
            <trkpt lat="50.13002" lon="5.27655"/>
            <trkpt lat="50.13022" lon="5.27636"/>
            <trkpt lat="50.13051" lon="5.27617"/>
            <trkpt lat="50.13067" lon="5.27607"/>
            <trkpt lat="50.13086" lon="5.27598"/>
            <trkpt lat="50.13099" lon="5.27599"/>
            <trkpt lat="50.13115" lon="5.27609"/>
            <trkpt lat="50.13107" lon="5.27629"/>
            <trkpt lat="50.13102" lon="5.27645"/>
            <trkpt lat="50.13099" lon="5.27664"/>
            <trkpt lat="50.13098" lon="5.27706"/>
            <trkpt lat="50.13098" lon="5.27714"/>
            <trkpt lat="50.131" lon="5.27726"/>
            <trkpt lat="50.13104" lon="5.27739"/>
            <trkpt lat="50.1311" lon="5.27751"/>
            <trkpt lat="50.13118" lon="5.27759"/>
            <trkpt lat="50.13127" lon="5.27764"/>
            <trkpt lat="50.13134" lon="5.27764"/>
            <trkpt lat="50.13143" lon="5.27762"/>
            <trkpt lat="50.13154" lon="5.27755"/>
            <trkpt lat="50.13177" lon="5.27728"/>
            <trkpt lat="50.13194" lon="5.27713"/>
            <trkpt lat="50.13216" lon="5.27704"/>
            <trkpt lat="50.13228" lon="5.27702"/>
            <trkpt lat="50.1324" lon="5.27701"/>
            <trkpt lat="50.13259" lon="5.27706"/>
            <trkpt lat="50.13265" lon="5.27709"/>
            <trkpt lat="50.13281" lon="5.27721"/>
            <trkpt lat="50.13288" lon="5.27736"/>
            <trkpt lat="50.13294" lon="5.27751"/>
            <trkpt lat="50.13301" lon="5.27776"/>
            <trkpt lat="50.13337" lon="5.27901"/>
            <trkpt lat="50.1334" lon="5.2791"/>
            <trkpt lat="50.13341" lon="5.27914"/>
            <trkpt lat="50.1335" lon="5.27939"/>
            <trkpt lat="50.13369" lon="5.28021"/>
            <trkpt lat="50.1337" lon="5.28025"/>
            <trkpt lat="50.1338" lon="5.28087"/>
            <trkpt lat="50.13382" lon="5.28128"/>
            <trkpt lat="50.13381" lon="5.28165"/>
            <trkpt lat="50.13377" lon="5.28205"/>
            <trkpt lat="50.13374" lon="5.28223"/>
            <trkpt lat="50.13369" lon="5.28244"/>
            <trkpt lat="50.13368" lon="5.2825"/>
            <trkpt lat="50.13362" lon="5.28271"/>
            <trkpt lat="50.1336" lon="5.28284"/>
            <trkpt lat="50.13357" lon="5.28304"/>
            <trkpt lat="50.13355" lon="5.28322"/>
            <trkpt lat="50.13355" lon="5.28332"/>
            <trkpt lat="50.13358" lon="5.28366"/>
            <trkpt lat="50.1336" lon="5.28378"/>
            <trkpt lat="50.13371" lon="5.28427"/>
            <trkpt lat="50.13375" lon="5.28465"/>
            <trkpt lat="50.13374" lon="5.28477"/>
            <trkpt lat="50.13369" lon="5.285"/>
            <trkpt lat="50.13361" lon="5.28578"/>
            <trkpt lat="50.13361" lon="5.28599"/>
            <trkpt lat="50.13362" lon="5.2862"/>
            <trkpt lat="50.13364" lon="5.2863"/>
            <trkpt lat="50.13366" lon="5.28648"/>
            <trkpt lat="50.13368" lon="5.28657"/>
            <trkpt lat="50.13393" lon="5.28737"/>
            <trkpt lat="50.13397" lon="5.2876"/>
            <trkpt lat="50.13407" lon="5.28832"/>
            <trkpt lat="50.13412" lon="5.28853"/>
            <trkpt lat="50.13475" lon="5.29042"/>
            <trkpt lat="50.13486" lon="5.29073"/>
            <trkpt lat="50.13504" lon="5.2913"/>
            <trkpt lat="50.13586" lon="5.29359"/>
            <trkpt lat="50.1363" lon="5.29487"/>
            <trkpt lat="50.13651" lon="5.29541"/>
            <trkpt lat="50.13652" lon="5.29543"/>
            <trkpt lat="50.13654" lon="5.2956"/>
            <trkpt lat="50.13666" lon="5.29591"/>
            <trkpt lat="50.13666" lon="5.29596"/>
            <trkpt lat="50.13671" lon="5.29608"/>
            <trkpt lat="50.1368" lon="5.29633"/>
            <trkpt lat="50.13685" lon="5.29645"/>
            <trkpt lat="50.13714" lon="5.29734"/>
            <trkpt lat="50.13725" lon="5.2977"/>
            <trkpt lat="50.13737" lon="5.29822"/>
            <trkpt lat="50.1374" lon="5.29825"/>
            <trkpt lat="50.13755" lon="5.29896"/>
            <trkpt lat="50.13853" lon="5.30354"/>
            <trkpt lat="50.13881" lon="5.30495"/>
            <trkpt lat="50.13889" lon="5.30549"/>
            <trkpt lat="50.13895" lon="5.30589"/>
            <trkpt lat="50.13899" lon="5.30643"/>
            <trkpt lat="50.139" lon="5.30771"/>
            <trkpt lat="50.13903" lon="5.30853"/>
            <trkpt lat="50.13905" lon="5.31023"/>
            <trkpt lat="50.13905" lon="5.31065"/>
            <trkpt lat="50.13903" lon="5.31093"/>
            <trkpt lat="50.13898" lon="5.31134"/>
            <trkpt lat="50.13864" lon="5.31325"/>
            <trkpt lat="50.13852" lon="5.31372"/>
            <trkpt lat="50.13845" lon="5.31391"/>
            <trkpt lat="50.1384" lon="5.31401"/>
            <trkpt lat="50.13823" lon="5.31434"/>
            <trkpt lat="50.13822" lon="5.31434"/>
            <trkpt lat="50.13805" lon="5.31447"/>
            <trkpt lat="50.13775" lon="5.31469"/>
            <trkpt lat="50.13749" lon="5.31484"/>
            <trkpt lat="50.13732" lon="5.31491"/>
            <trkpt lat="50.13691" lon="5.31505"/>
            <trkpt lat="50.13657" lon="5.31525"/>
            <trkpt lat="50.13627" lon="5.31548"/>
            <trkpt lat="50.13588" lon="5.3157"/>
            <trkpt lat="50.13563" lon="5.3159"/>
            <trkpt lat="50.13551" lon="5.31602"/>
            <trkpt lat="50.13544" lon="5.31612"/>
            <trkpt lat="50.13539" lon="5.31622"/>
            <trkpt lat="50.13503" lon="5.31706"/>
            <trkpt lat="50.13486" lon="5.31738"/>
            <trkpt lat="50.13483" lon="5.31744"/>
            <trkpt lat="50.13379" lon="5.31907"/>
            <trkpt lat="50.13361" lon="5.31941"/>
            <trkpt lat="50.13357" lon="5.31953"/>
            <trkpt lat="50.13354" lon="5.31966"/>
            <trkpt lat="50.1335" lon="5.31992"/>
            <trkpt lat="50.13347" lon="5.3201"/>
            <trkpt lat="50.13349" lon="5.32023"/>
            <trkpt lat="50.13354" lon="5.32049"/>
            <trkpt lat="50.13372" lon="5.32127"/>
            <trkpt lat="50.13378" lon="5.32168"/>
            <trkpt lat="50.13379" lon="5.32188"/>
            <trkpt lat="50.13379" lon="5.32232"/>
            <trkpt lat="50.1338" lon="5.32286"/>
            <trkpt lat="50.13382" lon="5.32329"/>
            <trkpt lat="50.13386" lon="5.32357"/>
            <trkpt lat="50.13391" lon="5.3238"/>
            <trkpt lat="50.13434" lon="5.32515"/>
            <trkpt lat="50.13451" lon="5.32565"/>
            <trkpt lat="50.13546" lon="5.32818"/>
            <trkpt lat="50.13609" lon="5.32964"/>
            <trkpt lat="50.13615" lon="5.32978"/>
            <trkpt lat="50.13623" lon="5.33007"/>
            <trkpt lat="50.1364" lon="5.3308"/>
            <trkpt lat="50.13647" lon="5.33117"/>
            <trkpt lat="50.13648" lon="5.33135"/>
            <trkpt lat="50.13652" lon="5.33179"/>
            <trkpt lat="50.13653" lon="5.33251"/>
            <trkpt lat="50.1365" lon="5.33308"/>
            <trkpt lat="50.13645" lon="5.33345"/>
            <trkpt lat="50.13636" lon="5.33391"/>
            <trkpt lat="50.13625" lon="5.33426"/>
            <trkpt lat="50.13612" lon="5.33462"/>
            <trkpt lat="50.13577" lon="5.33534"/>
            <trkpt lat="50.13555" lon="5.3356"/>
            <trkpt lat="50.1347" lon="5.3364"/>
            <trkpt lat="50.13416" lon="5.337"/>
            <trkpt lat="50.13297" lon="5.33824"/>
            <trkpt lat="50.13259" lon="5.3386"/>
            <trkpt lat="50.13235" lon="5.33881"/>
            <trkpt lat="50.13228" lon="5.33886"/>
            <trkpt lat="50.13191" lon="5.33908"/>
            <trkpt lat="50.13149" lon="5.3392"/>
            <trkpt lat="50.13105" lon="5.33928"/>
            <trkpt lat="50.13097" lon="5.33931"/>
            <trkpt lat="50.13086" lon="5.33933"/>
            <trkpt lat="50.1308" lon="5.33936"/>
            <trkpt lat="50.13078" lon="5.33936"/>
            <trkpt lat="50.13067" lon="5.33945"/>
            <trkpt lat="50.13023" lon="5.33987"/>
            <trkpt lat="50.12962" lon="5.34025"/>
            <trkpt lat="50.12956" lon="5.34029"/>
            <trkpt lat="50.1292" lon="5.34054"/>
            <trkpt lat="50.12913" lon="5.3406"/>
            <trkpt lat="50.12905" lon="5.3407"/>
            <trkpt lat="50.12901" lon="5.34078"/>
            <trkpt lat="50.12897" lon="5.34086"/>
            <trkpt lat="50.12895" lon="5.34092"/>
            <trkpt lat="50.12893" lon="5.34102"/>
            <trkpt lat="50.12892" lon="5.34123"/>
            <trkpt lat="50.12893" lon="5.34143"/>
            <trkpt lat="50.12893" lon="5.34161"/>
            <trkpt lat="50.12892" lon="5.34167"/>
            <trkpt lat="50.12891" lon="5.34171"/>
            <trkpt lat="50.12874" lon="5.34218"/>
            <trkpt lat="50.12864" lon="5.34244"/>
            <trkpt lat="50.12858" lon="5.34262"/>
            <trkpt lat="50.12856" lon="5.34274"/>
            <trkpt lat="50.12852" lon="5.34295"/>
            <trkpt lat="50.12847" lon="5.34313"/>
            <trkpt lat="50.1284" lon="5.34342"/>
            <trkpt lat="50.12834" lon="5.34367"/>
            <trkpt lat="50.12828" lon="5.34394"/>
            <trkpt lat="50.12825" lon="5.34409"/>
            <trkpt lat="50.12825" lon="5.34416"/>
            <trkpt lat="50.12827" lon="5.34461"/>
            <trkpt lat="50.12832" lon="5.34514"/>
            <trkpt lat="50.1283" lon="5.34531"/>
            <trkpt lat="50.12827" lon="5.34545"/>
            <trkpt lat="50.12821" lon="5.34561"/>
            <trkpt lat="50.12793" lon="5.34619"/>
            <trkpt lat="50.12773" lon="5.34667"/>
            <trkpt lat="50.12757" lon="5.34712"/>
            <trkpt lat="50.12729" lon="5.348"/>
            <trkpt lat="50.12711" lon="5.34856"/>
            <trkpt lat="50.12673" lon="5.34957"/>
            <trkpt lat="50.12663" lon="5.34978"/>
            <trkpt lat="50.12646" lon="5.35003"/>
            <trkpt lat="50.12629" lon="5.35031"/>
            <trkpt lat="50.12604" lon="5.35079"/>
            <trkpt lat="50.12598" lon="5.35093"/>
            <trkpt lat="50.12592" lon="5.35118"/>
            <trkpt lat="50.12562" lon="5.3519"/>
            <trkpt lat="50.12531" lon="5.35255"/>
            <trkpt lat="50.12486" lon="5.35359"/>
            <trkpt lat="50.12482" lon="5.35373"/>
            <trkpt lat="50.1248" lon="5.35383"/>
            <trkpt lat="50.12479" lon="5.35399"/>
            <trkpt lat="50.12479" lon="5.35425"/>
            <trkpt lat="50.12482" lon="5.35451"/>
            <trkpt lat="50.12487" lon="5.35482"/>
            <trkpt lat="50.12679" lon="5.36133"/>
            <trkpt lat="50.12706" lon="5.36225"/>
            <trkpt lat="50.12722" lon="5.36283"/>
            <trkpt lat="50.12732" lon="5.36326"/>
            <trkpt lat="50.12761" lon="5.36462"/>
            <trkpt lat="50.12775" lon="5.36538"/>
            <trkpt lat="50.1278" lon="5.36593"/>
            <trkpt lat="50.12785" lon="5.36676"/>
            <trkpt lat="50.12784" lon="5.36713"/>
            <trkpt lat="50.12769" lon="5.36913"/>
            <trkpt lat="50.12762" lon="5.36974"/>
            <trkpt lat="50.1276" lon="5.37021"/>
            <trkpt lat="50.12754" lon="5.37107"/>
            <trkpt lat="50.12746" lon="5.37215"/>
            <trkpt lat="50.1273" lon="5.37414"/>
            <trkpt lat="50.12728" lon="5.37474"/>
            <trkpt lat="50.12722" lon="5.3755"/>
            <trkpt lat="50.1272" lon="5.37568"/>
            <trkpt lat="50.12712" lon="5.37596"/>
            <trkpt lat="50.12704" lon="5.37615"/>
            <trkpt lat="50.1267" lon="5.37675"/>
            <trkpt lat="50.1265" lon="5.37704"/>
            <trkpt lat="50.12625" lon="5.37725"/>
            <trkpt lat="50.12613" lon="5.37738"/>
            <trkpt lat="50.12598" lon="5.3776"/>
            <trkpt lat="50.12573" lon="5.37808"/>
            <trkpt lat="50.1255" lon="5.37857"/>
            <trkpt lat="50.12545" lon="5.37864"/>
            <trkpt lat="50.12518" lon="5.37891"/>
            <trkpt lat="50.12493" lon="5.3792"/>
            <trkpt lat="50.1248" lon="5.37934"/>
            <trkpt lat="50.1246" lon="5.37952"/>
            <trkpt lat="50.12433" lon="5.37969"/>
            <trkpt lat="50.12426" lon="5.37975"/>
            <trkpt lat="50.12405" lon="5.37989"/>
            <trkpt lat="50.12335" lon="5.38022"/>
            <trkpt lat="50.12284" lon="5.3804"/>
            <trkpt lat="50.12212" lon="5.3806"/>
            <trkpt lat="50.12196" lon="5.38059"/>
            <trkpt lat="50.12182" lon="5.38057"/>
            <trkpt lat="50.12133" lon="5.38031"/>
            <trkpt lat="50.12044" lon="5.37982"/>
            <trkpt lat="50.12025" lon="5.37975"/>
            <trkpt lat="50.11963" lon="5.37963"/>
            <trkpt lat="50.1195" lon="5.3796"/>
            <trkpt lat="50.11943" lon="5.3796"/>
            <trkpt lat="50.11922" lon="5.37963"/>
            <trkpt lat="50.11871" lon="5.37978"/>
            <trkpt lat="50.11862" lon="5.37984"/>
            <trkpt lat="50.11856" lon="5.37989"/>
            <trkpt lat="50.11852" lon="5.37996"/>
            <trkpt lat="50.11848" lon="5.38002"/>
            <trkpt lat="50.11845" lon="5.38008"/>
            <trkpt lat="50.11841" lon="5.38021"/>
            <trkpt lat="50.11839" lon="5.38032"/>
            <trkpt lat="50.1184" lon="5.38088"/>
            <trkpt lat="50.1184" lon="5.38092"/>
            <trkpt lat="50.1184" lon="5.38102"/>
            <trkpt lat="50.11836" lon="5.38118"/>
            <trkpt lat="50.11828" lon="5.38146"/>
            <trkpt lat="50.11813" lon="5.38183"/>
            <trkpt lat="50.11801" lon="5.38201"/>
            <trkpt lat="50.11793" lon="5.3821"/>
            <trkpt lat="50.1178" lon="5.38221"/>
            <trkpt lat="50.11766" lon="5.38228"/>
            <trkpt lat="50.11758" lon="5.38231"/>
            <trkpt lat="50.11744" lon="5.38233"/>
            <trkpt lat="50.11727" lon="5.38234"/>
            <trkpt lat="50.11684" lon="5.38239"/>
            <trkpt lat="50.11567" lon="5.38243"/>
            <trkpt lat="50.11487" lon="5.38256"/>
            <trkpt lat="50.11478" lon="5.38256"/>
            <trkpt lat="50.11469" lon="5.38257"/>
            <trkpt lat="50.11461" lon="5.38259"/>
            <trkpt lat="50.11453" lon="5.38265"/>
            <trkpt lat="50.11443" lon="5.38275"/>
            <trkpt lat="50.1142" lon="5.38307"/>
            <trkpt lat="50.11407" lon="5.38329"/>
            <trkpt lat="50.11406" lon="5.3833"/>
            <trkpt lat="50.11371" lon="5.3838"/>
            <trkpt lat="50.11362" lon="5.3839"/>
            <trkpt lat="50.11338" lon="5.38407"/>
            <trkpt lat="50.11316" lon="5.38418"/>
            <trkpt lat="50.11303" lon="5.38422"/>
            <trkpt lat="50.11283" lon="5.3843"/>
            <trkpt lat="50.11254" lon="5.38451"/>
            <trkpt lat="50.1123" lon="5.38475"/>
            <trkpt lat="50.11221" lon="5.3849"/>
            <trkpt lat="50.11198" lon="5.38537"/>
            <trkpt lat="50.11177" lon="5.38589"/>
            <trkpt lat="50.11166" lon="5.38625"/>
            <trkpt lat="50.11161" lon="5.38662"/>
            <trkpt lat="50.11158" lon="5.3876"/>
            <trkpt lat="50.11158" lon="5.38794"/>
            <trkpt lat="50.1116" lon="5.3882"/>
            <trkpt lat="50.11165" lon="5.3885"/>
            <trkpt lat="50.11191" lon="5.38958"/>
            <trkpt lat="50.11202" lon="5.3899"/>
            <trkpt lat="50.11224" lon="5.39042"/>
            <trkpt lat="50.11234" lon="5.39075"/>
            <trkpt lat="50.11241" lon="5.39114"/>
            <trkpt lat="50.11247" lon="5.39155"/>
            <trkpt lat="50.11252" lon="5.39198"/>
            <trkpt lat="50.11255" lon="5.39252"/>
            <trkpt lat="50.11255" lon="5.39314"/>
            <trkpt lat="50.11251" lon="5.39473"/>
            <trkpt lat="50.11243" lon="5.39614"/>
            <trkpt lat="50.11238" lon="5.39787"/>
            <trkpt lat="50.11232" lon="5.39913"/>
            <trkpt lat="50.11229" lon="5.40027"/>
            <trkpt lat="50.11227" lon="5.40146"/>
            <trkpt lat="50.11222" lon="5.40222"/>
            <trkpt lat="50.11216" lon="5.40251"/>
            <trkpt lat="50.11197" lon="5.40289"/>
            <trkpt lat="50.1118" lon="5.4031"/>
            <trkpt lat="50.11167" lon="5.40323"/>
            <trkpt lat="50.11159" lon="5.40329"/>
            <trkpt lat="50.11127" lon="5.40341"/>
            <trkpt lat="50.11057" lon="5.40379"/>
            <trkpt lat="50.11046" lon="5.40381"/>
            <trkpt lat="50.11026" lon="5.40376"/>
            <trkpt lat="50.10978" lon="5.40347"/>
            <trkpt lat="50.1096" lon="5.40342"/>
            <trkpt lat="50.10949" lon="5.40344"/>
            <trkpt lat="50.10942" lon="5.40347"/>
            <trkpt lat="50.10936" lon="5.4035"/>
            <trkpt lat="50.10927" lon="5.40357"/>
            <trkpt lat="50.10893" lon="5.40409"/>
            <trkpt lat="50.10874" lon="5.40435"/>
            <trkpt lat="50.10841" lon="5.40468"/>
            <trkpt lat="50.10822" lon="5.40483"/>
            <trkpt lat="50.10771" lon="5.40512"/>
            <trkpt lat="50.10768" lon="5.40513"/>
            <trkpt lat="50.10726" lon="5.40527"/>
            <trkpt lat="50.10723" lon="5.40528"/>
            <trkpt lat="50.10709" lon="5.40531"/>
            <trkpt lat="50.10652" lon="5.40538"/>
            <trkpt lat="50.1064" lon="5.4054"/>
            <trkpt lat="50.10633" lon="5.40543"/>
            <trkpt lat="50.1063" lon="5.40545"/>
            <trkpt lat="50.10621" lon="5.40552"/>
            <trkpt lat="50.10615" lon="5.40559"/>
            <trkpt lat="50.10607" lon="5.40571"/>
            <trkpt lat="50.10601" lon="5.40586"/>
            <trkpt lat="50.10597" lon="5.40601"/>
            <trkpt lat="50.10596" lon="5.40621"/>
            <trkpt lat="50.10598" lon="5.40647"/>
            <trkpt lat="50.10607" lon="5.40679"/>
            <trkpt lat="50.10622" lon="5.40732"/>
            <trkpt lat="50.10641" lon="5.40799"/>
            <trkpt lat="50.1065" lon="5.40848"/>
            <trkpt lat="50.10653" lon="5.40884"/>
            <trkpt lat="50.10664" lon="5.41092"/>
            <trkpt lat="50.10673" lon="5.41179"/>
            <trkpt lat="50.10675" lon="5.41225"/>
            <trkpt lat="50.1068" lon="5.41453"/>
            <trkpt lat="50.10684" lon="5.41492"/>
            <trkpt lat="50.10697" lon="5.41552"/>
            <trkpt lat="50.10704" lon="5.41574"/>
            <trkpt lat="50.10712" lon="5.41599"/>
            <trkpt lat="50.10726" lon="5.41627"/>
            <trkpt lat="50.10744" lon="5.41658"/>
            <trkpt lat="50.10771" lon="5.4171"/>
            <trkpt lat="50.10786" lon="5.41747"/>
            <trkpt lat="50.10796" lon="5.41791"/>
            <trkpt lat="50.10801" lon="5.41817"/>
            <trkpt lat="50.10803" lon="5.41837"/>
            <trkpt lat="50.10805" lon="5.41868"/>
            <trkpt lat="50.10805" lon="5.41901"/>
            <trkpt lat="50.10804" lon="5.41916"/>
            <trkpt lat="50.10793" lon="5.42001"/>
            <trkpt lat="50.10777" lon="5.42083"/>
            <trkpt lat="50.1076" lon="5.42158"/>
            <trkpt lat="50.10733" lon="5.42288"/>
            <trkpt lat="50.10716" lon="5.42364"/>
            <trkpt lat="50.10712" lon="5.42383"/>
            <trkpt lat="50.10709" lon="5.42406"/>
            <trkpt lat="50.10709" lon="5.42429"/>
            <trkpt lat="50.10713" lon="5.42452"/>
            <trkpt lat="50.10725" lon="5.42484"/>
            <trkpt lat="50.10773" lon="5.42597"/>
            <trkpt lat="50.10786" lon="5.42636"/>
            <trkpt lat="50.1079" lon="5.42659"/>
            <trkpt lat="50.108" lon="5.42725"/>
            <trkpt lat="50.10808" lon="5.42776"/>
            <trkpt lat="50.10814" lon="5.42808"/>
            <trkpt lat="50.10828" lon="5.42868"/>
            <trkpt lat="50.10839" lon="5.42901"/>
            <trkpt lat="50.10867" lon="5.42965"/>
            <trkpt lat="50.10878" lon="5.42985"/>
            <trkpt lat="50.10892" lon="5.43003"/>
            <trkpt lat="50.10915" lon="5.43025"/>
            <trkpt lat="50.10944" lon="5.43061"/>
            <trkpt lat="50.10954" lon="5.43076"/>
            <trkpt lat="50.10963" lon="5.43094"/>
            <trkpt lat="50.10972" lon="5.43116"/>
            <trkpt lat="50.1098" lon="5.4314"/>
            <trkpt lat="50.10996" lon="5.43196"/>
            <trkpt lat="50.11017" lon="5.43284"/>
            <trkpt lat="50.1106" lon="5.43508"/>
            <trkpt lat="50.11062" lon="5.43516"/>
            <trkpt lat="50.11117" lon="5.43789"/>
            <trkpt lat="50.11126" lon="5.43822"/>
            <trkpt lat="50.11135" lon="5.43848"/>
            <trkpt lat="50.11173" lon="5.43932"/>
            <trkpt lat="50.11178" lon="5.43942"/>
            <trkpt lat="50.11187" lon="5.43983"/>
            <trkpt lat="50.11189" lon="5.44016"/>
            <trkpt lat="50.11187" lon="5.44038"/>
            <trkpt lat="50.11183" lon="5.44057"/>
            <trkpt lat="50.11171" lon="5.44081"/>
            <trkpt lat="50.11154" lon="5.44103"/>
            <trkpt lat="50.11013" lon="5.44221"/>
            <trkpt lat="50.10921" lon="5.44295"/>
            <trkpt lat="50.10898" lon="5.44318"/>
            <trkpt lat="50.10877" lon="5.44345"/>
            <trkpt lat="50.10867" lon="5.44367"/>
            <trkpt lat="50.10861" lon="5.44394"/>
            <trkpt lat="50.10859" lon="5.4442"/>
            <trkpt lat="50.10861" lon="5.44446"/>
            <trkpt lat="50.10867" lon="5.44474"/>
            <trkpt lat="50.10872" lon="5.44485"/>
            <trkpt lat="50.10885" lon="5.44508"/>
            <trkpt lat="50.10899" lon="5.44525"/>
            <trkpt lat="50.10919" lon="5.44543"/>
            <trkpt lat="50.10933" lon="5.44552"/>
            <trkpt lat="50.10991" lon="5.44598"/>
            <trkpt lat="50.11043" lon="5.44653"/>
            <trkpt lat="50.11061" lon="5.44679"/>
            <trkpt lat="50.1108" lon="5.44728"/>
            <trkpt lat="50.11084" lon="5.44743"/>
            <trkpt lat="50.11116" lon="5.44922"/>
            <trkpt lat="50.1123" lon="5.4557"/>
            <trkpt lat="50.1124" lon="5.45635"/>
            <trkpt lat="50.11248" lon="5.45674"/>
            <trkpt lat="50.1125" lon="5.457"/>
            <trkpt lat="50.11248" lon="5.45723"/>
            <trkpt lat="50.11244" lon="5.45746"/>
            <trkpt lat="50.11236" lon="5.45766"/>
            <trkpt lat="50.10987" lon="5.46298"/>
            <trkpt lat="50.1097" lon="5.46326"/>
            <trkpt lat="50.10957" lon="5.46342"/>
            <trkpt lat="50.10935" lon="5.46364"/>
            <trkpt lat="50.10904" lon="5.46401"/>
            <trkpt lat="50.10892" lon="5.46418"/>
            <trkpt lat="50.1088" lon="5.46443"/>
            <trkpt lat="50.10872" lon="5.46479"/>
            <trkpt lat="50.10846" lon="5.46564"/>
            <trkpt lat="50.1076" lon="5.46929"/>
            <trkpt lat="50.10716" lon="5.47119"/>
            <trkpt lat="50.10712" lon="5.47137"/>
            <trkpt lat="50.10705" lon="5.47158"/>
            <trkpt lat="50.10699" lon="5.47166"/>
            <trkpt lat="50.10693" lon="5.47173"/>
            <trkpt lat="50.10681" lon="5.4718"/>
            <trkpt lat="50.10643" lon="5.47197"/>
            <trkpt lat="50.10638" lon="5.47202"/>
            <trkpt lat="50.10633" lon="5.47207"/>
            <trkpt lat="50.10627" lon="5.47215"/>
            <trkpt lat="50.10614" lon="5.47241"/>
            <trkpt lat="50.10609" lon="5.47248"/>
            <trkpt lat="50.10604" lon="5.47258"/>
            <trkpt lat="50.10639" lon="5.47288"/>
            <trkpt lat="50.10667" lon="5.4731"/>
            <trkpt lat="50.10717" lon="5.47347"/>
            <trkpt lat="50.10729" lon="5.47354"/>
            <trkpt lat="50.10754" lon="5.47368"/>
            <trkpt lat="50.10764" lon="5.47376"/>
            <trkpt lat="50.10781" lon="5.47396"/>
            <trkpt lat="50.10799" lon="5.4741"/>
            <trkpt lat="50.10862" lon="5.4746"/>
            <trkpt lat="50.10852" lon="5.47484"/>
            <trkpt lat="50.10846" lon="5.47499"/>
            <trkpt lat="50.10841" lon="5.47508"/>
            <trkpt lat="50.10835" lon="5.47513"/>
            <trkpt lat="50.10829" lon="5.47517"/>
            <trkpt lat="50.1075" lon="5.4751"/>
            <trkpt lat="50.10729" lon="5.47504"/>
            <trkpt lat="50.10716" lon="5.47498"/>
            <trkpt lat="50.10714" lon="5.47513"/>
            <trkpt lat="50.10711" lon="5.47535"/>
            <trkpt lat="50.10705" lon="5.47568"/>
            <trkpt lat="50.10697" lon="5.47622"/>
            <trkpt lat="50.1069" lon="5.47686"/>
            <trkpt lat="50.10688" lon="5.47713"/>
            <trkpt lat="50.10687" lon="5.47771"/>
            <trkpt lat="50.10689" lon="5.4781"/>
            <trkpt lat="50.10753" lon="5.48341"/>
            <trkpt lat="50.10761" lon="5.48401"/>
            <trkpt lat="50.10781" lon="5.48629"/>
            <trkpt lat="50.10785" lon="5.48673"/>
            <trkpt lat="50.10803" lon="5.48936"/>
            <trkpt lat="50.1081" lon="5.48996"/>
            <trkpt lat="50.10824" lon="5.49113"/>
            <trkpt lat="50.10851" lon="5.49316"/>
            <trkpt lat="50.10855" lon="5.49351"/>
            <trkpt lat="50.10863" lon="5.4936"/>
            <trkpt lat="50.10877" lon="5.49383"/>
            <trkpt lat="50.1091" lon="5.49425"/>
            <trkpt lat="50.10913" lon="5.49431"/>
            <trkpt lat="50.10951" lon="5.49492"/>
            <trkpt lat="50.10969" lon="5.49527"/>
            <trkpt lat="50.11003" lon="5.49591"/>
            <trkpt lat="50.11021" lon="5.49636"/>
            <trkpt lat="50.11025" lon="5.49649"/>
            <trkpt lat="50.11035" lon="5.49694"/>
            <trkpt lat="50.11039" lon="5.49725"/>
            <trkpt lat="50.11051" lon="5.49796"/>
            <trkpt lat="50.11085" lon="5.50031"/>
            <trkpt lat="50.11088" lon="5.50093"/>
            <trkpt lat="50.11087" lon="5.50123"/>
            <trkpt lat="50.11087" lon="5.50171"/>
            <trkpt lat="50.11088" lon="5.502"/>
            <trkpt lat="50.11106" lon="5.50199"/>
            <trkpt lat="50.1115" lon="5.50206"/>
            <trkpt lat="50.11181" lon="5.50211"/>
            <trkpt lat="50.11198" lon="5.50216"/>
            <trkpt lat="50.1123" lon="5.50233"/>
            <trkpt lat="50.11265" lon="5.50256"/>
            <trkpt lat="50.11278" lon="5.50266"/>
            <trkpt lat="50.11328" lon="5.50298"/>
            <trkpt lat="50.11341" lon="5.50303"/>
            <trkpt lat="50.11372" lon="5.50308"/>
            <trkpt lat="50.11402" lon="5.50309"/>
            <trkpt lat="50.11431" lon="5.50307"/>
            <trkpt lat="50.11499" lon="5.503"/>
            <trkpt lat="50.11599" lon="5.50306"/>
            <trkpt lat="50.11689" lon="5.50317"/>
            <trkpt lat="50.11714" lon="5.50322"/>
            <trkpt lat="50.11743" lon="5.50334"/>
            <trkpt lat="50.11756" lon="5.50341"/>
            <trkpt lat="50.11777" lon="5.50352"/>
            <trkpt lat="50.1185" lon="5.50395"/>
            <trkpt lat="50.11861" lon="5.50404"/>
            <trkpt lat="50.119" lon="5.50435"/>
            <trkpt lat="50.11923" lon="5.50454"/>
            <trkpt lat="50.11936" lon="5.50467"/>
            <trkpt lat="50.11947" lon="5.50482"/>
            <trkpt lat="50.11963" lon="5.5051"/>
            <trkpt lat="50.11964" lon="5.50512"/>
            <trkpt lat="50.11971" lon="5.50531"/>
            <trkpt lat="50.11963" lon="5.50538"/>
            <trkpt lat="50.1196" lon="5.50541"/>
            <trkpt lat="50.11948" lon="5.50552"/>
            <trkpt lat="50.11943" lon="5.50557"/>
            <trkpt lat="50.11939" lon="5.5056"/>
            <trkpt lat="50.11933" lon="5.50563"/>
            <trkpt lat="50.11911" lon="5.5058"/>
            <trkpt lat="50.11882" lon="5.50603"/>
            <trkpt lat="50.11877" lon="5.50605"/>
            <trkpt lat="50.11871" lon="5.50611"/>
            <trkpt lat="50.11868" lon="5.50615"/>
            <trkpt lat="50.11867" lon="5.5062"/>
            <trkpt lat="50.11866" lon="5.50627"/>
            <trkpt lat="50.11866" lon="5.50633"/>
            <trkpt lat="50.11866" lon="5.5064"/>
            <trkpt lat="50.11871" lon="5.5066"/>
            <trkpt lat="50.11877" lon="5.50676"/>
            <trkpt lat="50.11887" lon="5.50692"/>
            <trkpt lat="50.11911" lon="5.50723"/>
            <trkpt lat="50.11954" lon="5.50776"/>
            <trkpt lat="50.11963" lon="5.50788"/>
            <trkpt lat="50.12159" lon="5.51045"/>
            <trkpt lat="50.12234" lon="5.51124"/>
            <trkpt lat="50.12256" lon="5.51149"/>
            <trkpt lat="50.12264" lon="5.5116"/>
            <trkpt lat="50.12296" lon="5.51204"/>
            <trkpt lat="50.12324" lon="5.51256"/>
            <trkpt lat="50.12341" lon="5.51297"/>
            <trkpt lat="50.1236" lon="5.51353"/>
            <trkpt lat="50.12368" lon="5.51381"/>
            <trkpt lat="50.12381" lon="5.51436"/>
            <trkpt lat="50.12388" lon="5.51483"/>
            <trkpt lat="50.1239" lon="5.51499"/>
            <trkpt lat="50.1239" lon="5.51514"/>
            <trkpt lat="50.1239" lon="5.51543"/>
            <trkpt lat="50.12389" lon="5.51561"/>
            <trkpt lat="50.12382" lon="5.516"/>
            <trkpt lat="50.12376" lon="5.5162"/>
            <trkpt lat="50.12367" lon="5.51641"/>
            <trkpt lat="50.12324" lon="5.51731"/>
            <trkpt lat="50.12314" lon="5.51748"/>
            <trkpt lat="50.12303" lon="5.51775"/>
            <trkpt lat="50.12298" lon="5.51799"/>
            <trkpt lat="50.12296" lon="5.51821"/>
            <trkpt lat="50.12296" lon="5.51829"/>
            <trkpt lat="50.12296" lon="5.51832"/>
            <trkpt lat="50.12298" lon="5.51844"/>
            <trkpt lat="50.12301" lon="5.51857"/>
            <trkpt lat="50.12307" lon="5.51871"/>
            <trkpt lat="50.12338" lon="5.51929"/>
            <trkpt lat="50.12494" lon="5.52186"/>
            <trkpt lat="50.12515" lon="5.52212"/>
            <trkpt lat="50.12522" lon="5.52219"/>
            <trkpt lat="50.12545" lon="5.52235"/>
            <trkpt lat="50.12592" lon="5.52257"/>
            <trkpt lat="50.1261" lon="5.52266"/>
            <trkpt lat="50.12612" lon="5.52268"/>
            <trkpt lat="50.12614" lon="5.52272"/>
            <trkpt lat="50.12614" lon="5.52275"/>
            <trkpt lat="50.12615" lon="5.52279"/>
            <trkpt lat="50.12615" lon="5.52283"/>
            <trkpt lat="50.12717" lon="5.52333"/>
            <trkpt lat="50.1276" lon="5.52362"/>
            <trkpt lat="50.1279" lon="5.52385"/>
            <trkpt lat="50.12838" lon="5.52423"/>
            <trkpt lat="50.1287" lon="5.52458"/>
            <trkpt lat="50.12881" lon="5.52477"/>
            <trkpt lat="50.12895" lon="5.52503"/>
            <trkpt lat="50.12943" lon="5.52594"/>
            <trkpt lat="50.12983" lon="5.52661"/>
            <trkpt lat="50.13001" lon="5.52707"/>
            <trkpt lat="50.13018" lon="5.52758"/>
            <trkpt lat="50.13044" lon="5.52824"/>
            <trkpt lat="50.13059" lon="5.52858"/>
            <trkpt lat="50.13085" lon="5.52899"/>
            <trkpt lat="50.13156" lon="5.53009"/>
            <trkpt lat="50.13171" lon="5.53033"/>
            <trkpt lat="50.13173" lon="5.53075"/>
            <trkpt lat="50.13176" lon="5.53118"/>
            <trkpt lat="50.13197" lon="5.53147"/>
            <trkpt lat="50.13222" lon="5.5319"/>
            <trkpt lat="50.13242" lon="5.53229"/>
            <trkpt lat="50.13258" lon="5.53265"/>
            <trkpt lat="50.13259" lon="5.53271"/>
            <trkpt lat="50.13267" lon="5.53289"/>
            <trkpt lat="50.13327" lon="5.53473"/>
            <trkpt lat="50.13347" lon="5.53525"/>
            <trkpt lat="50.13375" lon="5.53609"/>
            <trkpt lat="50.13395" lon="5.53684"/>
            <trkpt lat="50.134" lon="5.53711"/>
            <trkpt lat="50.13441" lon="5.53906"/>
            <trkpt lat="50.13465" lon="5.54035"/>
            <trkpt lat="50.13475" lon="5.54068"/>
            <trkpt lat="50.1346" lon="5.5409"/>
            <trkpt lat="50.13443" lon="5.54108"/>
            <trkpt lat="50.13372" lon="5.5417"/>
            <trkpt lat="50.13223" lon="5.54284"/>
            <trkpt lat="50.13099" lon="5.54384"/>
            <trkpt lat="50.13059" lon="5.54411"/>
            <trkpt lat="50.13048" lon="5.5442"/>
            <trkpt lat="50.13042" lon="5.5443"/>
            <trkpt lat="50.13005" lon="5.54535"/>
            <trkpt lat="50.1299" lon="5.54566"/>
            <trkpt lat="50.12972" lon="5.5459"/>
            <trkpt lat="50.12949" lon="5.54607"/>
            <trkpt lat="50.12905" lon="5.54624"/>
            <trkpt lat="50.12888" lon="5.54625"/>
            <trkpt lat="50.1288" lon="5.54624"/>
            <trkpt lat="50.1287" lon="5.5462"/>
            <trkpt lat="50.12825" lon="5.54603"/>
            <trkpt lat="50.12794" lon="5.54597"/>
            <trkpt lat="50.12778" lon="5.54597"/>
            <trkpt lat="50.12766" lon="5.546"/>
            <trkpt lat="50.12751" lon="5.54608"/>
            <trkpt lat="50.12727" lon="5.54626"/>
            <trkpt lat="50.12625" lon="5.54691"/>
            <trkpt lat="50.12597" lon="5.54704"/>
            <trkpt lat="50.12565" lon="5.54709"/>
            <trkpt lat="50.12547" lon="5.54707"/>
            <trkpt lat="50.12504" lon="5.54696"/>
            <trkpt lat="50.12466" lon="5.54679"/>
            <trkpt lat="50.1242" lon="5.54652"/>
            <trkpt lat="50.12359" lon="5.54604"/>
            <trkpt lat="50.12342" lon="5.54593"/>
            <trkpt lat="50.12328" lon="5.5459"/>
            <trkpt lat="50.12318" lon="5.54591"/>
            <trkpt lat="50.12289" lon="5.54605"/>
            <trkpt lat="50.12116" lon="5.54733"/>
            <trkpt lat="50.12093" lon="5.54742"/>
            <trkpt lat="50.12076" lon="5.54747"/>
            <trkpt lat="50.12058" lon="5.5475"/>
            <trkpt lat="50.12043" lon="5.54749"/>
            <trkpt lat="50.11963" lon="5.5472"/>
            <trkpt lat="50.11757" lon="5.54646"/>
            <trkpt lat="50.11746" lon="5.54642"/>
            <trkpt lat="50.11665" lon="5.54619"/>
            <trkpt lat="50.11656" lon="5.54618"/>
            <trkpt lat="50.11648" lon="5.54622"/>
            <trkpt lat="50.11641" lon="5.54629"/>
            <trkpt lat="50.11638" lon="5.54634"/>
            <trkpt lat="50.11621" lon="5.54656"/>
            <trkpt lat="50.11597" lon="5.54685"/>
            <trkpt lat="50.11566" lon="5.54726"/>
            <trkpt lat="50.11544" lon="5.54746"/>
            <trkpt lat="50.11472" lon="5.54794"/>
            <trkpt lat="50.11311" lon="5.5491"/>
            <trkpt lat="50.11283" lon="5.5493"/>
            <trkpt lat="50.1127" lon="5.54938"/>
            <trkpt lat="50.1126" lon="5.54947"/>
            <trkpt lat="50.11207" lon="5.55021"/>
            <trkpt lat="50.11185" lon="5.55053"/>
            <trkpt lat="50.11153" lon="5.55086"/>
            <trkpt lat="50.1114" lon="5.55098"/>
            <trkpt lat="50.11133" lon="5.55103"/>
            <trkpt lat="50.11119" lon="5.55112"/>
            <trkpt lat="50.11115" lon="5.55114"/>
            <trkpt lat="50.11106" lon="5.55117"/>
            <trkpt lat="50.11105" lon="5.5512"/>
            <trkpt lat="50.11105" lon="5.55124"/>
            <trkpt lat="50.11104" lon="5.55126"/>
            <trkpt lat="50.1107" lon="5.55168"/>
            <trkpt lat="50.11048" lon="5.55193"/>
            <trkpt lat="50.11015" lon="5.55246"/>
            <trkpt lat="50.11002" lon="5.55271"/>
            <trkpt lat="50.10985" lon="5.55317"/>
            <trkpt lat="50.10979" lon="5.5534"/>
            <trkpt lat="50.10975" lon="5.5537"/>
            <trkpt lat="50.10972" lon="5.5541"/>
            <trkpt lat="50.10972" lon="5.55516"/>
            <trkpt lat="50.10973" lon="5.55601"/>
            <trkpt lat="50.10972" lon="5.5563"/>
            <trkpt lat="50.10969" lon="5.55656"/>
            <trkpt lat="50.10965" lon="5.55673"/>
            <trkpt lat="50.1096" lon="5.55688"/>
            <trkpt lat="50.10953" lon="5.55702"/>
            <trkpt lat="50.10922" lon="5.55735"/>
            <trkpt lat="50.10756" lon="5.55852"/>
            <trkpt lat="50.10702" lon="5.55891"/>
            <trkpt lat="50.10689" lon="5.55908"/>
            <trkpt lat="50.10676" lon="5.55925"/>
            <trkpt lat="50.10667" lon="5.55941"/>
            <trkpt lat="50.10659" lon="5.55961"/>
            <trkpt lat="50.10651" lon="5.5599"/>
            <trkpt lat="50.10637" lon="5.56065"/>
            <trkpt lat="50.10611" lon="5.56317"/>
            <trkpt lat="50.10576" lon="5.56629"/>
            <trkpt lat="50.10561" lon="5.56779"/>
            <trkpt lat="50.10559" lon="5.56802"/>
            <trkpt lat="50.10559" lon="5.56806"/>
            <trkpt lat="50.1056" lon="5.56812"/>
            <trkpt lat="50.10407" lon="5.56915"/>
            <trkpt lat="50.10366" lon="5.56946"/>
            <trkpt lat="50.10285" lon="5.57018"/>
            <trkpt lat="50.10258" lon="5.57046"/>
            <trkpt lat="50.1024" lon="5.57064"/>
            <trkpt lat="50.10228" lon="5.5705"/>
            <trkpt lat="50.10003" lon="5.56846"/>
            <trkpt lat="50.09995" lon="5.56838"/>
            <trkpt lat="50.09991" lon="5.56831"/>
            <trkpt lat="50.09954" lon="5.56772"/>
            <trkpt lat="50.0989" lon="5.56661"/>
            <trkpt lat="50.09876" lon="5.5664"/>
            <trkpt lat="50.09859" lon="5.56621"/>
            <trkpt lat="50.09829" lon="5.56594"/>
            <trkpt lat="50.09816" lon="5.56583"/>
            <trkpt lat="50.098" lon="5.5657"/>
            <trkpt lat="50.09799" lon="5.5657"/>
            <trkpt lat="50.09798" lon="5.56571"/>
            <trkpt lat="50.09797" lon="5.56572"/>
            <trkpt lat="50.09766" lon="5.56616"/>
            <trkpt lat="50.09748" lon="5.56642"/>
            <trkpt lat="50.09726" lon="5.56673"/>
            <trkpt lat="50.09708" lon="5.56694"/>
            <trkpt lat="50.09695" lon="5.567"/>
            <trkpt lat="50.09678" lon="5.56702"/>
            <trkpt lat="50.0966" lon="5.56697"/>
            <trkpt lat="50.09634" lon="5.56674"/>
            <trkpt lat="50.09616" lon="5.56653"/>
            <trkpt lat="50.09537" lon="5.56542"/>
            <trkpt lat="50.09509" lon="5.56507"/>
            <trkpt lat="50.09493" lon="5.56496"/>
            <trkpt lat="50.09476" lon="5.56488"/>
            <trkpt lat="50.0946" lon="5.56488"/>
            <trkpt lat="50.09444" lon="5.5649"/>
            <trkpt lat="50.09432" lon="5.56496"/>
            <trkpt lat="50.0942" lon="5.565"/>
            <trkpt lat="50.09405" lon="5.56501"/>
            <trkpt lat="50.09335" lon="5.56494"/>
            <trkpt lat="50.09261" lon="5.5648"/>
            <trkpt lat="50.09247" lon="5.56481"/>
            <trkpt lat="50.09233" lon="5.56484"/>
            <trkpt lat="50.09218" lon="5.56491"/>
            <trkpt lat="50.09205" lon="5.56505"/>
            <trkpt lat="50.09176" lon="5.56551"/>
            <trkpt lat="50.0914" lon="5.56607"/>
            <trkpt lat="50.09115" lon="5.56639"/>
            <trkpt lat="50.09086" lon="5.56674"/>
            <trkpt lat="50.09065" lon="5.56699"/>
            <trkpt lat="50.09055" lon="5.56716"/>
            <trkpt lat="50.09045" lon="5.56735"/>
            <trkpt lat="50.09037" lon="5.56763"/>
            <trkpt lat="50.09015" lon="5.56837"/>
            <trkpt lat="50.08997" lon="5.56871"/>
            <trkpt lat="50.08951" lon="5.56938"/>
            <trkpt lat="50.08945" lon="5.56948"/>
            <trkpt lat="50.08939" lon="5.56971"/>
            <trkpt lat="50.0893" lon="5.57017"/>
            <trkpt lat="50.08922" lon="5.57036"/>
            <trkpt lat="50.08909" lon="5.5706"/>
            <trkpt lat="50.08863" lon="5.5711"/>
            <trkpt lat="50.08852" lon="5.57119"/>
            <trkpt lat="50.08825" lon="5.57129"/>
            <trkpt lat="50.08805" lon="5.5713"/>
            <trkpt lat="50.08709" lon="5.57106"/>
            <trkpt lat="50.0869" lon="5.57104"/>
            <trkpt lat="50.08678" lon="5.57105"/>
            <trkpt lat="50.08664" lon="5.57109"/>
            <trkpt lat="50.08634" lon="5.57127"/>
            <trkpt lat="50.0862" lon="5.57137"/>
            <trkpt lat="50.08588" lon="5.57157"/>
            <trkpt lat="50.08561" lon="5.57173"/>
            <trkpt lat="50.08554" lon="5.57177"/>
            <trkpt lat="50.0855" lon="5.5718"/>
            <trkpt lat="50.08543" lon="5.57183"/>
            <trkpt lat="50.08522" lon="5.57195"/>
            <trkpt lat="50.08495" lon="5.57209"/>
            <trkpt lat="50.08466" lon="5.57227"/>
            <trkpt lat="50.08457" lon="5.57234"/>
            <trkpt lat="50.08452" lon="5.5724"/>
            <trkpt lat="50.08448" lon="5.57246"/>
            <trkpt lat="50.08442" lon="5.57261"/>
            <trkpt lat="50.08432" lon="5.57291"/>
            <trkpt lat="50.08422" lon="5.57414"/>
            <trkpt lat="50.08414" lon="5.5747"/>
            <trkpt lat="50.08408" lon="5.57499"/>
            <trkpt lat="50.084" lon="5.57522"/>
            <trkpt lat="50.08389" lon="5.57544"/>
            <trkpt lat="50.08378" lon="5.5756"/>
            <trkpt lat="50.08359" lon="5.5758"/>
            <trkpt lat="50.08298" lon="5.57624"/>
            <trkpt lat="50.08282" lon="5.57643"/>
            <trkpt lat="50.08271" lon="5.57662"/>
            <trkpt lat="50.0826" lon="5.57688"/>
            <trkpt lat="50.08254" lon="5.57714"/>
            <trkpt lat="50.0825" lon="5.57741"/>
            <trkpt lat="50.08247" lon="5.57765"/>
            <trkpt lat="50.08246" lon="5.57818"/>
            <trkpt lat="50.08243" lon="5.57871"/>
            <trkpt lat="50.0824" lon="5.57905"/>
            <trkpt lat="50.08235" lon="5.57923"/>
            <trkpt lat="50.08228" lon="5.57938"/>
            <trkpt lat="50.08221" lon="5.57947"/>
            <trkpt lat="50.08215" lon="5.5795"/>
            <trkpt lat="50.08208" lon="5.57951"/>
            <trkpt lat="50.08183" lon="5.57951"/>
            <trkpt lat="50.08079" lon="5.57974"/>
            <trkpt lat="50.08035" lon="5.57974"/>
            <trkpt lat="50.08005" lon="5.57979"/>
            <trkpt lat="50.07961" lon="5.57997"/>
            <trkpt lat="50.07941" lon="5.57999"/>
            <trkpt lat="50.07922" lon="5.57996"/>
            <trkpt lat="50.07901" lon="5.57988"/>
            <trkpt lat="50.07848" lon="5.57964"/>
            <trkpt lat="50.07838" lon="5.57961"/>
            <trkpt lat="50.07831" lon="5.57963"/>
            <trkpt lat="50.07825" lon="5.57967"/>
            <trkpt lat="50.07816" lon="5.57975"/>
            <trkpt lat="50.07805" lon="5.57993"/>
            <trkpt lat="50.07793" lon="5.58015"/>
            <trkpt lat="50.07786" lon="5.58044"/>
            <trkpt lat="50.07781" lon="5.58071"/>
            <trkpt lat="50.0778" lon="5.58097"/>
            <trkpt lat="50.07782" lon="5.58105"/>
            <trkpt lat="50.07785" lon="5.58129"/>
            <trkpt lat="50.07796" lon="5.58168"/>
            <trkpt lat="50.07952" lon="5.58599"/>
            <trkpt lat="50.07962" lon="5.58629"/>
            <trkpt lat="50.07969" lon="5.58652"/>
            <trkpt lat="50.07972" lon="5.58674"/>
            <trkpt lat="50.07976" lon="5.58703"/>
            <trkpt lat="50.08032" lon="5.59304"/>
            <trkpt lat="50.08032" lon="5.59351"/>
            <trkpt lat="50.08029" lon="5.5941"/>
            <trkpt lat="50.08026" lon="5.59435"/>
            <trkpt lat="50.08022" lon="5.59459"/>
            <trkpt lat="50.08015" lon="5.59487"/>
            <trkpt lat="50.07886" lon="5.59942"/>
            <trkpt lat="50.07879" lon="5.59971"/>
            <trkpt lat="50.07876" lon="5.59988"/>
            <trkpt lat="50.07871" lon="5.60017"/>
            <trkpt lat="50.07866" lon="5.60067"/>
            <trkpt lat="50.07858" lon="5.60209"/>
            <trkpt lat="50.07853" lon="5.60239"/>
            <trkpt lat="50.07845" lon="5.60271"/>
            <trkpt lat="50.07834" lon="5.60303"/>
            <trkpt lat="50.07833" lon="5.60305"/>
            <trkpt lat="50.07819" lon="5.60334"/>
            <trkpt lat="50.07807" lon="5.60354"/>
            <trkpt lat="50.07795" lon="5.60369"/>
            <trkpt lat="50.07773" lon="5.60388"/>
            <trkpt lat="50.07753" lon="5.604"/>
            <trkpt lat="50.07732" lon="5.60409"/>
            <trkpt lat="50.07715" lon="5.6041"/>
            <trkpt lat="50.07691" lon="5.60405"/>
            <trkpt lat="50.07671" lon="5.60393"/>
            <trkpt lat="50.07635" lon="5.60369"/>
            <trkpt lat="50.0761" lon="5.60356"/>
            <trkpt lat="50.07586" lon="5.60348"/>
            <trkpt lat="50.07568" lon="5.60346"/>
            <trkpt lat="50.07558" lon="5.60344"/>
            <trkpt lat="50.0753" lon="5.60347"/>
            <trkpt lat="50.07494" lon="5.60353"/>
            <trkpt lat="50.07455" lon="5.60368"/>
            <trkpt lat="50.07425" lon="5.60385"/>
            <trkpt lat="50.07408" lon="5.60399"/>
            <trkpt lat="50.07382" lon="5.6043"/>
            <trkpt lat="50.07376" lon="5.60434"/>
            <trkpt lat="50.07365" lon="5.60433"/>
            <trkpt lat="50.07289" lon="5.604"/>
            <trkpt lat="50.07251" lon="5.60381"/>
            <trkpt lat="50.07172" lon="5.60331"/>
            <trkpt lat="50.07154" lon="5.60317"/>
            <trkpt lat="50.07138" lon="5.60303"/>
            <trkpt lat="50.07134" lon="5.60299"/>
            <trkpt lat="50.071" lon="5.60264"/>
            <trkpt lat="50.07091" lon="5.60258"/>
            <trkpt lat="50.07038" lon="5.60232"/>
            <trkpt lat="50.07011" lon="5.60216"/>
            <trkpt lat="50.06988" lon="5.60197"/>
            <trkpt lat="50.06965" lon="5.60175"/>
            <trkpt lat="50.06948" lon="5.60157"/>
            <trkpt lat="50.06932" lon="5.60143"/>
            <trkpt lat="50.06915" lon="5.60134"/>
            <trkpt lat="50.069" lon="5.6013"/>
            <trkpt lat="50.06878" lon="5.60128"/>
            <trkpt lat="50.06853" lon="5.60128"/>
            <trkpt lat="50.06782" lon="5.60135"/>
            <trkpt lat="50.06733" lon="5.60158"/>
            <trkpt lat="50.06682" lon="5.6018"/>
            <trkpt lat="50.06668" lon="5.60185"/>
            <trkpt lat="50.06555" lon="5.60243"/>
            <trkpt lat="50.06534" lon="5.60257"/>
            <trkpt lat="50.06519" lon="5.60272"/>
            <trkpt lat="50.06495" lon="5.60303"/>
            <trkpt lat="50.06392" lon="5.60438"/>
            <trkpt lat="50.06382" lon="5.6045"/>
            <trkpt lat="50.06358" lon="5.60474"/>
            <trkpt lat="50.06344" lon="5.60484"/>
            <trkpt lat="50.06296" lon="5.60514"/>
            <trkpt lat="50.06287" lon="5.60521"/>
            <trkpt lat="50.06279" lon="5.60531"/>
            <trkpt lat="50.06269" lon="5.60547"/>
            <trkpt lat="50.06258" lon="5.60575"/>
            <trkpt lat="50.06237" lon="5.60621"/>
            <trkpt lat="50.06214" lon="5.60656"/>
            <trkpt lat="50.06189" lon="5.60686"/>
            <trkpt lat="50.06167" lon="5.60715"/>
            <trkpt lat="50.06162" lon="5.60726"/>
            <trkpt lat="50.06153" lon="5.60751"/>
            <trkpt lat="50.06133" lon="5.60848"/>
            <trkpt lat="50.06121" lon="5.60895"/>
            <trkpt lat="50.06099" lon="5.60955"/>
            <trkpt lat="50.06093" lon="5.60968"/>
            <trkpt lat="50.06066" lon="5.61022"/>
            <trkpt lat="50.06055" lon="5.61036"/>
            <trkpt lat="50.06048" lon="5.61044"/>
            <trkpt lat="50.06038" lon="5.61056"/>
            <trkpt lat="50.06022" lon="5.61071"/>
            <trkpt lat="50.05992" lon="5.6109"/>
            <trkpt lat="50.05994" lon="5.61125"/>
            <trkpt lat="50.05996" lon="5.6113"/>
            <trkpt lat="50.06001" lon="5.61134"/>
            <trkpt lat="50.06023" lon="5.61145"/>
            <trkpt lat="50.06077" lon="5.61169"/>
            <trkpt lat="50.06076" lon="5.61185"/>
            <trkpt lat="50.06077" lon="5.61196"/>
            <trkpt lat="50.06079" lon="5.61204"/>
            <trkpt lat="50.06084" lon="5.61215"/>
            <trkpt lat="50.06123" lon="5.61275"/>
            <trkpt lat="50.06131" lon="5.61289"/>
            <trkpt lat="50.06135" lon="5.61305"/>
            <trkpt lat="50.06135" lon="5.61321"/>
            <trkpt lat="50.06134" lon="5.61334"/>
            <trkpt lat="50.06129" lon="5.61343"/>
            <trkpt lat="50.06118" lon="5.6136"/>
            <trkpt lat="50.06084" lon="5.6139"/>
            <trkpt lat="50.0607" lon="5.61411"/>
            <trkpt lat="50.06044" lon="5.61465"/>
            <trkpt lat="50.06039" lon="5.6147"/>
            <trkpt lat="50.06018" lon="5.61496"/>
            <trkpt lat="50.06011" lon="5.61542"/>
            <trkpt lat="50.06007" lon="5.61554"/>
            <trkpt lat="50.06015" lon="5.61578"/>
            <trkpt lat="50.0604" lon="5.6165"/>
            <trkpt lat="50.0606" lon="5.61688"/>
            <trkpt lat="50.06103" lon="5.61759"/>
            <trkpt lat="50.06161" lon="5.61859"/>
            <trkpt lat="50.06196" lon="5.61921"/>
            <trkpt lat="50.06207" lon="5.61945"/>
            <trkpt lat="50.06234" lon="5.62035"/>
            <trkpt lat="50.06258" lon="5.62118"/>
            <trkpt lat="50.06261" lon="5.62127"/>
            <trkpt lat="50.06262" lon="5.62137"/>
            <trkpt lat="50.06262" lon="5.62152"/>
            <trkpt lat="50.06261" lon="5.6216"/>
            <trkpt lat="50.06259" lon="5.6217"/>
            <trkpt lat="50.06256" lon="5.6218"/>
            <trkpt lat="50.06198" lon="5.62332"/>
            <trkpt lat="50.06195" lon="5.62346"/>
            <trkpt lat="50.06194" lon="5.6236"/>
            <trkpt lat="50.06196" lon="5.62375"/>
            <trkpt lat="50.06222" lon="5.62489"/>
            <trkpt lat="50.06225" lon="5.625"/>
            <trkpt lat="50.06256" lon="5.62608"/>
            <trkpt lat="50.06261" lon="5.62628"/>
            <trkpt lat="50.06265" lon="5.62657"/>
            <trkpt lat="50.06265" lon="5.6267"/>
            <trkpt lat="50.06264" lon="5.62689"/>
            <trkpt lat="50.06258" lon="5.6272"/>
            <trkpt lat="50.06244" lon="5.62792"/>
            <trkpt lat="50.06242" lon="5.62823"/>
            <trkpt lat="50.06244" lon="5.62841"/>
            <trkpt lat="50.06249" lon="5.62857"/>
            <trkpt lat="50.06255" lon="5.62873"/>
            <trkpt lat="50.0627" lon="5.62895"/>
            <trkpt lat="50.06278" lon="5.62902"/>
            <trkpt lat="50.06291" lon="5.62909"/>
            <trkpt lat="50.063" lon="5.62911"/>
            <trkpt lat="50.06317" lon="5.6291"/>
            <trkpt lat="50.06408" lon="5.62896"/>
            <trkpt lat="50.06427" lon="5.62896"/>
            <trkpt lat="50.06442" lon="5.62901"/>
            <trkpt lat="50.06462" lon="5.62907"/>
            <trkpt lat="50.06482" lon="5.62918"/>
            <trkpt lat="50.06515" lon="5.62942"/>
            <trkpt lat="50.06804" lon="5.6319"/>
            <trkpt lat="50.06839" lon="5.63228"/>
            <trkpt lat="50.0685" lon="5.63244"/>
            <trkpt lat="50.06859" lon="5.6326"/>
            <trkpt lat="50.0688" lon="5.63312"/>
            <trkpt lat="50.06891" lon="5.63352"/>
            <trkpt lat="50.06944" lon="5.63564"/>
            <trkpt lat="50.06954" lon="5.63599"/>
            <trkpt lat="50.06988" lon="5.63728"/>
            <trkpt lat="50.06993" lon="5.63755"/>
            <trkpt lat="50.06994" lon="5.63775"/>
            <trkpt lat="50.06994" lon="5.6379"/>
            <trkpt lat="50.06995" lon="5.63804"/>
            <trkpt lat="50.06996" lon="5.63827"/>
            <trkpt lat="50.07003" lon="5.63869"/>
            <trkpt lat="50.07009" lon="5.63891"/>
            <trkpt lat="50.07012" lon="5.63904"/>
            <trkpt lat="50.07022" lon="5.63933"/>
            <trkpt lat="50.07116" lon="5.6414"/>
            <trkpt lat="50.07137" lon="5.64183"/>
            <trkpt lat="50.07152" lon="5.64218"/>
            <trkpt lat="50.07172" lon="5.64274"/>
            <trkpt lat="50.07174" lon="5.64279"/>
            <trkpt lat="50.07221" lon="5.64408"/>
            <trkpt lat="50.07234" lon="5.64443"/>
            <trkpt lat="50.07237" lon="5.64453"/>
            <trkpt lat="50.07265" lon="5.64533"/>
            <trkpt lat="50.07277" lon="5.64562"/>
            <trkpt lat="50.07293" lon="5.64595"/>
            <trkpt lat="50.07338" lon="5.64697"/>
            <trkpt lat="50.07361" lon="5.6475"/>
            <trkpt lat="50.07371" lon="5.64778"/>
            <trkpt lat="50.07388" lon="5.64839"/>
            <trkpt lat="50.074" lon="5.64902"/>
            <trkpt lat="50.07417" lon="5.65022"/>
            <trkpt lat="50.07419" lon="5.65036"/>
            <trkpt lat="50.07473" lon="5.65384"/>
            <trkpt lat="50.07485" lon="5.65452"/>
            <trkpt lat="50.07499" lon="5.65496"/>
            <trkpt lat="50.07511" lon="5.65528"/>
            <trkpt lat="50.07527" lon="5.65559"/>
            <trkpt lat="50.07547" lon="5.65594"/>
            <trkpt lat="50.07556" lon="5.65609"/>
            <trkpt lat="50.07568" lon="5.65624"/>
            <trkpt lat="50.07744" lon="5.65847"/>
            <trkpt lat="50.07805" lon="5.65928"/>
            <trkpt lat="50.07891" lon="5.66038"/>
            <trkpt lat="50.07937" lon="5.66098"/>
            <trkpt lat="50.07972" lon="5.66146"/>
            <trkpt lat="50.07996" lon="5.66183"/>
            <trkpt lat="50.08007" lon="5.66203"/>
            <trkpt lat="50.08022" lon="5.6624"/>
            <trkpt lat="50.08026" lon="5.66253"/>
            <trkpt lat="50.08031" lon="5.66266"/>
            <trkpt lat="50.08037" lon="5.66292"/>
            <trkpt lat="50.08043" lon="5.66324"/>
            <trkpt lat="50.08045" lon="5.66351"/>
            <trkpt lat="50.08047" lon="5.66372"/>
            <trkpt lat="50.08049" lon="5.664"/>
            <trkpt lat="50.08048" lon="5.66437"/>
            <trkpt lat="50.08046" lon="5.66469"/>
            <trkpt lat="50.08043" lon="5.6647"/>
            <trkpt lat="50.08041" lon="5.66473"/>
            <trkpt lat="50.08039" lon="5.66476"/>
            <trkpt lat="50.08037" lon="5.66483"/>
            <trkpt lat="50.08037" lon="5.66489"/>
            <trkpt lat="50.08038" lon="5.66497"/>
            <trkpt lat="50.08041" lon="5.66503"/>
            <trkpt lat="50.08045" lon="5.66507"/>
            <trkpt lat="50.08048" lon="5.66508"/>
            <trkpt lat="50.08051" lon="5.66508"/>
            <trkpt lat="50.08053" lon="5.66507"/>
            <trkpt lat="50.08055" lon="5.66506"/>
            <trkpt lat="50.08058" lon="5.66503"/>
            <trkpt lat="50.0806" lon="5.66499"/>
            <trkpt lat="50.08062" lon="5.66494"/>
            <trkpt lat="50.08062" lon="5.6649"/>
            <trkpt lat="50.08062" lon="5.66487"/>
            <trkpt lat="50.08076" lon="5.66488"/>
            <trkpt lat="50.08094" lon="5.66494"/>
            <trkpt lat="50.08103" lon="5.66501"/>
            <trkpt lat="50.08135" lon="5.66525"/>
            <trkpt lat="50.0826" lon="5.66655"/>
            <trkpt lat="50.0828" lon="5.66678"/>
            <trkpt lat="50.08311" lon="5.66708"/>
            <trkpt lat="50.08339" lon="5.66728"/>
            <trkpt lat="50.0837" lon="5.66747"/>
            <trkpt lat="50.0844" lon="5.66781"/>
            <trkpt lat="50.08467" lon="5.668"/>
            <trkpt lat="50.08471" lon="5.66803"/>
            <trkpt lat="50.08479" lon="5.66812"/>
            <trkpt lat="50.08487" lon="5.66824"/>
            <trkpt lat="50.08474" lon="5.66852"/>
            <trkpt lat="50.08469" lon="5.66871"/>
            <trkpt lat="50.08465" lon="5.66895"/>
            <trkpt lat="50.08463" lon="5.6691"/>
            <trkpt lat="50.08483" lon="5.66919"/>
            <trkpt lat="50.08488" lon="5.66924"/>
            <trkpt lat="50.08509" lon="5.6695"/>
            <trkpt lat="50.08517" lon="5.66955"/>
            <trkpt lat="50.0852" lon="5.66957"/>
            <trkpt lat="50.08523" lon="5.66958"/>
            <trkpt lat="50.08526" lon="5.66958"/>
            <trkpt lat="50.08529" lon="5.66958"/>
            <trkpt lat="50.08531" lon="5.66956"/>
            <trkpt lat="50.08539" lon="5.66998"/>
            <trkpt lat="50.08546" lon="5.67014"/>
            <trkpt lat="50.08552" lon="5.67025"/>
            <trkpt lat="50.08562" lon="5.67035"/>
            <trkpt lat="50.08565" lon="5.67038"/>
            <trkpt lat="50.08571" lon="5.67041"/>
            <trkpt lat="50.08578" lon="5.67042"/>
            <trkpt lat="50.08586" lon="5.67039"/>
            <trkpt lat="50.08591" lon="5.67033"/>
            <trkpt lat="50.08627" lon="5.66976"/>
            <trkpt lat="50.08639" lon="5.66967"/>
            <trkpt lat="50.08654" lon="5.66957"/>
            <trkpt lat="50.08685" lon="5.6695"/>
            <trkpt lat="50.08701" lon="5.66949"/>
            <trkpt lat="50.08712" lon="5.66948"/>
            <trkpt lat="50.08723" lon="5.6695"/>
            <trkpt lat="50.08729" lon="5.66951"/>
            <trkpt lat="50.08753" lon="5.66957"/>
            <trkpt lat="50.08769" lon="5.66966"/>
            <trkpt lat="50.08788" lon="5.66977"/>
            <trkpt lat="50.08826" lon="5.67006"/>
            <trkpt lat="50.08838" lon="5.6702"/>
            <trkpt lat="50.08908" lon="5.67113"/>
            <trkpt lat="50.08946" lon="5.67159"/>
            <trkpt lat="50.08982" lon="5.672"/>
            <trkpt lat="50.0901" lon="5.67249"/>
            <trkpt lat="50.09053" lon="5.67345"/>
            <trkpt lat="50.09083" lon="5.674"/>
            <trkpt lat="50.09099" lon="5.67429"/>
            <trkpt lat="50.09127" lon="5.67465"/>
            <trkpt lat="50.09139" lon="5.67476"/>
            <trkpt lat="50.09151" lon="5.67485"/>
            <trkpt lat="50.09177" lon="5.67499"/>
            <trkpt lat="50.09209" lon="5.67509"/>
            <trkpt lat="50.09225" lon="5.6751"/>
            <trkpt lat="50.09235" lon="5.6751"/>
            <trkpt lat="50.09244" lon="5.67505"/>
            <trkpt lat="50.09268" lon="5.6749"/>
            <trkpt lat="50.09298" lon="5.67461"/>
            <trkpt lat="50.09333" lon="5.67438"/>
            <trkpt lat="50.09351" lon="5.67433"/>
            <trkpt lat="50.09376" lon="5.67428"/>
            <trkpt lat="50.09405" lon="5.67435"/>
            <trkpt lat="50.0946" lon="5.67459"/>
            <trkpt lat="50.09519" lon="5.67481"/>
            <trkpt lat="50.09577" lon="5.67497"/>
            <trkpt lat="50.09593" lon="5.67503"/>
            <trkpt lat="50.09649" lon="5.67526"/>
            <trkpt lat="50.09677" lon="5.67545"/>
            <trkpt lat="50.09726" lon="5.67593"/>
            <trkpt lat="50.0975" lon="5.6761"/>
            <trkpt lat="50.09755" lon="5.67612"/>
            <trkpt lat="50.09761" lon="5.67612"/>
            <trkpt lat="50.09766" lon="5.6761"/>
            <trkpt lat="50.09769" lon="5.67609"/>
            <trkpt lat="50.09776" lon="5.67605"/>
            <trkpt lat="50.09782" lon="5.67596"/>
            <trkpt lat="50.09785" lon="5.67589"/>
            <trkpt lat="50.09789" lon="5.67576"/>
            <trkpt lat="50.09792" lon="5.67526"/>
            <trkpt lat="50.09795" lon="5.67503"/>
            <trkpt lat="50.09799" lon="5.67481"/>
            <trkpt lat="50.09809" lon="5.67454"/>
            <trkpt lat="50.09825" lon="5.67418"/>
            <trkpt lat="50.09847" lon="5.67383"/>
            <trkpt lat="50.09868" lon="5.67357"/>
            <trkpt lat="50.09883" lon="5.67345"/>
            <trkpt lat="50.09899" lon="5.67335"/>
            <trkpt lat="50.09925" lon="5.67326"/>
            <trkpt lat="50.09941" lon="5.67322"/>
            <trkpt lat="50.0996" lon="5.67319"/>
            <trkpt lat="50.09997" lon="5.67324"/>
            <trkpt lat="50.10018" lon="5.67331"/>
            <trkpt lat="50.10086" lon="5.67365"/>
            <trkpt lat="50.10111" lon="5.67365"/>
            <trkpt lat="50.1012" lon="5.67361"/>
            <trkpt lat="50.10127" lon="5.67355"/>
            <trkpt lat="50.10138" lon="5.67342"/>
            <trkpt lat="50.10182" lon="5.67281"/>
            <trkpt lat="50.10207" lon="5.6725"/>
            <trkpt lat="50.10219" lon="5.67238"/>
            <trkpt lat="50.10287" lon="5.6719"/>
            <trkpt lat="50.1031" lon="5.67165"/>
            <trkpt lat="50.10325" lon="5.67142"/>
            <trkpt lat="50.10338" lon="5.6711"/>
            <trkpt lat="50.10364" lon="5.67025"/>
            <trkpt lat="50.10375" lon="5.66984"/>
            <trkpt lat="50.10385" lon="5.6692"/>
            <trkpt lat="50.10387" lon="5.66895"/>
            <trkpt lat="50.10388" lon="5.66868"/>
            <trkpt lat="50.10387" lon="5.66841"/>
            <trkpt lat="50.10386" lon="5.66759"/>
            <trkpt lat="50.10391" lon="5.66651"/>
            <trkpt lat="50.10398" lon="5.66596"/>
            <trkpt lat="50.10404" lon="5.66565"/>
            <trkpt lat="50.10416" lon="5.66522"/>
            <trkpt lat="50.10428" lon="5.66491"/>
            <trkpt lat="50.10451" lon="5.66437"/>
            <trkpt lat="50.10464" lon="5.66411"/>
            <trkpt lat="50.10483" lon="5.66378"/>
            <trkpt lat="50.105" lon="5.66342"/>
            <trkpt lat="50.10518" lon="5.66293"/>
            <trkpt lat="50.10531" lon="5.66244"/>
            <trkpt lat="50.10572" lon="5.66058"/>
            <trkpt lat="50.10576" lon="5.66027"/>
            <trkpt lat="50.10572" lon="5.65991"/>
            <trkpt lat="50.10567" lon="5.65965"/>
            <trkpt lat="50.10555" lon="5.65932"/>
            <trkpt lat="50.10547" lon="5.65921"/>
            <trkpt lat="50.10535" lon="5.65913"/>
            <trkpt lat="50.105" lon="5.65896"/>
            <trkpt lat="50.10463" lon="5.65871"/>
            <trkpt lat="50.10436" lon="5.6585"/>
            <trkpt lat="50.10414" lon="5.65828"/>
            <trkpt lat="50.10392" lon="5.658"/>
            <trkpt lat="50.10371" lon="5.65768"/>
            <trkpt lat="50.10355" lon="5.6574"/>
            <trkpt lat="50.10318" lon="5.65669"/>
            <trkpt lat="50.10296" lon="5.65607"/>
            <trkpt lat="50.10278" lon="5.65498"/>
            <trkpt lat="50.10276" lon="5.65431"/>
            <trkpt lat="50.10277" lon="5.65403"/>
            <trkpt lat="50.10283" lon="5.65378"/>
            <trkpt lat="50.1029" lon="5.65353"/>
            <trkpt lat="50.10313" lon="5.65303"/>
            <trkpt lat="50.10326" lon="5.65281"/>
            <trkpt lat="50.10331" lon="5.65271"/>
            <trkpt lat="50.10348" lon="5.65248"/>
            <trkpt lat="50.10392" lon="5.65211"/>
            <trkpt lat="50.10411" lon="5.652"/>
            <trkpt lat="50.10432" lon="5.65193"/>
            <trkpt lat="50.10452" lon="5.65192"/>
            <trkpt lat="50.10482" lon="5.65191"/>
            <trkpt lat="50.10554" lon="5.65205"/>
            <trkpt lat="50.10639" lon="5.65226"/>
            <trkpt lat="50.10663" lon="5.65229"/>
            <trkpt lat="50.10686" lon="5.6523"/>
            <trkpt lat="50.10712" lon="5.65227"/>
            <trkpt lat="50.10727" lon="5.65221"/>
            <trkpt lat="50.1075" lon="5.65205"/>
            <trkpt lat="50.10774" lon="5.65177"/>
            <trkpt lat="50.10807" lon="5.65123"/>
            <trkpt lat="50.10824" lon="5.65074"/>
            <trkpt lat="50.1083" lon="5.65048"/>
            <trkpt lat="50.10836" lon="5.65017"/>
            <trkpt lat="50.10837" lon="5.64998"/>
            <trkpt lat="50.10837" lon="5.64952"/>
            <trkpt lat="50.10835" lon="5.64922"/>
            <trkpt lat="50.10829" lon="5.64891"/>
            <trkpt lat="50.10812" lon="5.64847"/>
            <trkpt lat="50.10726" lon="5.64697"/>
            <trkpt lat="50.10696" lon="5.64645"/>
            <trkpt lat="50.10686" lon="5.64628"/>
            <trkpt lat="50.10674" lon="5.64607"/>
            <trkpt lat="50.1063" lon="5.64539"/>
            <trkpt lat="50.10613" lon="5.64523"/>
            <trkpt lat="50.10598" lon="5.64514"/>
            <trkpt lat="50.10585" lon="5.64507"/>
            <trkpt lat="50.10556" lon="5.64501"/>
            <trkpt lat="50.10527" lon="5.64501"/>
            <trkpt lat="50.10485" lon="5.64498"/>
            <trkpt lat="50.10418" lon="5.64489"/>
            <trkpt lat="50.10394" lon="5.64487"/>
            <trkpt lat="50.10364" lon="5.64489"/>
            <trkpt lat="50.1035" lon="5.64485"/>
            <trkpt lat="50.1032" lon="5.64468"/>
            <trkpt lat="50.10302" lon="5.64451"/>
            <trkpt lat="50.10283" lon="5.64415"/>
            <trkpt lat="50.10276" lon="5.6439"/>
            <trkpt lat="50.1027" lon="5.64351"/>
            <trkpt lat="50.10271" lon="5.64294"/>
            <trkpt lat="50.10273" lon="5.64266"/>
            <trkpt lat="50.10275" lon="5.64245"/>
            <trkpt lat="50.1028" lon="5.64225"/>
            <trkpt lat="50.10288" lon="5.64203"/>
            <trkpt lat="50.10304" lon="5.64177"/>
            <trkpt lat="50.10316" lon="5.64164"/>
            <trkpt lat="50.10356" lon="5.6414"/>
            <trkpt lat="50.10388" lon="5.64125"/>
            <trkpt lat="50.10482" lon="5.64061"/>
            <trkpt lat="50.10489" lon="5.64069"/>
            <trkpt lat="50.10491" lon="5.6407"/>
            <trkpt lat="50.10497" lon="5.64071"/>
            <trkpt lat="50.10501" lon="5.64071"/>
            <trkpt lat="50.10524" lon="5.64064"/>
            <trkpt lat="50.10543" lon="5.64057"/>
            <trkpt lat="50.10581" lon="5.64032"/>
            <trkpt lat="50.10598" lon="5.64018"/>
            <trkpt lat="50.10615" lon="5.64006"/>
            <trkpt lat="50.10628" lon="5.64001"/>
            <trkpt lat="50.10652" lon="5.63998"/>
            <trkpt lat="50.10672" lon="5.64002"/>
            <trkpt lat="50.10687" lon="5.64008"/>
            <trkpt lat="50.10709" lon="5.64022"/>
            <trkpt lat="50.10755" lon="5.6407"/>
            <trkpt lat="50.10786" lon="5.64097"/>
            <trkpt lat="50.10802" lon="5.64109"/>
            <trkpt lat="50.1082" lon="5.64115"/>
            <trkpt lat="50.10841" lon="5.64116"/>
            <trkpt lat="50.10876" lon="5.64113"/>
            <trkpt lat="50.10897" lon="5.64107"/>
            <trkpt lat="50.10916" lon="5.64105"/>
            <trkpt lat="50.10951" lon="5.64106"/>
            <trkpt lat="50.1097" lon="5.64112"/>
            <trkpt lat="50.10987" lon="5.64119"/>
            <trkpt lat="50.11063" lon="5.6417"/>
            <trkpt lat="50.11077" lon="5.64172"/>
            <trkpt lat="50.11083" lon="5.64172"/>
            <trkpt lat="50.11091" lon="5.64168"/>
            <trkpt lat="50.11116" lon="5.64146"/>
            <trkpt lat="50.11148" lon="5.6411"/>
            <trkpt lat="50.11158" lon="5.64097"/>
            <trkpt lat="50.11163" lon="5.64088"/>
            <trkpt lat="50.11175" lon="5.64047"/>
            <trkpt lat="50.11194" lon="5.63999"/>
            <trkpt lat="50.11209" lon="5.63971"/>
            <trkpt lat="50.11215" lon="5.63963"/>
            <trkpt lat="50.1123" lon="5.63948"/>
            <trkpt lat="50.11244" lon="5.63932"/>
            <trkpt lat="50.11277" lon="5.63903"/>
            <trkpt lat="50.11299" lon="5.63885"/>
            <trkpt lat="50.11364" lon="5.63845"/>
            <trkpt lat="50.11384" lon="5.63833"/>
            <trkpt lat="50.11392" lon="5.6383"/>
            <trkpt lat="50.11409" lon="5.6383"/>
            <trkpt lat="50.11424" lon="5.63843"/>
            <trkpt lat="50.11431" lon="5.63853"/>
            <trkpt lat="50.11457" lon="5.63896"/>
            <trkpt lat="50.11467" lon="5.63911"/>
            <trkpt lat="50.11474" lon="5.63913"/>
            <trkpt lat="50.11487" lon="5.6391"/>
            <trkpt lat="50.11501" lon="5.64006"/>
            <trkpt lat="50.1151" lon="5.6404"/>
            <trkpt lat="50.11518" lon="5.64066"/>
            <trkpt lat="50.11536" lon="5.641"/>
            <trkpt lat="50.11539" lon="5.64106"/>
            <trkpt lat="50.11551" lon="5.64122"/>
            <trkpt lat="50.11564" lon="5.64139"/>
            <trkpt lat="50.11598" lon="5.64162"/>
            <trkpt lat="50.11615" lon="5.64168"/>
            <trkpt lat="50.11656" lon="5.64178"/>
            <trkpt lat="50.11677" lon="5.64177"/>
            <trkpt lat="50.11714" lon="5.6417"/>
            <trkpt lat="50.11729" lon="5.64163"/>
            <trkpt lat="50.11746" lon="5.64153"/>
            <trkpt lat="50.11785" lon="5.64116"/>
            <trkpt lat="50.11831" lon="5.64063"/>
            <trkpt lat="50.11859" lon="5.64043"/>
            <trkpt lat="50.11888" lon="5.6403"/>
            <trkpt lat="50.11907" lon="5.64024"/>
            <trkpt lat="50.11929" lon="5.64021"/>
            <trkpt lat="50.11963" lon="5.6402"/>
            <trkpt lat="50.12018" lon="5.64019"/>
            <trkpt lat="50.12042" lon="5.64016"/>
            <trkpt lat="50.12075" lon="5.64006"/>
            <trkpt lat="50.12087" lon="5.64001"/>
            <trkpt lat="50.12242" lon="5.63946"/>
            <trkpt lat="50.12295" lon="5.63927"/>
            <trkpt lat="50.12314" lon="5.63926"/>
            <trkpt lat="50.12326" lon="5.63929"/>
            <trkpt lat="50.12341" lon="5.63937"/>
            <trkpt lat="50.12361" lon="5.63952"/>
            <trkpt lat="50.12421" lon="5.63999"/>
            <trkpt lat="50.1245" lon="5.64021"/>
            <trkpt lat="50.12468" lon="5.64028"/>
            <trkpt lat="50.12485" lon="5.64028"/>
            <trkpt lat="50.12491" lon="5.64024"/>
            <trkpt lat="50.12495" lon="5.6402"/>
            <trkpt lat="50.12509" lon="5.64004"/>
            <trkpt lat="50.12623" lon="5.63847"/>
            <trkpt lat="50.12655" lon="5.63804"/>
            <trkpt lat="50.12681" lon="5.63755"/>
            <trkpt lat="50.12696" lon="5.63724"/>
            <trkpt lat="50.12764" lon="5.63585"/>
            <trkpt lat="50.12804" lon="5.63508"/>
            <trkpt lat="50.12829" lon="5.63468"/>
            <trkpt lat="50.12839" lon="5.63454"/>
            <trkpt lat="50.12885" lon="5.63399"/>
            <trkpt lat="50.12895" lon="5.63388"/>
            <trkpt lat="50.12914" lon="5.63422"/>
            <trkpt lat="50.12935" lon="5.63456"/>
            <trkpt lat="50.13077" lon="5.63656"/>
            <trkpt lat="50.13131" lon="5.63742"/>
            <trkpt lat="50.13205" lon="5.6387"/>
            <trkpt lat="50.1333" lon="5.64074"/>
            <trkpt lat="50.13357" lon="5.6412"/>
            <trkpt lat="50.1337" lon="5.64144"/>
            <trkpt lat="50.13382" lon="5.6417"/>
            <trkpt lat="50.13463" lon="5.64333"/>
            <trkpt lat="50.13478" lon="5.64374"/>
            <trkpt lat="50.13522" lon="5.6454"/>
            <trkpt lat="50.13539" lon="5.64604"/>
            <trkpt lat="50.13554" lon="5.64652"/>
            <trkpt lat="50.13568" lon="5.64697"/>
            <trkpt lat="50.1357" lon="5.64702"/>
            <trkpt lat="50.13576" lon="5.64722"/>
            <trkpt lat="50.13581" lon="5.64733"/>
            <trkpt lat="50.13585" lon="5.6474"/>
            <trkpt lat="50.13588" lon="5.64744"/>
            <trkpt lat="50.13655" lon="5.64845"/>
            <trkpt lat="50.13776" lon="5.6503"/>
            <trkpt lat="50.1381" lon="5.65093"/>
            <trkpt lat="50.13849" lon="5.65184"/>
            <trkpt lat="50.13868" lon="5.65225"/>
            <trkpt lat="50.13992" lon="5.65468"/>
            <trkpt lat="50.14005" lon="5.6549"/>
            <trkpt lat="50.14023" lon="5.65513"/>
            <trkpt lat="50.1403" lon="5.65519"/>
            <trkpt lat="50.14032" lon="5.65521"/>
            <trkpt lat="50.14046" lon="5.6553"/>
            <trkpt lat="50.14058" lon="5.65534"/>
            <trkpt lat="50.14068" lon="5.65536"/>
            <trkpt lat="50.14096" lon="5.65533"/>
            <trkpt lat="50.1416" lon="5.6552"/>
            <trkpt lat="50.14164" lon="5.65519"/>
            <trkpt lat="50.14181" lon="5.65518"/>
            <trkpt lat="50.1419" lon="5.6552"/>
            <trkpt lat="50.14203" lon="5.65525"/>
            <trkpt lat="50.14216" lon="5.65534"/>
            <trkpt lat="50.14226" lon="5.65545"/>
            <trkpt lat="50.14234" lon="5.65555"/>
            <trkpt lat="50.14251" lon="5.65593"/>
            <trkpt lat="50.14258" lon="5.65614"/>
            <trkpt lat="50.14331" lon="5.65907"/>
            <trkpt lat="50.14352" lon="5.65984"/>
            <trkpt lat="50.14382" lon="5.66082"/>
            <trkpt lat="50.1442" lon="5.66208"/>
            <trkpt lat="50.14436" lon="5.66251"/>
            <trkpt lat="50.14453" lon="5.66281"/>
            <trkpt lat="50.14468" lon="5.66312"/>
            <trkpt lat="50.14481" lon="5.66333"/>
            <trkpt lat="50.14515" lon="5.66384"/>
            <trkpt lat="50.14576" lon="5.6649"/>
            <trkpt lat="50.14591" lon="5.66523"/>
            <trkpt lat="50.14593" lon="5.66527"/>
            <trkpt lat="50.14613" lon="5.66587"/>
            <trkpt lat="50.1463" lon="5.66627"/>
            <trkpt lat="50.14632" lon="5.66632"/>
            <trkpt lat="50.14642" lon="5.66648"/>
            <trkpt lat="50.14657" lon="5.66672"/>
            <trkpt lat="50.14691" lon="5.66727"/>
            <trkpt lat="50.14761" lon="5.66831"/>
            <trkpt lat="50.14784" lon="5.66867"/>
            <trkpt lat="50.14801" lon="5.66895"/>
            <trkpt lat="50.14809" lon="5.66908"/>
            <trkpt lat="50.14863" lon="5.66986"/>
            <trkpt lat="50.14873" lon="5.67007"/>
            <trkpt lat="50.14883" lon="5.67021"/>
            <trkpt lat="50.14906" lon="5.67052"/>
            <trkpt lat="50.14926" lon="5.67083"/>
            <trkpt lat="50.14933" lon="5.67096"/>
            <trkpt lat="50.14947" lon="5.67122"/>
            <trkpt lat="50.14963" lon="5.67157"/>
            <trkpt lat="50.1497" lon="5.67184"/>
            <trkpt lat="50.14976" lon="5.6721"/>
            <trkpt lat="50.14976" lon="5.67232"/>
            <trkpt lat="50.14969" lon="5.67266"/>
            <trkpt lat="50.14964" lon="5.6728"/>
            <trkpt lat="50.14951" lon="5.67293"/>
            <trkpt lat="50.14906" lon="5.67315"/>
            <trkpt lat="50.14866" lon="5.67338"/>
            <trkpt lat="50.14838" lon="5.67346"/>
            <trkpt lat="50.14822" lon="5.67348"/>
            <trkpt lat="50.14799" lon="5.67349"/>
            <trkpt lat="50.14745" lon="5.67355"/>
            <trkpt lat="50.14654" lon="5.67371"/>
            <trkpt lat="50.14635" lon="5.67377"/>
            <trkpt lat="50.14571" lon="5.67406"/>
            <trkpt lat="50.14559" lon="5.67408"/>
            <trkpt lat="50.14524" lon="5.67421"/>
            <trkpt lat="50.14487" lon="5.67429"/>
            <trkpt lat="50.14388" lon="5.67444"/>
            <trkpt lat="50.14333" lon="5.67455"/>
            <trkpt lat="50.14315" lon="5.67456"/>
            <trkpt lat="50.14278" lon="5.67462"/>
            <trkpt lat="50.14239" lon="5.67465"/>
            <trkpt lat="50.14183" lon="5.67466"/>
            <trkpt lat="50.1416" lon="5.67464"/>
            <trkpt lat="50.14146" lon="5.67463"/>
            <trkpt lat="50.14132" lon="5.67459"/>
            <trkpt lat="50.14113" lon="5.67451"/>
            <trkpt lat="50.14069" lon="5.67421"/>
            <trkpt lat="50.14062" lon="5.67416"/>
            <trkpt lat="50.14048" lon="5.67403"/>
            <trkpt lat="50.14035" lon="5.67389"/>
            <trkpt lat="50.14025" lon="5.67366"/>
            <trkpt lat="50.14017" lon="5.67335"/>
            <trkpt lat="50.14016" lon="5.6729"/>
            <trkpt lat="50.14019" lon="5.67273"/>
            <trkpt lat="50.14028" lon="5.67241"/>
            <trkpt lat="50.14029" lon="5.67223"/>
            <trkpt lat="50.14027" lon="5.67207"/>
            <trkpt lat="50.14024" lon="5.6719"/>
            <trkpt lat="50.14021" lon="5.6718"/>
            <trkpt lat="50.1402" lon="5.67172"/>
            <trkpt lat="50.14016" lon="5.67153"/>
            <trkpt lat="50.14011" lon="5.67123"/>
            <trkpt lat="50.14009" lon="5.67119"/>
            <trkpt lat="50.14006" lon="5.67116"/>
            <trkpt lat="50.14001" lon="5.67116"/>
            <trkpt lat="50.13998" lon="5.67117"/>
            <trkpt lat="50.13986" lon="5.67126"/>
            <trkpt lat="50.13981" lon="5.67131"/>
            <trkpt lat="50.13966" lon="5.67153"/>
            <trkpt lat="50.13956" lon="5.67173"/>
            <trkpt lat="50.13945" lon="5.67201"/>
            <trkpt lat="50.13938" lon="5.67234"/>
            <trkpt lat="50.13934" lon="5.67276"/>
            <trkpt lat="50.13933" lon="5.67317"/>
            <trkpt lat="50.13936" lon="5.67346"/>
            <trkpt lat="50.13941" lon="5.67382"/>
            <trkpt lat="50.13947" lon="5.6741"/>
            <trkpt lat="50.13956" lon="5.67438"/>
            <trkpt lat="50.13974" lon="5.67479"/>
            <trkpt lat="50.1399" lon="5.67504"/>
            <trkpt lat="50.14036" lon="5.67563"/>
            <trkpt lat="50.14066" lon="5.67598"/>
            <trkpt lat="50.14077" lon="5.67607"/>
            <trkpt lat="50.14088" lon="5.67617"/>
            <trkpt lat="50.14116" lon="5.67637"/>
            <trkpt lat="50.14153" lon="5.67668"/>
            <trkpt lat="50.1416" lon="5.67675"/>
            <trkpt lat="50.14187" lon="5.67702"/>
            <trkpt lat="50.14211" lon="5.67724"/>
            <trkpt lat="50.14229" lon="5.67733"/>
            <trkpt lat="50.14243" lon="5.67736"/>
            <trkpt lat="50.14268" lon="5.6774"/>
            <trkpt lat="50.14278" lon="5.67739"/>
            <trkpt lat="50.14313" lon="5.6773"/>
            <trkpt lat="50.14328" lon="5.67729"/>
            <trkpt lat="50.14336" lon="5.6773"/>
            <trkpt lat="50.14344" lon="5.67734"/>
            <trkpt lat="50.14353" lon="5.67741"/>
            <trkpt lat="50.14357" lon="5.67746"/>
            <trkpt lat="50.14361" lon="5.67751"/>
            <trkpt lat="50.14364" lon="5.6776"/>
            <trkpt lat="50.14366" lon="5.67771"/>
            <trkpt lat="50.14367" lon="5.67787"/>
            <trkpt lat="50.14363" lon="5.67814"/>
            <trkpt lat="50.14349" lon="5.67885"/>
            <trkpt lat="50.1433" lon="5.67974"/>
            <trkpt lat="50.14307" lon="5.68053"/>
            <trkpt lat="50.14274" lon="5.68169"/>
            <trkpt lat="50.14261" lon="5.68222"/>
            <trkpt lat="50.14254" lon="5.6826"/>
            <trkpt lat="50.1425" lon="5.68297"/>
            <trkpt lat="50.14248" lon="5.68349"/>
            <trkpt lat="50.14251" lon="5.68522"/>
            <trkpt lat="50.14252" lon="5.68548"/>
            <trkpt lat="50.14258" lon="5.68598"/>
            <trkpt lat="50.14292" lon="5.68836"/>
            <trkpt lat="50.14294" lon="5.68876"/>
            <trkpt lat="50.14293" lon="5.68891"/>
            <trkpt lat="50.14292" lon="5.68901"/>
            <trkpt lat="50.14289" lon="5.68912"/>
            <trkpt lat="50.14264" lon="5.68988"/>
            <trkpt lat="50.14257" lon="5.69008"/>
            <trkpt lat="50.14241" lon="5.69052"/>
            <trkpt lat="50.14228" lon="5.69092"/>
            <trkpt lat="50.14193" lon="5.69199"/>
            <trkpt lat="50.1416" lon="5.69306"/>
            <trkpt lat="50.14149" lon="5.69341"/>
            <trkpt lat="50.14144" lon="5.69362"/>
            <trkpt lat="50.14137" lon="5.69413"/>
            <trkpt lat="50.1412" lon="5.6955"/>
            <trkpt lat="50.14118" lon="5.69574"/>
            <trkpt lat="50.14118" lon="5.69605"/>
            <trkpt lat="50.1412" lon="5.6963"/>
            <trkpt lat="50.14126" lon="5.69656"/>
            <trkpt lat="50.14129" lon="5.69668"/>
            <trkpt lat="50.14141" lon="5.69709"/>
            <trkpt lat="50.1416" lon="5.69757"/>
            <trkpt lat="50.14175" lon="5.69796"/>
            <trkpt lat="50.14207" lon="5.69865"/>
            <trkpt lat="50.14269" lon="5.69966"/>
            <trkpt lat="50.14296" lon="5.69998"/>
            <trkpt lat="50.14302" lon="5.70004"/>
            <trkpt lat="50.14311" lon="5.7001"/>
            <trkpt lat="50.14336" lon="5.70035"/>
            <trkpt lat="50.14359" lon="5.70064"/>
            <trkpt lat="50.14386" lon="5.70108"/>
            <trkpt lat="50.14488" lon="5.70289"/>
            <trkpt lat="50.1453" lon="5.70363"/>
            <trkpt lat="50.14567" lon="5.70432"/>
            <trkpt lat="50.14589" lon="5.7047"/>
            <trkpt lat="50.14619" lon="5.70527"/>
            <trkpt lat="50.14672" lon="5.70618"/>
            <trkpt lat="50.14697" lon="5.70664"/>
            <trkpt lat="50.14724" lon="5.70709"/>
            <trkpt lat="50.14753" lon="5.70762"/>
            <trkpt lat="50.14758" lon="5.70775"/>
            <trkpt lat="50.14763" lon="5.70791"/>
            <trkpt lat="50.14765" lon="5.708"/>
            <trkpt lat="50.14768" lon="5.70828"/>
            <trkpt lat="50.14769" lon="5.70859"/>
            <trkpt lat="50.14772" lon="5.70886"/>
            <trkpt lat="50.1477" lon="5.7091"/>
            <trkpt lat="50.14768" lon="5.70973"/>
            <trkpt lat="50.1477" lon="5.71032"/>
            <trkpt lat="50.14769" lon="5.71093"/>
            <trkpt lat="50.14772" lon="5.71172"/>
            <trkpt lat="50.14775" lon="5.71201"/>
            <trkpt lat="50.14783" lon="5.71255"/>
            <trkpt lat="50.1479" lon="5.71289"/>
            <trkpt lat="50.14808" lon="5.71368"/>
            <trkpt lat="50.14815" lon="5.71409"/>
            <trkpt lat="50.14825" lon="5.71497"/>
            <trkpt lat="50.14828" lon="5.71543"/>
            <trkpt lat="50.14829" lon="5.71578"/>
            <trkpt lat="50.14827" lon="5.71606"/>
            <trkpt lat="50.14825" lon="5.7163"/>
            <trkpt lat="50.14822" lon="5.71654"/>
            <trkpt lat="50.14819" lon="5.71671"/>
            <trkpt lat="50.14815" lon="5.71686"/>
            <trkpt lat="50.14813" lon="5.71695"/>
            <trkpt lat="50.14805" lon="5.71716"/>
            <trkpt lat="50.14794" lon="5.71744"/>
            <trkpt lat="50.14784" lon="5.71762"/>
            <trkpt lat="50.1474" lon="5.71819"/>
            <trkpt lat="50.1473" lon="5.71831"/>
            <trkpt lat="50.14724" lon="5.71837"/>
            <trkpt lat="50.14707" lon="5.71849"/>
            <trkpt lat="50.14694" lon="5.71857"/>
            <trkpt lat="50.14616" lon="5.71891"/>
            <trkpt lat="50.14599" lon="5.71897"/>
            <trkpt lat="50.14589" lon="5.71899"/>
            <trkpt lat="50.14565" lon="5.71901"/>
            <trkpt lat="50.14534" lon="5.719"/>
            <trkpt lat="50.14485" lon="5.71901"/>
            <trkpt lat="50.14426" lon="5.71902"/>
            <trkpt lat="50.14406" lon="5.719"/>
            <trkpt lat="50.14394" lon="5.71896"/>
            <trkpt lat="50.14383" lon="5.71889"/>
            <trkpt lat="50.14366" lon="5.71874"/>
            <trkpt lat="50.14326" lon="5.71837"/>
            <trkpt lat="50.14324" lon="5.71834"/>
            <trkpt lat="50.14302" lon="5.71818"/>
            <trkpt lat="50.14253" lon="5.71789"/>
            <trkpt lat="50.14235" lon="5.7178"/>
            <trkpt lat="50.14186" lon="5.71763"/>
            <trkpt lat="50.14166" lon="5.7176"/>
            <trkpt lat="50.1416" lon="5.7176"/>
            <trkpt lat="50.14117" lon="5.71762"/>
            <trkpt lat="50.14074" lon="5.71758"/>
            <trkpt lat="50.14063" lon="5.71755"/>
            <trkpt lat="50.14042" lon="5.71746"/>
            <trkpt lat="50.14025" lon="5.71736"/>
            <trkpt lat="50.1401" lon="5.71723"/>
            <trkpt lat="50.13998" lon="5.71711"/>
            <trkpt lat="50.13987" lon="5.71698"/>
            <trkpt lat="50.13956" lon="5.71646"/>
            <trkpt lat="50.1395" lon="5.71638"/>
            <trkpt lat="50.13945" lon="5.71635"/>
            <trkpt lat="50.13936" lon="5.71633"/>
            <trkpt lat="50.13889" lon="5.71628"/>
            <trkpt lat="50.13877" lon="5.71628"/>
            <trkpt lat="50.13871" lon="5.71631"/>
            <trkpt lat="50.13866" lon="5.71634"/>
            <trkpt lat="50.13828" lon="5.7168"/>
            <trkpt lat="50.13809" lon="5.71698"/>
            <trkpt lat="50.1378" lon="5.71734"/>
            <trkpt lat="50.13775" lon="5.7174"/>
            <trkpt lat="50.13773" lon="5.71747"/>
            <trkpt lat="50.13772" lon="5.71754"/>
            <trkpt lat="50.13774" lon="5.71764"/>
            <trkpt lat="50.1381" lon="5.71845"/>
            <trkpt lat="50.13816" lon="5.71864"/>
            <trkpt lat="50.13845" lon="5.71983"/>
            <trkpt lat="50.13851" lon="5.72015"/>
            <trkpt lat="50.13852" lon="5.72059"/>
            <trkpt lat="50.13849" lon="5.72108"/>
            <trkpt lat="50.13843" lon="5.72157"/>
            <trkpt lat="50.13834" lon="5.72205"/>
            <trkpt lat="50.1383" lon="5.72222"/>
            <trkpt lat="50.13826" lon="5.72234"/>
            <trkpt lat="50.13821" lon="5.72243"/>
            <trkpt lat="50.13815" lon="5.72251"/>
            <trkpt lat="50.13807" lon="5.72258"/>
            <trkpt lat="50.13798" lon="5.72262"/>
            <trkpt lat="50.1377" lon="5.7227"/>
            <trkpt lat="50.13758" lon="5.72277"/>
            <trkpt lat="50.13734" lon="5.72284"/>
            <trkpt lat="50.13719" lon="5.72284"/>
            <trkpt lat="50.13705" lon="5.72281"/>
            <trkpt lat="50.1369" lon="5.72277"/>
            <trkpt lat="50.13668" lon="5.72266"/>
            <trkpt lat="50.13641" lon="5.72254"/>
            <trkpt lat="50.13535" lon="5.72215"/>
            <trkpt lat="50.13513" lon="5.72211"/>
            <trkpt lat="50.13493" lon="5.7221"/>
            <trkpt lat="50.13478" lon="5.72212"/>
            <trkpt lat="50.13468" lon="5.72217"/>
            <trkpt lat="50.13441" lon="5.72235"/>
            <trkpt lat="50.13422" lon="5.72245"/>
            <trkpt lat="50.1338" lon="5.72261"/>
            <trkpt lat="50.13373" lon="5.72263"/>
            <trkpt lat="50.13357" lon="5.72268"/>
            <trkpt lat="50.13308" lon="5.72274"/>
            <trkpt lat="50.13292" lon="5.72277"/>
            <trkpt lat="50.13243" lon="5.72294"/>
            <trkpt lat="50.13213" lon="5.72301"/>
            <trkpt lat="50.13167" lon="5.72306"/>
            <trkpt lat="50.13155" lon="5.72309"/>
            <trkpt lat="50.13146" lon="5.72313"/>
            <trkpt lat="50.13139" lon="5.72318"/>
            <trkpt lat="50.13133" lon="5.72326"/>
            <trkpt lat="50.13129" lon="5.72335"/>
            <trkpt lat="50.13126" lon="5.72354"/>
            <trkpt lat="50.13124" lon="5.72374"/>
            <trkpt lat="50.13125" lon="5.72399"/>
            <trkpt lat="50.13138" lon="5.72447"/>
            <trkpt lat="50.13145" lon="5.72465"/>
            <trkpt lat="50.13156" lon="5.72486"/>
            <trkpt lat="50.13166" lon="5.72508"/>
            <trkpt lat="50.13178" lon="5.72542"/>
            <trkpt lat="50.13192" lon="5.72586"/>
            <trkpt lat="50.13196" lon="5.72605"/>
            <trkpt lat="50.13203" lon="5.72645"/>
            <trkpt lat="50.13213" lon="5.72718"/>
            <trkpt lat="50.13253" lon="5.73225"/>
            <trkpt lat="50.13255" lon="5.73265"/>
            <trkpt lat="50.13257" lon="5.73456"/>
            <trkpt lat="50.13258" lon="5.73486"/>
            <trkpt lat="50.13259" lon="5.73509"/>
            <trkpt lat="50.13262" lon="5.73541"/>
            <trkpt lat="50.13269" lon="5.73595"/>
            <trkpt lat="50.13281" lon="5.7371"/>
            <trkpt lat="50.133" lon="5.73815"/>
            <trkpt lat="50.13313" lon="5.73871"/>
            <trkpt lat="50.13317" lon="5.73883"/>
            <trkpt lat="50.13323" lon="5.73894"/>
            <trkpt lat="50.13336" lon="5.7391"/>
            <trkpt lat="50.13348" lon="5.73921"/>
            <trkpt lat="50.13384" lon="5.73945"/>
            <trkpt lat="50.13456" lon="5.73987"/>
            <trkpt lat="50.13478" lon="5.74009"/>
            <trkpt lat="50.13491" lon="5.74027"/>
            <trkpt lat="50.135" lon="5.74045"/>
            <trkpt lat="50.13507" lon="5.74065"/>
            <trkpt lat="50.13511" lon="5.74082"/>
            <trkpt lat="50.13515" lon="5.74107"/>
            <trkpt lat="50.13516" lon="5.74162"/>
            <trkpt lat="50.13513" lon="5.74193"/>
            <trkpt lat="50.13498" lon="5.74268"/>
            <trkpt lat="50.13491" lon="5.74325"/>
            <trkpt lat="50.13449" lon="5.74517"/>
            <trkpt lat="50.13438" lon="5.74547"/>
            <trkpt lat="50.13392" lon="5.74642"/>
            <trkpt lat="50.13384" lon="5.74662"/>
            <trkpt lat="50.13382" lon="5.74677"/>
            <trkpt lat="50.13382" lon="5.7469"/>
            <trkpt lat="50.13384" lon="5.74697"/>
            <trkpt lat="50.13388" lon="5.74705"/>
            <trkpt lat="50.13394" lon="5.74712"/>
            <trkpt lat="50.13402" lon="5.74721"/>
            <trkpt lat="50.13466" lon="5.74756"/>
            <trkpt lat="50.13478" lon="5.74767"/>
            <trkpt lat="50.13484" lon="5.74775"/>
            <trkpt lat="50.13494" lon="5.7479"/>
            <trkpt lat="50.13497" lon="5.74802"/>
            <trkpt lat="50.13498" lon="5.74814"/>
            <trkpt lat="50.13496" lon="5.7485"/>
            <trkpt lat="50.13472" lon="5.75027"/>
            <trkpt lat="50.13466" lon="5.7509"/>
            <trkpt lat="50.13466" lon="5.7511"/>
            <trkpt lat="50.13468" lon="5.75123"/>
            <trkpt lat="50.13482" lon="5.75153"/>
            <trkpt lat="50.13496" lon="5.75175"/>
            <trkpt lat="50.13507" lon="5.75188"/>
            <trkpt lat="50.13516" lon="5.75194"/>
            <trkpt lat="50.13556" lon="5.75214"/>
            <trkpt lat="50.1358" lon="5.75221"/>
            <trkpt lat="50.13598" lon="5.75228"/>
            <trkpt lat="50.13689" lon="5.75273"/>
            <trkpt lat="50.13773" lon="5.75296"/>
            <trkpt lat="50.13784" lon="5.75303"/>
            <trkpt lat="50.13792" lon="5.75313"/>
            <trkpt lat="50.13809" lon="5.75343"/>
            <trkpt lat="50.13813" lon="5.75358"/>
            <trkpt lat="50.13821" lon="5.75399"/>
            <trkpt lat="50.13823" lon="5.75438"/>
            <trkpt lat="50.13822" lon="5.75451"/>
            <trkpt lat="50.13818" lon="5.75463"/>
            <trkpt lat="50.13813" lon="5.75474"/>
            <trkpt lat="50.13795" lon="5.75496"/>
            <trkpt lat="50.13729" lon="5.75537"/>
            <trkpt lat="50.13667" lon="5.75559"/>
            <trkpt lat="50.13553" lon="5.75611"/>
            <trkpt lat="50.13502" lon="5.75624"/>
            <trkpt lat="50.1348" lon="5.75628"/>
            <trkpt lat="50.13439" lon="5.7564"/>
            <trkpt lat="50.13426" lon="5.75646"/>
            <trkpt lat="50.13419" lon="5.75653"/>
            <trkpt lat="50.13405" lon="5.75668"/>
            <trkpt lat="50.13397" lon="5.75682"/>
            <trkpt lat="50.13396" lon="5.75684"/>
            <trkpt lat="50.13391" lon="5.75695"/>
            <trkpt lat="50.13383" lon="5.75721"/>
            <trkpt lat="50.1338" lon="5.75751"/>
            <trkpt lat="50.1338" lon="5.75771"/>
            <trkpt lat="50.13382" lon="5.75785"/>
            <trkpt lat="50.13387" lon="5.75807"/>
            <trkpt lat="50.13396" lon="5.75824"/>
            <trkpt lat="50.13407" lon="5.75838"/>
            <trkpt lat="50.13446" lon="5.75877"/>
            <trkpt lat="50.13463" lon="5.75889"/>
            <trkpt lat="50.13483" lon="5.75909"/>
            <trkpt lat="50.13497" lon="5.75926"/>
            <trkpt lat="50.13509" lon="5.75946"/>
            <trkpt lat="50.13516" lon="5.75959"/>
            <trkpt lat="50.1352" lon="5.75975"/>
            <trkpt lat="50.13524" lon="5.75997"/>
            <trkpt lat="50.13525" lon="5.76013"/>
            <trkpt lat="50.13522" lon="5.7604"/>
            <trkpt lat="50.13519" lon="5.76056"/>
            <trkpt lat="50.13513" lon="5.76069"/>
            <trkpt lat="50.13502" lon="5.76092"/>
            <trkpt lat="50.13491" lon="5.76108"/>
            <trkpt lat="50.13442" lon="5.76159"/>
            <trkpt lat="50.13394" lon="5.76206"/>
            <trkpt lat="50.13386" lon="5.76217"/>
            <trkpt lat="50.13379" lon="5.76233"/>
            <trkpt lat="50.13376" lon="5.76242"/>
            <trkpt lat="50.13372" lon="5.76267"/>
            <trkpt lat="50.13372" lon="5.76295"/>
            <trkpt lat="50.13373" lon="5.76326"/>
            <trkpt lat="50.13381" lon="5.76376"/>
            <trkpt lat="50.13412" lon="5.76497"/>
            <trkpt lat="50.13416" lon="5.76521"/>
            <trkpt lat="50.13418" lon="5.76549"/>
            <trkpt lat="50.13419" lon="5.76579"/>
            <trkpt lat="50.13419" lon="5.76601"/>
            <trkpt lat="50.13416" lon="5.76642"/>
            <trkpt lat="50.13411" lon="5.76663"/>
            <trkpt lat="50.13404" lon="5.76678"/>
            <trkpt lat="50.13397" lon="5.76688"/>
            <trkpt lat="50.13378" lon="5.76703"/>
            <trkpt lat="50.13343" lon="5.76717"/>
            <trkpt lat="50.13319" lon="5.76719"/>
            <trkpt lat="50.1324" lon="5.76706"/>
            <trkpt lat="50.13224" lon="5.76705"/>
            <trkpt lat="50.13199" lon="5.76712"/>
            <trkpt lat="50.13179" lon="5.76722"/>
            <trkpt lat="50.13166" lon="5.76733"/>
            <trkpt lat="50.13148" lon="5.76761"/>
            <trkpt lat="50.13145" lon="5.76764"/>
            <trkpt lat="50.13139" lon="5.76774"/>
            <trkpt lat="50.13137" lon="5.76778"/>
            <trkpt lat="50.13129" lon="5.76794"/>
            <trkpt lat="50.13124" lon="5.76804"/>
            <trkpt lat="50.13116" lon="5.76829"/>
            <trkpt lat="50.13105" lon="5.76862"/>
            <trkpt lat="50.13078" lon="5.76946"/>
            <trkpt lat="50.13055" lon="5.77026"/>
            <trkpt lat="50.13049" lon="5.77047"/>
            <trkpt lat="50.13047" lon="5.77063"/>
            <trkpt lat="50.13048" lon="5.77081"/>
            <trkpt lat="50.13051" lon="5.77096"/>
            <trkpt lat="50.13058" lon="5.77124"/>
            <trkpt lat="50.13141" lon="5.77257"/>
            <trkpt lat="50.13149" lon="5.77273"/>
            <trkpt lat="50.13158" lon="5.77303"/>
            <trkpt lat="50.13161" lon="5.77322"/>
            <trkpt lat="50.13164" lon="5.7734"/>
            <trkpt lat="50.13165" lon="5.77381"/>
            <trkpt lat="50.13164" lon="5.77534"/>
            <trkpt lat="50.1316" lon="5.77773"/>
            <trkpt lat="50.13159" lon="5.77788"/>
            <trkpt lat="50.13157" lon="5.77801"/>
            <trkpt lat="50.13154" lon="5.77812"/>
            <trkpt lat="50.13151" lon="5.77825"/>
            <trkpt lat="50.13146" lon="5.77834"/>
            <trkpt lat="50.13141" lon="5.77841"/>
            <trkpt lat="50.13134" lon="5.77847"/>
            <trkpt lat="50.1312" lon="5.77858"/>
            <trkpt lat="50.1307" lon="5.77871"/>
            <trkpt lat="50.1304" lon="5.77879"/>
            <trkpt lat="50.13036" lon="5.77881"/>
            <trkpt lat="50.13032" lon="5.77883"/>
            <trkpt lat="50.13025" lon="5.77889"/>
            <trkpt lat="50.1302" lon="5.77896"/>
            <trkpt lat="50.13011" lon="5.77916"/>
            <trkpt lat="50.13003" lon="5.77939"/>
            <trkpt lat="50.12995" lon="5.77983"/>
            <trkpt lat="50.12987" lon="5.78024"/>
            <trkpt lat="50.12979" lon="5.78078"/>
            <trkpt lat="50.12968" lon="5.78163"/>
            <trkpt lat="50.12966" lon="5.78192"/>
            <trkpt lat="50.1296" lon="5.7828"/>
            <trkpt lat="50.12956" lon="5.78334"/>
            <trkpt lat="50.1295" lon="5.78365"/>
            <trkpt lat="50.12941" lon="5.78397"/>
            <trkpt lat="50.1292" lon="5.78463"/>
            <trkpt lat="50.12907" lon="5.78495"/>
            <trkpt lat="50.12897" lon="5.78519"/>
            <trkpt lat="50.12884" lon="5.78545"/>
            <trkpt lat="50.12856" lon="5.78595"/>
            <trkpt lat="50.12849" lon="5.7861"/>
            <trkpt lat="50.12839" lon="5.78642"/>
            <trkpt lat="50.12837" lon="5.7865"/>
            <trkpt lat="50.12836" lon="5.78653"/>
            <trkpt lat="50.12834" lon="5.78669"/>
            <trkpt lat="50.12834" lon="5.7868"/>
            <trkpt lat="50.12834" lon="5.78701"/>
            <trkpt lat="50.12835" lon="5.78711"/>
            <trkpt lat="50.12836" lon="5.78721"/>
            <trkpt lat="50.12842" lon="5.78743"/>
            <trkpt lat="50.12846" lon="5.78754"/>
            <trkpt lat="50.12853" lon="5.78766"/>
            <trkpt lat="50.12864" lon="5.7878"/>
            <trkpt lat="50.12878" lon="5.78793"/>
            <trkpt lat="50.12886" lon="5.78797"/>
            <trkpt lat="50.12903" lon="5.78804"/>
            <trkpt lat="50.12931" lon="5.78807"/>
            <trkpt lat="50.13038" lon="5.78809"/>
            <trkpt lat="50.13083" lon="5.78814"/>
            <trkpt lat="50.13087" lon="5.78817"/>
            <trkpt lat="50.13092" lon="5.78818"/>
            <trkpt lat="50.131" lon="5.7882"/>
            <trkpt lat="50.13106" lon="5.78825"/>
            <trkpt lat="50.13113" lon="5.78837"/>
            <trkpt lat="50.13115" lon="5.78844"/>
            <trkpt lat="50.13118" lon="5.7885"/>
            <trkpt lat="50.13121" lon="5.78857"/>
            <trkpt lat="50.13128" lon="5.78875"/>
            <trkpt lat="50.13133" lon="5.78883"/>
            <trkpt lat="50.13139" lon="5.78888"/>
            <trkpt lat="50.13144" lon="5.78896"/>
            <trkpt lat="50.13151" lon="5.78902"/>
            <trkpt lat="50.13158" lon="5.78906"/>
            <trkpt lat="50.13177" lon="5.78911"/>
            <trkpt lat="50.13199" lon="5.78912"/>
            <trkpt lat="50.13208" lon="5.78915"/>
            <trkpt lat="50.13213" lon="5.78916"/>
            <trkpt lat="50.13218" lon="5.78919"/>
            <trkpt lat="50.13223" lon="5.78923"/>
            <trkpt lat="50.13225" lon="5.78926"/>
            <trkpt lat="50.13227" lon="5.7893"/>
            <trkpt lat="50.13229" lon="5.78936"/>
            <trkpt lat="50.13229" lon="5.78943"/>
            <trkpt lat="50.13228" lon="5.78948"/>
            <trkpt lat="50.13224" lon="5.78969"/>
            <trkpt lat="50.13218" lon="5.78982"/>
            <trkpt lat="50.1322" lon="5.78986"/>
            <trkpt lat="50.13222" lon="5.7899"/>
            <trkpt lat="50.13223" lon="5.78995"/>
            <trkpt lat="50.13237" lon="5.79048"/>
            <trkpt lat="50.13241" lon="5.79059"/>
            <trkpt lat="50.13244" lon="5.79065"/>
            <trkpt lat="50.13247" lon="5.79071"/>
            <trkpt lat="50.1325" lon="5.79075"/>
            <trkpt lat="50.13252" lon="5.79077"/>
            <trkpt lat="50.13256" lon="5.7908"/>
            <trkpt lat="50.13261" lon="5.79081"/>
            <trkpt lat="50.13278" lon="5.7908"/>
            <trkpt lat="50.1332" lon="5.79067"/>
            <trkpt lat="50.13397" lon="5.7904"/>
            <trkpt lat="50.13409" lon="5.79037"/>
            <trkpt lat="50.1342" lon="5.79032"/>
            <trkpt lat="50.13428" lon="5.79027"/>
            <trkpt lat="50.13438" lon="5.7902"/>
            <trkpt lat="50.13457" lon="5.78998"/>
            <trkpt lat="50.13475" lon="5.78975"/>
            <trkpt lat="50.13486" lon="5.78956"/>
            <trkpt lat="50.13496" lon="5.78936"/>
            <trkpt lat="50.13506" lon="5.78909"/>
            <trkpt lat="50.13511" lon="5.78885"/>
            <trkpt lat="50.13513" lon="5.78853"/>
            <trkpt lat="50.13513" lon="5.78834"/>
            <trkpt lat="50.13507" lon="5.78803"/>
            <trkpt lat="50.13497" lon="5.78769"/>
            <trkpt lat="50.13484" lon="5.78734"/>
            <trkpt lat="50.13476" lon="5.78716"/>
            <trkpt lat="50.13468" lon="5.78697"/>
            <trkpt lat="50.13458" lon="5.7868"/>
            <trkpt lat="50.13404" lon="5.78596"/>
            <trkpt lat="50.13397" lon="5.78578"/>
            <trkpt lat="50.13392" lon="5.78563"/>
            <trkpt lat="50.13391" lon="5.7855"/>
            <trkpt lat="50.13391" lon="5.78535"/>
            <trkpt lat="50.13394" lon="5.78522"/>
            <trkpt lat="50.13397" lon="5.78509"/>
            <trkpt lat="50.13404" lon="5.78496"/>
            <trkpt lat="50.13415" lon="5.78484"/>
            <trkpt lat="50.13424" lon="5.78478"/>
            <trkpt lat="50.1343" lon="5.78476"/>
            <trkpt lat="50.13444" lon="5.78476"/>
            <trkpt lat="50.13454" lon="5.78479"/>
            <trkpt lat="50.13462" lon="5.78485"/>
            <trkpt lat="50.13476" lon="5.78499"/>
            <trkpt lat="50.13536" lon="5.78574"/>
            <trkpt lat="50.13623" lon="5.78686"/>
            <trkpt lat="50.13642" lon="5.7871"/>
            <trkpt lat="50.13679" lon="5.78757"/>
            <trkpt lat="50.13708" lon="5.78794"/>
            <trkpt lat="50.13719" lon="5.78808"/>
            <trkpt lat="50.13727" lon="5.78818"/>
            <trkpt lat="50.13798" lon="5.78908"/>
            <trkpt lat="50.13868" lon="5.78995"/>
            <trkpt lat="50.13893" lon="5.79022"/>
            <trkpt lat="50.13901" lon="5.7903"/>
            <trkpt lat="50.13912" lon="5.79038"/>
            <trkpt lat="50.13924" lon="5.79044"/>
            <trkpt lat="50.13938" lon="5.79049"/>
            <trkpt lat="50.1396" lon="5.79051"/>
            <trkpt lat="50.13987" lon="5.79048"/>
            <trkpt lat="50.14" lon="5.79045"/>
            <trkpt lat="50.14009" lon="5.79044"/>
            <trkpt lat="50.1403" lon="5.7904"/>
            <trkpt lat="50.14051" lon="5.79037"/>
            <trkpt lat="50.14098" lon="5.79024"/>
            <trkpt lat="50.14159" lon="5.7901"/>
            <trkpt lat="50.1416" lon="5.79009"/>
            <trkpt lat="50.14179" lon="5.79"/>
            <trkpt lat="50.142" lon="5.78984"/>
            <trkpt lat="50.1422" lon="5.7896"/>
            <trkpt lat="50.14235" lon="5.78933"/>
            <trkpt lat="50.14245" lon="5.78915"/>
            <trkpt lat="50.14252" lon="5.78891"/>
            <trkpt lat="50.14256" lon="5.7887"/>
            <trkpt lat="50.14259" lon="5.78851"/>
            <trkpt lat="50.14267" lon="5.78795"/>
            <trkpt lat="50.14271" lon="5.78789"/>
            <trkpt lat="50.14282" lon="5.78704"/>
            <trkpt lat="50.14289" lon="5.78653"/>
            <trkpt lat="50.14298" lon="5.78614"/>
            <trkpt lat="50.14306" lon="5.78589"/>
            <trkpt lat="50.14308" lon="5.78581"/>
            <trkpt lat="50.14324" lon="5.78547"/>
            <trkpt lat="50.14345" lon="5.7851"/>
            <trkpt lat="50.14356" lon="5.78495"/>
            <trkpt lat="50.14365" lon="5.78485"/>
            <trkpt lat="50.14378" lon="5.78474"/>
            <trkpt lat="50.14391" lon="5.78461"/>
            <trkpt lat="50.14402" lon="5.78453"/>
            <trkpt lat="50.14432" lon="5.78438"/>
            <trkpt lat="50.14451" lon="5.78433"/>
            <trkpt lat="50.14475" lon="5.78431"/>
            <trkpt lat="50.14494" lon="5.7843"/>
            <trkpt lat="50.14511" lon="5.78433"/>
            <trkpt lat="50.14614" lon="5.78468"/>
            <trkpt lat="50.14709" lon="5.78501"/>
            <trkpt lat="50.14748" lon="5.78514"/>
            <trkpt lat="50.14779" lon="5.78522"/>
            <trkpt lat="50.14789" lon="5.78522"/>
            <trkpt lat="50.14813" lon="5.78522"/>
            <trkpt lat="50.1483" lon="5.78521"/>
            <trkpt lat="50.14856" lon="5.78515"/>
            <trkpt lat="50.1486" lon="5.78509"/>
            <trkpt lat="50.14912" lon="5.78497"/>
            <trkpt lat="50.14999" lon="5.78476"/>
            <trkpt lat="50.15032" lon="5.78469"/>
            <trkpt lat="50.1506" lon="5.78463"/>
            <trkpt lat="50.15109" lon="5.78456"/>
            <trkpt lat="50.15122" lon="5.78454"/>
            <trkpt lat="50.15179" lon="5.78442"/>
            <trkpt lat="50.15246" lon="5.78428"/>
            <trkpt lat="50.15412" lon="5.78397"/>
            <trkpt lat="50.15418" lon="5.78396"/>
            <trkpt lat="50.15531" lon="5.78372"/>
            <trkpt lat="50.15537" lon="5.78215"/>
            <trkpt lat="50.15543" lon="5.78006"/>
            <trkpt lat="50.15541" lon="5.7799"/>
            <trkpt lat="50.15534" lon="5.77948"/>
            <trkpt lat="50.15529" lon="5.77929"/>
            <trkpt lat="50.15515" lon="5.77897"/>
            <trkpt lat="50.15506" lon="5.77881"/>
            <trkpt lat="50.15486" lon="5.77849"/>
            <trkpt lat="50.15328" lon="5.77575"/>
            <trkpt lat="50.15266" lon="5.77468"/>
            <trkpt lat="50.15216" lon="5.77383"/>
            <trkpt lat="50.15186" lon="5.7733"/>
            <trkpt lat="50.15084" lon="5.77156"/>
            <trkpt lat="50.15063" lon="5.77116"/>
            <trkpt lat="50.15049" lon="5.77077"/>
            <trkpt lat="50.15038" lon="5.77045"/>
            <trkpt lat="50.15027" lon="5.76998"/>
            <trkpt lat="50.15018" lon="5.76958"/>
            <trkpt lat="50.15" lon="5.76866"/>
            <trkpt lat="50.14992" lon="5.76824"/>
            <trkpt lat="50.14985" lon="5.76792"/>
            <trkpt lat="50.14976" lon="5.76752"/>
            <trkpt lat="50.1496" lon="5.76698"/>
            <trkpt lat="50.14928" lon="5.76616"/>
            <trkpt lat="50.149" lon="5.76553"/>
            <trkpt lat="50.1487" lon="5.76491"/>
            <trkpt lat="50.14851" lon="5.76456"/>
            <trkpt lat="50.14835" lon="5.76434"/>
            <trkpt lat="50.14825" lon="5.76417"/>
            <trkpt lat="50.14813" lon="5.76401"/>
            <trkpt lat="50.1473" lon="5.76304"/>
            <trkpt lat="50.14593" lon="5.76147"/>
            <trkpt lat="50.14556" lon="5.761"/>
            <trkpt lat="50.14536" lon="5.76059"/>
            <trkpt lat="50.1453" lon="5.76042"/>
            <trkpt lat="50.14528" lon="5.76006"/>
            <trkpt lat="50.14529" lon="5.75975"/>
            <trkpt lat="50.14553" lon="5.75694"/>
            <trkpt lat="50.14553" lon="5.75684"/>
            <trkpt lat="50.1456" lon="5.75593"/>
            <trkpt lat="50.14568" lon="5.75502"/>
            <trkpt lat="50.14571" lon="5.75481"/>
            <trkpt lat="50.14576" lon="5.75457"/>
            <trkpt lat="50.14581" lon="5.7544"/>
            <trkpt lat="50.14595" lon="5.7541"/>
            <trkpt lat="50.14614" lon="5.75387"/>
            <trkpt lat="50.14665" lon="5.75332"/>
            <trkpt lat="50.14675" lon="5.75316"/>
            <trkpt lat="50.14681" lon="5.75301"/>
            <trkpt lat="50.14686" lon="5.7529"/>
            <trkpt lat="50.14692" lon="5.7527"/>
            <trkpt lat="50.14697" lon="5.75248"/>
            <trkpt lat="50.14705" lon="5.75203"/>
            <trkpt lat="50.14734" lon="5.75006"/>
            <trkpt lat="50.14741" lon="5.74975"/>
            <trkpt lat="50.14748" lon="5.74952"/>
            <trkpt lat="50.14757" lon="5.7493"/>
            <trkpt lat="50.14766" lon="5.74909"/>
            <trkpt lat="50.14778" lon="5.74888"/>
            <trkpt lat="50.14792" lon="5.74872"/>
            <trkpt lat="50.14838" lon="5.74835"/>
            <trkpt lat="50.14844" lon="5.74827"/>
            <trkpt lat="50.14849" lon="5.74817"/>
            <trkpt lat="50.14852" lon="5.74807"/>
            <trkpt lat="50.14856" lon="5.74785"/>
            <trkpt lat="50.14858" lon="5.74772"/>
            <trkpt lat="50.14862" lon="5.7476"/>
            <trkpt lat="50.14867" lon="5.74748"/>
            <trkpt lat="50.14876" lon="5.74735"/>
            <trkpt lat="50.14889" lon="5.74721"/>
            <trkpt lat="50.14914" lon="5.74701"/>
            <trkpt lat="50.14934" lon="5.74683"/>
            <trkpt lat="50.1494" lon="5.74676"/>
            <trkpt lat="50.14945" lon="5.74667"/>
            <trkpt lat="50.14948" lon="5.74658"/>
            <trkpt lat="50.14955" lon="5.74635"/>
            <trkpt lat="50.14957" lon="5.74625"/>
            <trkpt lat="50.14961" lon="5.74608"/>
            <trkpt lat="50.14963" lon="5.74598"/>
            <trkpt lat="50.14967" lon="5.74583"/>
            <trkpt lat="50.14973" lon="5.74555"/>
            <trkpt lat="50.1498" lon="5.74524"/>
            <trkpt lat="50.14982" lon="5.74516"/>
            <trkpt lat="50.14986" lon="5.74506"/>
            <trkpt lat="50.14999" lon="5.74509"/>
            <trkpt lat="50.15004" lon="5.7451"/>
            <trkpt lat="50.15013" lon="5.74515"/>
            <trkpt lat="50.15038" lon="5.74532"/>
            <trkpt lat="50.15049" lon="5.74537"/>
            <trkpt lat="50.15055" lon="5.74538"/>
            <trkpt lat="50.15061" lon="5.74537"/>
            <trkpt lat="50.15066" lon="5.74533"/>
            <trkpt lat="50.1507" lon="5.74527"/>
            <trkpt lat="50.15073" lon="5.7452"/>
            <trkpt lat="50.15075" lon="5.7451"/>
            <trkpt lat="50.15075" lon="5.745"/>
            <trkpt lat="50.15071" lon="5.74457"/>
            <trkpt lat="50.15072" lon="5.74406"/>
            <trkpt lat="50.15075" lon="5.74386"/>
            <trkpt lat="50.1508" lon="5.74366"/>
            <trkpt lat="50.15089" lon="5.74349"/>
            <trkpt lat="50.15094" lon="5.74344"/>
            <trkpt lat="50.151" lon="5.74341"/>
            <trkpt lat="50.15112" lon="5.74341"/>
            <trkpt lat="50.15124" lon="5.74345"/>
            <trkpt lat="50.15161" lon="5.74365"/>
            <trkpt lat="50.1518" lon="5.74369"/>
            <trkpt lat="50.15198" lon="5.74367"/>
            <trkpt lat="50.15217" lon="5.7436"/>
            <trkpt lat="50.15234" lon="5.74352"/>
            <trkpt lat="50.15245" lon="5.74339"/>
            <trkpt lat="50.15251" lon="5.7433"/>
            <trkpt lat="50.15258" lon="5.74312"/>
            <trkpt lat="50.15264" lon="5.74292"/>
            <trkpt lat="50.15266" lon="5.74282"/>
            <trkpt lat="50.15269" lon="5.74269"/>
            <trkpt lat="50.15271" lon="5.74255"/>
            <trkpt lat="50.15272" lon="5.74245"/>
            <trkpt lat="50.15284" lon="5.74181"/>
            <trkpt lat="50.15289" lon="5.74165"/>
            <trkpt lat="50.15293" lon="5.74155"/>
            <trkpt lat="50.15326" lon="5.74103"/>
            <trkpt lat="50.15351" lon="5.74052"/>
            <trkpt lat="50.15378" lon="5.7401"/>
            <trkpt lat="50.15412" lon="5.73964"/>
            <trkpt lat="50.1544" lon="5.73935"/>
            <trkpt lat="50.15473" lon="5.7391"/>
            <trkpt lat="50.15518" lon="5.73882"/>
            <trkpt lat="50.15545" lon="5.73862"/>
            <trkpt lat="50.1556" lon="5.73847"/>
            <trkpt lat="50.1557" lon="5.73832"/>
            <trkpt lat="50.15577" lon="5.73815"/>
            <trkpt lat="50.15592" lon="5.73767"/>
            <trkpt lat="50.15599" lon="5.73727"/>
            <trkpt lat="50.156" lon="5.73724"/>
            <trkpt lat="50.15607" lon="5.73691"/>
            <trkpt lat="50.1561" lon="5.73679"/>
            <trkpt lat="50.15621" lon="5.73647"/>
            <trkpt lat="50.15636" lon="5.73612"/>
            <trkpt lat="50.15678" lon="5.7351"/>
            <trkpt lat="50.1569" lon="5.73486"/>
            <trkpt lat="50.15701" lon="5.73464"/>
            <trkpt lat="50.15735" lon="5.73378"/>
            <trkpt lat="50.15792" lon="5.73255"/>
            <trkpt lat="50.15816" lon="5.73199"/>
            <trkpt lat="50.15837" lon="5.73158"/>
            <trkpt lat="50.15868" lon="5.73111"/>
            <trkpt lat="50.15897" lon="5.73074"/>
            <trkpt lat="50.1591" lon="5.73061"/>
            <trkpt lat="50.15915" lon="5.73056"/>
            <trkpt lat="50.15927" lon="5.73049"/>
            <trkpt lat="50.15934" lon="5.73045"/>
            <trkpt lat="50.15939" lon="5.73043"/>
            <trkpt lat="50.15955" lon="5.73041"/>
            <trkpt lat="50.1596" lon="5.73041"/>
            <trkpt lat="50.15975" lon="5.73044"/>
            <trkpt lat="50.16117" lon="5.73092"/>
            <trkpt lat="50.16155" lon="5.73104"/>
            <trkpt lat="50.16167" lon="5.73106"/>
            <trkpt lat="50.16178" lon="5.73105"/>
            <trkpt lat="50.16203" lon="5.731"/>
            <trkpt lat="50.16218" lon="5.73089"/>
            <trkpt lat="50.16226" lon="5.73081"/>
            <trkpt lat="50.16238" lon="5.73065"/>
            <trkpt lat="50.16267" lon="5.7301"/>
            <trkpt lat="50.16348" lon="5.72838"/>
            <trkpt lat="50.16357" lon="5.72822"/>
            <trkpt lat="50.16357" lon="5.72821"/>
            <trkpt lat="50.16372" lon="5.72799"/>
            <trkpt lat="50.16378" lon="5.72792"/>
            <trkpt lat="50.16421" lon="5.72758"/>
            <trkpt lat="50.16442" lon="5.72742"/>
            <trkpt lat="50.16456" lon="5.7273"/>
            <trkpt lat="50.16462" lon="5.72725"/>
            <trkpt lat="50.16467" lon="5.72719"/>
            <trkpt lat="50.16471" lon="5.72713"/>
            <trkpt lat="50.16473" lon="5.72707"/>
            <trkpt lat="50.16481" lon="5.72685"/>
            <trkpt lat="50.16485" lon="5.7267"/>
            <trkpt lat="50.16486" lon="5.7266"/>
            <trkpt lat="50.1649" lon="5.72617"/>
            <trkpt lat="50.1649" lon="5.7259"/>
            <trkpt lat="50.16485" lon="5.7255"/>
            <trkpt lat="50.16472" lon="5.72494"/>
            <trkpt lat="50.16467" lon="5.72477"/>
            <trkpt lat="50.16446" lon="5.72402"/>
            <trkpt lat="50.16442" lon="5.72379"/>
            <trkpt lat="50.16442" lon="5.7237"/>
            <trkpt lat="50.16445" lon="5.72353"/>
            <trkpt lat="50.16447" lon="5.72344"/>
            <trkpt lat="50.16456" lon="5.72325"/>
            <trkpt lat="50.1647" lon="5.72305"/>
            <trkpt lat="50.16487" lon="5.72285"/>
            <trkpt lat="50.16495" lon="5.72272"/>
            <trkpt lat="50.165" lon="5.72261"/>
            <trkpt lat="50.16503" lon="5.72248"/>
            <trkpt lat="50.16505" lon="5.72237"/>
            <trkpt lat="50.16507" lon="5.72222"/>
            <trkpt lat="50.16508" lon="5.72204"/>
            <trkpt lat="50.1651" lon="5.72186"/>
            <trkpt lat="50.16512" lon="5.72175"/>
            <trkpt lat="50.16524" lon="5.72141"/>
            <trkpt lat="50.16545" lon="5.72118"/>
            <trkpt lat="50.16575" lon="5.72076"/>
            <trkpt lat="50.16586" lon="5.72048"/>
            <trkpt lat="50.16593" lon="5.72023"/>
            <trkpt lat="50.16599" lon="5.72"/>
            <trkpt lat="50.16603" lon="5.7196"/>
            <trkpt lat="50.16608" lon="5.71914"/>
            <trkpt lat="50.1661" lon="5.71897"/>
            <trkpt lat="50.16615" lon="5.7188"/>
            <trkpt lat="50.16623" lon="5.71863"/>
            <trkpt lat="50.16627" lon="5.7185"/>
            <trkpt lat="50.16628" lon="5.71845"/>
            <trkpt lat="50.16625" lon="5.7182"/>
            <trkpt lat="50.16608" lon="5.71751"/>
            <trkpt lat="50.1665" lon="5.71708"/>
            <trkpt lat="50.1668" lon="5.71673"/>
            <trkpt lat="50.16692" lon="5.71656"/>
            <trkpt lat="50.16734" lon="5.71611"/>
            <trkpt lat="50.16764" lon="5.71583"/>
            <trkpt lat="50.16788" lon="5.71564"/>
            <trkpt lat="50.16849" lon="5.71518"/>
            <trkpt lat="50.16884" lon="5.71487"/>
            <trkpt lat="50.16941" lon="5.71415"/>
            <trkpt lat="50.16957" lon="5.71397"/>
            <trkpt lat="50.16978" lon="5.71382"/>
            <trkpt lat="50.17033" lon="5.71349"/>
            <trkpt lat="50.17053" lon="5.71342"/>
            <trkpt lat="50.17063" lon="5.71342"/>
            <trkpt lat="50.17074" lon="5.71342"/>
            <trkpt lat="50.17085" lon="5.71346"/>
            <trkpt lat="50.17115" lon="5.71361"/>
            <trkpt lat="50.17206" lon="5.71407"/>
            <trkpt lat="50.17253" lon="5.71428"/>
            <trkpt lat="50.1733" lon="5.71448"/>
            <trkpt lat="50.17348" lon="5.7145"/>
            <trkpt lat="50.17369" lon="5.71448"/>
            <trkpt lat="50.17384" lon="5.71443"/>
            <trkpt lat="50.17409" lon="5.71428"/>
            <trkpt lat="50.17429" lon="5.71412"/>
            <trkpt lat="50.17536" lon="5.71334"/>
            <trkpt lat="50.1756" lon="5.71326"/>
            <trkpt lat="50.17573" lon="5.71326"/>
            <trkpt lat="50.17593" lon="5.71327"/>
            <trkpt lat="50.17733" lon="5.71347"/>
            <trkpt lat="50.17778" lon="5.71358"/>
            <trkpt lat="50.17793" lon="5.71362"/>
            <trkpt lat="50.17836" lon="5.71377"/>
            <trkpt lat="50.17895" lon="5.71406"/>
            <trkpt lat="50.17939" lon="5.71434"/>
            <trkpt lat="50.17948" lon="5.71441"/>
            <trkpt lat="50.17966" lon="5.71463"/>
            <trkpt lat="50.1805" lon="5.71574"/>
            <trkpt lat="50.18075" lon="5.71606"/>
            <trkpt lat="50.18104" lon="5.71647"/>
            <trkpt lat="50.18197" lon="5.7177"/>
            <trkpt lat="50.18203" lon="5.71774"/>
            <trkpt lat="50.18209" lon="5.71778"/>
            <trkpt lat="50.18225" lon="5.71781"/>
            <trkpt lat="50.18344" lon="5.71801"/>
            <trkpt lat="50.18391" lon="5.71803"/>
            <trkpt lat="50.18469" lon="5.71814"/>
            <trkpt lat="50.18479" lon="5.71814"/>
            <trkpt lat="50.18487" lon="5.7181"/>
            <trkpt lat="50.18495" lon="5.71804"/>
            <trkpt lat="50.18517" lon="5.71776"/>
            <trkpt lat="50.18555" lon="5.7173"/>
            <trkpt lat="50.18557" lon="5.71728"/>
            <trkpt lat="50.18586" lon="5.71681"/>
            <trkpt lat="50.18599" lon="5.71664"/>
            <trkpt lat="50.18631" lon="5.71627"/>
            <trkpt lat="50.18686" lon="5.71549"/>
            <trkpt lat="50.18746" lon="5.71471"/>
            <trkpt lat="50.18757" lon="5.7146"/>
            <trkpt lat="50.18768" lon="5.71452"/>
            <trkpt lat="50.18781" lon="5.71445"/>
            <trkpt lat="50.18796" lon="5.71443"/>
            <trkpt lat="50.18942" lon="5.71496"/>
            <trkpt lat="50.18962" lon="5.71498"/>
            <trkpt lat="50.19042" lon="5.71497"/>
            <trkpt lat="50.19079" lon="5.71501"/>
            <trkpt lat="50.19111" lon="5.71509"/>
            <trkpt lat="50.19142" lon="5.71521"/>
            <trkpt lat="50.19197" lon="5.71552"/>
            <trkpt lat="50.19208" lon="5.71557"/>
            <trkpt lat="50.1923" lon="5.71559"/>
            <trkpt lat="50.19256" lon="5.71553"/>
            <trkpt lat="50.19429" lon="5.71481"/>
            <trkpt lat="50.19521" lon="5.71436"/>
            <trkpt lat="50.19567" lon="5.71417"/>
            <trkpt lat="50.19613" lon="5.71402"/>
            <trkpt lat="50.19646" lon="5.71398"/>
            <trkpt lat="50.19806" lon="5.71393"/>
            <trkpt lat="50.19953" lon="5.71383"/>
            <trkpt lat="50.19985" lon="5.71375"/>
            <trkpt lat="50.20012" lon="5.71359"/>
            <trkpt lat="50.20022" lon="5.7135"/>
            <trkpt lat="50.20036" lon="5.71333"/>
            <trkpt lat="50.20065" lon="5.71289"/>
            <trkpt lat="50.2008" lon="5.71266"/>
            <trkpt lat="50.20158" lon="5.71133"/>
            <trkpt lat="50.20179" lon="5.711"/>
            <trkpt lat="50.20216" lon="5.71031"/>
            <trkpt lat="50.20218" lon="5.71026"/>
            <trkpt lat="50.20227" lon="5.71008"/>
            <trkpt lat="50.20244" lon="5.70962"/>
            <trkpt lat="50.20283" lon="5.70852"/>
            <trkpt lat="50.20352" lon="5.70666"/>
            <trkpt lat="50.20418" lon="5.70498"/>
            <trkpt lat="50.20448" lon="5.70424"/>
            <trkpt lat="50.20483" lon="5.70344"/>
            <trkpt lat="50.20514" lon="5.70285"/>
            <trkpt lat="50.20548" lon="5.70267"/>
            <trkpt lat="50.20557" lon="5.70266"/>
            <trkpt lat="50.20568" lon="5.70269"/>
            <trkpt lat="50.20581" lon="5.70275"/>
            <trkpt lat="50.20589" lon="5.70281"/>
            <trkpt lat="50.20598" lon="5.70291"/>
            <trkpt lat="50.20663" lon="5.70363"/>
            <trkpt lat="50.20671" lon="5.70369"/>
            <trkpt lat="50.20752" lon="5.70381"/>
            <trkpt lat="50.2081" lon="5.70391"/>
            <trkpt lat="50.20893" lon="5.70402"/>
            <trkpt lat="50.20926" lon="5.70412"/>
            <trkpt lat="50.20941" lon="5.70422"/>
            <trkpt lat="50.21034" lon="5.70502"/>
            <trkpt lat="50.21182" lon="5.70613"/>
            <trkpt lat="50.2147" lon="5.70817"/>
            <trkpt lat="50.22007" lon="5.71199"/>
            <trkpt lat="50.22128" lon="5.71289"/>
            <trkpt lat="50.22236" lon="5.7137"/>
            <trkpt lat="50.22246" lon="5.71375"/>
            <trkpt lat="50.22255" lon="5.71378"/>
            <trkpt lat="50.22263" lon="5.71379"/>
            <trkpt lat="50.22269" lon="5.71378"/>
            <trkpt lat="50.22278" lon="5.71377"/>
            <trkpt lat="50.2228" lon="5.71377"/>
            <trkpt lat="50.22285" lon="5.71378"/>
            <trkpt lat="50.22288" lon="5.71379"/>
            <trkpt lat="50.2229" lon="5.71389"/>
            <trkpt lat="50.22291" lon="5.71393"/>
            <trkpt lat="50.22292" lon="5.71404"/>
            <trkpt lat="50.22315" lon="5.71707"/>
            <trkpt lat="50.22321" lon="5.71726"/>
            <trkpt lat="50.22326" lon="5.71737"/>
            <trkpt lat="50.22344" lon="5.71761"/>
            <trkpt lat="50.22407" lon="5.71842"/>
            <trkpt lat="50.22464" lon="5.71903"/>
            <trkpt lat="50.22534" lon="5.71972"/>
            <trkpt lat="50.22545" lon="5.71983"/>
            <trkpt lat="50.22596" lon="5.7203"/>
            <trkpt lat="50.22628" lon="5.7206"/>
            <trkpt lat="50.22632" lon="5.72067"/>
            <trkpt lat="50.22636" lon="5.72078"/>
            <trkpt lat="50.22638" lon="5.72093"/>
            <trkpt lat="50.22639" lon="5.72112"/>
            <trkpt lat="50.22629" lon="5.72222"/>
            <trkpt lat="50.22628" lon="5.72244"/>
            <trkpt lat="50.22623" lon="5.72379"/>
            <trkpt lat="50.22619" lon="5.72451"/>
            <trkpt lat="50.22619" lon="5.72498"/>
            <trkpt lat="50.22619" lon="5.72532"/>
            <trkpt lat="50.22619" lon="5.72541"/>
            <trkpt lat="50.22625" lon="5.72663"/>
            <trkpt lat="50.22634" lon="5.72747"/>
            <trkpt lat="50.22638" lon="5.72801"/>
            <trkpt lat="50.22638" lon="5.72809"/>
            <trkpt lat="50.22638" lon="5.72824"/>
            <trkpt lat="50.22634" lon="5.72849"/>
            <trkpt lat="50.22631" lon="5.72868"/>
            <trkpt lat="50.2261" lon="5.72957"/>
            <trkpt lat="50.22593" lon="5.73027"/>
            <trkpt lat="50.2259" lon="5.73037"/>
            <trkpt lat="50.22583" lon="5.73053"/>
            <trkpt lat="50.22574" lon="5.73067"/>
            <trkpt lat="50.22562" lon="5.73081"/>
            <trkpt lat="50.22552" lon="5.73088"/>
            <trkpt lat="50.22529" lon="5.73095"/>
            <trkpt lat="50.22503" lon="5.731"/>
            <trkpt lat="50.22487" lon="5.73107"/>
            <trkpt lat="50.22475" lon="5.73115"/>
            <trkpt lat="50.22439" lon="5.73149"/>
            <trkpt lat="50.22415" lon="5.73171"/>
            <trkpt lat="50.22408" lon="5.73181"/>
            <trkpt lat="50.22406" lon="5.73186"/>
            <trkpt lat="50.22405" lon="5.73189"/>
            <trkpt lat="50.22404" lon="5.73194"/>
            <trkpt lat="50.22404" lon="5.73195"/>
            <trkpt lat="50.22404" lon="5.732"/>
            <trkpt lat="50.22406" lon="5.73203"/>
            <trkpt lat="50.22407" lon="5.73206"/>
            <trkpt lat="50.22412" lon="5.73212"/>
            <trkpt lat="50.22415" lon="5.73214"/>
            <trkpt lat="50.22418" lon="5.73214"/>
            <trkpt lat="50.22452" lon="5.73211"/>
            <trkpt lat="50.22479" lon="5.73211"/>
            <trkpt lat="50.22491" lon="5.73215"/>
            <trkpt lat="50.22517" lon="5.73227"/>
            <trkpt lat="50.22533" lon="5.73238"/>
            <trkpt lat="50.22542" lon="5.73247"/>
            <trkpt lat="50.22553" lon="5.73265"/>
            <trkpt lat="50.22568" lon="5.73295"/>
            <trkpt lat="50.22575" lon="5.73314"/>
            <trkpt lat="50.22584" lon="5.73352"/>
            <trkpt lat="50.22587" lon="5.7338"/>
            <trkpt lat="50.22587" lon="5.734"/>
            <trkpt lat="50.22585" lon="5.73486"/>
            <trkpt lat="50.22582" lon="5.73572"/>
            <trkpt lat="50.22581" lon="5.73607"/>
            <trkpt lat="50.22583" lon="5.73636"/>
            <trkpt lat="50.22584" lon="5.73644"/>
            <trkpt lat="50.2259" lon="5.73682"/>
            <trkpt lat="50.22612" lon="5.73779"/>
            <trkpt lat="50.22709" lon="5.74184"/>
            <trkpt lat="50.2274" lon="5.74315"/>
            <trkpt lat="50.22742" lon="5.7433"/>
            <trkpt lat="50.22743" lon="5.74344"/>
            <trkpt lat="50.22742" lon="5.7436"/>
            <trkpt lat="50.22733" lon="5.74398"/>
            <trkpt lat="50.22728" lon="5.74414"/>
            <trkpt lat="50.22685" lon="5.74508"/>
            <trkpt lat="50.22674" lon="5.74529"/>
            <trkpt lat="50.22669" lon="5.74541"/>
            <trkpt lat="50.22663" lon="5.74569"/>
            <trkpt lat="50.22658" lon="5.74635"/>
            <trkpt lat="50.22654" lon="5.74653"/>
            <trkpt lat="50.22647" lon="5.74673"/>
            <trkpt lat="50.2252" lon="5.74708"/>
            <trkpt lat="50.22327" lon="5.74737"/>
            <trkpt lat="50.22297" lon="5.74743"/>
            <trkpt lat="50.22293" lon="5.74755"/>
            <trkpt lat="50.22292" lon="5.74765"/>
            <trkpt lat="50.2229" lon="5.74833"/>
            <trkpt lat="50.2229" lon="5.74888"/>
            <trkpt lat="50.223" lon="5.74977"/>
            <trkpt lat="50.22307" lon="5.75027"/>
            <trkpt lat="50.22309" lon="5.75062"/>
            <trkpt lat="50.22311" lon="5.75093"/>
            <trkpt lat="50.22311" lon="5.75125"/>
            <trkpt lat="50.22302" lon="5.75206"/>
            <trkpt lat="50.22295" lon="5.75261"/>
            <trkpt lat="50.22252" lon="5.75507"/>
            <trkpt lat="50.22242" lon="5.75568"/>
            <trkpt lat="50.22235" lon="5.75632"/>
            <trkpt lat="50.22234" lon="5.75684"/>
            <trkpt lat="50.22232" lon="5.75758"/>
            <trkpt lat="50.22229" lon="5.75816"/>
            <trkpt lat="50.22224" lon="5.7586"/>
            <trkpt lat="50.22222" lon="5.75878"/>
            <trkpt lat="50.22215" lon="5.75905"/>
            <trkpt lat="50.222" lon="5.75945"/>
            <trkpt lat="50.22186" lon="5.75984"/>
            <trkpt lat="50.22137" lon="5.76081"/>
            <trkpt lat="50.22059" lon="5.76239"/>
            <trkpt lat="50.2205" lon="5.76261"/>
            <trkpt lat="50.22041" lon="5.7629"/>
            <trkpt lat="50.22028" lon="5.7635"/>
            <trkpt lat="50.22009" lon="5.7645"/>
            <trkpt lat="50.21994" lon="5.76552"/>
            <trkpt lat="50.21988" lon="5.76602"/>
            <trkpt lat="50.21976" lon="5.76761"/>
            <trkpt lat="50.21973" lon="5.76804"/>
            <trkpt lat="50.2197" lon="5.76832"/>
            <trkpt lat="50.21965" lon="5.7686"/>
            <trkpt lat="50.21952" lon="5.76927"/>
            <trkpt lat="50.21946" lon="5.7695"/>
            <trkpt lat="50.21923" lon="5.77009"/>
            <trkpt lat="50.21894" lon="5.7711"/>
            <trkpt lat="50.21878" lon="5.77161"/>
            <trkpt lat="50.21872" lon="5.77175"/>
            <trkpt lat="50.21868" lon="5.77182"/>
            <trkpt lat="50.21861" lon="5.77191"/>
            <trkpt lat="50.2185" lon="5.77204"/>
            <trkpt lat="50.2184" lon="5.77212"/>
            <trkpt lat="50.21811" lon="5.77225"/>
            <trkpt lat="50.21784" lon="5.77224"/>
            <trkpt lat="50.21726" lon="5.77217"/>
            <trkpt lat="50.21721" lon="5.77217"/>
            <trkpt lat="50.21708" lon="5.77224"/>
            <trkpt lat="50.21699" lon="5.77235"/>
            <trkpt lat="50.21693" lon="5.77247"/>
            <trkpt lat="50.21683" lon="5.77283"/>
            <trkpt lat="50.21683" lon="5.773"/>
            <trkpt lat="50.21692" lon="5.7735"/>
            <trkpt lat="50.21694" lon="5.77368"/>
            <trkpt lat="50.21702" lon="5.77411"/>
            <trkpt lat="50.21819" lon="5.77365"/>
            <trkpt lat="50.21899" lon="5.77333"/>
            <trkpt lat="50.22201" lon="5.77213"/>
            <trkpt lat="50.22276" lon="5.77185"/>
            <trkpt lat="50.22326" lon="5.7717"/>
            <trkpt lat="50.2236" lon="5.77162"/>
            <trkpt lat="50.22583" lon="5.77119"/>
            <trkpt lat="50.22683" lon="5.77098"/>
            <trkpt lat="50.22701" lon="5.77093"/>
            <trkpt lat="50.22739" lon="5.77079"/>
            <trkpt lat="50.22795" lon="5.77053"/>
            <trkpt lat="50.22851" lon="5.77021"/>
            <trkpt lat="50.22907" lon="5.76983"/>
            <trkpt lat="50.22949" lon="5.7695"/>
            <trkpt lat="50.23055" lon="5.76863"/>
            <trkpt lat="50.23077" lon="5.76841"/>
            <trkpt lat="50.23094" lon="5.76818"/>
            <trkpt lat="50.23118" lon="5.76782"/>
            <trkpt lat="50.23231" lon="5.76594"/>
            <trkpt lat="50.23285" lon="5.76509"/>
            <trkpt lat="50.23312" lon="5.76465"/>
            <trkpt lat="50.2364" lon="5.75926"/>
            <trkpt lat="50.23787" lon="5.75684"/>
            <trkpt lat="50.238" lon="5.75663"/>
            <trkpt lat="50.23899" lon="5.75496"/>
            <trkpt lat="50.24156" lon="5.7507"/>
        </trkseg>
    </trk>
</gpx>
